
===========================================================================
report_checks -path_delay min (Hold)
============================================================================
======================= nom_typ_1p20V_25C Corner ===================================

Startpoint: u_ctrl.state[4]$_DFF_P_
            (rising edge-triggered flip-flop clocked by clk)
Endpoint: u_ctrl.finish$_SDFF_PP0_
          (rising edge-triggered flip-flop clocked by clk)
Path Group: clk
Path Type: min

Fanout         Cap        Slew       Delay        Time   Description
---------------------------------------------------------------------------------------------
                      0.150000    0.000000    0.000000   clock clk (rise edge)
                                  0.000000    0.000000   clock network delay (ideal)
                      0.150000    0.000000    0.000000 ^ u_ctrl.state[4]$_DFF_P_/CLK (sg13g2_dfrbpq_1)
     2    0.005081    0.026259    0.219347    0.219347 v u_ctrl.state[4]$_DFF_P_/Q (sg13g2_dfrbpq_1)
                                                         u_ctrl.state[4] (net)
                      0.026259    0.000000    0.219347 v _5649_/B_N (sg13g2_nor2b_1)
     1    0.001430    0.019382    0.063246    0.282593 v _5649_/Y (sg13g2_nor2b_1)
                                                         _0030_ (net)
                      0.019382    0.000000    0.282593 v u_ctrl.finish$_SDFF_PP0_/D (sg13g2_dfrbpq_1)
                                              0.282593   data arrival time

                      0.150000    0.000000    0.000000   clock clk (rise edge)
                                  0.000000    0.000000   clock network delay (ideal)
                                  0.250000    0.250000   clock uncertainty
                                  0.000000    0.250000   clock reconvergence pessimism
                                              0.250000 ^ u_ctrl.finish$_SDFF_PP0_/CLK (sg13g2_dfrbpq_1)
                                 -0.007063    0.242937   library hold time
                                              0.242937   data required time
---------------------------------------------------------------------------------------------
                                              0.242937   data required time
                                             -0.282593   data arrival time
---------------------------------------------------------------------------------------------
                                              0.039656   slack (MET)


Startpoint: u_input_buffer.mem[31][1]$_DFFE_PP_
            (rising edge-triggered flip-flop clocked by clk)
Endpoint: u_input_buffer.mem[31][1]$_DFFE_PP_
          (rising edge-triggered flip-flop clocked by clk)
Path Group: clk
Path Type: min

Fanout         Cap        Slew       Delay        Time   Description
---------------------------------------------------------------------------------------------
                      0.150000    0.000000    0.000000   clock clk (rise edge)
                                  0.000000    0.000000   clock network delay (ideal)
                      0.150000    0.000000    0.000000 ^ u_input_buffer.mem[31][1]$_DFFE_PP_/CLK (sg13g2_dfrbpq_1)
     2    0.005056    0.026189    0.219286    0.219286 v u_input_buffer.mem[31][1]$_DFFE_PP_/Q (sg13g2_dfrbpq_1)
                                                         u_input_buffer.mem[31][1] (net)
                      0.026189    0.000000    0.219286 v _3539_/A (sg13g2_nand2_1)
     1    0.003300    0.025053    0.031561    0.250848 ^ _3539_/Y (sg13g2_nand2_1)
                                                         _0689_ (net)
                      0.025053    0.000000    0.250848 ^ _3540_/B1 (sg13g2_o21ai_1)
     1    0.001430    0.023074    0.034102    0.284950 v _3540_/Y (sg13g2_o21ai_1)
                                                         _0241_ (net)
                      0.023074    0.000000    0.284950 v u_input_buffer.mem[31][1]$_DFFE_PP_/D (sg13g2_dfrbpq_1)
                                              0.284950   data arrival time

                      0.150000    0.000000    0.000000   clock clk (rise edge)
                                  0.000000    0.000000   clock network delay (ideal)
                                  0.250000    0.250000   clock uncertainty
                                  0.000000    0.250000   clock reconvergence pessimism
                                              0.250000 ^ u_input_buffer.mem[31][1]$_DFFE_PP_/CLK (sg13g2_dfrbpq_1)
                                 -0.008245    0.241755   library hold time
                                              0.241755   data required time
---------------------------------------------------------------------------------------------
                                              0.241755   data required time
                                             -0.284950   data arrival time
---------------------------------------------------------------------------------------------
                                              0.043195   slack (MET)


Startpoint: u_input_buffer.mem[16][0]$_DFFE_PP_
            (rising edge-triggered flip-flop clocked by clk)
Endpoint: u_input_buffer.mem[16][0]$_DFFE_PP_
          (rising edge-triggered flip-flop clocked by clk)
Path Group: clk
Path Type: min

Fanout         Cap        Slew       Delay        Time   Description
---------------------------------------------------------------------------------------------
                      0.150000    0.000000    0.000000   clock clk (rise edge)
                                  0.000000    0.000000   clock network delay (ideal)
                      0.150000    0.000000    0.000000 ^ u_input_buffer.mem[16][0]$_DFFE_PP_/CLK (sg13g2_dfrbpq_1)
     2    0.005582    0.027694    0.220576    0.220576 v u_input_buffer.mem[16][0]$_DFFE_PP_/Q (sg13g2_dfrbpq_1)
                                                         u_input_buffer.mem[16][0] (net)
                      0.027694    0.000000    0.220576 v _3246_/A (sg13g2_nand2_1)
     1    0.003300    0.025372    0.032009    0.252585 ^ _3246_/Y (sg13g2_nand2_1)
                                                         _0533_ (net)
                      0.025372    0.000000    0.252585 ^ _3247_/B1 (sg13g2_o21ai_1)
     1    0.001430    0.023133    0.034189    0.286774 v _3247_/Y (sg13g2_o21ai_1)
                                                         _0104_ (net)
                      0.023133    0.000000    0.286774 v u_input_buffer.mem[16][0]$_DFFE_PP_/D (sg13g2_dfrbpq_1)
                                              0.286774   data arrival time

                      0.150000    0.000000    0.000000   clock clk (rise edge)
                                  0.000000    0.000000   clock network delay (ideal)
                                  0.250000    0.250000   clock uncertainty
                                  0.000000    0.250000   clock reconvergence pessimism
                                              0.250000 ^ u_input_buffer.mem[16][0]$_DFFE_PP_/CLK (sg13g2_dfrbpq_1)
                                 -0.008264    0.241736   library hold time
                                              0.241736   data required time
---------------------------------------------------------------------------------------------
                                              0.241736   data required time
                                             -0.286774   data arrival time
---------------------------------------------------------------------------------------------
                                              0.045038   slack (MET)


Startpoint: u_input_buffer.mem[16][1]$_DFFE_PP_
            (rising edge-triggered flip-flop clocked by clk)
Endpoint: u_input_buffer.mem[16][1]$_DFFE_PP_
          (rising edge-triggered flip-flop clocked by clk)
Path Group: clk
Path Type: min

Fanout         Cap        Slew       Delay        Time   Description
---------------------------------------------------------------------------------------------
                      0.150000    0.000000    0.000000   clock clk (rise edge)
                                  0.000000    0.000000   clock network delay (ideal)
                      0.150000    0.000000    0.000000 ^ u_input_buffer.mem[16][1]$_DFFE_PP_/CLK (sg13g2_dfrbpq_1)
     2    0.005582    0.027694    0.220576    0.220576 v u_input_buffer.mem[16][1]$_DFFE_PP_/Q (sg13g2_dfrbpq_1)
                                                         u_input_buffer.mem[16][1] (net)
                      0.027694    0.000000    0.220576 v _3248_/A (sg13g2_nand2_1)
     1    0.003300    0.025372    0.032009    0.252585 ^ _3248_/Y (sg13g2_nand2_1)
                                                         _0534_ (net)
                      0.025372    0.000000    0.252585 ^ _3249_/B1 (sg13g2_o21ai_1)
     1    0.001430    0.023133    0.034189    0.286774 v _3249_/Y (sg13g2_o21ai_1)
                                                         _0105_ (net)
                      0.023133    0.000000    0.286774 v u_input_buffer.mem[16][1]$_DFFE_PP_/D (sg13g2_dfrbpq_1)
                                              0.286774   data arrival time

                      0.150000    0.000000    0.000000   clock clk (rise edge)
                                  0.000000    0.000000   clock network delay (ideal)
                                  0.250000    0.250000   clock uncertainty
                                  0.000000    0.250000   clock reconvergence pessimism
                                              0.250000 ^ u_input_buffer.mem[16][1]$_DFFE_PP_/CLK (sg13g2_dfrbpq_1)
                                 -0.008264    0.241736   library hold time
                                              0.241736   data required time
---------------------------------------------------------------------------------------------
                                              0.241736   data required time
                                             -0.286774   data arrival time
---------------------------------------------------------------------------------------------
                                              0.045038   slack (MET)


Startpoint: u_input_buffer.mem[16][2]$_DFFE_PP_
            (rising edge-triggered flip-flop clocked by clk)
Endpoint: u_input_buffer.mem[16][2]$_DFFE_PP_
          (rising edge-triggered flip-flop clocked by clk)
Path Group: clk
Path Type: min

Fanout         Cap        Slew       Delay        Time   Description
---------------------------------------------------------------------------------------------
                      0.150000    0.000000    0.000000   clock clk (rise edge)
                                  0.000000    0.000000   clock network delay (ideal)
                      0.150000    0.000000    0.000000 ^ u_input_buffer.mem[16][2]$_DFFE_PP_/CLK (sg13g2_dfrbpq_1)
     2    0.005582    0.027694    0.220576    0.220576 v u_input_buffer.mem[16][2]$_DFFE_PP_/Q (sg13g2_dfrbpq_1)
                                                         u_input_buffer.mem[16][2] (net)
                      0.027694    0.000000    0.220576 v _3250_/A (sg13g2_nand2_1)
     1    0.003300    0.025372    0.032009    0.252585 ^ _3250_/Y (sg13g2_nand2_1)
                                                         _0535_ (net)
                      0.025372    0.000000    0.252585 ^ _3251_/B1 (sg13g2_o21ai_1)
     1    0.001430    0.023133    0.034189    0.286774 v _3251_/Y (sg13g2_o21ai_1)
                                                         _0106_ (net)
                      0.023133    0.000000    0.286774 v u_input_buffer.mem[16][2]$_DFFE_PP_/D (sg13g2_dfrbpq_1)
                                              0.286774   data arrival time

                      0.150000    0.000000    0.000000   clock clk (rise edge)
                                  0.000000    0.000000   clock network delay (ideal)
                                  0.250000    0.250000   clock uncertainty
                                  0.000000    0.250000   clock reconvergence pessimism
                                              0.250000 ^ u_input_buffer.mem[16][2]$_DFFE_PP_/CLK (sg13g2_dfrbpq_1)
                                 -0.008264    0.241736   library hold time
                                              0.241736   data required time
---------------------------------------------------------------------------------------------
                                              0.241736   data required time
                                             -0.286774   data arrival time
---------------------------------------------------------------------------------------------
                                              0.045038   slack (MET)


Startpoint: u_input_buffer.mem[16][3]$_DFFE_PP_
            (rising edge-triggered flip-flop clocked by clk)
Endpoint: u_input_buffer.mem[16][3]$_DFFE_PP_
          (rising edge-triggered flip-flop clocked by clk)
Path Group: clk
Path Type: min

Fanout         Cap        Slew       Delay        Time   Description
---------------------------------------------------------------------------------------------
                      0.150000    0.000000    0.000000   clock clk (rise edge)
                                  0.000000    0.000000   clock network delay (ideal)
                      0.150000    0.000000    0.000000 ^ u_input_buffer.mem[16][3]$_DFFE_PP_/CLK (sg13g2_dfrbpq_1)
     2    0.005582    0.027694    0.220576    0.220576 v u_input_buffer.mem[16][3]$_DFFE_PP_/Q (sg13g2_dfrbpq_1)
                                                         u_input_buffer.mem[16][3] (net)
                      0.027694    0.000000    0.220576 v _3252_/A (sg13g2_nand2_1)
     1    0.003300    0.025372    0.032009    0.252585 ^ _3252_/Y (sg13g2_nand2_1)
                                                         _0536_ (net)
                      0.025372    0.000000    0.252585 ^ _3253_/B1 (sg13g2_o21ai_1)
     1    0.001430    0.023133    0.034189    0.286774 v _3253_/Y (sg13g2_o21ai_1)
                                                         _0107_ (net)
                      0.023133    0.000000    0.286774 v u_input_buffer.mem[16][3]$_DFFE_PP_/D (sg13g2_dfrbpq_1)
                                              0.286774   data arrival time

                      0.150000    0.000000    0.000000   clock clk (rise edge)
                                  0.000000    0.000000   clock network delay (ideal)
                                  0.250000    0.250000   clock uncertainty
                                  0.000000    0.250000   clock reconvergence pessimism
                                              0.250000 ^ u_input_buffer.mem[16][3]$_DFFE_PP_/CLK (sg13g2_dfrbpq_1)
                                 -0.008264    0.241736   library hold time
                                              0.241736   data required time
---------------------------------------------------------------------------------------------
                                              0.241736   data required time
                                             -0.286774   data arrival time
---------------------------------------------------------------------------------------------
                                              0.045038   slack (MET)


Startpoint: u_input_buffer.mem[16][4]$_DFFE_PP_
            (rising edge-triggered flip-flop clocked by clk)
Endpoint: u_input_buffer.mem[16][4]$_DFFE_PP_
          (rising edge-triggered flip-flop clocked by clk)
Path Group: clk
Path Type: min

Fanout         Cap        Slew       Delay        Time   Description
---------------------------------------------------------------------------------------------
                      0.150000    0.000000    0.000000   clock clk (rise edge)
                                  0.000000    0.000000   clock network delay (ideal)
                      0.150000    0.000000    0.000000 ^ u_input_buffer.mem[16][4]$_DFFE_PP_/CLK (sg13g2_dfrbpq_1)
     2    0.005582    0.027694    0.220576    0.220576 v u_input_buffer.mem[16][4]$_DFFE_PP_/Q (sg13g2_dfrbpq_1)
                                                         u_input_buffer.mem[16][4] (net)
                      0.027694    0.000000    0.220576 v _3254_/A (sg13g2_nand2_1)
     1    0.003300    0.025372    0.032009    0.252585 ^ _3254_/Y (sg13g2_nand2_1)
                                                         _0537_ (net)
                      0.025372    0.000000    0.252585 ^ _3255_/B1 (sg13g2_o21ai_1)
     1    0.001430    0.023133    0.034189    0.286774 v _3255_/Y (sg13g2_o21ai_1)
                                                         _0108_ (net)
                      0.023133    0.000000    0.286774 v u_input_buffer.mem[16][4]$_DFFE_PP_/D (sg13g2_dfrbpq_1)
                                              0.286774   data arrival time

                      0.150000    0.000000    0.000000   clock clk (rise edge)
                                  0.000000    0.000000   clock network delay (ideal)
                                  0.250000    0.250000   clock uncertainty
                                  0.000000    0.250000   clock reconvergence pessimism
                                              0.250000 ^ u_input_buffer.mem[16][4]$_DFFE_PP_/CLK (sg13g2_dfrbpq_1)
                                 -0.008264    0.241736   library hold time
                                              0.241736   data required time
---------------------------------------------------------------------------------------------
                                              0.241736   data required time
                                             -0.286774   data arrival time
---------------------------------------------------------------------------------------------
                                              0.045038   slack (MET)


Startpoint: u_input_buffer.mem[16][5]$_DFFE_PP_
            (rising edge-triggered flip-flop clocked by clk)
Endpoint: u_input_buffer.mem[16][5]$_DFFE_PP_
          (rising edge-triggered flip-flop clocked by clk)
Path Group: clk
Path Type: min

Fanout         Cap        Slew       Delay        Time   Description
---------------------------------------------------------------------------------------------
                      0.150000    0.000000    0.000000   clock clk (rise edge)
                                  0.000000    0.000000   clock network delay (ideal)
                      0.150000    0.000000    0.000000 ^ u_input_buffer.mem[16][5]$_DFFE_PP_/CLK (sg13g2_dfrbpq_1)
     2    0.005582    0.027694    0.220576    0.220576 v u_input_buffer.mem[16][5]$_DFFE_PP_/Q (sg13g2_dfrbpq_1)
                                                         u_input_buffer.mem[16][5] (net)
                      0.027694    0.000000    0.220576 v _3256_/A (sg13g2_nand2_1)
     1    0.003300    0.025372    0.032009    0.252585 ^ _3256_/Y (sg13g2_nand2_1)
                                                         _0538_ (net)
                      0.025372    0.000000    0.252585 ^ _3257_/B1 (sg13g2_o21ai_1)
     1    0.001430    0.023133    0.034189    0.286774 v _3257_/Y (sg13g2_o21ai_1)
                                                         _0109_ (net)
                      0.023133    0.000000    0.286774 v u_input_buffer.mem[16][5]$_DFFE_PP_/D (sg13g2_dfrbpq_1)
                                              0.286774   data arrival time

                      0.150000    0.000000    0.000000   clock clk (rise edge)
                                  0.000000    0.000000   clock network delay (ideal)
                                  0.250000    0.250000   clock uncertainty
                                  0.000000    0.250000   clock reconvergence pessimism
                                              0.250000 ^ u_input_buffer.mem[16][5]$_DFFE_PP_/CLK (sg13g2_dfrbpq_1)
                                 -0.008264    0.241736   library hold time
                                              0.241736   data required time
---------------------------------------------------------------------------------------------
                                              0.241736   data required time
                                             -0.286774   data arrival time
---------------------------------------------------------------------------------------------
                                              0.045038   slack (MET)


Startpoint: u_input_buffer.mem[16][6]$_DFFE_PP_
            (rising edge-triggered flip-flop clocked by clk)
Endpoint: u_input_buffer.mem[16][6]$_DFFE_PP_
          (rising edge-triggered flip-flop clocked by clk)
Path Group: clk
Path Type: min

Fanout         Cap        Slew       Delay        Time   Description
---------------------------------------------------------------------------------------------
                      0.150000    0.000000    0.000000   clock clk (rise edge)
                                  0.000000    0.000000   clock network delay (ideal)
                      0.150000    0.000000    0.000000 ^ u_input_buffer.mem[16][6]$_DFFE_PP_/CLK (sg13g2_dfrbpq_1)
     2    0.005582    0.027694    0.220576    0.220576 v u_input_buffer.mem[16][6]$_DFFE_PP_/Q (sg13g2_dfrbpq_1)
                                                         u_input_buffer.mem[16][6] (net)
                      0.027694    0.000000    0.220576 v _3258_/A (sg13g2_nand2_1)
     1    0.003300    0.025372    0.032009    0.252585 ^ _3258_/Y (sg13g2_nand2_1)
                                                         _0539_ (net)
                      0.025372    0.000000    0.252585 ^ _3259_/B1 (sg13g2_o21ai_1)
     1    0.001430    0.023133    0.034189    0.286774 v _3259_/Y (sg13g2_o21ai_1)
                                                         _0110_ (net)
                      0.023133    0.000000    0.286774 v u_input_buffer.mem[16][6]$_DFFE_PP_/D (sg13g2_dfrbpq_1)
                                              0.286774   data arrival time

                      0.150000    0.000000    0.000000   clock clk (rise edge)
                                  0.000000    0.000000   clock network delay (ideal)
                                  0.250000    0.250000   clock uncertainty
                                  0.000000    0.250000   clock reconvergence pessimism
                                              0.250000 ^ u_input_buffer.mem[16][6]$_DFFE_PP_/CLK (sg13g2_dfrbpq_1)
                                 -0.008264    0.241736   library hold time
                                              0.241736   data required time
---------------------------------------------------------------------------------------------
                                              0.241736   data required time
                                             -0.286774   data arrival time
---------------------------------------------------------------------------------------------
                                              0.045038   slack (MET)


Startpoint: u_input_buffer.mem[16][7]$_DFFE_PP_
            (rising edge-triggered flip-flop clocked by clk)
Endpoint: u_input_buffer.mem[16][7]$_DFFE_PP_
          (rising edge-triggered flip-flop clocked by clk)
Path Group: clk
Path Type: min

Fanout         Cap        Slew       Delay        Time   Description
---------------------------------------------------------------------------------------------
                      0.150000    0.000000    0.000000   clock clk (rise edge)
                                  0.000000    0.000000   clock network delay (ideal)
                      0.150000    0.000000    0.000000 ^ u_input_buffer.mem[16][7]$_DFFE_PP_/CLK (sg13g2_dfrbpq_1)
     2    0.005582    0.027694    0.220576    0.220576 v u_input_buffer.mem[16][7]$_DFFE_PP_/Q (sg13g2_dfrbpq_1)
                                                         u_input_buffer.mem[16][7] (net)
                      0.027694    0.000000    0.220576 v _3260_/A (sg13g2_nand2_1)
     1    0.003300    0.025372    0.032009    0.252585 ^ _3260_/Y (sg13g2_nand2_1)
                                                         _0540_ (net)
                      0.025372    0.000000    0.252585 ^ _3261_/B1 (sg13g2_o21ai_1)
     1    0.001430    0.023133    0.034189    0.286774 v _3261_/Y (sg13g2_o21ai_1)
                                                         _0111_ (net)
                      0.023133    0.000000    0.286774 v u_input_buffer.mem[16][7]$_DFFE_PP_/D (sg13g2_dfrbpq_1)
                                              0.286774   data arrival time

                      0.150000    0.000000    0.000000   clock clk (rise edge)
                                  0.000000    0.000000   clock network delay (ideal)
                                  0.250000    0.250000   clock uncertainty
                                  0.000000    0.250000   clock reconvergence pessimism
                                              0.250000 ^ u_input_buffer.mem[16][7]$_DFFE_PP_/CLK (sg13g2_dfrbpq_1)
                                 -0.008264    0.241736   library hold time
                                              0.241736   data required time
---------------------------------------------------------------------------------------------
                                              0.241736   data required time
                                             -0.286774   data arrival time
---------------------------------------------------------------------------------------------
                                              0.045038   slack (MET)


Startpoint: u_input_buffer.mem[17][0]$_DFFE_PP_
            (rising edge-triggered flip-flop clocked by clk)
Endpoint: u_input_buffer.mem[17][0]$_DFFE_PP_
          (rising edge-triggered flip-flop clocked by clk)
Path Group: clk
Path Type: min

Fanout         Cap        Slew       Delay        Time   Description
---------------------------------------------------------------------------------------------
                      0.150000    0.000000    0.000000   clock clk (rise edge)
                                  0.000000    0.000000   clock network delay (ideal)
                      0.150000    0.000000    0.000000 ^ u_input_buffer.mem[17][0]$_DFFE_PP_/CLK (sg13g2_dfrbpq_1)
     2    0.005582    0.027694    0.220576    0.220576 v u_input_buffer.mem[17][0]$_DFFE_PP_/Q (sg13g2_dfrbpq_1)
                                                         u_input_buffer.mem[17][0] (net)
                      0.027694    0.000000    0.220576 v _3263_/A (sg13g2_nand2_1)
     1    0.003300    0.025372    0.032009    0.252585 ^ _3263_/Y (sg13g2_nand2_1)
                                                         _0542_ (net)
                      0.025372    0.000000    0.252585 ^ _3264_/B1 (sg13g2_o21ai_1)
     1    0.001430    0.023133    0.034189    0.286774 v _3264_/Y (sg13g2_o21ai_1)
                                                         _0112_ (net)
                      0.023133    0.000000    0.286774 v u_input_buffer.mem[17][0]$_DFFE_PP_/D (sg13g2_dfrbpq_1)
                                              0.286774   data arrival time

                      0.150000    0.000000    0.000000   clock clk (rise edge)
                                  0.000000    0.000000   clock network delay (ideal)
                                  0.250000    0.250000   clock uncertainty
                                  0.000000    0.250000   clock reconvergence pessimism
                                              0.250000 ^ u_input_buffer.mem[17][0]$_DFFE_PP_/CLK (sg13g2_dfrbpq_1)
                                 -0.008264    0.241736   library hold time
                                              0.241736   data required time
---------------------------------------------------------------------------------------------
                                              0.241736   data required time
                                             -0.286774   data arrival time
---------------------------------------------------------------------------------------------
                                              0.045038   slack (MET)


Startpoint: u_input_buffer.mem[17][1]$_DFFE_PP_
            (rising edge-triggered flip-flop clocked by clk)
Endpoint: u_input_buffer.mem[17][1]$_DFFE_PP_
          (rising edge-triggered flip-flop clocked by clk)
Path Group: clk
Path Type: min

Fanout         Cap        Slew       Delay        Time   Description
---------------------------------------------------------------------------------------------
                      0.150000    0.000000    0.000000   clock clk (rise edge)
                                  0.000000    0.000000   clock network delay (ideal)
                      0.150000    0.000000    0.000000 ^ u_input_buffer.mem[17][1]$_DFFE_PP_/CLK (sg13g2_dfrbpq_1)
     2    0.005582    0.027694    0.220576    0.220576 v u_input_buffer.mem[17][1]$_DFFE_PP_/Q (sg13g2_dfrbpq_1)
                                                         u_input_buffer.mem[17][1] (net)
                      0.027694    0.000000    0.220576 v _3265_/A (sg13g2_nand2_1)
     1    0.003300    0.025372    0.032009    0.252585 ^ _3265_/Y (sg13g2_nand2_1)
                                                         _0543_ (net)
                      0.025372    0.000000    0.252585 ^ _3266_/B1 (sg13g2_o21ai_1)
     1    0.001430    0.023133    0.034189    0.286774 v _3266_/Y (sg13g2_o21ai_1)
                                                         _0113_ (net)
                      0.023133    0.000000    0.286774 v u_input_buffer.mem[17][1]$_DFFE_PP_/D (sg13g2_dfrbpq_1)
                                              0.286774   data arrival time

                      0.150000    0.000000    0.000000   clock clk (rise edge)
                                  0.000000    0.000000   clock network delay (ideal)
                                  0.250000    0.250000   clock uncertainty
                                  0.000000    0.250000   clock reconvergence pessimism
                                              0.250000 ^ u_input_buffer.mem[17][1]$_DFFE_PP_/CLK (sg13g2_dfrbpq_1)
                                 -0.008264    0.241736   library hold time
                                              0.241736   data required time
---------------------------------------------------------------------------------------------
                                              0.241736   data required time
                                             -0.286774   data arrival time
---------------------------------------------------------------------------------------------
                                              0.045038   slack (MET)


Startpoint: u_input_buffer.mem[17][2]$_DFFE_PP_
            (rising edge-triggered flip-flop clocked by clk)
Endpoint: u_input_buffer.mem[17][2]$_DFFE_PP_
          (rising edge-triggered flip-flop clocked by clk)
Path Group: clk
Path Type: min

Fanout         Cap        Slew       Delay        Time   Description
---------------------------------------------------------------------------------------------
                      0.150000    0.000000    0.000000   clock clk (rise edge)
                                  0.000000    0.000000   clock network delay (ideal)
                      0.150000    0.000000    0.000000 ^ u_input_buffer.mem[17][2]$_DFFE_PP_/CLK (sg13g2_dfrbpq_1)
     2    0.005582    0.027694    0.220576    0.220576 v u_input_buffer.mem[17][2]$_DFFE_PP_/Q (sg13g2_dfrbpq_1)
                                                         u_input_buffer.mem[17][2] (net)
                      0.027694    0.000000    0.220576 v _3267_/A (sg13g2_nand2_1)
     1    0.003300    0.025372    0.032009    0.252585 ^ _3267_/Y (sg13g2_nand2_1)
                                                         _0544_ (net)
                      0.025372    0.000000    0.252585 ^ _3268_/B1 (sg13g2_o21ai_1)
     1    0.001430    0.023133    0.034189    0.286774 v _3268_/Y (sg13g2_o21ai_1)
                                                         _0114_ (net)
                      0.023133    0.000000    0.286774 v u_input_buffer.mem[17][2]$_DFFE_PP_/D (sg13g2_dfrbpq_1)
                                              0.286774   data arrival time

                      0.150000    0.000000    0.000000   clock clk (rise edge)
                                  0.000000    0.000000   clock network delay (ideal)
                                  0.250000    0.250000   clock uncertainty
                                  0.000000    0.250000   clock reconvergence pessimism
                                              0.250000 ^ u_input_buffer.mem[17][2]$_DFFE_PP_/CLK (sg13g2_dfrbpq_1)
                                 -0.008264    0.241736   library hold time
                                              0.241736   data required time
---------------------------------------------------------------------------------------------
                                              0.241736   data required time
                                             -0.286774   data arrival time
---------------------------------------------------------------------------------------------
                                              0.045038   slack (MET)


Startpoint: u_input_buffer.mem[17][3]$_DFFE_PP_
            (rising edge-triggered flip-flop clocked by clk)
Endpoint: u_input_buffer.mem[17][3]$_DFFE_PP_
          (rising edge-triggered flip-flop clocked by clk)
Path Group: clk
Path Type: min

Fanout         Cap        Slew       Delay        Time   Description
---------------------------------------------------------------------------------------------
                      0.150000    0.000000    0.000000   clock clk (rise edge)
                                  0.000000    0.000000   clock network delay (ideal)
                      0.150000    0.000000    0.000000 ^ u_input_buffer.mem[17][3]$_DFFE_PP_/CLK (sg13g2_dfrbpq_1)
     2    0.005582    0.027694    0.220576    0.220576 v u_input_buffer.mem[17][3]$_DFFE_PP_/Q (sg13g2_dfrbpq_1)
                                                         u_input_buffer.mem[17][3] (net)
                      0.027694    0.000000    0.220576 v _3269_/A (sg13g2_nand2_1)
     1    0.003300    0.025372    0.032009    0.252585 ^ _3269_/Y (sg13g2_nand2_1)
                                                         _0545_ (net)
                      0.025372    0.000000    0.252585 ^ _3270_/B1 (sg13g2_o21ai_1)
     1    0.001430    0.023133    0.034189    0.286774 v _3270_/Y (sg13g2_o21ai_1)
                                                         _0115_ (net)
                      0.023133    0.000000    0.286774 v u_input_buffer.mem[17][3]$_DFFE_PP_/D (sg13g2_dfrbpq_1)
                                              0.286774   data arrival time

                      0.150000    0.000000    0.000000   clock clk (rise edge)
                                  0.000000    0.000000   clock network delay (ideal)
                                  0.250000    0.250000   clock uncertainty
                                  0.000000    0.250000   clock reconvergence pessimism
                                              0.250000 ^ u_input_buffer.mem[17][3]$_DFFE_PP_/CLK (sg13g2_dfrbpq_1)
                                 -0.008264    0.241736   library hold time
                                              0.241736   data required time
---------------------------------------------------------------------------------------------
                                              0.241736   data required time
                                             -0.286774   data arrival time
---------------------------------------------------------------------------------------------
                                              0.045038   slack (MET)


Startpoint: u_input_buffer.mem[17][4]$_DFFE_PP_
            (rising edge-triggered flip-flop clocked by clk)
Endpoint: u_input_buffer.mem[17][4]$_DFFE_PP_
          (rising edge-triggered flip-flop clocked by clk)
Path Group: clk
Path Type: min

Fanout         Cap        Slew       Delay        Time   Description
---------------------------------------------------------------------------------------------
                      0.150000    0.000000    0.000000   clock clk (rise edge)
                                  0.000000    0.000000   clock network delay (ideal)
                      0.150000    0.000000    0.000000 ^ u_input_buffer.mem[17][4]$_DFFE_PP_/CLK (sg13g2_dfrbpq_1)
     2    0.005582    0.027694    0.220576    0.220576 v u_input_buffer.mem[17][4]$_DFFE_PP_/Q (sg13g2_dfrbpq_1)
                                                         u_input_buffer.mem[17][4] (net)
                      0.027694    0.000000    0.220576 v _3271_/A (sg13g2_nand2_1)
     1    0.003300    0.025372    0.032009    0.252585 ^ _3271_/Y (sg13g2_nand2_1)
                                                         _0546_ (net)
                      0.025372    0.000000    0.252585 ^ _3272_/B1 (sg13g2_o21ai_1)
     1    0.001430    0.023133    0.034189    0.286774 v _3272_/Y (sg13g2_o21ai_1)
                                                         _0116_ (net)
                      0.023133    0.000000    0.286774 v u_input_buffer.mem[17][4]$_DFFE_PP_/D (sg13g2_dfrbpq_1)
                                              0.286774   data arrival time

                      0.150000    0.000000    0.000000   clock clk (rise edge)
                                  0.000000    0.000000   clock network delay (ideal)
                                  0.250000    0.250000   clock uncertainty
                                  0.000000    0.250000   clock reconvergence pessimism
                                              0.250000 ^ u_input_buffer.mem[17][4]$_DFFE_PP_/CLK (sg13g2_dfrbpq_1)
                                 -0.008264    0.241736   library hold time
                                              0.241736   data required time
---------------------------------------------------------------------------------------------
                                              0.241736   data required time
                                             -0.286774   data arrival time
---------------------------------------------------------------------------------------------
                                              0.045038   slack (MET)


Startpoint: u_input_buffer.mem[17][5]$_DFFE_PP_
            (rising edge-triggered flip-flop clocked by clk)
Endpoint: u_input_buffer.mem[17][5]$_DFFE_PP_
          (rising edge-triggered flip-flop clocked by clk)
Path Group: clk
Path Type: min

Fanout         Cap        Slew       Delay        Time   Description
---------------------------------------------------------------------------------------------
                      0.150000    0.000000    0.000000   clock clk (rise edge)
                                  0.000000    0.000000   clock network delay (ideal)
                      0.150000    0.000000    0.000000 ^ u_input_buffer.mem[17][5]$_DFFE_PP_/CLK (sg13g2_dfrbpq_1)
     2    0.005582    0.027694    0.220576    0.220576 v u_input_buffer.mem[17][5]$_DFFE_PP_/Q (sg13g2_dfrbpq_1)
                                                         u_input_buffer.mem[17][5] (net)
                      0.027694    0.000000    0.220576 v _3273_/A (sg13g2_nand2_1)
     1    0.003300    0.025372    0.032009    0.252585 ^ _3273_/Y (sg13g2_nand2_1)
                                                         _0547_ (net)
                      0.025372    0.000000    0.252585 ^ _3274_/B1 (sg13g2_o21ai_1)
     1    0.001430    0.023133    0.034189    0.286774 v _3274_/Y (sg13g2_o21ai_1)
                                                         _0117_ (net)
                      0.023133    0.000000    0.286774 v u_input_buffer.mem[17][5]$_DFFE_PP_/D (sg13g2_dfrbpq_1)
                                              0.286774   data arrival time

                      0.150000    0.000000    0.000000   clock clk (rise edge)
                                  0.000000    0.000000   clock network delay (ideal)
                                  0.250000    0.250000   clock uncertainty
                                  0.000000    0.250000   clock reconvergence pessimism
                                              0.250000 ^ u_input_buffer.mem[17][5]$_DFFE_PP_/CLK (sg13g2_dfrbpq_1)
                                 -0.008264    0.241736   library hold time
                                              0.241736   data required time
---------------------------------------------------------------------------------------------
                                              0.241736   data required time
                                             -0.286774   data arrival time
---------------------------------------------------------------------------------------------
                                              0.045038   slack (MET)


Startpoint: u_input_buffer.mem[17][6]$_DFFE_PP_
            (rising edge-triggered flip-flop clocked by clk)
Endpoint: u_input_buffer.mem[17][6]$_DFFE_PP_
          (rising edge-triggered flip-flop clocked by clk)
Path Group: clk
Path Type: min

Fanout         Cap        Slew       Delay        Time   Description
---------------------------------------------------------------------------------------------
                      0.150000    0.000000    0.000000   clock clk (rise edge)
                                  0.000000    0.000000   clock network delay (ideal)
                      0.150000    0.000000    0.000000 ^ u_input_buffer.mem[17][6]$_DFFE_PP_/CLK (sg13g2_dfrbpq_1)
     2    0.005582    0.027694    0.220576    0.220576 v u_input_buffer.mem[17][6]$_DFFE_PP_/Q (sg13g2_dfrbpq_1)
                                                         u_input_buffer.mem[17][6] (net)
                      0.027694    0.000000    0.220576 v _3275_/A (sg13g2_nand2_1)
     1    0.003300    0.025372    0.032009    0.252585 ^ _3275_/Y (sg13g2_nand2_1)
                                                         _0548_ (net)
                      0.025372    0.000000    0.252585 ^ _3276_/B1 (sg13g2_o21ai_1)
     1    0.001430    0.023133    0.034189    0.286774 v _3276_/Y (sg13g2_o21ai_1)
                                                         _0118_ (net)
                      0.023133    0.000000    0.286774 v u_input_buffer.mem[17][6]$_DFFE_PP_/D (sg13g2_dfrbpq_1)
                                              0.286774   data arrival time

                      0.150000    0.000000    0.000000   clock clk (rise edge)
                                  0.000000    0.000000   clock network delay (ideal)
                                  0.250000    0.250000   clock uncertainty
                                  0.000000    0.250000   clock reconvergence pessimism
                                              0.250000 ^ u_input_buffer.mem[17][6]$_DFFE_PP_/CLK (sg13g2_dfrbpq_1)
                                 -0.008264    0.241736   library hold time
                                              0.241736   data required time
---------------------------------------------------------------------------------------------
                                              0.241736   data required time
                                             -0.286774   data arrival time
---------------------------------------------------------------------------------------------
                                              0.045038   slack (MET)


Startpoint: u_input_buffer.mem[17][7]$_DFFE_PP_
            (rising edge-triggered flip-flop clocked by clk)
Endpoint: u_input_buffer.mem[17][7]$_DFFE_PP_
          (rising edge-triggered flip-flop clocked by clk)
Path Group: clk
Path Type: min

Fanout         Cap        Slew       Delay        Time   Description
---------------------------------------------------------------------------------------------
                      0.150000    0.000000    0.000000   clock clk (rise edge)
                                  0.000000    0.000000   clock network delay (ideal)
                      0.150000    0.000000    0.000000 ^ u_input_buffer.mem[17][7]$_DFFE_PP_/CLK (sg13g2_dfrbpq_1)
     2    0.005582    0.027694    0.220576    0.220576 v u_input_buffer.mem[17][7]$_DFFE_PP_/Q (sg13g2_dfrbpq_1)
                                                         u_input_buffer.mem[17][7] (net)
                      0.027694    0.000000    0.220576 v _3277_/A (sg13g2_nand2_1)
     1    0.003300    0.025372    0.032009    0.252585 ^ _3277_/Y (sg13g2_nand2_1)
                                                         _0549_ (net)
                      0.025372    0.000000    0.252585 ^ _3278_/B1 (sg13g2_o21ai_1)
     1    0.001430    0.023133    0.034189    0.286774 v _3278_/Y (sg13g2_o21ai_1)
                                                         _0119_ (net)
                      0.023133    0.000000    0.286774 v u_input_buffer.mem[17][7]$_DFFE_PP_/D (sg13g2_dfrbpq_1)
                                              0.286774   data arrival time

                      0.150000    0.000000    0.000000   clock clk (rise edge)
                                  0.000000    0.000000   clock network delay (ideal)
                                  0.250000    0.250000   clock uncertainty
                                  0.000000    0.250000   clock reconvergence pessimism
                                              0.250000 ^ u_input_buffer.mem[17][7]$_DFFE_PP_/CLK (sg13g2_dfrbpq_1)
                                 -0.008264    0.241736   library hold time
                                              0.241736   data required time
---------------------------------------------------------------------------------------------
                                              0.241736   data required time
                                             -0.286774   data arrival time
---------------------------------------------------------------------------------------------
                                              0.045038   slack (MET)


Startpoint: u_input_buffer.mem[1][0]$_DFFE_PP_
            (rising edge-triggered flip-flop clocked by clk)
Endpoint: u_input_buffer.mem[1][0]$_DFFE_PP_
          (rising edge-triggered flip-flop clocked by clk)
Path Group: clk
Path Type: min

Fanout         Cap        Slew       Delay        Time   Description
---------------------------------------------------------------------------------------------
                      0.150000    0.000000    0.000000   clock clk (rise edge)
                                  0.000000    0.000000   clock network delay (ideal)
                      0.150000    0.000000    0.000000 ^ u_input_buffer.mem[1][0]$_DFFE_PP_/CLK (sg13g2_dfrbpq_1)
     2    0.005582    0.027694    0.220576    0.220576 v u_input_buffer.mem[1][0]$_DFFE_PP_/Q (sg13g2_dfrbpq_1)
                                                         u_input_buffer.mem[1][0] (net)
                      0.027694    0.000000    0.220576 v _3314_/A (sg13g2_nand2_1)
     1    0.003300    0.025372    0.032009    0.252585 ^ _3314_/Y (sg13g2_nand2_1)
                                                         _0569_ (net)
                      0.025372    0.000000    0.252585 ^ _3315_/B1 (sg13g2_o21ai_1)
     1    0.001430    0.023133    0.034189    0.286774 v _3315_/Y (sg13g2_o21ai_1)
                                                         _0136_ (net)
                      0.023133    0.000000    0.286774 v u_input_buffer.mem[1][0]$_DFFE_PP_/D (sg13g2_dfrbpq_1)
                                              0.286774   data arrival time

                      0.150000    0.000000    0.000000   clock clk (rise edge)
                                  0.000000    0.000000   clock network delay (ideal)
                                  0.250000    0.250000   clock uncertainty
                                  0.000000    0.250000   clock reconvergence pessimism
                                              0.250000 ^ u_input_buffer.mem[1][0]$_DFFE_PP_/CLK (sg13g2_dfrbpq_1)
                                 -0.008264    0.241736   library hold time
                                              0.241736   data required time
---------------------------------------------------------------------------------------------
                                              0.241736   data required time
                                             -0.286774   data arrival time
---------------------------------------------------------------------------------------------
                                              0.045038   slack (MET)


Startpoint: u_input_buffer.mem[1][1]$_DFFE_PP_
            (rising edge-triggered flip-flop clocked by clk)
Endpoint: u_input_buffer.mem[1][1]$_DFFE_PP_
          (rising edge-triggered flip-flop clocked by clk)
Path Group: clk
Path Type: min

Fanout         Cap        Slew       Delay        Time   Description
---------------------------------------------------------------------------------------------
                      0.150000    0.000000    0.000000   clock clk (rise edge)
                                  0.000000    0.000000   clock network delay (ideal)
                      0.150000    0.000000    0.000000 ^ u_input_buffer.mem[1][1]$_DFFE_PP_/CLK (sg13g2_dfrbpq_1)
     2    0.005582    0.027694    0.220576    0.220576 v u_input_buffer.mem[1][1]$_DFFE_PP_/Q (sg13g2_dfrbpq_1)
                                                         u_input_buffer.mem[1][1] (net)
                      0.027694    0.000000    0.220576 v _3316_/A (sg13g2_nand2_1)
     1    0.003300    0.025372    0.032009    0.252585 ^ _3316_/Y (sg13g2_nand2_1)
                                                         _0570_ (net)
                      0.025372    0.000000    0.252585 ^ _3317_/B1 (sg13g2_o21ai_1)
     1    0.001430    0.023133    0.034189    0.286774 v _3317_/Y (sg13g2_o21ai_1)
                                                         _0137_ (net)
                      0.023133    0.000000    0.286774 v u_input_buffer.mem[1][1]$_DFFE_PP_/D (sg13g2_dfrbpq_1)
                                              0.286774   data arrival time

                      0.150000    0.000000    0.000000   clock clk (rise edge)
                                  0.000000    0.000000   clock network delay (ideal)
                                  0.250000    0.250000   clock uncertainty
                                  0.000000    0.250000   clock reconvergence pessimism
                                              0.250000 ^ u_input_buffer.mem[1][1]$_DFFE_PP_/CLK (sg13g2_dfrbpq_1)
                                 -0.008264    0.241736   library hold time
                                              0.241736   data required time
---------------------------------------------------------------------------------------------
                                              0.241736   data required time
                                             -0.286774   data arrival time
---------------------------------------------------------------------------------------------
                                              0.045038   slack (MET)


Startpoint: u_input_buffer.mem[1][2]$_DFFE_PP_
            (rising edge-triggered flip-flop clocked by clk)
Endpoint: u_input_buffer.mem[1][2]$_DFFE_PP_
          (rising edge-triggered flip-flop clocked by clk)
Path Group: clk
Path Type: min

Fanout         Cap        Slew       Delay        Time   Description
---------------------------------------------------------------------------------------------
                      0.150000    0.000000    0.000000   clock clk (rise edge)
                                  0.000000    0.000000   clock network delay (ideal)
                      0.150000    0.000000    0.000000 ^ u_input_buffer.mem[1][2]$_DFFE_PP_/CLK (sg13g2_dfrbpq_1)
     2    0.005582    0.027694    0.220576    0.220576 v u_input_buffer.mem[1][2]$_DFFE_PP_/Q (sg13g2_dfrbpq_1)
                                                         u_input_buffer.mem[1][2] (net)
                      0.027694    0.000000    0.220576 v _3318_/A (sg13g2_nand2_1)
     1    0.003300    0.025372    0.032009    0.252585 ^ _3318_/Y (sg13g2_nand2_1)
                                                         _0571_ (net)
                      0.025372    0.000000    0.252585 ^ _3319_/B1 (sg13g2_o21ai_1)
     1    0.001430    0.023133    0.034189    0.286774 v _3319_/Y (sg13g2_o21ai_1)
                                                         _0138_ (net)
                      0.023133    0.000000    0.286774 v u_input_buffer.mem[1][2]$_DFFE_PP_/D (sg13g2_dfrbpq_1)
                                              0.286774   data arrival time

                      0.150000    0.000000    0.000000   clock clk (rise edge)
                                  0.000000    0.000000   clock network delay (ideal)
                                  0.250000    0.250000   clock uncertainty
                                  0.000000    0.250000   clock reconvergence pessimism
                                              0.250000 ^ u_input_buffer.mem[1][2]$_DFFE_PP_/CLK (sg13g2_dfrbpq_1)
                                 -0.008264    0.241736   library hold time
                                              0.241736   data required time
---------------------------------------------------------------------------------------------
                                              0.241736   data required time
                                             -0.286774   data arrival time
---------------------------------------------------------------------------------------------
                                              0.045038   slack (MET)


Startpoint: u_input_buffer.mem[1][3]$_DFFE_PP_
            (rising edge-triggered flip-flop clocked by clk)
Endpoint: u_input_buffer.mem[1][3]$_DFFE_PP_
          (rising edge-triggered flip-flop clocked by clk)
Path Group: clk
Path Type: min

Fanout         Cap        Slew       Delay        Time   Description
---------------------------------------------------------------------------------------------
                      0.150000    0.000000    0.000000   clock clk (rise edge)
                                  0.000000    0.000000   clock network delay (ideal)
                      0.150000    0.000000    0.000000 ^ u_input_buffer.mem[1][3]$_DFFE_PP_/CLK (sg13g2_dfrbpq_1)
     2    0.005582    0.027694    0.220576    0.220576 v u_input_buffer.mem[1][3]$_DFFE_PP_/Q (sg13g2_dfrbpq_1)
                                                         u_input_buffer.mem[1][3] (net)
                      0.027694    0.000000    0.220576 v _3320_/A (sg13g2_nand2_1)
     1    0.003300    0.025372    0.032009    0.252585 ^ _3320_/Y (sg13g2_nand2_1)
                                                         _0572_ (net)
                      0.025372    0.000000    0.252585 ^ _3321_/B1 (sg13g2_o21ai_1)
     1    0.001430    0.023133    0.034189    0.286774 v _3321_/Y (sg13g2_o21ai_1)
                                                         _0139_ (net)
                      0.023133    0.000000    0.286774 v u_input_buffer.mem[1][3]$_DFFE_PP_/D (sg13g2_dfrbpq_1)
                                              0.286774   data arrival time

                      0.150000    0.000000    0.000000   clock clk (rise edge)
                                  0.000000    0.000000   clock network delay (ideal)
                                  0.250000    0.250000   clock uncertainty
                                  0.000000    0.250000   clock reconvergence pessimism
                                              0.250000 ^ u_input_buffer.mem[1][3]$_DFFE_PP_/CLK (sg13g2_dfrbpq_1)
                                 -0.008264    0.241736   library hold time
                                              0.241736   data required time
---------------------------------------------------------------------------------------------
                                              0.241736   data required time
                                             -0.286774   data arrival time
---------------------------------------------------------------------------------------------
                                              0.045038   slack (MET)


Startpoint: u_input_buffer.mem[1][4]$_DFFE_PP_
            (rising edge-triggered flip-flop clocked by clk)
Endpoint: u_input_buffer.mem[1][4]$_DFFE_PP_
          (rising edge-triggered flip-flop clocked by clk)
Path Group: clk
Path Type: min

Fanout         Cap        Slew       Delay        Time   Description
---------------------------------------------------------------------------------------------
                      0.150000    0.000000    0.000000   clock clk (rise edge)
                                  0.000000    0.000000   clock network delay (ideal)
                      0.150000    0.000000    0.000000 ^ u_input_buffer.mem[1][4]$_DFFE_PP_/CLK (sg13g2_dfrbpq_1)
     2    0.005582    0.027694    0.220576    0.220576 v u_input_buffer.mem[1][4]$_DFFE_PP_/Q (sg13g2_dfrbpq_1)
                                                         u_input_buffer.mem[1][4] (net)
                      0.027694    0.000000    0.220576 v _3322_/A (sg13g2_nand2_1)
     1    0.003300    0.025372    0.032009    0.252585 ^ _3322_/Y (sg13g2_nand2_1)
                                                         _0573_ (net)
                      0.025372    0.000000    0.252585 ^ _3323_/B1 (sg13g2_o21ai_1)
     1    0.001430    0.023133    0.034189    0.286774 v _3323_/Y (sg13g2_o21ai_1)
                                                         _0140_ (net)
                      0.023133    0.000000    0.286774 v u_input_buffer.mem[1][4]$_DFFE_PP_/D (sg13g2_dfrbpq_1)
                                              0.286774   data arrival time

                      0.150000    0.000000    0.000000   clock clk (rise edge)
                                  0.000000    0.000000   clock network delay (ideal)
                                  0.250000    0.250000   clock uncertainty
                                  0.000000    0.250000   clock reconvergence pessimism
                                              0.250000 ^ u_input_buffer.mem[1][4]$_DFFE_PP_/CLK (sg13g2_dfrbpq_1)
                                 -0.008264    0.241736   library hold time
                                              0.241736   data required time
---------------------------------------------------------------------------------------------
                                              0.241736   data required time
                                             -0.286774   data arrival time
---------------------------------------------------------------------------------------------
                                              0.045038   slack (MET)


Startpoint: u_input_buffer.mem[1][5]$_DFFE_PP_
            (rising edge-triggered flip-flop clocked by clk)
Endpoint: u_input_buffer.mem[1][5]$_DFFE_PP_
          (rising edge-triggered flip-flop clocked by clk)
Path Group: clk
Path Type: min

Fanout         Cap        Slew       Delay        Time   Description
---------------------------------------------------------------------------------------------
                      0.150000    0.000000    0.000000   clock clk (rise edge)
                                  0.000000    0.000000   clock network delay (ideal)
                      0.150000    0.000000    0.000000 ^ u_input_buffer.mem[1][5]$_DFFE_PP_/CLK (sg13g2_dfrbpq_1)
     2    0.005582    0.027694    0.220576    0.220576 v u_input_buffer.mem[1][5]$_DFFE_PP_/Q (sg13g2_dfrbpq_1)
                                                         u_input_buffer.mem[1][5] (net)
                      0.027694    0.000000    0.220576 v _3324_/A (sg13g2_nand2_1)
     1    0.003300    0.025372    0.032009    0.252585 ^ _3324_/Y (sg13g2_nand2_1)
                                                         _0574_ (net)
                      0.025372    0.000000    0.252585 ^ _3325_/B1 (sg13g2_o21ai_1)
     1    0.001430    0.023133    0.034189    0.286774 v _3325_/Y (sg13g2_o21ai_1)
                                                         _0141_ (net)
                      0.023133    0.000000    0.286774 v u_input_buffer.mem[1][5]$_DFFE_PP_/D (sg13g2_dfrbpq_1)
                                              0.286774   data arrival time

                      0.150000    0.000000    0.000000   clock clk (rise edge)
                                  0.000000    0.000000   clock network delay (ideal)
                                  0.250000    0.250000   clock uncertainty
                                  0.000000    0.250000   clock reconvergence pessimism
                                              0.250000 ^ u_input_buffer.mem[1][5]$_DFFE_PP_/CLK (sg13g2_dfrbpq_1)
                                 -0.008264    0.241736   library hold time
                                              0.241736   data required time
---------------------------------------------------------------------------------------------
                                              0.241736   data required time
                                             -0.286774   data arrival time
---------------------------------------------------------------------------------------------
                                              0.045038   slack (MET)


Startpoint: u_input_buffer.mem[1][6]$_DFFE_PP_
            (rising edge-triggered flip-flop clocked by clk)
Endpoint: u_input_buffer.mem[1][6]$_DFFE_PP_
          (rising edge-triggered flip-flop clocked by clk)
Path Group: clk
Path Type: min

Fanout         Cap        Slew       Delay        Time   Description
---------------------------------------------------------------------------------------------
                      0.150000    0.000000    0.000000   clock clk (rise edge)
                                  0.000000    0.000000   clock network delay (ideal)
                      0.150000    0.000000    0.000000 ^ u_input_buffer.mem[1][6]$_DFFE_PP_/CLK (sg13g2_dfrbpq_1)
     2    0.005582    0.027694    0.220576    0.220576 v u_input_buffer.mem[1][6]$_DFFE_PP_/Q (sg13g2_dfrbpq_1)
                                                         u_input_buffer.mem[1][6] (net)
                      0.027694    0.000000    0.220576 v _3326_/A (sg13g2_nand2_1)
     1    0.003300    0.025372    0.032009    0.252585 ^ _3326_/Y (sg13g2_nand2_1)
                                                         _0575_ (net)
                      0.025372    0.000000    0.252585 ^ _3327_/B1 (sg13g2_o21ai_1)
     1    0.001430    0.023133    0.034189    0.286774 v _3327_/Y (sg13g2_o21ai_1)
                                                         _0142_ (net)
                      0.023133    0.000000    0.286774 v u_input_buffer.mem[1][6]$_DFFE_PP_/D (sg13g2_dfrbpq_1)
                                              0.286774   data arrival time

                      0.150000    0.000000    0.000000   clock clk (rise edge)
                                  0.000000    0.000000   clock network delay (ideal)
                                  0.250000    0.250000   clock uncertainty
                                  0.000000    0.250000   clock reconvergence pessimism
                                              0.250000 ^ u_input_buffer.mem[1][6]$_DFFE_PP_/CLK (sg13g2_dfrbpq_1)
                                 -0.008264    0.241736   library hold time
                                              0.241736   data required time
---------------------------------------------------------------------------------------------
                                              0.241736   data required time
                                             -0.286774   data arrival time
---------------------------------------------------------------------------------------------
                                              0.045038   slack (MET)


Startpoint: u_input_buffer.mem[1][7]$_DFFE_PP_
            (rising edge-triggered flip-flop clocked by clk)
Endpoint: u_input_buffer.mem[1][7]$_DFFE_PP_
          (rising edge-triggered flip-flop clocked by clk)
Path Group: clk
Path Type: min

Fanout         Cap        Slew       Delay        Time   Description
---------------------------------------------------------------------------------------------
                      0.150000    0.000000    0.000000   clock clk (rise edge)
                                  0.000000    0.000000   clock network delay (ideal)
                      0.150000    0.000000    0.000000 ^ u_input_buffer.mem[1][7]$_DFFE_PP_/CLK (sg13g2_dfrbpq_1)
     2    0.005582    0.027694    0.220576    0.220576 v u_input_buffer.mem[1][7]$_DFFE_PP_/Q (sg13g2_dfrbpq_1)
                                                         u_input_buffer.mem[1][7] (net)
                      0.027694    0.000000    0.220576 v _3328_/A (sg13g2_nand2_1)
     1    0.003300    0.025372    0.032009    0.252585 ^ _3328_/Y (sg13g2_nand2_1)
                                                         _0576_ (net)
                      0.025372    0.000000    0.252585 ^ _3329_/B1 (sg13g2_o21ai_1)
     1    0.001430    0.023133    0.034189    0.286774 v _3329_/Y (sg13g2_o21ai_1)
                                                         _0143_ (net)
                      0.023133    0.000000    0.286774 v u_input_buffer.mem[1][7]$_DFFE_PP_/D (sg13g2_dfrbpq_1)
                                              0.286774   data arrival time

                      0.150000    0.000000    0.000000   clock clk (rise edge)
                                  0.000000    0.000000   clock network delay (ideal)
                                  0.250000    0.250000   clock uncertainty
                                  0.000000    0.250000   clock reconvergence pessimism
                                              0.250000 ^ u_input_buffer.mem[1][7]$_DFFE_PP_/CLK (sg13g2_dfrbpq_1)
                                 -0.008264    0.241736   library hold time
                                              0.241736   data required time
---------------------------------------------------------------------------------------------
                                              0.241736   data required time
                                             -0.286774   data arrival time
---------------------------------------------------------------------------------------------
                                              0.045038   slack (MET)


Startpoint: u_input_buffer.mem[8][0]$_DFFE_PP_
            (rising edge-triggered flip-flop clocked by clk)
Endpoint: u_input_buffer.mem[8][0]$_DFFE_PP_
          (rising edge-triggered flip-flop clocked by clk)
Path Group: clk
Path Type: min

Fanout         Cap        Slew       Delay        Time   Description
---------------------------------------------------------------------------------------------
                      0.150000    0.000000    0.000000   clock clk (rise edge)
                                  0.000000    0.000000   clock network delay (ideal)
                      0.150000    0.000000    0.000000 ^ u_input_buffer.mem[8][0]$_DFFE_PP_/CLK (sg13g2_dfrbpq_1)
     2    0.005582    0.027694    0.220576    0.220576 v u_input_buffer.mem[8][0]$_DFFE_PP_/Q (sg13g2_dfrbpq_1)
                                                         u_input_buffer.mem[8][0] (net)
                      0.027694    0.000000    0.220576 v _3640_/A (sg13g2_nand2_1)
     1    0.003300    0.025372    0.032009    0.252585 ^ _3640_/Y (sg13g2_nand2_1)
                                                         _0743_ (net)
                      0.025372    0.000000    0.252585 ^ _3641_/B1 (sg13g2_o21ai_1)
     1    0.001430    0.023133    0.034189    0.286774 v _3641_/Y (sg13g2_o21ai_1)
                                                         _0288_ (net)
                      0.023133    0.000000    0.286774 v u_input_buffer.mem[8][0]$_DFFE_PP_/D (sg13g2_dfrbpq_1)
                                              0.286774   data arrival time

                      0.150000    0.000000    0.000000   clock clk (rise edge)
                                  0.000000    0.000000   clock network delay (ideal)
                                  0.250000    0.250000   clock uncertainty
                                  0.000000    0.250000   clock reconvergence pessimism
                                              0.250000 ^ u_input_buffer.mem[8][0]$_DFFE_PP_/CLK (sg13g2_dfrbpq_1)
                                 -0.008264    0.241736   library hold time
                                              0.241736   data required time
---------------------------------------------------------------------------------------------
                                              0.241736   data required time
                                             -0.286774   data arrival time
---------------------------------------------------------------------------------------------
                                              0.045038   slack (MET)


Startpoint: u_input_buffer.mem[8][1]$_DFFE_PP_
            (rising edge-triggered flip-flop clocked by clk)
Endpoint: u_input_buffer.mem[8][1]$_DFFE_PP_
          (rising edge-triggered flip-flop clocked by clk)
Path Group: clk
Path Type: min

Fanout         Cap        Slew       Delay        Time   Description
---------------------------------------------------------------------------------------------
                      0.150000    0.000000    0.000000   clock clk (rise edge)
                                  0.000000    0.000000   clock network delay (ideal)
                      0.150000    0.000000    0.000000 ^ u_input_buffer.mem[8][1]$_DFFE_PP_/CLK (sg13g2_dfrbpq_1)
     2    0.005582    0.027694    0.220576    0.220576 v u_input_buffer.mem[8][1]$_DFFE_PP_/Q (sg13g2_dfrbpq_1)
                                                         u_input_buffer.mem[8][1] (net)
                      0.027694    0.000000    0.220576 v _3642_/A (sg13g2_nand2_1)
     1    0.003300    0.025372    0.032009    0.252585 ^ _3642_/Y (sg13g2_nand2_1)
                                                         _0744_ (net)
                      0.025372    0.000000    0.252585 ^ _3643_/B1 (sg13g2_o21ai_1)
     1    0.001430    0.023133    0.034189    0.286774 v _3643_/Y (sg13g2_o21ai_1)
                                                         _0289_ (net)
                      0.023133    0.000000    0.286774 v u_input_buffer.mem[8][1]$_DFFE_PP_/D (sg13g2_dfrbpq_1)
                                              0.286774   data arrival time

                      0.150000    0.000000    0.000000   clock clk (rise edge)
                                  0.000000    0.000000   clock network delay (ideal)
                                  0.250000    0.250000   clock uncertainty
                                  0.000000    0.250000   clock reconvergence pessimism
                                              0.250000 ^ u_input_buffer.mem[8][1]$_DFFE_PP_/CLK (sg13g2_dfrbpq_1)
                                 -0.008264    0.241736   library hold time
                                              0.241736   data required time
---------------------------------------------------------------------------------------------
                                              0.241736   data required time
                                             -0.286774   data arrival time
---------------------------------------------------------------------------------------------
                                              0.045038   slack (MET)


Startpoint: u_input_buffer.mem[8][2]$_DFFE_PP_
            (rising edge-triggered flip-flop clocked by clk)
Endpoint: u_input_buffer.mem[8][2]$_DFFE_PP_
          (rising edge-triggered flip-flop clocked by clk)
Path Group: clk
Path Type: min

Fanout         Cap        Slew       Delay        Time   Description
---------------------------------------------------------------------------------------------
                      0.150000    0.000000    0.000000   clock clk (rise edge)
                                  0.000000    0.000000   clock network delay (ideal)
                      0.150000    0.000000    0.000000 ^ u_input_buffer.mem[8][2]$_DFFE_PP_/CLK (sg13g2_dfrbpq_1)
     2    0.005582    0.027694    0.220576    0.220576 v u_input_buffer.mem[8][2]$_DFFE_PP_/Q (sg13g2_dfrbpq_1)
                                                         u_input_buffer.mem[8][2] (net)
                      0.027694    0.000000    0.220576 v _3644_/A (sg13g2_nand2_1)
     1    0.003300    0.025372    0.032009    0.252585 ^ _3644_/Y (sg13g2_nand2_1)
                                                         _0745_ (net)
                      0.025372    0.000000    0.252585 ^ _3645_/B1 (sg13g2_o21ai_1)
     1    0.001430    0.023133    0.034189    0.286774 v _3645_/Y (sg13g2_o21ai_1)
                                                         _0290_ (net)
                      0.023133    0.000000    0.286774 v u_input_buffer.mem[8][2]$_DFFE_PP_/D (sg13g2_dfrbpq_1)
                                              0.286774   data arrival time

                      0.150000    0.000000    0.000000   clock clk (rise edge)
                                  0.000000    0.000000   clock network delay (ideal)
                                  0.250000    0.250000   clock uncertainty
                                  0.000000    0.250000   clock reconvergence pessimism
                                              0.250000 ^ u_input_buffer.mem[8][2]$_DFFE_PP_/CLK (sg13g2_dfrbpq_1)
                                 -0.008264    0.241736   library hold time
                                              0.241736   data required time
---------------------------------------------------------------------------------------------
                                              0.241736   data required time
                                             -0.286774   data arrival time
---------------------------------------------------------------------------------------------
                                              0.045038   slack (MET)


Startpoint: u_input_buffer.mem[8][3]$_DFFE_PP_
            (rising edge-triggered flip-flop clocked by clk)
Endpoint: u_input_buffer.mem[8][3]$_DFFE_PP_
          (rising edge-triggered flip-flop clocked by clk)
Path Group: clk
Path Type: min

Fanout         Cap        Slew       Delay        Time   Description
---------------------------------------------------------------------------------------------
                      0.150000    0.000000    0.000000   clock clk (rise edge)
                                  0.000000    0.000000   clock network delay (ideal)
                      0.150000    0.000000    0.000000 ^ u_input_buffer.mem[8][3]$_DFFE_PP_/CLK (sg13g2_dfrbpq_1)
     2    0.005582    0.027694    0.220576    0.220576 v u_input_buffer.mem[8][3]$_DFFE_PP_/Q (sg13g2_dfrbpq_1)
                                                         u_input_buffer.mem[8][3] (net)
                      0.027694    0.000000    0.220576 v _3646_/A (sg13g2_nand2_1)
     1    0.003300    0.025372    0.032009    0.252585 ^ _3646_/Y (sg13g2_nand2_1)
                                                         _0746_ (net)
                      0.025372    0.000000    0.252585 ^ _3647_/B1 (sg13g2_o21ai_1)
     1    0.001430    0.023133    0.034189    0.286774 v _3647_/Y (sg13g2_o21ai_1)
                                                         _0291_ (net)
                      0.023133    0.000000    0.286774 v u_input_buffer.mem[8][3]$_DFFE_PP_/D (sg13g2_dfrbpq_1)
                                              0.286774   data arrival time

                      0.150000    0.000000    0.000000   clock clk (rise edge)
                                  0.000000    0.000000   clock network delay (ideal)
                                  0.250000    0.250000   clock uncertainty
                                  0.000000    0.250000   clock reconvergence pessimism
                                              0.250000 ^ u_input_buffer.mem[8][3]$_DFFE_PP_/CLK (sg13g2_dfrbpq_1)
                                 -0.008264    0.241736   library hold time
                                              0.241736   data required time
---------------------------------------------------------------------------------------------
                                              0.241736   data required time
                                             -0.286774   data arrival time
---------------------------------------------------------------------------------------------
                                              0.045038   slack (MET)


Startpoint: u_input_buffer.mem[8][4]$_DFFE_PP_
            (rising edge-triggered flip-flop clocked by clk)
Endpoint: u_input_buffer.mem[8][4]$_DFFE_PP_
          (rising edge-triggered flip-flop clocked by clk)
Path Group: clk
Path Type: min

Fanout         Cap        Slew       Delay        Time   Description
---------------------------------------------------------------------------------------------
                      0.150000    0.000000    0.000000   clock clk (rise edge)
                                  0.000000    0.000000   clock network delay (ideal)
                      0.150000    0.000000    0.000000 ^ u_input_buffer.mem[8][4]$_DFFE_PP_/CLK (sg13g2_dfrbpq_1)
     2    0.005582    0.027694    0.220576    0.220576 v u_input_buffer.mem[8][4]$_DFFE_PP_/Q (sg13g2_dfrbpq_1)
                                                         u_input_buffer.mem[8][4] (net)
                      0.027694    0.000000    0.220576 v _3648_/A (sg13g2_nand2_1)
     1    0.003300    0.025372    0.032009    0.252585 ^ _3648_/Y (sg13g2_nand2_1)
                                                         _0747_ (net)
                      0.025372    0.000000    0.252585 ^ _3649_/B1 (sg13g2_o21ai_1)
     1    0.001430    0.023133    0.034189    0.286774 v _3649_/Y (sg13g2_o21ai_1)
                                                         _0292_ (net)
                      0.023133    0.000000    0.286774 v u_input_buffer.mem[8][4]$_DFFE_PP_/D (sg13g2_dfrbpq_1)
                                              0.286774   data arrival time

                      0.150000    0.000000    0.000000   clock clk (rise edge)
                                  0.000000    0.000000   clock network delay (ideal)
                                  0.250000    0.250000   clock uncertainty
                                  0.000000    0.250000   clock reconvergence pessimism
                                              0.250000 ^ u_input_buffer.mem[8][4]$_DFFE_PP_/CLK (sg13g2_dfrbpq_1)
                                 -0.008264    0.241736   library hold time
                                              0.241736   data required time
---------------------------------------------------------------------------------------------
                                              0.241736   data required time
                                             -0.286774   data arrival time
---------------------------------------------------------------------------------------------
                                              0.045038   slack (MET)


Startpoint: u_input_buffer.mem[8][5]$_DFFE_PP_
            (rising edge-triggered flip-flop clocked by clk)
Endpoint: u_input_buffer.mem[8][5]$_DFFE_PP_
          (rising edge-triggered flip-flop clocked by clk)
Path Group: clk
Path Type: min

Fanout         Cap        Slew       Delay        Time   Description
---------------------------------------------------------------------------------------------
                      0.150000    0.000000    0.000000   clock clk (rise edge)
                                  0.000000    0.000000   clock network delay (ideal)
                      0.150000    0.000000    0.000000 ^ u_input_buffer.mem[8][5]$_DFFE_PP_/CLK (sg13g2_dfrbpq_1)
     2    0.005582    0.027694    0.220576    0.220576 v u_input_buffer.mem[8][5]$_DFFE_PP_/Q (sg13g2_dfrbpq_1)
                                                         u_input_buffer.mem[8][5] (net)
                      0.027694    0.000000    0.220576 v _3650_/A (sg13g2_nand2_1)
     1    0.003300    0.025372    0.032009    0.252585 ^ _3650_/Y (sg13g2_nand2_1)
                                                         _0748_ (net)
                      0.025372    0.000000    0.252585 ^ _3651_/B1 (sg13g2_o21ai_1)
     1    0.001430    0.023133    0.034189    0.286774 v _3651_/Y (sg13g2_o21ai_1)
                                                         _0293_ (net)
                      0.023133    0.000000    0.286774 v u_input_buffer.mem[8][5]$_DFFE_PP_/D (sg13g2_dfrbpq_1)
                                              0.286774   data arrival time

                      0.150000    0.000000    0.000000   clock clk (rise edge)
                                  0.000000    0.000000   clock network delay (ideal)
                                  0.250000    0.250000   clock uncertainty
                                  0.000000    0.250000   clock reconvergence pessimism
                                              0.250000 ^ u_input_buffer.mem[8][5]$_DFFE_PP_/CLK (sg13g2_dfrbpq_1)
                                 -0.008264    0.241736   library hold time
                                              0.241736   data required time
---------------------------------------------------------------------------------------------
                                              0.241736   data required time
                                             -0.286774   data arrival time
---------------------------------------------------------------------------------------------
                                              0.045038   slack (MET)


Startpoint: u_input_buffer.mem[8][6]$_DFFE_PP_
            (rising edge-triggered flip-flop clocked by clk)
Endpoint: u_input_buffer.mem[8][6]$_DFFE_PP_
          (rising edge-triggered flip-flop clocked by clk)
Path Group: clk
Path Type: min

Fanout         Cap        Slew       Delay        Time   Description
---------------------------------------------------------------------------------------------
                      0.150000    0.000000    0.000000   clock clk (rise edge)
                                  0.000000    0.000000   clock network delay (ideal)
                      0.150000    0.000000    0.000000 ^ u_input_buffer.mem[8][6]$_DFFE_PP_/CLK (sg13g2_dfrbpq_1)
     2    0.005582    0.027694    0.220576    0.220576 v u_input_buffer.mem[8][6]$_DFFE_PP_/Q (sg13g2_dfrbpq_1)
                                                         u_input_buffer.mem[8][6] (net)
                      0.027694    0.000000    0.220576 v _3652_/A (sg13g2_nand2_1)
     1    0.003300    0.025372    0.032009    0.252585 ^ _3652_/Y (sg13g2_nand2_1)
                                                         _0749_ (net)
                      0.025372    0.000000    0.252585 ^ _3653_/B1 (sg13g2_o21ai_1)
     1    0.001430    0.023133    0.034189    0.286774 v _3653_/Y (sg13g2_o21ai_1)
                                                         _0294_ (net)
                      0.023133    0.000000    0.286774 v u_input_buffer.mem[8][6]$_DFFE_PP_/D (sg13g2_dfrbpq_1)
                                              0.286774   data arrival time

                      0.150000    0.000000    0.000000   clock clk (rise edge)
                                  0.000000    0.000000   clock network delay (ideal)
                                  0.250000    0.250000   clock uncertainty
                                  0.000000    0.250000   clock reconvergence pessimism
                                              0.250000 ^ u_input_buffer.mem[8][6]$_DFFE_PP_/CLK (sg13g2_dfrbpq_1)
                                 -0.008264    0.241736   library hold time
                                              0.241736   data required time
---------------------------------------------------------------------------------------------
                                              0.241736   data required time
                                             -0.286774   data arrival time
---------------------------------------------------------------------------------------------
                                              0.045038   slack (MET)


Startpoint: u_input_buffer.mem[8][7]$_DFFE_PP_
            (rising edge-triggered flip-flop clocked by clk)
Endpoint: u_input_buffer.mem[8][7]$_DFFE_PP_
          (rising edge-triggered flip-flop clocked by clk)
Path Group: clk
Path Type: min

Fanout         Cap        Slew       Delay        Time   Description
---------------------------------------------------------------------------------------------
                      0.150000    0.000000    0.000000   clock clk (rise edge)
                                  0.000000    0.000000   clock network delay (ideal)
                      0.150000    0.000000    0.000000 ^ u_input_buffer.mem[8][7]$_DFFE_PP_/CLK (sg13g2_dfrbpq_1)
     2    0.005582    0.027694    0.220576    0.220576 v u_input_buffer.mem[8][7]$_DFFE_PP_/Q (sg13g2_dfrbpq_1)
                                                         u_input_buffer.mem[8][7] (net)
                      0.027694    0.000000    0.220576 v _3654_/A (sg13g2_nand2_1)
     1    0.003300    0.025372    0.032009    0.252585 ^ _3654_/Y (sg13g2_nand2_1)
                                                         _0750_ (net)
                      0.025372    0.000000    0.252585 ^ _3655_/B1 (sg13g2_o21ai_1)
     1    0.001430    0.023133    0.034189    0.286774 v _3655_/Y (sg13g2_o21ai_1)
                                                         _0295_ (net)
                      0.023133    0.000000    0.286774 v u_input_buffer.mem[8][7]$_DFFE_PP_/D (sg13g2_dfrbpq_1)
                                              0.286774   data arrival time

                      0.150000    0.000000    0.000000   clock clk (rise edge)
                                  0.000000    0.000000   clock network delay (ideal)
                                  0.250000    0.250000   clock uncertainty
                                  0.000000    0.250000   clock reconvergence pessimism
                                              0.250000 ^ u_input_buffer.mem[8][7]$_DFFE_PP_/CLK (sg13g2_dfrbpq_1)
                                 -0.008264    0.241736   library hold time
                                              0.241736   data required time
---------------------------------------------------------------------------------------------
                                              0.241736   data required time
                                             -0.286774   data arrival time
---------------------------------------------------------------------------------------------
                                              0.045038   slack (MET)


Startpoint: u_input_buffer.mem[9][0]$_DFFE_PP_
            (rising edge-triggered flip-flop clocked by clk)
Endpoint: u_input_buffer.mem[9][0]$_DFFE_PP_
          (rising edge-triggered flip-flop clocked by clk)
Path Group: clk
Path Type: min

Fanout         Cap        Slew       Delay        Time   Description
---------------------------------------------------------------------------------------------
                      0.150000    0.000000    0.000000   clock clk (rise edge)
                                  0.000000    0.000000   clock network delay (ideal)
                      0.150000    0.000000    0.000000 ^ u_input_buffer.mem[9][0]$_DFFE_PP_/CLK (sg13g2_dfrbpq_1)
     2    0.005582    0.027694    0.220576    0.220576 v u_input_buffer.mem[9][0]$_DFFE_PP_/Q (sg13g2_dfrbpq_1)
                                                         u_input_buffer.mem[9][0] (net)
                      0.027694    0.000000    0.220576 v _3657_/A (sg13g2_nand2_1)
     1    0.003300    0.025372    0.032009    0.252585 ^ _3657_/Y (sg13g2_nand2_1)
                                                         _0752_ (net)
                      0.025372    0.000000    0.252585 ^ _3658_/B1 (sg13g2_o21ai_1)
     1    0.001430    0.023133    0.034189    0.286774 v _3658_/Y (sg13g2_o21ai_1)
                                                         _0296_ (net)
                      0.023133    0.000000    0.286774 v u_input_buffer.mem[9][0]$_DFFE_PP_/D (sg13g2_dfrbpq_1)
                                              0.286774   data arrival time

                      0.150000    0.000000    0.000000   clock clk (rise edge)
                                  0.000000    0.000000   clock network delay (ideal)
                                  0.250000    0.250000   clock uncertainty
                                  0.000000    0.250000   clock reconvergence pessimism
                                              0.250000 ^ u_input_buffer.mem[9][0]$_DFFE_PP_/CLK (sg13g2_dfrbpq_1)
                                 -0.008264    0.241736   library hold time
                                              0.241736   data required time
---------------------------------------------------------------------------------------------
                                              0.241736   data required time
                                             -0.286774   data arrival time
---------------------------------------------------------------------------------------------
                                              0.045038   slack (MET)


Startpoint: u_input_buffer.mem[9][1]$_DFFE_PP_
            (rising edge-triggered flip-flop clocked by clk)
Endpoint: u_input_buffer.mem[9][1]$_DFFE_PP_
          (rising edge-triggered flip-flop clocked by clk)
Path Group: clk
Path Type: min

Fanout         Cap        Slew       Delay        Time   Description
---------------------------------------------------------------------------------------------
                      0.150000    0.000000    0.000000   clock clk (rise edge)
                                  0.000000    0.000000   clock network delay (ideal)
                      0.150000    0.000000    0.000000 ^ u_input_buffer.mem[9][1]$_DFFE_PP_/CLK (sg13g2_dfrbpq_1)
     2    0.005582    0.027694    0.220576    0.220576 v u_input_buffer.mem[9][1]$_DFFE_PP_/Q (sg13g2_dfrbpq_1)
                                                         u_input_buffer.mem[9][1] (net)
                      0.027694    0.000000    0.220576 v _3659_/A (sg13g2_nand2_1)
     1    0.003300    0.025372    0.032009    0.252585 ^ _3659_/Y (sg13g2_nand2_1)
                                                         _0753_ (net)
                      0.025372    0.000000    0.252585 ^ _3660_/B1 (sg13g2_o21ai_1)
     1    0.001430    0.023133    0.034189    0.286774 v _3660_/Y (sg13g2_o21ai_1)
                                                         _0297_ (net)
                      0.023133    0.000000    0.286774 v u_input_buffer.mem[9][1]$_DFFE_PP_/D (sg13g2_dfrbpq_1)
                                              0.286774   data arrival time

                      0.150000    0.000000    0.000000   clock clk (rise edge)
                                  0.000000    0.000000   clock network delay (ideal)
                                  0.250000    0.250000   clock uncertainty
                                  0.000000    0.250000   clock reconvergence pessimism
                                              0.250000 ^ u_input_buffer.mem[9][1]$_DFFE_PP_/CLK (sg13g2_dfrbpq_1)
                                 -0.008264    0.241736   library hold time
                                              0.241736   data required time
---------------------------------------------------------------------------------------------
                                              0.241736   data required time
                                             -0.286774   data arrival time
---------------------------------------------------------------------------------------------
                                              0.045038   slack (MET)


Startpoint: u_input_buffer.mem[9][2]$_DFFE_PP_
            (rising edge-triggered flip-flop clocked by clk)
Endpoint: u_input_buffer.mem[9][2]$_DFFE_PP_
          (rising edge-triggered flip-flop clocked by clk)
Path Group: clk
Path Type: min

Fanout         Cap        Slew       Delay        Time   Description
---------------------------------------------------------------------------------------------
                      0.150000    0.000000    0.000000   clock clk (rise edge)
                                  0.000000    0.000000   clock network delay (ideal)
                      0.150000    0.000000    0.000000 ^ u_input_buffer.mem[9][2]$_DFFE_PP_/CLK (sg13g2_dfrbpq_1)
     2    0.005582    0.027694    0.220576    0.220576 v u_input_buffer.mem[9][2]$_DFFE_PP_/Q (sg13g2_dfrbpq_1)
                                                         u_input_buffer.mem[9][2] (net)
                      0.027694    0.000000    0.220576 v _3661_/A (sg13g2_nand2_1)
     1    0.003300    0.025372    0.032009    0.252585 ^ _3661_/Y (sg13g2_nand2_1)
                                                         _0754_ (net)
                      0.025372    0.000000    0.252585 ^ _3662_/B1 (sg13g2_o21ai_1)
     1    0.001430    0.023133    0.034189    0.286774 v _3662_/Y (sg13g2_o21ai_1)
                                                         _0298_ (net)
                      0.023133    0.000000    0.286774 v u_input_buffer.mem[9][2]$_DFFE_PP_/D (sg13g2_dfrbpq_1)
                                              0.286774   data arrival time

                      0.150000    0.000000    0.000000   clock clk (rise edge)
                                  0.000000    0.000000   clock network delay (ideal)
                                  0.250000    0.250000   clock uncertainty
                                  0.000000    0.250000   clock reconvergence pessimism
                                              0.250000 ^ u_input_buffer.mem[9][2]$_DFFE_PP_/CLK (sg13g2_dfrbpq_1)
                                 -0.008264    0.241736   library hold time
                                              0.241736   data required time
---------------------------------------------------------------------------------------------
                                              0.241736   data required time
                                             -0.286774   data arrival time
---------------------------------------------------------------------------------------------
                                              0.045038   slack (MET)


Startpoint: u_input_buffer.mem[9][3]$_DFFE_PP_
            (rising edge-triggered flip-flop clocked by clk)
Endpoint: u_input_buffer.mem[9][3]$_DFFE_PP_
          (rising edge-triggered flip-flop clocked by clk)
Path Group: clk
Path Type: min

Fanout         Cap        Slew       Delay        Time   Description
---------------------------------------------------------------------------------------------
                      0.150000    0.000000    0.000000   clock clk (rise edge)
                                  0.000000    0.000000   clock network delay (ideal)
                      0.150000    0.000000    0.000000 ^ u_input_buffer.mem[9][3]$_DFFE_PP_/CLK (sg13g2_dfrbpq_1)
     2    0.005582    0.027694    0.220576    0.220576 v u_input_buffer.mem[9][3]$_DFFE_PP_/Q (sg13g2_dfrbpq_1)
                                                         u_input_buffer.mem[9][3] (net)
                      0.027694    0.000000    0.220576 v _3663_/A (sg13g2_nand2_1)
     1    0.003300    0.025372    0.032009    0.252585 ^ _3663_/Y (sg13g2_nand2_1)
                                                         _0755_ (net)
                      0.025372    0.000000    0.252585 ^ _3664_/B1 (sg13g2_o21ai_1)
     1    0.001430    0.023133    0.034189    0.286774 v _3664_/Y (sg13g2_o21ai_1)
                                                         _0299_ (net)
                      0.023133    0.000000    0.286774 v u_input_buffer.mem[9][3]$_DFFE_PP_/D (sg13g2_dfrbpq_1)
                                              0.286774   data arrival time

                      0.150000    0.000000    0.000000   clock clk (rise edge)
                                  0.000000    0.000000   clock network delay (ideal)
                                  0.250000    0.250000   clock uncertainty
                                  0.000000    0.250000   clock reconvergence pessimism
                                              0.250000 ^ u_input_buffer.mem[9][3]$_DFFE_PP_/CLK (sg13g2_dfrbpq_1)
                                 -0.008264    0.241736   library hold time
                                              0.241736   data required time
---------------------------------------------------------------------------------------------
                                              0.241736   data required time
                                             -0.286774   data arrival time
---------------------------------------------------------------------------------------------
                                              0.045038   slack (MET)


Startpoint: u_input_buffer.mem[9][4]$_DFFE_PP_
            (rising edge-triggered flip-flop clocked by clk)
Endpoint: u_input_buffer.mem[9][4]$_DFFE_PP_
          (rising edge-triggered flip-flop clocked by clk)
Path Group: clk
Path Type: min

Fanout         Cap        Slew       Delay        Time   Description
---------------------------------------------------------------------------------------------
                      0.150000    0.000000    0.000000   clock clk (rise edge)
                                  0.000000    0.000000   clock network delay (ideal)
                      0.150000    0.000000    0.000000 ^ u_input_buffer.mem[9][4]$_DFFE_PP_/CLK (sg13g2_dfrbpq_1)
     2    0.005582    0.027694    0.220576    0.220576 v u_input_buffer.mem[9][4]$_DFFE_PP_/Q (sg13g2_dfrbpq_1)
                                                         u_input_buffer.mem[9][4] (net)
                      0.027694    0.000000    0.220576 v _3665_/A (sg13g2_nand2_1)
     1    0.003300    0.025372    0.032009    0.252585 ^ _3665_/Y (sg13g2_nand2_1)
                                                         _0756_ (net)
                      0.025372    0.000000    0.252585 ^ _3666_/B1 (sg13g2_o21ai_1)
     1    0.001430    0.023133    0.034189    0.286774 v _3666_/Y (sg13g2_o21ai_1)
                                                         _0300_ (net)
                      0.023133    0.000000    0.286774 v u_input_buffer.mem[9][4]$_DFFE_PP_/D (sg13g2_dfrbpq_1)
                                              0.286774   data arrival time

                      0.150000    0.000000    0.000000   clock clk (rise edge)
                                  0.000000    0.000000   clock network delay (ideal)
                                  0.250000    0.250000   clock uncertainty
                                  0.000000    0.250000   clock reconvergence pessimism
                                              0.250000 ^ u_input_buffer.mem[9][4]$_DFFE_PP_/CLK (sg13g2_dfrbpq_1)
                                 -0.008264    0.241736   library hold time
                                              0.241736   data required time
---------------------------------------------------------------------------------------------
                                              0.241736   data required time
                                             -0.286774   data arrival time
---------------------------------------------------------------------------------------------
                                              0.045038   slack (MET)


Startpoint: u_input_buffer.mem[9][5]$_DFFE_PP_
            (rising edge-triggered flip-flop clocked by clk)
Endpoint: u_input_buffer.mem[9][5]$_DFFE_PP_
          (rising edge-triggered flip-flop clocked by clk)
Path Group: clk
Path Type: min

Fanout         Cap        Slew       Delay        Time   Description
---------------------------------------------------------------------------------------------
                      0.150000    0.000000    0.000000   clock clk (rise edge)
                                  0.000000    0.000000   clock network delay (ideal)
                      0.150000    0.000000    0.000000 ^ u_input_buffer.mem[9][5]$_DFFE_PP_/CLK (sg13g2_dfrbpq_1)
     2    0.005582    0.027694    0.220576    0.220576 v u_input_buffer.mem[9][5]$_DFFE_PP_/Q (sg13g2_dfrbpq_1)
                                                         u_input_buffer.mem[9][5] (net)
                      0.027694    0.000000    0.220576 v _3667_/A (sg13g2_nand2_1)
     1    0.003300    0.025372    0.032009    0.252585 ^ _3667_/Y (sg13g2_nand2_1)
                                                         _0757_ (net)
                      0.025372    0.000000    0.252585 ^ _3668_/B1 (sg13g2_o21ai_1)
     1    0.001430    0.023133    0.034189    0.286774 v _3668_/Y (sg13g2_o21ai_1)
                                                         _0301_ (net)
                      0.023133    0.000000    0.286774 v u_input_buffer.mem[9][5]$_DFFE_PP_/D (sg13g2_dfrbpq_1)
                                              0.286774   data arrival time

                      0.150000    0.000000    0.000000   clock clk (rise edge)
                                  0.000000    0.000000   clock network delay (ideal)
                                  0.250000    0.250000   clock uncertainty
                                  0.000000    0.250000   clock reconvergence pessimism
                                              0.250000 ^ u_input_buffer.mem[9][5]$_DFFE_PP_/CLK (sg13g2_dfrbpq_1)
                                 -0.008264    0.241736   library hold time
                                              0.241736   data required time
---------------------------------------------------------------------------------------------
                                              0.241736   data required time
                                             -0.286774   data arrival time
---------------------------------------------------------------------------------------------
                                              0.045038   slack (MET)


Startpoint: u_input_buffer.mem[9][6]$_DFFE_PP_
            (rising edge-triggered flip-flop clocked by clk)
Endpoint: u_input_buffer.mem[9][6]$_DFFE_PP_
          (rising edge-triggered flip-flop clocked by clk)
Path Group: clk
Path Type: min

Fanout         Cap        Slew       Delay        Time   Description
---------------------------------------------------------------------------------------------
                      0.150000    0.000000    0.000000   clock clk (rise edge)
                                  0.000000    0.000000   clock network delay (ideal)
                      0.150000    0.000000    0.000000 ^ u_input_buffer.mem[9][6]$_DFFE_PP_/CLK (sg13g2_dfrbpq_1)
     2    0.005582    0.027694    0.220576    0.220576 v u_input_buffer.mem[9][6]$_DFFE_PP_/Q (sg13g2_dfrbpq_1)
                                                         u_input_buffer.mem[9][6] (net)
                      0.027694    0.000000    0.220576 v _3669_/A (sg13g2_nand2_1)
     1    0.003300    0.025372    0.032009    0.252585 ^ _3669_/Y (sg13g2_nand2_1)
                                                         _0758_ (net)
                      0.025372    0.000000    0.252585 ^ _3670_/B1 (sg13g2_o21ai_1)
     1    0.001430    0.023133    0.034189    0.286774 v _3670_/Y (sg13g2_o21ai_1)
                                                         _0302_ (net)
                      0.023133    0.000000    0.286774 v u_input_buffer.mem[9][6]$_DFFE_PP_/D (sg13g2_dfrbpq_1)
                                              0.286774   data arrival time

                      0.150000    0.000000    0.000000   clock clk (rise edge)
                                  0.000000    0.000000   clock network delay (ideal)
                                  0.250000    0.250000   clock uncertainty
                                  0.000000    0.250000   clock reconvergence pessimism
                                              0.250000 ^ u_input_buffer.mem[9][6]$_DFFE_PP_/CLK (sg13g2_dfrbpq_1)
                                 -0.008264    0.241736   library hold time
                                              0.241736   data required time
---------------------------------------------------------------------------------------------
                                              0.241736   data required time
                                             -0.286774   data arrival time
---------------------------------------------------------------------------------------------
                                              0.045038   slack (MET)


Startpoint: u_input_buffer.mem[9][7]$_DFFE_PP_
            (rising edge-triggered flip-flop clocked by clk)
Endpoint: u_input_buffer.mem[9][7]$_DFFE_PP_
          (rising edge-triggered flip-flop clocked by clk)
Path Group: clk
Path Type: min

Fanout         Cap        Slew       Delay        Time   Description
---------------------------------------------------------------------------------------------
                      0.150000    0.000000    0.000000   clock clk (rise edge)
                                  0.000000    0.000000   clock network delay (ideal)
                      0.150000    0.000000    0.000000 ^ u_input_buffer.mem[9][7]$_DFFE_PP_/CLK (sg13g2_dfrbpq_1)
     2    0.005582    0.027694    0.220576    0.220576 v u_input_buffer.mem[9][7]$_DFFE_PP_/Q (sg13g2_dfrbpq_1)
                                                         u_input_buffer.mem[9][7] (net)
                      0.027694    0.000000    0.220576 v _3671_/A (sg13g2_nand2_1)
     1    0.003300    0.025372    0.032009    0.252585 ^ _3671_/Y (sg13g2_nand2_1)
                                                         _0759_ (net)
                      0.025372    0.000000    0.252585 ^ _3672_/B1 (sg13g2_o21ai_1)
     1    0.001430    0.023133    0.034189    0.286774 v _3672_/Y (sg13g2_o21ai_1)
                                                         _0303_ (net)
                      0.023133    0.000000    0.286774 v u_input_buffer.mem[9][7]$_DFFE_PP_/D (sg13g2_dfrbpq_1)
                                              0.286774   data arrival time

                      0.150000    0.000000    0.000000   clock clk (rise edge)
                                  0.000000    0.000000   clock network delay (ideal)
                                  0.250000    0.250000   clock uncertainty
                                  0.000000    0.250000   clock reconvergence pessimism
                                              0.250000 ^ u_input_buffer.mem[9][7]$_DFFE_PP_/CLK (sg13g2_dfrbpq_1)
                                 -0.008264    0.241736   library hold time
                                              0.241736   data required time
---------------------------------------------------------------------------------------------
                                              0.241736   data required time
                                             -0.286774   data arrival time
---------------------------------------------------------------------------------------------
                                              0.045038   slack (MET)


Startpoint: u_input_buffer.mem[31][0]$_DFFE_PP_
            (rising edge-triggered flip-flop clocked by clk)
Endpoint: u_input_buffer.mem[31][0]$_DFFE_PP_
          (rising edge-triggered flip-flop clocked by clk)
Path Group: clk
Path Type: min

Fanout         Cap        Slew       Delay        Time   Description
---------------------------------------------------------------------------------------------
                      0.150000    0.000000    0.000000   clock clk (rise edge)
                                  0.000000    0.000000   clock network delay (ideal)
                      0.150000    0.000000    0.000000 ^ u_input_buffer.mem[31][0]$_DFFE_PP_/CLK (sg13g2_dfrbpq_1)
     2    0.005660    0.027917    0.220766    0.220766 v u_input_buffer.mem[31][0]$_DFFE_PP_/Q (sg13g2_dfrbpq_1)
                                                         u_input_buffer.mem[31][0] (net)
                      0.027917    0.000000    0.220766 v _3537_/A (sg13g2_nand2_1)
     1    0.003300    0.025419    0.032075    0.252842 ^ _3537_/Y (sg13g2_nand2_1)
                                                         _0688_ (net)
                      0.025419    0.000000    0.252842 ^ _3538_/B1 (sg13g2_o21ai_1)
     1    0.001430    0.023142    0.034202    0.287043 v _3538_/Y (sg13g2_o21ai_1)
                                                         _0240_ (net)
                      0.023142    0.000000    0.287043 v u_input_buffer.mem[31][0]$_DFFE_PP_/D (sg13g2_dfrbpq_1)
                                              0.287043   data arrival time

                      0.150000    0.000000    0.000000   clock clk (rise edge)
                                  0.000000    0.000000   clock network delay (ideal)
                                  0.250000    0.250000   clock uncertainty
                                  0.000000    0.250000   clock reconvergence pessimism
                                              0.250000 ^ u_input_buffer.mem[31][0]$_DFFE_PP_/CLK (sg13g2_dfrbpq_1)
                                 -0.008267    0.241733   library hold time
                                              0.241733   data required time
---------------------------------------------------------------------------------------------
                                              0.241733   data required time
                                             -0.287043   data arrival time
---------------------------------------------------------------------------------------------
                                              0.045310   slack (MET)


Startpoint: u_input_buffer.mem[31][2]$_DFFE_PP_
            (rising edge-triggered flip-flop clocked by clk)
Endpoint: u_input_buffer.mem[31][2]$_DFFE_PP_
          (rising edge-triggered flip-flop clocked by clk)
Path Group: clk
Path Type: min

Fanout         Cap        Slew       Delay        Time   Description
---------------------------------------------------------------------------------------------
                      0.150000    0.000000    0.000000   clock clk (rise edge)
                                  0.000000    0.000000   clock network delay (ideal)
                      0.150000    0.000000    0.000000 ^ u_input_buffer.mem[31][2]$_DFFE_PP_/CLK (sg13g2_dfrbpq_1)
     2    0.005694    0.028014    0.220849    0.220849 v u_input_buffer.mem[31][2]$_DFFE_PP_/Q (sg13g2_dfrbpq_1)
                                                         u_input_buffer.mem[31][2] (net)
                      0.028014    0.000000    0.220849 v _3541_/A (sg13g2_nand2_1)
     1    0.003300    0.025440    0.032104    0.252954 ^ _3541_/Y (sg13g2_nand2_1)
                                                         _0690_ (net)
                      0.025440    0.000000    0.252954 ^ _3542_/B1 (sg13g2_o21ai_1)
     1    0.001430    0.023146    0.034207    0.287161 v _3542_/Y (sg13g2_o21ai_1)
                                                         _0242_ (net)
                      0.023146    0.000000    0.287161 v u_input_buffer.mem[31][2]$_DFFE_PP_/D (sg13g2_dfrbpq_1)
                                              0.287161   data arrival time

                      0.150000    0.000000    0.000000   clock clk (rise edge)
                                  0.000000    0.000000   clock network delay (ideal)
                                  0.250000    0.250000   clock uncertainty
                                  0.000000    0.250000   clock reconvergence pessimism
                                              0.250000 ^ u_input_buffer.mem[31][2]$_DFFE_PP_/CLK (sg13g2_dfrbpq_1)
                                 -0.008268    0.241732   library hold time
                                              0.241732   data required time
---------------------------------------------------------------------------------------------
                                              0.241732   data required time
                                             -0.287161   data arrival time
---------------------------------------------------------------------------------------------
                                              0.045429   slack (MET)


Startpoint: u_input_buffer.mem[31][4]$_DFFE_PP_
            (rising edge-triggered flip-flop clocked by clk)
Endpoint: u_input_buffer.mem[31][4]$_DFFE_PP_
          (rising edge-triggered flip-flop clocked by clk)
Path Group: clk
Path Type: min

Fanout         Cap        Slew       Delay        Time   Description
---------------------------------------------------------------------------------------------
                      0.150000    0.000000    0.000000   clock clk (rise edge)
                                  0.000000    0.000000   clock network delay (ideal)
                      0.150000    0.000000    0.000000 ^ u_input_buffer.mem[31][4]$_DFFE_PP_/CLK (sg13g2_dfrbpq_1)
     2    0.005694    0.028014    0.220849    0.220849 v u_input_buffer.mem[31][4]$_DFFE_PP_/Q (sg13g2_dfrbpq_1)
                                                         u_input_buffer.mem[31][4] (net)
                      0.028014    0.000000    0.220849 v _3545_/A (sg13g2_nand2_1)
     1    0.003300    0.025440    0.032104    0.252954 ^ _3545_/Y (sg13g2_nand2_1)
                                                         _0692_ (net)
                      0.025440    0.000000    0.252954 ^ _3546_/B1 (sg13g2_o21ai_1)
     1    0.001430    0.023146    0.034207    0.287161 v _3546_/Y (sg13g2_o21ai_1)
                                                         _0244_ (net)
                      0.023146    0.000000    0.287161 v u_input_buffer.mem[31][4]$_DFFE_PP_/D (sg13g2_dfrbpq_1)
                                              0.287161   data arrival time

                      0.150000    0.000000    0.000000   clock clk (rise edge)
                                  0.000000    0.000000   clock network delay (ideal)
                                  0.250000    0.250000   clock uncertainty
                                  0.000000    0.250000   clock reconvergence pessimism
                                              0.250000 ^ u_input_buffer.mem[31][4]$_DFFE_PP_/CLK (sg13g2_dfrbpq_1)
                                 -0.008268    0.241732   library hold time
                                              0.241732   data required time
---------------------------------------------------------------------------------------------
                                              0.241732   data required time
                                             -0.287161   data arrival time
---------------------------------------------------------------------------------------------
                                              0.045429   slack (MET)


Startpoint: u_input_buffer.mem[31][5]$_DFFE_PP_
            (rising edge-triggered flip-flop clocked by clk)
Endpoint: u_input_buffer.mem[31][5]$_DFFE_PP_
          (rising edge-triggered flip-flop clocked by clk)
Path Group: clk
Path Type: min

Fanout         Cap        Slew       Delay        Time   Description
---------------------------------------------------------------------------------------------
                      0.150000    0.000000    0.000000   clock clk (rise edge)
                                  0.000000    0.000000   clock network delay (ideal)
                      0.150000    0.000000    0.000000 ^ u_input_buffer.mem[31][5]$_DFFE_PP_/CLK (sg13g2_dfrbpq_1)
     2    0.005694    0.028014    0.220849    0.220849 v u_input_buffer.mem[31][5]$_DFFE_PP_/Q (sg13g2_dfrbpq_1)
                                                         u_input_buffer.mem[31][5] (net)
                      0.028014    0.000000    0.220849 v _3547_/A (sg13g2_nand2_1)
     1    0.003300    0.025440    0.032104    0.252954 ^ _3547_/Y (sg13g2_nand2_1)
                                                         _0693_ (net)
                      0.025440    0.000000    0.252954 ^ _3548_/B1 (sg13g2_o21ai_1)
     1    0.001430    0.023146    0.034207    0.287161 v _3548_/Y (sg13g2_o21ai_1)
                                                         _0245_ (net)
                      0.023146    0.000000    0.287161 v u_input_buffer.mem[31][5]$_DFFE_PP_/D (sg13g2_dfrbpq_1)
                                              0.287161   data arrival time

                      0.150000    0.000000    0.000000   clock clk (rise edge)
                                  0.000000    0.000000   clock network delay (ideal)
                                  0.250000    0.250000   clock uncertainty
                                  0.000000    0.250000   clock reconvergence pessimism
                                              0.250000 ^ u_input_buffer.mem[31][5]$_DFFE_PP_/CLK (sg13g2_dfrbpq_1)
                                 -0.008268    0.241732   library hold time
                                              0.241732   data required time
---------------------------------------------------------------------------------------------
                                              0.241732   data required time
                                             -0.287161   data arrival time
---------------------------------------------------------------------------------------------
                                              0.045429   slack (MET)


Startpoint: u_input_buffer.mem[31][6]$_DFFE_PP_
            (rising edge-triggered flip-flop clocked by clk)
Endpoint: u_input_buffer.mem[31][6]$_DFFE_PP_
          (rising edge-triggered flip-flop clocked by clk)
Path Group: clk
Path Type: min

Fanout         Cap        Slew       Delay        Time   Description
---------------------------------------------------------------------------------------------
                      0.150000    0.000000    0.000000   clock clk (rise edge)
                                  0.000000    0.000000   clock network delay (ideal)
                      0.150000    0.000000    0.000000 ^ u_input_buffer.mem[31][6]$_DFFE_PP_/CLK (sg13g2_dfrbpq_1)
     2    0.005694    0.028014    0.220849    0.220849 v u_input_buffer.mem[31][6]$_DFFE_PP_/Q (sg13g2_dfrbpq_1)
                                                         u_input_buffer.mem[31][6] (net)
                      0.028014    0.000000    0.220849 v _3549_/A (sg13g2_nand2_1)
     1    0.003300    0.025440    0.032104    0.252954 ^ _3549_/Y (sg13g2_nand2_1)
                                                         _0694_ (net)
                      0.025440    0.000000    0.252954 ^ _3550_/B1 (sg13g2_o21ai_1)
     1    0.001430    0.023146    0.034207    0.287161 v _3550_/Y (sg13g2_o21ai_1)
                                                         _0246_ (net)
                      0.023146    0.000000    0.287161 v u_input_buffer.mem[31][6]$_DFFE_PP_/D (sg13g2_dfrbpq_1)
                                              0.287161   data arrival time

                      0.150000    0.000000    0.000000   clock clk (rise edge)
                                  0.000000    0.000000   clock network delay (ideal)
                                  0.250000    0.250000   clock uncertainty
                                  0.000000    0.250000   clock reconvergence pessimism
                                              0.250000 ^ u_input_buffer.mem[31][6]$_DFFE_PP_/CLK (sg13g2_dfrbpq_1)
                                 -0.008268    0.241732   library hold time
                                              0.241732   data required time
---------------------------------------------------------------------------------------------
                                              0.241732   data required time
                                             -0.287161   data arrival time
---------------------------------------------------------------------------------------------
                                              0.045429   slack (MET)


Startpoint: u_input_buffer.mem[31][7]$_DFFE_PP_
            (rising edge-triggered flip-flop clocked by clk)
Endpoint: u_input_buffer.mem[31][7]$_DFFE_PP_
          (rising edge-triggered flip-flop clocked by clk)
Path Group: clk
Path Type: min

Fanout         Cap        Slew       Delay        Time   Description
---------------------------------------------------------------------------------------------
                      0.150000    0.000000    0.000000   clock clk (rise edge)
                                  0.000000    0.000000   clock network delay (ideal)
                      0.150000    0.000000    0.000000 ^ u_input_buffer.mem[31][7]$_DFFE_PP_/CLK (sg13g2_dfrbpq_1)
     2    0.005694    0.028014    0.220849    0.220849 v u_input_buffer.mem[31][7]$_DFFE_PP_/Q (sg13g2_dfrbpq_1)
                                                         u_input_buffer.mem[31][7] (net)
                      0.028014    0.000000    0.220849 v _3551_/A (sg13g2_nand2_1)
     1    0.003300    0.025440    0.032104    0.252954 ^ _3551_/Y (sg13g2_nand2_1)
                                                         _0695_ (net)
                      0.025440    0.000000    0.252954 ^ _3552_/B1 (sg13g2_o21ai_1)
     1    0.001430    0.023146    0.034207    0.287161 v _3552_/Y (sg13g2_o21ai_1)
                                                         _0247_ (net)
                      0.023146    0.000000    0.287161 v u_input_buffer.mem[31][7]$_DFFE_PP_/D (sg13g2_dfrbpq_1)
                                              0.287161   data arrival time

                      0.150000    0.000000    0.000000   clock clk (rise edge)
                                  0.000000    0.000000   clock network delay (ideal)
                                  0.250000    0.250000   clock uncertainty
                                  0.000000    0.250000   clock reconvergence pessimism
                                              0.250000 ^ u_input_buffer.mem[31][7]$_DFFE_PP_/CLK (sg13g2_dfrbpq_1)
                                 -0.008268    0.241732   library hold time
                                              0.241732   data required time
---------------------------------------------------------------------------------------------
                                              0.241732   data required time
                                             -0.287161   data arrival time
---------------------------------------------------------------------------------------------
                                              0.045429   slack (MET)


Startpoint: u_input_buffer.mem[31][3]$_DFFE_PP_
            (rising edge-triggered flip-flop clocked by clk)
Endpoint: u_input_buffer.mem[31][3]$_DFFE_PP_
          (rising edge-triggered flip-flop clocked by clk)
Path Group: clk
Path Type: min

Fanout         Cap        Slew       Delay        Time   Description
---------------------------------------------------------------------------------------------
                      0.150000    0.000000    0.000000   clock clk (rise edge)
                                  0.000000    0.000000   clock network delay (ideal)
                      0.150000    0.000000    0.000000 ^ u_input_buffer.mem[31][3]$_DFFE_PP_/CLK (sg13g2_dfrbpq_1)
     2    0.005998    0.028884    0.221595    0.221595 v u_input_buffer.mem[31][3]$_DFFE_PP_/Q (sg13g2_dfrbpq_1)
                                                         u_input_buffer.mem[31][3] (net)
                      0.028884    0.000000    0.221595 v _3543_/A (sg13g2_nand2_1)
     1    0.003300    0.025624    0.032363    0.253959 ^ _3543_/Y (sg13g2_nand2_1)
                                                         _0691_ (net)
                      0.025624    0.000000    0.253959 ^ _3544_/B1 (sg13g2_o21ai_1)
     1    0.001430    0.023180    0.034257    0.288216 v _3544_/Y (sg13g2_o21ai_1)
                                                         _0243_ (net)
                      0.023180    0.000000    0.288216 v u_input_buffer.mem[31][3]$_DFFE_PP_/D (sg13g2_dfrbpq_1)
                                              0.288216   data arrival time

                      0.150000    0.000000    0.000000   clock clk (rise edge)
                                  0.000000    0.000000   clock network delay (ideal)
                                  0.250000    0.250000   clock uncertainty
                                  0.000000    0.250000   clock reconvergence pessimism
                                              0.250000 ^ u_input_buffer.mem[31][3]$_DFFE_PP_/CLK (sg13g2_dfrbpq_1)
                                 -0.008279    0.241721   library hold time
                                              0.241721   data required time
---------------------------------------------------------------------------------------------
                                              0.241721   data required time
                                             -0.288216   data arrival time
---------------------------------------------------------------------------------------------
                                              0.046495   slack (MET)


Startpoint: u_mac_2.temp_res[16]$_SDFF_PP0_
            (rising edge-triggered flip-flop clocked by clk)
Endpoint: u_mac_2.temp_res[16]$_SDFF_PP0_
          (rising edge-triggered flip-flop clocked by clk)
Path Group: clk
Path Type: min

Fanout         Cap        Slew       Delay        Time   Description
---------------------------------------------------------------------------------------------
                      0.150000    0.000000    0.000000   clock clk (rise edge)
                                  0.000000    0.000000   clock network delay (ideal)
                      0.150000    0.000000    0.000000 ^ u_mac_2.temp_res[16]$_SDFF_PP0_/CLK (sg13g2_dfrbpq_1)
     3    0.008762    0.036797    0.228374    0.228374 v u_mac_2.temp_res[16]$_SDFF_PP0_/Q (sg13g2_dfrbpq_1)
                                                         u_mac_2.temp_res[16] (net)
                      0.036797    0.000000    0.228374 v _5420_/A (sg13g2_inv_1)
     1    0.002986    0.024213    0.031244    0.259617 ^ _5420_/Y (sg13g2_inv_1)
                                                         _2435_ (net)
                      0.024213    0.000000    0.259617 ^ _4545_/A1 (sg13g2_a21oi_1)
     1    0.001430    0.016932    0.043421    0.303038 v _4545_/Y (sg13g2_a21oi_1)
                                                         _0329_ (net)
                      0.016932    0.000000    0.303038 v u_mac_2.temp_res[16]$_SDFF_PP0_/D (sg13g2_dfrbpq_1)
                                              0.303038   data arrival time

                      0.150000    0.000000    0.000000   clock clk (rise edge)
                                  0.000000    0.000000   clock network delay (ideal)
                                  0.250000    0.250000   clock uncertainty
                                  0.000000    0.250000   clock reconvergence pessimism
                                              0.250000 ^ u_mac_2.temp_res[16]$_SDFF_PP0_/CLK (sg13g2_dfrbpq_1)
                                 -0.006279    0.243721   library hold time
                                              0.243721   data required time
---------------------------------------------------------------------------------------------
                                              0.243721   data required time
                                             -0.303038   data arrival time
---------------------------------------------------------------------------------------------
                                              0.059317   slack (MET)


Startpoint: u_mac_4.temp_res[0]$_SDFF_PP0_
            (rising edge-triggered flip-flop clocked by clk)
Endpoint: u_mac_4.temp_res[0]$_SDFF_PP0_
          (rising edge-triggered flip-flop clocked by clk)
Path Group: clk
Path Type: min

Fanout         Cap        Slew       Delay        Time   Description
---------------------------------------------------------------------------------------------
                      0.150000    0.000000    0.000000   clock clk (rise edge)
                                  0.000000    0.000000   clock network delay (ideal)
                      0.150000    0.000000    0.000000 ^ u_mac_4.temp_res[0]$_SDFF_PP0_/CLK (sg13g2_dfrbpq_1)
     3    0.008786    0.036867    0.228434    0.228434 v u_mac_4.temp_res[0]$_SDFF_PP0_/Q (sg13g2_dfrbpq_1)
                                                         u_mac_4.temp_res[0] (net)
                      0.036867    0.000000    0.228434 v _5404_/A (sg13g2_inv_1)
     1    0.002986    0.024227    0.031263    0.259697 ^ _5404_/Y (sg13g2_inv_1)
                                                         _2419_ (net)
                      0.024227    0.000000    0.259697 ^ _4985_/A1 (sg13g2_a21oi_1)
     1    0.001430    0.017157    0.043426    0.303123 v _4985_/Y (sg13g2_a21oi_1)
                                                         _0358_ (net)
                      0.017157    0.000000    0.303123 v u_mac_4.temp_res[0]$_SDFF_PP0_/D (sg13g2_dfrbpq_1)
                                              0.303123   data arrival time

                      0.150000    0.000000    0.000000   clock clk (rise edge)
                                  0.000000    0.000000   clock network delay (ideal)
                                  0.250000    0.250000   clock uncertainty
                                  0.000000    0.250000   clock reconvergence pessimism
                                              0.250000 ^ u_mac_4.temp_res[0]$_SDFF_PP0_/CLK (sg13g2_dfrbpq_1)
                                 -0.006351    0.243649   library hold time
                                              0.243649   data required time
---------------------------------------------------------------------------------------------
                                              0.243649   data required time
                                             -0.303123   data arrival time
---------------------------------------------------------------------------------------------
                                              0.059474   slack (MET)


Startpoint: u_mac_3.temp_res[0]$_SDFF_PP0_
            (rising edge-triggered flip-flop clocked by clk)
Endpoint: u_mac_3.temp_res[0]$_SDFF_PP0_
          (rising edge-triggered flip-flop clocked by clk)
Path Group: clk
Path Type: min

Fanout         Cap        Slew       Delay        Time   Description
---------------------------------------------------------------------------------------------
                      0.150000    0.000000    0.000000   clock clk (rise edge)
                                  0.000000    0.000000   clock network delay (ideal)
                      0.150000    0.000000    0.000000 ^ u_mac_3.temp_res[0]$_SDFF_PP0_/CLK (sg13g2_dfrbpq_1)
     3    0.008604    0.036344    0.227986    0.227986 v u_mac_3.temp_res[0]$_SDFF_PP0_/Q (sg13g2_dfrbpq_1)
                                                         u_mac_3.temp_res[0] (net)
                      0.036344    0.000000    0.227986 v _4575_/B1 (sg13g2_a21oi_1)
     1    0.003012    0.036448    0.043092    0.271078 ^ _4575_/Y (sg13g2_a21oi_1)
                                                         _1626_ (net)
                      0.036448    0.000000    0.271078 ^ _4578_/A (sg13g2_nor2_1)
     1    0.001430    0.017083    0.032240    0.303318 v _4578_/Y (sg13g2_nor2_1)
                                                         _0340_ (net)
                      0.017083    0.000000    0.303318 v u_mac_3.temp_res[0]$_SDFF_PP0_/D (sg13g2_dfrbpq_1)
                                              0.303318   data arrival time

                      0.150000    0.000000    0.000000   clock clk (rise edge)
                                  0.000000    0.000000   clock network delay (ideal)
                                  0.250000    0.250000   clock uncertainty
                                  0.000000    0.250000   clock reconvergence pessimism
                                              0.250000 ^ u_mac_3.temp_res[0]$_SDFF_PP0_/CLK (sg13g2_dfrbpq_1)
                                 -0.006327    0.243673   library hold time
                                              0.243673   data required time
---------------------------------------------------------------------------------------------
                                              0.243673   data required time
                                             -0.303318   data arrival time
---------------------------------------------------------------------------------------------
                                              0.059645   slack (MET)


Startpoint: u_ctrl.res_idx_r[0]$_SDFFE_PP0P_
            (rising edge-triggered flip-flop clocked by clk)
Endpoint: u_ctrl.res_idx_r[0]$_SDFFE_PP0P_
          (rising edge-triggered flip-flop clocked by clk)
Path Group: clk
Path Type: min

Fanout         Cap        Slew       Delay        Time   Description
---------------------------------------------------------------------------------------------
                      0.150000    0.000000    0.000000   clock clk (rise edge)
                                  0.000000    0.000000   clock network delay (ideal)
                      0.150000    0.000000    0.000000 ^ u_ctrl.res_idx_r[0]$_SDFFE_PP0P_/CLK (sg13g2_dfrbpq_1)
     2    0.005328    0.026967    0.219953    0.219953 v u_ctrl.res_idx_r[0]$_SDFFE_PP0P_/Q (sg13g2_dfrbpq_1)
                                                         res_index[0] (net)
                      0.026967    0.000000    0.219953 v _3081_/B (sg13g2_nor2_1)
     1    0.002976    0.044893    0.049699    0.269652 ^ _3081_/Y (sg13g2_nor2_1)
                                                         _0433_ (net)
                      0.044893    0.000000    0.269652 ^ _3082_/C (sg13g2_nor3_1)
     1    0.001430    0.019586    0.032900    0.302552 v _3082_/Y (sg13g2_nor3_1)
                                                         _0039_ (net)
                      0.019586    0.000000    0.302552 v u_ctrl.res_idx_r[0]$_SDFFE_PP0P_/D (sg13g2_dfrbpq_1)
                                              0.302552   data arrival time

                      0.150000    0.000000    0.000000   clock clk (rise edge)
                                  0.000000    0.000000   clock network delay (ideal)
                                  0.250000    0.250000   clock uncertainty
                                  0.000000    0.250000   clock reconvergence pessimism
                                              0.250000 ^ u_ctrl.res_idx_r[0]$_SDFFE_PP0P_/CLK (sg13g2_dfrbpq_1)
                                 -0.007129    0.242871   library hold time
                                              0.242871   data required time
---------------------------------------------------------------------------------------------
                                              0.242871   data required time
                                             -0.302552   data arrival time
---------------------------------------------------------------------------------------------
                                              0.059680   slack (MET)


Startpoint: u_mac_2.temp_res[0]$_SDFF_PP0_
            (rising edge-triggered flip-flop clocked by clk)
Endpoint: u_mac_2.temp_res[0]$_SDFF_PP0_
          (rising edge-triggered flip-flop clocked by clk)
Path Group: clk
Path Type: min

Fanout         Cap        Slew       Delay        Time   Description
---------------------------------------------------------------------------------------------
                      0.150000    0.000000    0.000000   clock clk (rise edge)
                                  0.000000    0.000000   clock network delay (ideal)
                      0.150000    0.000000    0.000000 ^ u_mac_2.temp_res[0]$_SDFF_PP0_/CLK (sg13g2_dfrbpq_1)
     3    0.008694    0.036602    0.228207    0.228207 v u_mac_2.temp_res[0]$_SDFF_PP0_/Q (sg13g2_dfrbpq_1)
                                                         u_mac_2.temp_res[0] (net)
                      0.036602    0.000000    0.228207 v _4170_/B1 (sg13g2_a21oi_1)
     1    0.003012    0.036500    0.043171    0.271377 ^ _4170_/Y (sg13g2_a21oi_1)
                                                         _1239_ (net)
                      0.036500    0.000000    0.271377 ^ _4173_/A (sg13g2_nor2_1)
     1    0.001430    0.017081    0.032258    0.303635 v _4173_/Y (sg13g2_nor2_1)
                                                         _0322_ (net)
                      0.017081    0.000000    0.303635 v u_mac_2.temp_res[0]$_SDFF_PP0_/D (sg13g2_dfrbpq_1)
                                              0.303635   data arrival time

                      0.150000    0.000000    0.000000   clock clk (rise edge)
                                  0.000000    0.000000   clock network delay (ideal)
                                  0.250000    0.250000   clock uncertainty
                                  0.000000    0.250000   clock reconvergence pessimism
                                              0.250000 ^ u_mac_2.temp_res[0]$_SDFF_PP0_/CLK (sg13g2_dfrbpq_1)
                                 -0.006327    0.243673   library hold time
                                              0.243673   data required time
---------------------------------------------------------------------------------------------
                                              0.243673   data required time
                                             -0.303635   data arrival time
---------------------------------------------------------------------------------------------
                                              0.059962   slack (MET)


Startpoint: u_mac_4.temp_res[17]$_SDFF_PP0_
            (rising edge-triggered flip-flop clocked by clk)
Endpoint: u_mac_4.temp_res[17]$_SDFF_PP0_
          (rising edge-triggered flip-flop clocked by clk)
Path Group: clk
Path Type: min

Fanout         Cap        Slew       Delay        Time   Description
---------------------------------------------------------------------------------------------
                      0.150000    0.000000    0.000000   clock clk (rise edge)
                                  0.000000    0.000000   clock network delay (ideal)
                      0.150000    0.000000    0.000000 ^ u_mac_4.temp_res[17]$_SDFF_PP0_/CLK (sg13g2_dfrbpq_1)
     3    0.008124    0.034972    0.226811    0.226811 v u_mac_4.temp_res[17]$_SDFF_PP0_/Q (sg13g2_dfrbpq_1)
                                                         u_mac_4.temp_res[17] (net)
                      0.034972    0.000000    0.226811 v _5372_/B1 (sg13g2_a21oi_1)
     1    0.003013    0.036170    0.042673    0.269484 ^ _5372_/Y (sg13g2_a21oi_1)
                                                         _2397_ (net)
                      0.036170    0.000000    0.269484 ^ _5374_/B (sg13g2_nor3_1)
     1    0.001430    0.017108    0.034734    0.304218 v _5374_/Y (sg13g2_nor3_1)
                                                         _0366_ (net)
                      0.017108    0.000000    0.304218 v u_mac_4.temp_res[17]$_SDFF_PP0_/D (sg13g2_dfrbpq_1)
                                              0.304218   data arrival time

                      0.150000    0.000000    0.000000   clock clk (rise edge)
                                  0.000000    0.000000   clock network delay (ideal)
                                  0.250000    0.250000   clock uncertainty
                                  0.000000    0.250000   clock reconvergence pessimism
                                              0.250000 ^ u_mac_4.temp_res[17]$_SDFF_PP0_/CLK (sg13g2_dfrbpq_1)
                                 -0.006336    0.243664   library hold time
                                              0.243664   data required time
---------------------------------------------------------------------------------------------
                                              0.243664   data required time
                                             -0.304218   data arrival time
---------------------------------------------------------------------------------------------
                                              0.060553   slack (MET)


Startpoint: u_mac_1.temp_res[17]$_SDFF_PP0_
            (rising edge-triggered flip-flop clocked by clk)
Endpoint: u_mac_1.temp_res[17]$_SDFF_PP0_
          (rising edge-triggered flip-flop clocked by clk)
Path Group: clk
Path Type: min

Fanout         Cap        Slew       Delay        Time   Description
---------------------------------------------------------------------------------------------
                      0.150000    0.000000    0.000000   clock clk (rise edge)
                                  0.000000    0.000000   clock network delay (ideal)
                      0.150000    0.000000    0.000000 ^ u_mac_1.temp_res[17]$_SDFF_PP0_/CLK (sg13g2_dfrbpq_1)
     3    0.008559    0.036216    0.227877    0.227877 v u_mac_1.temp_res[17]$_SDFF_PP0_/Q (sg13g2_dfrbpq_1)
                                                         u_mac_1.temp_res[17] (net)
                      0.036216    0.000000    0.227877 v _4140_/B1 (sg13g2_a21oi_1)
     1    0.003013    0.036425    0.043055    0.270932 ^ _4140_/Y (sg13g2_a21oi_1)
                                                         _1219_ (net)
                      0.036425    0.000000    0.270932 ^ _4142_/B (sg13g2_nor3_1)
     1    0.001430    0.017096    0.034827    0.305759 v _4142_/Y (sg13g2_nor3_1)
                                                         _0312_ (net)
                      0.017096    0.000000    0.305759 v u_mac_1.temp_res[17]$_SDFF_PP0_/D (sg13g2_dfrbpq_1)
                                              0.305759   data arrival time

                      0.150000    0.000000    0.000000   clock clk (rise edge)
                                  0.000000    0.000000   clock network delay (ideal)
                                  0.250000    0.250000   clock uncertainty
                                  0.000000    0.250000   clock reconvergence pessimism
                                              0.250000 ^ u_mac_1.temp_res[17]$_SDFF_PP0_/CLK (sg13g2_dfrbpq_1)
                                 -0.006331    0.243669   library hold time
                                              0.243669   data required time
---------------------------------------------------------------------------------------------
                                              0.243669   data required time
                                             -0.305759   data arrival time
---------------------------------------------------------------------------------------------
                                              0.062090   slack (MET)


Startpoint: u_ctrl.res_idx_r[6]$_SDFFE_PP0P_
            (rising edge-triggered flip-flop clocked by clk)
Endpoint: u_ctrl.res_idx_r[6]$_SDFFE_PP0P_
          (rising edge-triggered flip-flop clocked by clk)
Path Group: clk
Path Type: min

Fanout         Cap        Slew       Delay        Time   Description
---------------------------------------------------------------------------------------------
                      0.150000    0.000000    0.000000   clock clk (rise edge)
                                  0.000000    0.000000   clock network delay (ideal)
                      0.150000    0.000000    0.000000 ^ u_ctrl.res_idx_r[6]$_SDFFE_PP0P_/CLK (sg13g2_dfrbpq_1)
     3    0.008211    0.035220    0.227023    0.227023 v u_ctrl.res_idx_r[6]$_SDFFE_PP0P_/Q (sg13g2_dfrbpq_1)
                                                         res_index[6] (net)
                      0.035220    0.000000    0.227023 v _3097_/B1 (sg13g2_a21oi_1)
     1    0.003013    0.036221    0.042749    0.269772 ^ _3097_/Y (sg13g2_a21oi_1)
                                                         _0443_ (net)
                      0.036221    0.000000    0.269772 ^ _3099_/B (sg13g2_nor3_1)
     1    0.001430    0.021068    0.034753    0.304525 v _3099_/Y (sg13g2_nor3_1)
                                                         _0045_ (net)
                      0.021068    0.000000    0.304525 v u_ctrl.res_idx_r[6]$_SDFFE_PP0P_/D (sg13g2_dfrbpq_1)
                                              0.304525   data arrival time

                      0.150000    0.000000    0.000000   clock clk (rise edge)
                                  0.000000    0.000000   clock network delay (ideal)
                                  0.250000    0.250000   clock uncertainty
                                  0.000000    0.250000   clock reconvergence pessimism
                                              0.250000 ^ u_ctrl.res_idx_r[6]$_SDFFE_PP0P_/CLK (sg13g2_dfrbpq_1)
                                 -0.007603    0.242397   library hold time
                                              0.242397   data required time
---------------------------------------------------------------------------------------------
                                              0.242397   data required time
                                             -0.304525   data arrival time
---------------------------------------------------------------------------------------------
                                              0.062127   slack (MET)


Startpoint: u_ctrl.state[0]$_DFF_P_
            (rising edge-triggered flip-flop clocked by clk)
Endpoint: u_ctrl.state[0]$_DFF_P_
          (rising edge-triggered flip-flop clocked by clk)
Path Group: clk
Path Type: min

Fanout         Cap        Slew       Delay        Time   Description
---------------------------------------------------------------------------------------------
                      0.150000    0.000000    0.000000   clock clk (rise edge)
                                  0.000000    0.000000   clock network delay (ideal)
                      0.150000    0.000000    0.000000 ^ u_ctrl.state[0]$_DFF_P_/CLK (sg13g2_dfrbpq_1)
     3    0.008601    0.036336    0.227979    0.227979 v u_ctrl.state[0]$_DFF_P_/Q (sg13g2_dfrbpq_1)
                                                         u_ctrl.state[0] (net)
                      0.036336    0.000000    0.227979 v _5403_/A (sg13g2_inv_1)
     1    0.003528    0.026210    0.032801    0.260780 ^ _5403_/Y (sg13g2_inv_1)
                                                         _2418_ (net)
                      0.026210    0.000000    0.260780 ^ _5443_/A2 (sg13g2_o21ai_1)
     1    0.001430    0.022091    0.043422    0.304202 v _5443_/Y (sg13g2_o21ai_1)
                                                         _0002_ (net)
                      0.022091    0.000000    0.304202 v u_ctrl.state[0]$_DFF_P_/D (sg13g2_dfrbpq_1)
                                              0.304202   data arrival time

                      0.150000    0.000000    0.000000   clock clk (rise edge)
                                  0.000000    0.000000   clock network delay (ideal)
                                  0.250000    0.250000   clock uncertainty
                                  0.000000    0.250000   clock reconvergence pessimism
                                              0.250000 ^ u_ctrl.state[0]$_DFF_P_/CLK (sg13g2_dfrbpq_1)
                                 -0.007931    0.242069   library hold time
                                              0.242069   data required time
---------------------------------------------------------------------------------------------
                                              0.242069   data required time
                                             -0.304202   data arrival time
---------------------------------------------------------------------------------------------
                                              0.062133   slack (MET)


Startpoint: u_input_buffer.mem[27][0]$_DFFE_PP_
            (rising edge-triggered flip-flop clocked by clk)
Endpoint: u_input_buffer.mem[27][0]$_DFFE_PP_
          (rising edge-triggered flip-flop clocked by clk)
Path Group: clk
Path Type: min

Fanout         Cap        Slew       Delay        Time   Description
---------------------------------------------------------------------------------------------
                      0.150000    0.000000    0.000000   clock clk (rise edge)
                                  0.000000    0.000000   clock network delay (ideal)
                      0.150000    0.000000    0.000000 ^ u_input_buffer.mem[27][0]$_DFFE_PP_/CLK (sg13g2_dfrbpq_1)
     2    0.005314    0.026928    0.219919    0.219919 v u_input_buffer.mem[27][0]$_DFFE_PP_/Q (sg13g2_dfrbpq_1)
                                                         u_input_buffer.mem[27][0] (net)
                      0.026928    0.000000    0.219919 v _3452_/A (sg13g2_nor2_1)
     1    0.002949    0.043742    0.055938    0.275857 ^ _3452_/Y (sg13g2_nor2_1)
                                                         _0643_ (net)
                      0.043742    0.000000    0.275857 ^ _3453_/B1 (sg13g2_a21oi_1)
     1    0.001430    0.017635    0.029789    0.305646 v _3453_/Y (sg13g2_a21oi_1)
                                                         _0200_ (net)
                      0.017635    0.000000    0.305646 v u_input_buffer.mem[27][0]$_DFFE_PP_/D (sg13g2_dfrbpq_1)
                                              0.305646   data arrival time

                      0.150000    0.000000    0.000000   clock clk (rise edge)
                                  0.000000    0.000000   clock network delay (ideal)
                                  0.250000    0.250000   clock uncertainty
                                  0.000000    0.250000   clock reconvergence pessimism
                                              0.250000 ^ u_input_buffer.mem[27][0]$_DFFE_PP_/CLK (sg13g2_dfrbpq_1)
                                 -0.006504    0.243496   library hold time
                                              0.243496   data required time
---------------------------------------------------------------------------------------------
                                              0.243496   data required time
                                             -0.305646   data arrival time
---------------------------------------------------------------------------------------------
                                              0.062150   slack (MET)


Startpoint: u_input_buffer.mem[27][1]$_DFFE_PP_
            (rising edge-triggered flip-flop clocked by clk)
Endpoint: u_input_buffer.mem[27][1]$_DFFE_PP_
          (rising edge-triggered flip-flop clocked by clk)
Path Group: clk
Path Type: min

Fanout         Cap        Slew       Delay        Time   Description
---------------------------------------------------------------------------------------------
                      0.150000    0.000000    0.000000   clock clk (rise edge)
                                  0.000000    0.000000   clock network delay (ideal)
                      0.150000    0.000000    0.000000 ^ u_input_buffer.mem[27][1]$_DFFE_PP_/CLK (sg13g2_dfrbpq_1)
     2    0.005314    0.026928    0.219919    0.219919 v u_input_buffer.mem[27][1]$_DFFE_PP_/Q (sg13g2_dfrbpq_1)
                                                         u_input_buffer.mem[27][1] (net)
                      0.026928    0.000000    0.219919 v _3454_/A (sg13g2_nor2_1)
     1    0.002949    0.043742    0.055938    0.275857 ^ _3454_/Y (sg13g2_nor2_1)
                                                         _0644_ (net)
                      0.043742    0.000000    0.275857 ^ _3455_/B1 (sg13g2_a21oi_1)
     1    0.001430    0.017635    0.029789    0.305646 v _3455_/Y (sg13g2_a21oi_1)
                                                         _0201_ (net)
                      0.017635    0.000000    0.305646 v u_input_buffer.mem[27][1]$_DFFE_PP_/D (sg13g2_dfrbpq_1)
                                              0.305646   data arrival time

                      0.150000    0.000000    0.000000   clock clk (rise edge)
                                  0.000000    0.000000   clock network delay (ideal)
                                  0.250000    0.250000   clock uncertainty
                                  0.000000    0.250000   clock reconvergence pessimism
                                              0.250000 ^ u_input_buffer.mem[27][1]$_DFFE_PP_/CLK (sg13g2_dfrbpq_1)
                                 -0.006504    0.243496   library hold time
                                              0.243496   data required time
---------------------------------------------------------------------------------------------
                                              0.243496   data required time
                                             -0.305646   data arrival time
---------------------------------------------------------------------------------------------
                                              0.062150   slack (MET)


Startpoint: u_input_buffer.mem[0][0]$_DFFE_PP_
            (rising edge-triggered flip-flop clocked by clk)
Endpoint: u_input_buffer.mem[0][0]$_DFFE_PP_
          (rising edge-triggered flip-flop clocked by clk)
Path Group: clk
Path Type: min

Fanout         Cap        Slew       Delay        Time   Description
---------------------------------------------------------------------------------------------
                      0.150000    0.000000    0.000000   clock clk (rise edge)
                                  0.000000    0.000000   clock network delay (ideal)
                      0.150000    0.000000    0.000000 ^ u_input_buffer.mem[0][0]$_DFFE_PP_/CLK (sg13g2_dfrbpq_1)
     2    0.005807    0.028338    0.221128    0.221128 v u_input_buffer.mem[0][0]$_DFFE_PP_/Q (sg13g2_dfrbpq_1)
                                                         u_input_buffer.mem[0][0] (net)
                      0.028338    0.000000    0.221128 v _3111_/A (sg13g2_nor2_1)
     1    0.002949    0.043896    0.056378    0.277505 ^ _3111_/Y (sg13g2_nor2_1)
                                                         _0454_ (net)
                      0.043896    0.000000    0.277505 ^ _3112_/B1 (sg13g2_a21oi_1)
     1    0.001430    0.017665    0.029832    0.307338 v _3112_/Y (sg13g2_a21oi_1)
                                                         _0048_ (net)
                      0.017665    0.000000    0.307338 v u_input_buffer.mem[0][0]$_DFFE_PP_/D (sg13g2_dfrbpq_1)
                                              0.307338   data arrival time

                      0.150000    0.000000    0.000000   clock clk (rise edge)
                                  0.000000    0.000000   clock network delay (ideal)
                                  0.250000    0.250000   clock uncertainty
                                  0.000000    0.250000   clock reconvergence pessimism
                                              0.250000 ^ u_input_buffer.mem[0][0]$_DFFE_PP_/CLK (sg13g2_dfrbpq_1)
                                 -0.006514    0.243486   library hold time
                                              0.243486   data required time
---------------------------------------------------------------------------------------------
                                              0.243486   data required time
                                             -0.307338   data arrival time
---------------------------------------------------------------------------------------------
                                              0.063852   slack (MET)


Startpoint: u_input_buffer.mem[0][1]$_DFFE_PP_
            (rising edge-triggered flip-flop clocked by clk)
Endpoint: u_input_buffer.mem[0][1]$_DFFE_PP_
          (rising edge-triggered flip-flop clocked by clk)
Path Group: clk
Path Type: min

Fanout         Cap        Slew       Delay        Time   Description
---------------------------------------------------------------------------------------------
                      0.150000    0.000000    0.000000   clock clk (rise edge)
                                  0.000000    0.000000   clock network delay (ideal)
                      0.150000    0.000000    0.000000 ^ u_input_buffer.mem[0][1]$_DFFE_PP_/CLK (sg13g2_dfrbpq_1)
     2    0.005807    0.028338    0.221128    0.221128 v u_input_buffer.mem[0][1]$_DFFE_PP_/Q (sg13g2_dfrbpq_1)
                                                         u_input_buffer.mem[0][1] (net)
                      0.028338    0.000000    0.221128 v _3114_/A (sg13g2_nor2_1)
     1    0.002949    0.043896    0.056378    0.277505 ^ _3114_/Y (sg13g2_nor2_1)
                                                         _0456_ (net)
                      0.043896    0.000000    0.277505 ^ _3115_/B1 (sg13g2_a21oi_1)
     1    0.001430    0.017665    0.029832    0.307338 v _3115_/Y (sg13g2_a21oi_1)
                                                         _0049_ (net)
                      0.017665    0.000000    0.307338 v u_input_buffer.mem[0][1]$_DFFE_PP_/D (sg13g2_dfrbpq_1)
                                              0.307338   data arrival time

                      0.150000    0.000000    0.000000   clock clk (rise edge)
                                  0.000000    0.000000   clock network delay (ideal)
                                  0.250000    0.250000   clock uncertainty
                                  0.000000    0.250000   clock reconvergence pessimism
                                              0.250000 ^ u_input_buffer.mem[0][1]$_DFFE_PP_/CLK (sg13g2_dfrbpq_1)
                                 -0.006514    0.243486   library hold time
                                              0.243486   data required time
---------------------------------------------------------------------------------------------
                                              0.243486   data required time
                                             -0.307338   data arrival time
---------------------------------------------------------------------------------------------
                                              0.063852   slack (MET)


Startpoint: u_input_buffer.mem[0][2]$_DFFE_PP_
            (rising edge-triggered flip-flop clocked by clk)
Endpoint: u_input_buffer.mem[0][2]$_DFFE_PP_
          (rising edge-triggered flip-flop clocked by clk)
Path Group: clk
Path Type: min

Fanout         Cap        Slew       Delay        Time   Description
---------------------------------------------------------------------------------------------
                      0.150000    0.000000    0.000000   clock clk (rise edge)
                                  0.000000    0.000000   clock network delay (ideal)
                      0.150000    0.000000    0.000000 ^ u_input_buffer.mem[0][2]$_DFFE_PP_/CLK (sg13g2_dfrbpq_1)
     2    0.005807    0.028338    0.221128    0.221128 v u_input_buffer.mem[0][2]$_DFFE_PP_/Q (sg13g2_dfrbpq_1)
                                                         u_input_buffer.mem[0][2] (net)
                      0.028338    0.000000    0.221128 v _3117_/A (sg13g2_nor2_1)
     1    0.002949    0.043896    0.056378    0.277505 ^ _3117_/Y (sg13g2_nor2_1)
                                                         _0458_ (net)
                      0.043896    0.000000    0.277505 ^ _3118_/B1 (sg13g2_a21oi_1)
     1    0.001430    0.017665    0.029832    0.307338 v _3118_/Y (sg13g2_a21oi_1)
                                                         _0050_ (net)
                      0.017665    0.000000    0.307338 v u_input_buffer.mem[0][2]$_DFFE_PP_/D (sg13g2_dfrbpq_1)
                                              0.307338   data arrival time

                      0.150000    0.000000    0.000000   clock clk (rise edge)
                                  0.000000    0.000000   clock network delay (ideal)
                                  0.250000    0.250000   clock uncertainty
                                  0.000000    0.250000   clock reconvergence pessimism
                                              0.250000 ^ u_input_buffer.mem[0][2]$_DFFE_PP_/CLK (sg13g2_dfrbpq_1)
                                 -0.006514    0.243486   library hold time
                                              0.243486   data required time
---------------------------------------------------------------------------------------------
                                              0.243486   data required time
                                             -0.307338   data arrival time
---------------------------------------------------------------------------------------------
                                              0.063852   slack (MET)


Startpoint: u_input_buffer.mem[0][3]$_DFFE_PP_
            (rising edge-triggered flip-flop clocked by clk)
Endpoint: u_input_buffer.mem[0][3]$_DFFE_PP_
          (rising edge-triggered flip-flop clocked by clk)
Path Group: clk
Path Type: min

Fanout         Cap        Slew       Delay        Time   Description
---------------------------------------------------------------------------------------------
                      0.150000    0.000000    0.000000   clock clk (rise edge)
                                  0.000000    0.000000   clock network delay (ideal)
                      0.150000    0.000000    0.000000 ^ u_input_buffer.mem[0][3]$_DFFE_PP_/CLK (sg13g2_dfrbpq_1)
     2    0.005807    0.028338    0.221128    0.221128 v u_input_buffer.mem[0][3]$_DFFE_PP_/Q (sg13g2_dfrbpq_1)
                                                         u_input_buffer.mem[0][3] (net)
                      0.028338    0.000000    0.221128 v _3120_/A (sg13g2_nor2_1)
     1    0.002949    0.043896    0.056378    0.277505 ^ _3120_/Y (sg13g2_nor2_1)
                                                         _0460_ (net)
                      0.043896    0.000000    0.277505 ^ _3121_/B1 (sg13g2_a21oi_1)
     1    0.001430    0.017665    0.029832    0.307338 v _3121_/Y (sg13g2_a21oi_1)
                                                         _0051_ (net)
                      0.017665    0.000000    0.307338 v u_input_buffer.mem[0][3]$_DFFE_PP_/D (sg13g2_dfrbpq_1)
                                              0.307338   data arrival time

                      0.150000    0.000000    0.000000   clock clk (rise edge)
                                  0.000000    0.000000   clock network delay (ideal)
                                  0.250000    0.250000   clock uncertainty
                                  0.000000    0.250000   clock reconvergence pessimism
                                              0.250000 ^ u_input_buffer.mem[0][3]$_DFFE_PP_/CLK (sg13g2_dfrbpq_1)
                                 -0.006514    0.243486   library hold time
                                              0.243486   data required time
---------------------------------------------------------------------------------------------
                                              0.243486   data required time
                                             -0.307338   data arrival time
---------------------------------------------------------------------------------------------
                                              0.063852   slack (MET)


Startpoint: u_input_buffer.mem[0][4]$_DFFE_PP_
            (rising edge-triggered flip-flop clocked by clk)
Endpoint: u_input_buffer.mem[0][4]$_DFFE_PP_
          (rising edge-triggered flip-flop clocked by clk)
Path Group: clk
Path Type: min

Fanout         Cap        Slew       Delay        Time   Description
---------------------------------------------------------------------------------------------
                      0.150000    0.000000    0.000000   clock clk (rise edge)
                                  0.000000    0.000000   clock network delay (ideal)
                      0.150000    0.000000    0.000000 ^ u_input_buffer.mem[0][4]$_DFFE_PP_/CLK (sg13g2_dfrbpq_1)
     2    0.005807    0.028338    0.221128    0.221128 v u_input_buffer.mem[0][4]$_DFFE_PP_/Q (sg13g2_dfrbpq_1)
                                                         u_input_buffer.mem[0][4] (net)
                      0.028338    0.000000    0.221128 v _3123_/A (sg13g2_nor2_1)
     1    0.002949    0.043896    0.056378    0.277505 ^ _3123_/Y (sg13g2_nor2_1)
                                                         _0462_ (net)
                      0.043896    0.000000    0.277505 ^ _3124_/B1 (sg13g2_a21oi_1)
     1    0.001430    0.017665    0.029832    0.307338 v _3124_/Y (sg13g2_a21oi_1)
                                                         _0052_ (net)
                      0.017665    0.000000    0.307338 v u_input_buffer.mem[0][4]$_DFFE_PP_/D (sg13g2_dfrbpq_1)
                                              0.307338   data arrival time

                      0.150000    0.000000    0.000000   clock clk (rise edge)
                                  0.000000    0.000000   clock network delay (ideal)
                                  0.250000    0.250000   clock uncertainty
                                  0.000000    0.250000   clock reconvergence pessimism
                                              0.250000 ^ u_input_buffer.mem[0][4]$_DFFE_PP_/CLK (sg13g2_dfrbpq_1)
                                 -0.006514    0.243486   library hold time
                                              0.243486   data required time
---------------------------------------------------------------------------------------------
                                              0.243486   data required time
                                             -0.307338   data arrival time
---------------------------------------------------------------------------------------------
                                              0.063852   slack (MET)


Startpoint: u_input_buffer.mem[0][5]$_DFFE_PP_
            (rising edge-triggered flip-flop clocked by clk)
Endpoint: u_input_buffer.mem[0][5]$_DFFE_PP_
          (rising edge-triggered flip-flop clocked by clk)
Path Group: clk
Path Type: min

Fanout         Cap        Slew       Delay        Time   Description
---------------------------------------------------------------------------------------------
                      0.150000    0.000000    0.000000   clock clk (rise edge)
                                  0.000000    0.000000   clock network delay (ideal)
                      0.150000    0.000000    0.000000 ^ u_input_buffer.mem[0][5]$_DFFE_PP_/CLK (sg13g2_dfrbpq_1)
     2    0.005807    0.028338    0.221128    0.221128 v u_input_buffer.mem[0][5]$_DFFE_PP_/Q (sg13g2_dfrbpq_1)
                                                         u_input_buffer.mem[0][5] (net)
                      0.028338    0.000000    0.221128 v _3126_/A (sg13g2_nor2_1)
     1    0.002949    0.043896    0.056378    0.277505 ^ _3126_/Y (sg13g2_nor2_1)
                                                         _0464_ (net)
                      0.043896    0.000000    0.277505 ^ _3127_/B1 (sg13g2_a21oi_1)
     1    0.001430    0.017665    0.029832    0.307338 v _3127_/Y (sg13g2_a21oi_1)
                                                         _0053_ (net)
                      0.017665    0.000000    0.307338 v u_input_buffer.mem[0][5]$_DFFE_PP_/D (sg13g2_dfrbpq_1)
                                              0.307338   data arrival time

                      0.150000    0.000000    0.000000   clock clk (rise edge)
                                  0.000000    0.000000   clock network delay (ideal)
                                  0.250000    0.250000   clock uncertainty
                                  0.000000    0.250000   clock reconvergence pessimism
                                              0.250000 ^ u_input_buffer.mem[0][5]$_DFFE_PP_/CLK (sg13g2_dfrbpq_1)
                                 -0.006514    0.243486   library hold time
                                              0.243486   data required time
---------------------------------------------------------------------------------------------
                                              0.243486   data required time
                                             -0.307338   data arrival time
---------------------------------------------------------------------------------------------
                                              0.063852   slack (MET)


Startpoint: u_input_buffer.mem[0][6]$_DFFE_PP_
            (rising edge-triggered flip-flop clocked by clk)
Endpoint: u_input_buffer.mem[0][6]$_DFFE_PP_
          (rising edge-triggered flip-flop clocked by clk)
Path Group: clk
Path Type: min

Fanout         Cap        Slew       Delay        Time   Description
---------------------------------------------------------------------------------------------
                      0.150000    0.000000    0.000000   clock clk (rise edge)
                                  0.000000    0.000000   clock network delay (ideal)
                      0.150000    0.000000    0.000000 ^ u_input_buffer.mem[0][6]$_DFFE_PP_/CLK (sg13g2_dfrbpq_1)
     2    0.005807    0.028338    0.221128    0.221128 v u_input_buffer.mem[0][6]$_DFFE_PP_/Q (sg13g2_dfrbpq_1)
                                                         u_input_buffer.mem[0][6] (net)
                      0.028338    0.000000    0.221128 v _3129_/A (sg13g2_nor2_1)
     1    0.002949    0.043896    0.056378    0.277505 ^ _3129_/Y (sg13g2_nor2_1)
                                                         _0466_ (net)
                      0.043896    0.000000    0.277505 ^ _3130_/B1 (sg13g2_a21oi_1)
     1    0.001430    0.017665    0.029832    0.307338 v _3130_/Y (sg13g2_a21oi_1)
                                                         _0054_ (net)
                      0.017665    0.000000    0.307338 v u_input_buffer.mem[0][6]$_DFFE_PP_/D (sg13g2_dfrbpq_1)
                                              0.307338   data arrival time

                      0.150000    0.000000    0.000000   clock clk (rise edge)
                                  0.000000    0.000000   clock network delay (ideal)
                                  0.250000    0.250000   clock uncertainty
                                  0.000000    0.250000   clock reconvergence pessimism
                                              0.250000 ^ u_input_buffer.mem[0][6]$_DFFE_PP_/CLK (sg13g2_dfrbpq_1)
                                 -0.006514    0.243486   library hold time
                                              0.243486   data required time
---------------------------------------------------------------------------------------------
                                              0.243486   data required time
                                             -0.307338   data arrival time
---------------------------------------------------------------------------------------------
                                              0.063852   slack (MET)


Startpoint: u_input_buffer.mem[0][7]$_DFFE_PP_
            (rising edge-triggered flip-flop clocked by clk)
Endpoint: u_input_buffer.mem[0][7]$_DFFE_PP_
          (rising edge-triggered flip-flop clocked by clk)
Path Group: clk
Path Type: min

Fanout         Cap        Slew       Delay        Time   Description
---------------------------------------------------------------------------------------------
                      0.150000    0.000000    0.000000   clock clk (rise edge)
                                  0.000000    0.000000   clock network delay (ideal)
                      0.150000    0.000000    0.000000 ^ u_input_buffer.mem[0][7]$_DFFE_PP_/CLK (sg13g2_dfrbpq_1)
     2    0.005807    0.028338    0.221128    0.221128 v u_input_buffer.mem[0][7]$_DFFE_PP_/Q (sg13g2_dfrbpq_1)
                                                         u_input_buffer.mem[0][7] (net)
                      0.028338    0.000000    0.221128 v _3132_/A (sg13g2_nor2_1)
     1    0.002949    0.043896    0.056378    0.277505 ^ _3132_/Y (sg13g2_nor2_1)
                                                         _0468_ (net)
                      0.043896    0.000000    0.277505 ^ _3133_/B1 (sg13g2_a21oi_1)
     1    0.001430    0.017665    0.029832    0.307338 v _3133_/Y (sg13g2_a21oi_1)
                                                         _0055_ (net)
                      0.017665    0.000000    0.307338 v u_input_buffer.mem[0][7]$_DFFE_PP_/D (sg13g2_dfrbpq_1)
                                              0.307338   data arrival time

                      0.150000    0.000000    0.000000   clock clk (rise edge)
                                  0.000000    0.000000   clock network delay (ideal)
                                  0.250000    0.250000   clock uncertainty
                                  0.000000    0.250000   clock reconvergence pessimism
                                              0.250000 ^ u_input_buffer.mem[0][7]$_DFFE_PP_/CLK (sg13g2_dfrbpq_1)
                                 -0.006514    0.243486   library hold time
                                              0.243486   data required time
---------------------------------------------------------------------------------------------
                                              0.243486   data required time
                                             -0.307338   data arrival time
---------------------------------------------------------------------------------------------
                                              0.063852   slack (MET)


Startpoint: u_input_buffer.mem[10][0]$_DFFE_PP_
            (rising edge-triggered flip-flop clocked by clk)
Endpoint: u_input_buffer.mem[10][0]$_DFFE_PP_
          (rising edge-triggered flip-flop clocked by clk)
Path Group: clk
Path Type: min

Fanout         Cap        Slew       Delay        Time   Description
---------------------------------------------------------------------------------------------
                      0.150000    0.000000    0.000000   clock clk (rise edge)
                                  0.000000    0.000000   clock network delay (ideal)
                      0.150000    0.000000    0.000000 ^ u_input_buffer.mem[10][0]$_DFFE_PP_/CLK (sg13g2_dfrbpq_1)
     2    0.005807    0.028338    0.221128    0.221128 v u_input_buffer.mem[10][0]$_DFFE_PP_/Q (sg13g2_dfrbpq_1)
                                                         u_input_buffer.mem[10][0] (net)
                      0.028338    0.000000    0.221128 v _3139_/A (sg13g2_nor2_1)
     1    0.002949    0.043896    0.056378    0.277505 ^ _3139_/Y (sg13g2_nor2_1)
                                                         _0474_ (net)
                      0.043896    0.000000    0.277505 ^ _3140_/B1 (sg13g2_a21oi_1)
     1    0.001430    0.017665    0.029832    0.307338 v _3140_/Y (sg13g2_a21oi_1)
                                                         _0056_ (net)
                      0.017665    0.000000    0.307338 v u_input_buffer.mem[10][0]$_DFFE_PP_/D (sg13g2_dfrbpq_1)
                                              0.307338   data arrival time

                      0.150000    0.000000    0.000000   clock clk (rise edge)
                                  0.000000    0.000000   clock network delay (ideal)
                                  0.250000    0.250000   clock uncertainty
                                  0.000000    0.250000   clock reconvergence pessimism
                                              0.250000 ^ u_input_buffer.mem[10][0]$_DFFE_PP_/CLK (sg13g2_dfrbpq_1)
                                 -0.006514    0.243486   library hold time
                                              0.243486   data required time
---------------------------------------------------------------------------------------------
                                              0.243486   data required time
                                             -0.307338   data arrival time
---------------------------------------------------------------------------------------------
                                              0.063852   slack (MET)


Startpoint: u_input_buffer.mem[10][1]$_DFFE_PP_
            (rising edge-triggered flip-flop clocked by clk)
Endpoint: u_input_buffer.mem[10][1]$_DFFE_PP_
          (rising edge-triggered flip-flop clocked by clk)
Path Group: clk
Path Type: min

Fanout         Cap        Slew       Delay        Time   Description
---------------------------------------------------------------------------------------------
                      0.150000    0.000000    0.000000   clock clk (rise edge)
                                  0.000000    0.000000   clock network delay (ideal)
                      0.150000    0.000000    0.000000 ^ u_input_buffer.mem[10][1]$_DFFE_PP_/CLK (sg13g2_dfrbpq_1)
     2    0.005807    0.028338    0.221128    0.221128 v u_input_buffer.mem[10][1]$_DFFE_PP_/Q (sg13g2_dfrbpq_1)
                                                         u_input_buffer.mem[10][1] (net)
                      0.028338    0.000000    0.221128 v _3141_/A (sg13g2_nor2_1)
     1    0.002949    0.043896    0.056378    0.277505 ^ _3141_/Y (sg13g2_nor2_1)
                                                         _0475_ (net)
                      0.043896    0.000000    0.277505 ^ _3142_/B1 (sg13g2_a21oi_1)
     1    0.001430    0.017665    0.029832    0.307338 v _3142_/Y (sg13g2_a21oi_1)
                                                         _0057_ (net)
                      0.017665    0.000000    0.307338 v u_input_buffer.mem[10][1]$_DFFE_PP_/D (sg13g2_dfrbpq_1)
                                              0.307338   data arrival time

                      0.150000    0.000000    0.000000   clock clk (rise edge)
                                  0.000000    0.000000   clock network delay (ideal)
                                  0.250000    0.250000   clock uncertainty
                                  0.000000    0.250000   clock reconvergence pessimism
                                              0.250000 ^ u_input_buffer.mem[10][1]$_DFFE_PP_/CLK (sg13g2_dfrbpq_1)
                                 -0.006514    0.243486   library hold time
                                              0.243486   data required time
---------------------------------------------------------------------------------------------
                                              0.243486   data required time
                                             -0.307338   data arrival time
---------------------------------------------------------------------------------------------
                                              0.063852   slack (MET)


Startpoint: u_input_buffer.mem[10][2]$_DFFE_PP_
            (rising edge-triggered flip-flop clocked by clk)
Endpoint: u_input_buffer.mem[10][2]$_DFFE_PP_
          (rising edge-triggered flip-flop clocked by clk)
Path Group: clk
Path Type: min

Fanout         Cap        Slew       Delay        Time   Description
---------------------------------------------------------------------------------------------
                      0.150000    0.000000    0.000000   clock clk (rise edge)
                                  0.000000    0.000000   clock network delay (ideal)
                      0.150000    0.000000    0.000000 ^ u_input_buffer.mem[10][2]$_DFFE_PP_/CLK (sg13g2_dfrbpq_1)
     2    0.005807    0.028338    0.221128    0.221128 v u_input_buffer.mem[10][2]$_DFFE_PP_/Q (sg13g2_dfrbpq_1)
                                                         u_input_buffer.mem[10][2] (net)
                      0.028338    0.000000    0.221128 v _3143_/A (sg13g2_nor2_1)
     1    0.002949    0.043896    0.056378    0.277505 ^ _3143_/Y (sg13g2_nor2_1)
                                                         _0476_ (net)
                      0.043896    0.000000    0.277505 ^ _3144_/B1 (sg13g2_a21oi_1)
     1    0.001430    0.017665    0.029832    0.307338 v _3144_/Y (sg13g2_a21oi_1)
                                                         _0058_ (net)
                      0.017665    0.000000    0.307338 v u_input_buffer.mem[10][2]$_DFFE_PP_/D (sg13g2_dfrbpq_1)
                                              0.307338   data arrival time

                      0.150000    0.000000    0.000000   clock clk (rise edge)
                                  0.000000    0.000000   clock network delay (ideal)
                                  0.250000    0.250000   clock uncertainty
                                  0.000000    0.250000   clock reconvergence pessimism
                                              0.250000 ^ u_input_buffer.mem[10][2]$_DFFE_PP_/CLK (sg13g2_dfrbpq_1)
                                 -0.006514    0.243486   library hold time
                                              0.243486   data required time
---------------------------------------------------------------------------------------------
                                              0.243486   data required time
                                             -0.307338   data arrival time
---------------------------------------------------------------------------------------------
                                              0.063852   slack (MET)


Startpoint: u_input_buffer.mem[10][3]$_DFFE_PP_
            (rising edge-triggered flip-flop clocked by clk)
Endpoint: u_input_buffer.mem[10][3]$_DFFE_PP_
          (rising edge-triggered flip-flop clocked by clk)
Path Group: clk
Path Type: min

Fanout         Cap        Slew       Delay        Time   Description
---------------------------------------------------------------------------------------------
                      0.150000    0.000000    0.000000   clock clk (rise edge)
                                  0.000000    0.000000   clock network delay (ideal)
                      0.150000    0.000000    0.000000 ^ u_input_buffer.mem[10][3]$_DFFE_PP_/CLK (sg13g2_dfrbpq_1)
     2    0.005807    0.028338    0.221128    0.221128 v u_input_buffer.mem[10][3]$_DFFE_PP_/Q (sg13g2_dfrbpq_1)
                                                         u_input_buffer.mem[10][3] (net)
                      0.028338    0.000000    0.221128 v _3145_/A (sg13g2_nor2_1)
     1    0.002949    0.043896    0.056378    0.277505 ^ _3145_/Y (sg13g2_nor2_1)
                                                         _0477_ (net)
                      0.043896    0.000000    0.277505 ^ _3146_/B1 (sg13g2_a21oi_1)
     1    0.001430    0.017665    0.029832    0.307338 v _3146_/Y (sg13g2_a21oi_1)
                                                         _0059_ (net)
                      0.017665    0.000000    0.307338 v u_input_buffer.mem[10][3]$_DFFE_PP_/D (sg13g2_dfrbpq_1)
                                              0.307338   data arrival time

                      0.150000    0.000000    0.000000   clock clk (rise edge)
                                  0.000000    0.000000   clock network delay (ideal)
                                  0.250000    0.250000   clock uncertainty
                                  0.000000    0.250000   clock reconvergence pessimism
                                              0.250000 ^ u_input_buffer.mem[10][3]$_DFFE_PP_/CLK (sg13g2_dfrbpq_1)
                                 -0.006514    0.243486   library hold time
                                              0.243486   data required time
---------------------------------------------------------------------------------------------
                                              0.243486   data required time
                                             -0.307338   data arrival time
---------------------------------------------------------------------------------------------
                                              0.063852   slack (MET)


Startpoint: u_input_buffer.mem[10][4]$_DFFE_PP_
            (rising edge-triggered flip-flop clocked by clk)
Endpoint: u_input_buffer.mem[10][4]$_DFFE_PP_
          (rising edge-triggered flip-flop clocked by clk)
Path Group: clk
Path Type: min

Fanout         Cap        Slew       Delay        Time   Description
---------------------------------------------------------------------------------------------
                      0.150000    0.000000    0.000000   clock clk (rise edge)
                                  0.000000    0.000000   clock network delay (ideal)
                      0.150000    0.000000    0.000000 ^ u_input_buffer.mem[10][4]$_DFFE_PP_/CLK (sg13g2_dfrbpq_1)
     2    0.005807    0.028338    0.221128    0.221128 v u_input_buffer.mem[10][4]$_DFFE_PP_/Q (sg13g2_dfrbpq_1)
                                                         u_input_buffer.mem[10][4] (net)
                      0.028338    0.000000    0.221128 v _3147_/A (sg13g2_nor2_1)
     1    0.002949    0.043896    0.056378    0.277505 ^ _3147_/Y (sg13g2_nor2_1)
                                                         _0478_ (net)
                      0.043896    0.000000    0.277505 ^ _3148_/B1 (sg13g2_a21oi_1)
     1    0.001430    0.017665    0.029832    0.307338 v _3148_/Y (sg13g2_a21oi_1)
                                                         _0060_ (net)
                      0.017665    0.000000    0.307338 v u_input_buffer.mem[10][4]$_DFFE_PP_/D (sg13g2_dfrbpq_1)
                                              0.307338   data arrival time

                      0.150000    0.000000    0.000000   clock clk (rise edge)
                                  0.000000    0.000000   clock network delay (ideal)
                                  0.250000    0.250000   clock uncertainty
                                  0.000000    0.250000   clock reconvergence pessimism
                                              0.250000 ^ u_input_buffer.mem[10][4]$_DFFE_PP_/CLK (sg13g2_dfrbpq_1)
                                 -0.006514    0.243486   library hold time
                                              0.243486   data required time
---------------------------------------------------------------------------------------------
                                              0.243486   data required time
                                             -0.307338   data arrival time
---------------------------------------------------------------------------------------------
                                              0.063852   slack (MET)


Startpoint: u_input_buffer.mem[10][5]$_DFFE_PP_
            (rising edge-triggered flip-flop clocked by clk)
Endpoint: u_input_buffer.mem[10][5]$_DFFE_PP_
          (rising edge-triggered flip-flop clocked by clk)
Path Group: clk
Path Type: min

Fanout         Cap        Slew       Delay        Time   Description
---------------------------------------------------------------------------------------------
                      0.150000    0.000000    0.000000   clock clk (rise edge)
                                  0.000000    0.000000   clock network delay (ideal)
                      0.150000    0.000000    0.000000 ^ u_input_buffer.mem[10][5]$_DFFE_PP_/CLK (sg13g2_dfrbpq_1)
     2    0.005807    0.028338    0.221128    0.221128 v u_input_buffer.mem[10][5]$_DFFE_PP_/Q (sg13g2_dfrbpq_1)
                                                         u_input_buffer.mem[10][5] (net)
                      0.028338    0.000000    0.221128 v _3149_/A (sg13g2_nor2_1)
     1    0.002949    0.043896    0.056378    0.277505 ^ _3149_/Y (sg13g2_nor2_1)
                                                         _0479_ (net)
                      0.043896    0.000000    0.277505 ^ _3150_/B1 (sg13g2_a21oi_1)
     1    0.001430    0.017665    0.029832    0.307338 v _3150_/Y (sg13g2_a21oi_1)
                                                         _0061_ (net)
                      0.017665    0.000000    0.307338 v u_input_buffer.mem[10][5]$_DFFE_PP_/D (sg13g2_dfrbpq_1)
                                              0.307338   data arrival time

                      0.150000    0.000000    0.000000   clock clk (rise edge)
                                  0.000000    0.000000   clock network delay (ideal)
                                  0.250000    0.250000   clock uncertainty
                                  0.000000    0.250000   clock reconvergence pessimism
                                              0.250000 ^ u_input_buffer.mem[10][5]$_DFFE_PP_/CLK (sg13g2_dfrbpq_1)
                                 -0.006514    0.243486   library hold time
                                              0.243486   data required time
---------------------------------------------------------------------------------------------
                                              0.243486   data required time
                                             -0.307338   data arrival time
---------------------------------------------------------------------------------------------
                                              0.063852   slack (MET)


Startpoint: u_input_buffer.mem[10][6]$_DFFE_PP_
            (rising edge-triggered flip-flop clocked by clk)
Endpoint: u_input_buffer.mem[10][6]$_DFFE_PP_
          (rising edge-triggered flip-flop clocked by clk)
Path Group: clk
Path Type: min

Fanout         Cap        Slew       Delay        Time   Description
---------------------------------------------------------------------------------------------
                      0.150000    0.000000    0.000000   clock clk (rise edge)
                                  0.000000    0.000000   clock network delay (ideal)
                      0.150000    0.000000    0.000000 ^ u_input_buffer.mem[10][6]$_DFFE_PP_/CLK (sg13g2_dfrbpq_1)
     2    0.005807    0.028338    0.221128    0.221128 v u_input_buffer.mem[10][6]$_DFFE_PP_/Q (sg13g2_dfrbpq_1)
                                                         u_input_buffer.mem[10][6] (net)
                      0.028338    0.000000    0.221128 v _3151_/A (sg13g2_nor2_1)
     1    0.002949    0.043896    0.056378    0.277505 ^ _3151_/Y (sg13g2_nor2_1)
                                                         _0480_ (net)
                      0.043896    0.000000    0.277505 ^ _3152_/B1 (sg13g2_a21oi_1)
     1    0.001430    0.017665    0.029832    0.307338 v _3152_/Y (sg13g2_a21oi_1)
                                                         _0062_ (net)
                      0.017665    0.000000    0.307338 v u_input_buffer.mem[10][6]$_DFFE_PP_/D (sg13g2_dfrbpq_1)
                                              0.307338   data arrival time

                      0.150000    0.000000    0.000000   clock clk (rise edge)
                                  0.000000    0.000000   clock network delay (ideal)
                                  0.250000    0.250000   clock uncertainty
                                  0.000000    0.250000   clock reconvergence pessimism
                                              0.250000 ^ u_input_buffer.mem[10][6]$_DFFE_PP_/CLK (sg13g2_dfrbpq_1)
                                 -0.006514    0.243486   library hold time
                                              0.243486   data required time
---------------------------------------------------------------------------------------------
                                              0.243486   data required time
                                             -0.307338   data arrival time
---------------------------------------------------------------------------------------------
                                              0.063852   slack (MET)


Startpoint: u_input_buffer.mem[10][7]$_DFFE_PP_
            (rising edge-triggered flip-flop clocked by clk)
Endpoint: u_input_buffer.mem[10][7]$_DFFE_PP_
          (rising edge-triggered flip-flop clocked by clk)
Path Group: clk
Path Type: min

Fanout         Cap        Slew       Delay        Time   Description
---------------------------------------------------------------------------------------------
                      0.150000    0.000000    0.000000   clock clk (rise edge)
                                  0.000000    0.000000   clock network delay (ideal)
                      0.150000    0.000000    0.000000 ^ u_input_buffer.mem[10][7]$_DFFE_PP_/CLK (sg13g2_dfrbpq_1)
     2    0.005807    0.028338    0.221128    0.221128 v u_input_buffer.mem[10][7]$_DFFE_PP_/Q (sg13g2_dfrbpq_1)
                                                         u_input_buffer.mem[10][7] (net)
                      0.028338    0.000000    0.221128 v _3153_/A (sg13g2_nor2_1)
     1    0.002949    0.043896    0.056378    0.277505 ^ _3153_/Y (sg13g2_nor2_1)
                                                         _0481_ (net)
                      0.043896    0.000000    0.277505 ^ _3154_/B1 (sg13g2_a21oi_1)
     1    0.001430    0.017665    0.029832    0.307338 v _3154_/Y (sg13g2_a21oi_1)
                                                         _0063_ (net)
                      0.017665    0.000000    0.307338 v u_input_buffer.mem[10][7]$_DFFE_PP_/D (sg13g2_dfrbpq_1)
                                              0.307338   data arrival time

                      0.150000    0.000000    0.000000   clock clk (rise edge)
                                  0.000000    0.000000   clock network delay (ideal)
                                  0.250000    0.250000   clock uncertainty
                                  0.000000    0.250000   clock reconvergence pessimism
                                              0.250000 ^ u_input_buffer.mem[10][7]$_DFFE_PP_/CLK (sg13g2_dfrbpq_1)
                                 -0.006514    0.243486   library hold time
                                              0.243486   data required time
---------------------------------------------------------------------------------------------
                                              0.243486   data required time
                                             -0.307338   data arrival time
---------------------------------------------------------------------------------------------
                                              0.063852   slack (MET)


Startpoint: u_input_buffer.mem[11][0]$_DFFE_PP_
            (rising edge-triggered flip-flop clocked by clk)
Endpoint: u_input_buffer.mem[11][0]$_DFFE_PP_
          (rising edge-triggered flip-flop clocked by clk)
Path Group: clk
Path Type: min

Fanout         Cap        Slew       Delay        Time   Description
---------------------------------------------------------------------------------------------
                      0.150000    0.000000    0.000000   clock clk (rise edge)
                                  0.000000    0.000000   clock network delay (ideal)
                      0.150000    0.000000    0.000000 ^ u_input_buffer.mem[11][0]$_DFFE_PP_/CLK (sg13g2_dfrbpq_1)
     2    0.005807    0.028338    0.221128    0.221128 v u_input_buffer.mem[11][0]$_DFFE_PP_/Q (sg13g2_dfrbpq_1)
                                                         u_input_buffer.mem[11][0] (net)
                      0.028338    0.000000    0.221128 v _3157_/A (sg13g2_nor2_1)
     1    0.002949    0.043896    0.056378    0.277505 ^ _3157_/Y (sg13g2_nor2_1)
                                                         _0484_ (net)
                      0.043896    0.000000    0.277505 ^ _3158_/B1 (sg13g2_a21oi_1)
     1    0.001430    0.017665    0.029832    0.307338 v _3158_/Y (sg13g2_a21oi_1)
                                                         _0064_ (net)
                      0.017665    0.000000    0.307338 v u_input_buffer.mem[11][0]$_DFFE_PP_/D (sg13g2_dfrbpq_1)
                                              0.307338   data arrival time

                      0.150000    0.000000    0.000000   clock clk (rise edge)
                                  0.000000    0.000000   clock network delay (ideal)
                                  0.250000    0.250000   clock uncertainty
                                  0.000000    0.250000   clock reconvergence pessimism
                                              0.250000 ^ u_input_buffer.mem[11][0]$_DFFE_PP_/CLK (sg13g2_dfrbpq_1)
                                 -0.006514    0.243486   library hold time
                                              0.243486   data required time
---------------------------------------------------------------------------------------------
                                              0.243486   data required time
                                             -0.307338   data arrival time
---------------------------------------------------------------------------------------------
                                              0.063852   slack (MET)


Startpoint: u_input_buffer.mem[11][1]$_DFFE_PP_
            (rising edge-triggered flip-flop clocked by clk)
Endpoint: u_input_buffer.mem[11][1]$_DFFE_PP_
          (rising edge-triggered flip-flop clocked by clk)
Path Group: clk
Path Type: min

Fanout         Cap        Slew       Delay        Time   Description
---------------------------------------------------------------------------------------------
                      0.150000    0.000000    0.000000   clock clk (rise edge)
                                  0.000000    0.000000   clock network delay (ideal)
                      0.150000    0.000000    0.000000 ^ u_input_buffer.mem[11][1]$_DFFE_PP_/CLK (sg13g2_dfrbpq_1)
     2    0.005807    0.028338    0.221128    0.221128 v u_input_buffer.mem[11][1]$_DFFE_PP_/Q (sg13g2_dfrbpq_1)
                                                         u_input_buffer.mem[11][1] (net)
                      0.028338    0.000000    0.221128 v _3159_/A (sg13g2_nor2_1)
     1    0.002949    0.043896    0.056378    0.277505 ^ _3159_/Y (sg13g2_nor2_1)
                                                         _0485_ (net)
                      0.043896    0.000000    0.277505 ^ _3160_/B1 (sg13g2_a21oi_1)
     1    0.001430    0.017665    0.029832    0.307338 v _3160_/Y (sg13g2_a21oi_1)
                                                         _0065_ (net)
                      0.017665    0.000000    0.307338 v u_input_buffer.mem[11][1]$_DFFE_PP_/D (sg13g2_dfrbpq_1)
                                              0.307338   data arrival time

                      0.150000    0.000000    0.000000   clock clk (rise edge)
                                  0.000000    0.000000   clock network delay (ideal)
                                  0.250000    0.250000   clock uncertainty
                                  0.000000    0.250000   clock reconvergence pessimism
                                              0.250000 ^ u_input_buffer.mem[11][1]$_DFFE_PP_/CLK (sg13g2_dfrbpq_1)
                                 -0.006514    0.243486   library hold time
                                              0.243486   data required time
---------------------------------------------------------------------------------------------
                                              0.243486   data required time
                                             -0.307338   data arrival time
---------------------------------------------------------------------------------------------
                                              0.063852   slack (MET)


Startpoint: u_input_buffer.mem[11][2]$_DFFE_PP_
            (rising edge-triggered flip-flop clocked by clk)
Endpoint: u_input_buffer.mem[11][2]$_DFFE_PP_
          (rising edge-triggered flip-flop clocked by clk)
Path Group: clk
Path Type: min

Fanout         Cap        Slew       Delay        Time   Description
---------------------------------------------------------------------------------------------
                      0.150000    0.000000    0.000000   clock clk (rise edge)
                                  0.000000    0.000000   clock network delay (ideal)
                      0.150000    0.000000    0.000000 ^ u_input_buffer.mem[11][2]$_DFFE_PP_/CLK (sg13g2_dfrbpq_1)
     2    0.005807    0.028338    0.221128    0.221128 v u_input_buffer.mem[11][2]$_DFFE_PP_/Q (sg13g2_dfrbpq_1)
                                                         u_input_buffer.mem[11][2] (net)
                      0.028338    0.000000    0.221128 v _3161_/A (sg13g2_nor2_1)
     1    0.002949    0.043896    0.056378    0.277505 ^ _3161_/Y (sg13g2_nor2_1)
                                                         _0486_ (net)
                      0.043896    0.000000    0.277505 ^ _3162_/B1 (sg13g2_a21oi_1)
     1    0.001430    0.017665    0.029832    0.307338 v _3162_/Y (sg13g2_a21oi_1)
                                                         _0066_ (net)
                      0.017665    0.000000    0.307338 v u_input_buffer.mem[11][2]$_DFFE_PP_/D (sg13g2_dfrbpq_1)
                                              0.307338   data arrival time

                      0.150000    0.000000    0.000000   clock clk (rise edge)
                                  0.000000    0.000000   clock network delay (ideal)
                                  0.250000    0.250000   clock uncertainty
                                  0.000000    0.250000   clock reconvergence pessimism
                                              0.250000 ^ u_input_buffer.mem[11][2]$_DFFE_PP_/CLK (sg13g2_dfrbpq_1)
                                 -0.006514    0.243486   library hold time
                                              0.243486   data required time
---------------------------------------------------------------------------------------------
                                              0.243486   data required time
                                             -0.307338   data arrival time
---------------------------------------------------------------------------------------------
                                              0.063852   slack (MET)


Startpoint: u_input_buffer.mem[11][3]$_DFFE_PP_
            (rising edge-triggered flip-flop clocked by clk)
Endpoint: u_input_buffer.mem[11][3]$_DFFE_PP_
          (rising edge-triggered flip-flop clocked by clk)
Path Group: clk
Path Type: min

Fanout         Cap        Slew       Delay        Time   Description
---------------------------------------------------------------------------------------------
                      0.150000    0.000000    0.000000   clock clk (rise edge)
                                  0.000000    0.000000   clock network delay (ideal)
                      0.150000    0.000000    0.000000 ^ u_input_buffer.mem[11][3]$_DFFE_PP_/CLK (sg13g2_dfrbpq_1)
     2    0.005807    0.028338    0.221128    0.221128 v u_input_buffer.mem[11][3]$_DFFE_PP_/Q (sg13g2_dfrbpq_1)
                                                         u_input_buffer.mem[11][3] (net)
                      0.028338    0.000000    0.221128 v _3163_/A (sg13g2_nor2_1)
     1    0.002949    0.043896    0.056378    0.277505 ^ _3163_/Y (sg13g2_nor2_1)
                                                         _0487_ (net)
                      0.043896    0.000000    0.277505 ^ _3164_/B1 (sg13g2_a21oi_1)
     1    0.001430    0.017665    0.029832    0.307338 v _3164_/Y (sg13g2_a21oi_1)
                                                         _0067_ (net)
                      0.017665    0.000000    0.307338 v u_input_buffer.mem[11][3]$_DFFE_PP_/D (sg13g2_dfrbpq_1)
                                              0.307338   data arrival time

                      0.150000    0.000000    0.000000   clock clk (rise edge)
                                  0.000000    0.000000   clock network delay (ideal)
                                  0.250000    0.250000   clock uncertainty
                                  0.000000    0.250000   clock reconvergence pessimism
                                              0.250000 ^ u_input_buffer.mem[11][3]$_DFFE_PP_/CLK (sg13g2_dfrbpq_1)
                                 -0.006514    0.243486   library hold time
                                              0.243486   data required time
---------------------------------------------------------------------------------------------
                                              0.243486   data required time
                                             -0.307338   data arrival time
---------------------------------------------------------------------------------------------
                                              0.063852   slack (MET)


Startpoint: u_input_buffer.mem[11][4]$_DFFE_PP_
            (rising edge-triggered flip-flop clocked by clk)
Endpoint: u_input_buffer.mem[11][4]$_DFFE_PP_
          (rising edge-triggered flip-flop clocked by clk)
Path Group: clk
Path Type: min

Fanout         Cap        Slew       Delay        Time   Description
---------------------------------------------------------------------------------------------
                      0.150000    0.000000    0.000000   clock clk (rise edge)
                                  0.000000    0.000000   clock network delay (ideal)
                      0.150000    0.000000    0.000000 ^ u_input_buffer.mem[11][4]$_DFFE_PP_/CLK (sg13g2_dfrbpq_1)
     2    0.005807    0.028338    0.221128    0.221128 v u_input_buffer.mem[11][4]$_DFFE_PP_/Q (sg13g2_dfrbpq_1)
                                                         u_input_buffer.mem[11][4] (net)
                      0.028338    0.000000    0.221128 v _3165_/A (sg13g2_nor2_1)
     1    0.002949    0.043896    0.056378    0.277505 ^ _3165_/Y (sg13g2_nor2_1)
                                                         _0488_ (net)
                      0.043896    0.000000    0.277505 ^ _3166_/B1 (sg13g2_a21oi_1)
     1    0.001430    0.017665    0.029832    0.307338 v _3166_/Y (sg13g2_a21oi_1)
                                                         _0068_ (net)
                      0.017665    0.000000    0.307338 v u_input_buffer.mem[11][4]$_DFFE_PP_/D (sg13g2_dfrbpq_1)
                                              0.307338   data arrival time

                      0.150000    0.000000    0.000000   clock clk (rise edge)
                                  0.000000    0.000000   clock network delay (ideal)
                                  0.250000    0.250000   clock uncertainty
                                  0.000000    0.250000   clock reconvergence pessimism
                                              0.250000 ^ u_input_buffer.mem[11][4]$_DFFE_PP_/CLK (sg13g2_dfrbpq_1)
                                 -0.006514    0.243486   library hold time
                                              0.243486   data required time
---------------------------------------------------------------------------------------------
                                              0.243486   data required time
                                             -0.307338   data arrival time
---------------------------------------------------------------------------------------------
                                              0.063852   slack (MET)


Startpoint: u_input_buffer.mem[11][7]$_DFFE_PP_
            (rising edge-triggered flip-flop clocked by clk)
Endpoint: u_input_buffer.mem[11][7]$_DFFE_PP_
          (rising edge-triggered flip-flop clocked by clk)
Path Group: clk
Path Type: min

Fanout         Cap        Slew       Delay        Time   Description
---------------------------------------------------------------------------------------------
                      0.150000    0.000000    0.000000   clock clk (rise edge)
                                  0.000000    0.000000   clock network delay (ideal)
                      0.150000    0.000000    0.000000 ^ u_input_buffer.mem[11][7]$_DFFE_PP_/CLK (sg13g2_dfrbpq_1)
     2    0.005807    0.028338    0.221128    0.221128 v u_input_buffer.mem[11][7]$_DFFE_PP_/Q (sg13g2_dfrbpq_1)
                                                         u_input_buffer.mem[11][7] (net)
                      0.028338    0.000000    0.221128 v _3171_/A (sg13g2_nor2_1)
     1    0.002949    0.043896    0.056378    0.277505 ^ _3171_/Y (sg13g2_nor2_1)
                                                         _0491_ (net)
                      0.043896    0.000000    0.277505 ^ _3172_/B1 (sg13g2_a21oi_1)
     1    0.001430    0.017665    0.029832    0.307338 v _3172_/Y (sg13g2_a21oi_1)
                                                         _0071_ (net)
                      0.017665    0.000000    0.307338 v u_input_buffer.mem[11][7]$_DFFE_PP_/D (sg13g2_dfrbpq_1)
                                              0.307338   data arrival time

                      0.150000    0.000000    0.000000   clock clk (rise edge)
                                  0.000000    0.000000   clock network delay (ideal)
                                  0.250000    0.250000   clock uncertainty
                                  0.000000    0.250000   clock reconvergence pessimism
                                              0.250000 ^ u_input_buffer.mem[11][7]$_DFFE_PP_/CLK (sg13g2_dfrbpq_1)
                                 -0.006514    0.243486   library hold time
                                              0.243486   data required time
---------------------------------------------------------------------------------------------
                                              0.243486   data required time
                                             -0.307338   data arrival time
---------------------------------------------------------------------------------------------
                                              0.063852   slack (MET)


Startpoint: u_input_buffer.mem[18][0]$_DFFE_PP_
            (rising edge-triggered flip-flop clocked by clk)
Endpoint: u_input_buffer.mem[18][0]$_DFFE_PP_
          (rising edge-triggered flip-flop clocked by clk)
Path Group: clk
Path Type: min

Fanout         Cap        Slew       Delay        Time   Description
---------------------------------------------------------------------------------------------
                      0.150000    0.000000    0.000000   clock clk (rise edge)
                                  0.000000    0.000000   clock network delay (ideal)
                      0.150000    0.000000    0.000000 ^ u_input_buffer.mem[18][0]$_DFFE_PP_/CLK (sg13g2_dfrbpq_1)
     2    0.005807    0.028338    0.221128    0.221128 v u_input_buffer.mem[18][0]$_DFFE_PP_/Q (sg13g2_dfrbpq_1)
                                                         u_input_buffer.mem[18][0] (net)
                      0.028338    0.000000    0.221128 v _3280_/A (sg13g2_nor2_1)
     1    0.002949    0.043896    0.056378    0.277505 ^ _3280_/Y (sg13g2_nor2_1)
                                                         _0551_ (net)
                      0.043896    0.000000    0.277505 ^ _3281_/B1 (sg13g2_a21oi_1)
     1    0.001430    0.017665    0.029832    0.307338 v _3281_/Y (sg13g2_a21oi_1)
                                                         _0120_ (net)
                      0.017665    0.000000    0.307338 v u_input_buffer.mem[18][0]$_DFFE_PP_/D (sg13g2_dfrbpq_1)
                                              0.307338   data arrival time

                      0.150000    0.000000    0.000000   clock clk (rise edge)
                                  0.000000    0.000000   clock network delay (ideal)
                                  0.250000    0.250000   clock uncertainty
                                  0.000000    0.250000   clock reconvergence pessimism
                                              0.250000 ^ u_input_buffer.mem[18][0]$_DFFE_PP_/CLK (sg13g2_dfrbpq_1)
                                 -0.006514    0.243486   library hold time
                                              0.243486   data required time
---------------------------------------------------------------------------------------------
                                              0.243486   data required time
                                             -0.307338   data arrival time
---------------------------------------------------------------------------------------------
                                              0.063852   slack (MET)


Startpoint: u_input_buffer.mem[18][1]$_DFFE_PP_
            (rising edge-triggered flip-flop clocked by clk)
Endpoint: u_input_buffer.mem[18][1]$_DFFE_PP_
          (rising edge-triggered flip-flop clocked by clk)
Path Group: clk
Path Type: min

Fanout         Cap        Slew       Delay        Time   Description
---------------------------------------------------------------------------------------------
                      0.150000    0.000000    0.000000   clock clk (rise edge)
                                  0.000000    0.000000   clock network delay (ideal)
                      0.150000    0.000000    0.000000 ^ u_input_buffer.mem[18][1]$_DFFE_PP_/CLK (sg13g2_dfrbpq_1)
     2    0.005807    0.028338    0.221128    0.221128 v u_input_buffer.mem[18][1]$_DFFE_PP_/Q (sg13g2_dfrbpq_1)
                                                         u_input_buffer.mem[18][1] (net)
                      0.028338    0.000000    0.221128 v _3282_/A (sg13g2_nor2_1)
     1    0.002949    0.043896    0.056378    0.277505 ^ _3282_/Y (sg13g2_nor2_1)
                                                         _0552_ (net)
                      0.043896    0.000000    0.277505 ^ _3283_/B1 (sg13g2_a21oi_1)
     1    0.001430    0.017665    0.029832    0.307338 v _3283_/Y (sg13g2_a21oi_1)
                                                         _0121_ (net)
                      0.017665    0.000000    0.307338 v u_input_buffer.mem[18][1]$_DFFE_PP_/D (sg13g2_dfrbpq_1)
                                              0.307338   data arrival time

                      0.150000    0.000000    0.000000   clock clk (rise edge)
                                  0.000000    0.000000   clock network delay (ideal)
                                  0.250000    0.250000   clock uncertainty
                                  0.000000    0.250000   clock reconvergence pessimism
                                              0.250000 ^ u_input_buffer.mem[18][1]$_DFFE_PP_/CLK (sg13g2_dfrbpq_1)
                                 -0.006514    0.243486   library hold time
                                              0.243486   data required time
---------------------------------------------------------------------------------------------
                                              0.243486   data required time
                                             -0.307338   data arrival time
---------------------------------------------------------------------------------------------
                                              0.063852   slack (MET)


Startpoint: u_input_buffer.mem[18][2]$_DFFE_PP_
            (rising edge-triggered flip-flop clocked by clk)
Endpoint: u_input_buffer.mem[18][2]$_DFFE_PP_
          (rising edge-triggered flip-flop clocked by clk)
Path Group: clk
Path Type: min

Fanout         Cap        Slew       Delay        Time   Description
---------------------------------------------------------------------------------------------
                      0.150000    0.000000    0.000000   clock clk (rise edge)
                                  0.000000    0.000000   clock network delay (ideal)
                      0.150000    0.000000    0.000000 ^ u_input_buffer.mem[18][2]$_DFFE_PP_/CLK (sg13g2_dfrbpq_1)
     2    0.005807    0.028338    0.221128    0.221128 v u_input_buffer.mem[18][2]$_DFFE_PP_/Q (sg13g2_dfrbpq_1)
                                                         u_input_buffer.mem[18][2] (net)
                      0.028338    0.000000    0.221128 v _3284_/A (sg13g2_nor2_1)
     1    0.002949    0.043896    0.056378    0.277505 ^ _3284_/Y (sg13g2_nor2_1)
                                                         _0553_ (net)
                      0.043896    0.000000    0.277505 ^ _3285_/B1 (sg13g2_a21oi_1)
     1    0.001430    0.017665    0.029832    0.307338 v _3285_/Y (sg13g2_a21oi_1)
                                                         _0122_ (net)
                      0.017665    0.000000    0.307338 v u_input_buffer.mem[18][2]$_DFFE_PP_/D (sg13g2_dfrbpq_1)
                                              0.307338   data arrival time

                      0.150000    0.000000    0.000000   clock clk (rise edge)
                                  0.000000    0.000000   clock network delay (ideal)
                                  0.250000    0.250000   clock uncertainty
                                  0.000000    0.250000   clock reconvergence pessimism
                                              0.250000 ^ u_input_buffer.mem[18][2]$_DFFE_PP_/CLK (sg13g2_dfrbpq_1)
                                 -0.006514    0.243486   library hold time
                                              0.243486   data required time
---------------------------------------------------------------------------------------------
                                              0.243486   data required time
                                             -0.307338   data arrival time
---------------------------------------------------------------------------------------------
                                              0.063852   slack (MET)


Startpoint: u_input_buffer.mem[18][3]$_DFFE_PP_
            (rising edge-triggered flip-flop clocked by clk)
Endpoint: u_input_buffer.mem[18][3]$_DFFE_PP_
          (rising edge-triggered flip-flop clocked by clk)
Path Group: clk
Path Type: min

Fanout         Cap        Slew       Delay        Time   Description
---------------------------------------------------------------------------------------------
                      0.150000    0.000000    0.000000   clock clk (rise edge)
                                  0.000000    0.000000   clock network delay (ideal)
                      0.150000    0.000000    0.000000 ^ u_input_buffer.mem[18][3]$_DFFE_PP_/CLK (sg13g2_dfrbpq_1)
     2    0.005807    0.028338    0.221128    0.221128 v u_input_buffer.mem[18][3]$_DFFE_PP_/Q (sg13g2_dfrbpq_1)
                                                         u_input_buffer.mem[18][3] (net)
                      0.028338    0.000000    0.221128 v _3286_/A (sg13g2_nor2_1)
     1    0.002949    0.043896    0.056378    0.277505 ^ _3286_/Y (sg13g2_nor2_1)
                                                         _0554_ (net)
                      0.043896    0.000000    0.277505 ^ _3287_/B1 (sg13g2_a21oi_1)
     1    0.001430    0.017665    0.029832    0.307338 v _3287_/Y (sg13g2_a21oi_1)
                                                         _0123_ (net)
                      0.017665    0.000000    0.307338 v u_input_buffer.mem[18][3]$_DFFE_PP_/D (sg13g2_dfrbpq_1)
                                              0.307338   data arrival time

                      0.150000    0.000000    0.000000   clock clk (rise edge)
                                  0.000000    0.000000   clock network delay (ideal)
                                  0.250000    0.250000   clock uncertainty
                                  0.000000    0.250000   clock reconvergence pessimism
                                              0.250000 ^ u_input_buffer.mem[18][3]$_DFFE_PP_/CLK (sg13g2_dfrbpq_1)
                                 -0.006514    0.243486   library hold time
                                              0.243486   data required time
---------------------------------------------------------------------------------------------
                                              0.243486   data required time
                                             -0.307338   data arrival time
---------------------------------------------------------------------------------------------
                                              0.063852   slack (MET)


Startpoint: u_input_buffer.mem[18][4]$_DFFE_PP_
            (rising edge-triggered flip-flop clocked by clk)
Endpoint: u_input_buffer.mem[18][4]$_DFFE_PP_
          (rising edge-triggered flip-flop clocked by clk)
Path Group: clk
Path Type: min

Fanout         Cap        Slew       Delay        Time   Description
---------------------------------------------------------------------------------------------
                      0.150000    0.000000    0.000000   clock clk (rise edge)
                                  0.000000    0.000000   clock network delay (ideal)
                      0.150000    0.000000    0.000000 ^ u_input_buffer.mem[18][4]$_DFFE_PP_/CLK (sg13g2_dfrbpq_1)
     2    0.005807    0.028338    0.221128    0.221128 v u_input_buffer.mem[18][4]$_DFFE_PP_/Q (sg13g2_dfrbpq_1)
                                                         u_input_buffer.mem[18][4] (net)
                      0.028338    0.000000    0.221128 v _3288_/A (sg13g2_nor2_1)
     1    0.002949    0.043896    0.056378    0.277505 ^ _3288_/Y (sg13g2_nor2_1)
                                                         _0555_ (net)
                      0.043896    0.000000    0.277505 ^ _3289_/B1 (sg13g2_a21oi_1)
     1    0.001430    0.017665    0.029832    0.307338 v _3289_/Y (sg13g2_a21oi_1)
                                                         _0124_ (net)
                      0.017665    0.000000    0.307338 v u_input_buffer.mem[18][4]$_DFFE_PP_/D (sg13g2_dfrbpq_1)
                                              0.307338   data arrival time

                      0.150000    0.000000    0.000000   clock clk (rise edge)
                                  0.000000    0.000000   clock network delay (ideal)
                                  0.250000    0.250000   clock uncertainty
                                  0.000000    0.250000   clock reconvergence pessimism
                                              0.250000 ^ u_input_buffer.mem[18][4]$_DFFE_PP_/CLK (sg13g2_dfrbpq_1)
                                 -0.006514    0.243486   library hold time
                                              0.243486   data required time
---------------------------------------------------------------------------------------------
                                              0.243486   data required time
                                             -0.307338   data arrival time
---------------------------------------------------------------------------------------------
                                              0.063852   slack (MET)


Startpoint: u_input_buffer.mem[18][5]$_DFFE_PP_
            (rising edge-triggered flip-flop clocked by clk)
Endpoint: u_input_buffer.mem[18][5]$_DFFE_PP_
          (rising edge-triggered flip-flop clocked by clk)
Path Group: clk
Path Type: min

Fanout         Cap        Slew       Delay        Time   Description
---------------------------------------------------------------------------------------------
                      0.150000    0.000000    0.000000   clock clk (rise edge)
                                  0.000000    0.000000   clock network delay (ideal)
                      0.150000    0.000000    0.000000 ^ u_input_buffer.mem[18][5]$_DFFE_PP_/CLK (sg13g2_dfrbpq_1)
     2    0.005807    0.028338    0.221128    0.221128 v u_input_buffer.mem[18][5]$_DFFE_PP_/Q (sg13g2_dfrbpq_1)
                                                         u_input_buffer.mem[18][5] (net)
                      0.028338    0.000000    0.221128 v _3290_/A (sg13g2_nor2_1)
     1    0.002949    0.043896    0.056378    0.277505 ^ _3290_/Y (sg13g2_nor2_1)
                                                         _0556_ (net)
                      0.043896    0.000000    0.277505 ^ _3291_/B1 (sg13g2_a21oi_1)
     1    0.001430    0.017665    0.029832    0.307338 v _3291_/Y (sg13g2_a21oi_1)
                                                         _0125_ (net)
                      0.017665    0.000000    0.307338 v u_input_buffer.mem[18][5]$_DFFE_PP_/D (sg13g2_dfrbpq_1)
                                              0.307338   data arrival time

                      0.150000    0.000000    0.000000   clock clk (rise edge)
                                  0.000000    0.000000   clock network delay (ideal)
                                  0.250000    0.250000   clock uncertainty
                                  0.000000    0.250000   clock reconvergence pessimism
                                              0.250000 ^ u_input_buffer.mem[18][5]$_DFFE_PP_/CLK (sg13g2_dfrbpq_1)
                                 -0.006514    0.243486   library hold time
                                              0.243486   data required time
---------------------------------------------------------------------------------------------
                                              0.243486   data required time
                                             -0.307338   data arrival time
---------------------------------------------------------------------------------------------
                                              0.063852   slack (MET)


Startpoint: u_input_buffer.mem[18][6]$_DFFE_PP_
            (rising edge-triggered flip-flop clocked by clk)
Endpoint: u_input_buffer.mem[18][6]$_DFFE_PP_
          (rising edge-triggered flip-flop clocked by clk)
Path Group: clk
Path Type: min

Fanout         Cap        Slew       Delay        Time   Description
---------------------------------------------------------------------------------------------
                      0.150000    0.000000    0.000000   clock clk (rise edge)
                                  0.000000    0.000000   clock network delay (ideal)
                      0.150000    0.000000    0.000000 ^ u_input_buffer.mem[18][6]$_DFFE_PP_/CLK (sg13g2_dfrbpq_1)
     2    0.005807    0.028338    0.221128    0.221128 v u_input_buffer.mem[18][6]$_DFFE_PP_/Q (sg13g2_dfrbpq_1)
                                                         u_input_buffer.mem[18][6] (net)
                      0.028338    0.000000    0.221128 v _3292_/A (sg13g2_nor2_1)
     1    0.002949    0.043896    0.056378    0.277505 ^ _3292_/Y (sg13g2_nor2_1)
                                                         _0557_ (net)
                      0.043896    0.000000    0.277505 ^ _3293_/B1 (sg13g2_a21oi_1)
     1    0.001430    0.017665    0.029832    0.307338 v _3293_/Y (sg13g2_a21oi_1)
                                                         _0126_ (net)
                      0.017665    0.000000    0.307338 v u_input_buffer.mem[18][6]$_DFFE_PP_/D (sg13g2_dfrbpq_1)
                                              0.307338   data arrival time

                      0.150000    0.000000    0.000000   clock clk (rise edge)
                                  0.000000    0.000000   clock network delay (ideal)
                                  0.250000    0.250000   clock uncertainty
                                  0.000000    0.250000   clock reconvergence pessimism
                                              0.250000 ^ u_input_buffer.mem[18][6]$_DFFE_PP_/CLK (sg13g2_dfrbpq_1)
                                 -0.006514    0.243486   library hold time
                                              0.243486   data required time
---------------------------------------------------------------------------------------------
                                              0.243486   data required time
                                             -0.307338   data arrival time
---------------------------------------------------------------------------------------------
                                              0.063852   slack (MET)


Startpoint: u_input_buffer.mem[18][7]$_DFFE_PP_
            (rising edge-triggered flip-flop clocked by clk)
Endpoint: u_input_buffer.mem[18][7]$_DFFE_PP_
          (rising edge-triggered flip-flop clocked by clk)
Path Group: clk
Path Type: min

Fanout         Cap        Slew       Delay        Time   Description
---------------------------------------------------------------------------------------------
                      0.150000    0.000000    0.000000   clock clk (rise edge)
                                  0.000000    0.000000   clock network delay (ideal)
                      0.150000    0.000000    0.000000 ^ u_input_buffer.mem[18][7]$_DFFE_PP_/CLK (sg13g2_dfrbpq_1)
     2    0.005807    0.028338    0.221128    0.221128 v u_input_buffer.mem[18][7]$_DFFE_PP_/Q (sg13g2_dfrbpq_1)
                                                         u_input_buffer.mem[18][7] (net)
                      0.028338    0.000000    0.221128 v _3294_/A (sg13g2_nor2_1)
     1    0.002949    0.043896    0.056378    0.277505 ^ _3294_/Y (sg13g2_nor2_1)
                                                         _0558_ (net)
                      0.043896    0.000000    0.277505 ^ _3295_/B1 (sg13g2_a21oi_1)
     1    0.001430    0.017665    0.029832    0.307338 v _3295_/Y (sg13g2_a21oi_1)
                                                         _0127_ (net)
                      0.017665    0.000000    0.307338 v u_input_buffer.mem[18][7]$_DFFE_PP_/D (sg13g2_dfrbpq_1)
                                              0.307338   data arrival time

                      0.150000    0.000000    0.000000   clock clk (rise edge)
                                  0.000000    0.000000   clock network delay (ideal)
                                  0.250000    0.250000   clock uncertainty
                                  0.000000    0.250000   clock reconvergence pessimism
                                              0.250000 ^ u_input_buffer.mem[18][7]$_DFFE_PP_/CLK (sg13g2_dfrbpq_1)
                                 -0.006514    0.243486   library hold time
                                              0.243486   data required time
---------------------------------------------------------------------------------------------
                                              0.243486   data required time
                                             -0.307338   data arrival time
---------------------------------------------------------------------------------------------
                                              0.063852   slack (MET)


Startpoint: u_input_buffer.mem[19][0]$_DFFE_PP_
            (rising edge-triggered flip-flop clocked by clk)
Endpoint: u_input_buffer.mem[19][0]$_DFFE_PP_
          (rising edge-triggered flip-flop clocked by clk)
Path Group: clk
Path Type: min

Fanout         Cap        Slew       Delay        Time   Description
---------------------------------------------------------------------------------------------
                      0.150000    0.000000    0.000000   clock clk (rise edge)
                                  0.000000    0.000000   clock network delay (ideal)
                      0.150000    0.000000    0.000000 ^ u_input_buffer.mem[19][0]$_DFFE_PP_/CLK (sg13g2_dfrbpq_1)
     2    0.005807    0.028338    0.221128    0.221128 v u_input_buffer.mem[19][0]$_DFFE_PP_/Q (sg13g2_dfrbpq_1)
                                                         u_input_buffer.mem[19][0] (net)
                      0.028338    0.000000    0.221128 v _3297_/A (sg13g2_nor2_1)
     1    0.002949    0.043896    0.056378    0.277505 ^ _3297_/Y (sg13g2_nor2_1)
                                                         _0560_ (net)
                      0.043896    0.000000    0.277505 ^ _3298_/B1 (sg13g2_a21oi_1)
     1    0.001430    0.017665    0.029832    0.307338 v _3298_/Y (sg13g2_a21oi_1)
                                                         _0128_ (net)
                      0.017665    0.000000    0.307338 v u_input_buffer.mem[19][0]$_DFFE_PP_/D (sg13g2_dfrbpq_1)
                                              0.307338   data arrival time

                      0.150000    0.000000    0.000000   clock clk (rise edge)
                                  0.000000    0.000000   clock network delay (ideal)
                                  0.250000    0.250000   clock uncertainty
                                  0.000000    0.250000   clock reconvergence pessimism
                                              0.250000 ^ u_input_buffer.mem[19][0]$_DFFE_PP_/CLK (sg13g2_dfrbpq_1)
                                 -0.006514    0.243486   library hold time
                                              0.243486   data required time
---------------------------------------------------------------------------------------------
                                              0.243486   data required time
                                             -0.307338   data arrival time
---------------------------------------------------------------------------------------------
                                              0.063852   slack (MET)


Startpoint: u_input_buffer.mem[19][1]$_DFFE_PP_
            (rising edge-triggered flip-flop clocked by clk)
Endpoint: u_input_buffer.mem[19][1]$_DFFE_PP_
          (rising edge-triggered flip-flop clocked by clk)
Path Group: clk
Path Type: min

Fanout         Cap        Slew       Delay        Time   Description
---------------------------------------------------------------------------------------------
                      0.150000    0.000000    0.000000   clock clk (rise edge)
                                  0.000000    0.000000   clock network delay (ideal)
                      0.150000    0.000000    0.000000 ^ u_input_buffer.mem[19][1]$_DFFE_PP_/CLK (sg13g2_dfrbpq_1)
     2    0.005807    0.028338    0.221128    0.221128 v u_input_buffer.mem[19][1]$_DFFE_PP_/Q (sg13g2_dfrbpq_1)
                                                         u_input_buffer.mem[19][1] (net)
                      0.028338    0.000000    0.221128 v _3299_/A (sg13g2_nor2_1)
     1    0.002949    0.043896    0.056378    0.277505 ^ _3299_/Y (sg13g2_nor2_1)
                                                         _0561_ (net)
                      0.043896    0.000000    0.277505 ^ _3300_/B1 (sg13g2_a21oi_1)
     1    0.001430    0.017665    0.029832    0.307338 v _3300_/Y (sg13g2_a21oi_1)
                                                         _0129_ (net)
                      0.017665    0.000000    0.307338 v u_input_buffer.mem[19][1]$_DFFE_PP_/D (sg13g2_dfrbpq_1)
                                              0.307338   data arrival time

                      0.150000    0.000000    0.000000   clock clk (rise edge)
                                  0.000000    0.000000   clock network delay (ideal)
                                  0.250000    0.250000   clock uncertainty
                                  0.000000    0.250000   clock reconvergence pessimism
                                              0.250000 ^ u_input_buffer.mem[19][1]$_DFFE_PP_/CLK (sg13g2_dfrbpq_1)
                                 -0.006514    0.243486   library hold time
                                              0.243486   data required time
---------------------------------------------------------------------------------------------
                                              0.243486   data required time
                                             -0.307338   data arrival time
---------------------------------------------------------------------------------------------
                                              0.063852   slack (MET)


Startpoint: u_input_buffer.mem[19][2]$_DFFE_PP_
            (rising edge-triggered flip-flop clocked by clk)
Endpoint: u_input_buffer.mem[19][2]$_DFFE_PP_
          (rising edge-triggered flip-flop clocked by clk)
Path Group: clk
Path Type: min

Fanout         Cap        Slew       Delay        Time   Description
---------------------------------------------------------------------------------------------
                      0.150000    0.000000    0.000000   clock clk (rise edge)
                                  0.000000    0.000000   clock network delay (ideal)
                      0.150000    0.000000    0.000000 ^ u_input_buffer.mem[19][2]$_DFFE_PP_/CLK (sg13g2_dfrbpq_1)
     2    0.005807    0.028338    0.221128    0.221128 v u_input_buffer.mem[19][2]$_DFFE_PP_/Q (sg13g2_dfrbpq_1)
                                                         u_input_buffer.mem[19][2] (net)
                      0.028338    0.000000    0.221128 v _3301_/A (sg13g2_nor2_1)
     1    0.002949    0.043896    0.056378    0.277505 ^ _3301_/Y (sg13g2_nor2_1)
                                                         _0562_ (net)
                      0.043896    0.000000    0.277505 ^ _3302_/B1 (sg13g2_a21oi_1)
     1    0.001430    0.017665    0.029832    0.307338 v _3302_/Y (sg13g2_a21oi_1)
                                                         _0130_ (net)
                      0.017665    0.000000    0.307338 v u_input_buffer.mem[19][2]$_DFFE_PP_/D (sg13g2_dfrbpq_1)
                                              0.307338   data arrival time

                      0.150000    0.000000    0.000000   clock clk (rise edge)
                                  0.000000    0.000000   clock network delay (ideal)
                                  0.250000    0.250000   clock uncertainty
                                  0.000000    0.250000   clock reconvergence pessimism
                                              0.250000 ^ u_input_buffer.mem[19][2]$_DFFE_PP_/CLK (sg13g2_dfrbpq_1)
                                 -0.006514    0.243486   library hold time
                                              0.243486   data required time
---------------------------------------------------------------------------------------------
                                              0.243486   data required time
                                             -0.307338   data arrival time
---------------------------------------------------------------------------------------------
                                              0.063852   slack (MET)


Startpoint: u_input_buffer.mem[19][4]$_DFFE_PP_
            (rising edge-triggered flip-flop clocked by clk)
Endpoint: u_input_buffer.mem[19][4]$_DFFE_PP_
          (rising edge-triggered flip-flop clocked by clk)
Path Group: clk
Path Type: min

Fanout         Cap        Slew       Delay        Time   Description
---------------------------------------------------------------------------------------------
                      0.150000    0.000000    0.000000   clock clk (rise edge)
                                  0.000000    0.000000   clock network delay (ideal)
                      0.150000    0.000000    0.000000 ^ u_input_buffer.mem[19][4]$_DFFE_PP_/CLK (sg13g2_dfrbpq_1)
     2    0.005807    0.028338    0.221128    0.221128 v u_input_buffer.mem[19][4]$_DFFE_PP_/Q (sg13g2_dfrbpq_1)
                                                         u_input_buffer.mem[19][4] (net)
                      0.028338    0.000000    0.221128 v _3305_/A (sg13g2_nor2_1)
     1    0.002949    0.043896    0.056378    0.277505 ^ _3305_/Y (sg13g2_nor2_1)
                                                         _0564_ (net)
                      0.043896    0.000000    0.277505 ^ _3306_/B1 (sg13g2_a21oi_1)
     1    0.001430    0.017665    0.029832    0.307338 v _3306_/Y (sg13g2_a21oi_1)
                                                         _0132_ (net)
                      0.017665    0.000000    0.307338 v u_input_buffer.mem[19][4]$_DFFE_PP_/D (sg13g2_dfrbpq_1)
                                              0.307338   data arrival time

                      0.150000    0.000000    0.000000   clock clk (rise edge)
                                  0.000000    0.000000   clock network delay (ideal)
                                  0.250000    0.250000   clock uncertainty
                                  0.000000    0.250000   clock reconvergence pessimism
                                              0.250000 ^ u_input_buffer.mem[19][4]$_DFFE_PP_/CLK (sg13g2_dfrbpq_1)
                                 -0.006514    0.243486   library hold time
                                              0.243486   data required time
---------------------------------------------------------------------------------------------
                                              0.243486   data required time
                                             -0.307338   data arrival time
---------------------------------------------------------------------------------------------
                                              0.063852   slack (MET)


Startpoint: u_input_buffer.mem[19][5]$_DFFE_PP_
            (rising edge-triggered flip-flop clocked by clk)
Endpoint: u_input_buffer.mem[19][5]$_DFFE_PP_
          (rising edge-triggered flip-flop clocked by clk)
Path Group: clk
Path Type: min

Fanout         Cap        Slew       Delay        Time   Description
---------------------------------------------------------------------------------------------
                      0.150000    0.000000    0.000000   clock clk (rise edge)
                                  0.000000    0.000000   clock network delay (ideal)
                      0.150000    0.000000    0.000000 ^ u_input_buffer.mem[19][5]$_DFFE_PP_/CLK (sg13g2_dfrbpq_1)
     2    0.005807    0.028338    0.221128    0.221128 v u_input_buffer.mem[19][5]$_DFFE_PP_/Q (sg13g2_dfrbpq_1)
                                                         u_input_buffer.mem[19][5] (net)
                      0.028338    0.000000    0.221128 v _3307_/A (sg13g2_nor2_1)
     1    0.002949    0.043896    0.056378    0.277505 ^ _3307_/Y (sg13g2_nor2_1)
                                                         _0565_ (net)
                      0.043896    0.000000    0.277505 ^ _3308_/B1 (sg13g2_a21oi_1)
     1    0.001430    0.017665    0.029832    0.307338 v _3308_/Y (sg13g2_a21oi_1)
                                                         _0133_ (net)
                      0.017665    0.000000    0.307338 v u_input_buffer.mem[19][5]$_DFFE_PP_/D (sg13g2_dfrbpq_1)
                                              0.307338   data arrival time

                      0.150000    0.000000    0.000000   clock clk (rise edge)
                                  0.000000    0.000000   clock network delay (ideal)
                                  0.250000    0.250000   clock uncertainty
                                  0.000000    0.250000   clock reconvergence pessimism
                                              0.250000 ^ u_input_buffer.mem[19][5]$_DFFE_PP_/CLK (sg13g2_dfrbpq_1)
                                 -0.006514    0.243486   library hold time
                                              0.243486   data required time
---------------------------------------------------------------------------------------------
                                              0.243486   data required time
                                             -0.307338   data arrival time
---------------------------------------------------------------------------------------------
                                              0.063852   slack (MET)


Startpoint: u_input_buffer.mem[19][6]$_DFFE_PP_
            (rising edge-triggered flip-flop clocked by clk)
Endpoint: u_input_buffer.mem[19][6]$_DFFE_PP_
          (rising edge-triggered flip-flop clocked by clk)
Path Group: clk
Path Type: min

Fanout         Cap        Slew       Delay        Time   Description
---------------------------------------------------------------------------------------------
                      0.150000    0.000000    0.000000   clock clk (rise edge)
                                  0.000000    0.000000   clock network delay (ideal)
                      0.150000    0.000000    0.000000 ^ u_input_buffer.mem[19][6]$_DFFE_PP_/CLK (sg13g2_dfrbpq_1)
     2    0.005807    0.028338    0.221128    0.221128 v u_input_buffer.mem[19][6]$_DFFE_PP_/Q (sg13g2_dfrbpq_1)
                                                         u_input_buffer.mem[19][6] (net)
                      0.028338    0.000000    0.221128 v _3309_/A (sg13g2_nor2_1)
     1    0.002949    0.043896    0.056378    0.277505 ^ _3309_/Y (sg13g2_nor2_1)
                                                         _0566_ (net)
                      0.043896    0.000000    0.277505 ^ _3310_/B1 (sg13g2_a21oi_1)
     1    0.001430    0.017665    0.029832    0.307338 v _3310_/Y (sg13g2_a21oi_1)
                                                         _0134_ (net)
                      0.017665    0.000000    0.307338 v u_input_buffer.mem[19][6]$_DFFE_PP_/D (sg13g2_dfrbpq_1)
                                              0.307338   data arrival time

                      0.150000    0.000000    0.000000   clock clk (rise edge)
                                  0.000000    0.000000   clock network delay (ideal)
                                  0.250000    0.250000   clock uncertainty
                                  0.000000    0.250000   clock reconvergence pessimism
                                              0.250000 ^ u_input_buffer.mem[19][6]$_DFFE_PP_/CLK (sg13g2_dfrbpq_1)
                                 -0.006514    0.243486   library hold time
                                              0.243486   data required time
---------------------------------------------------------------------------------------------
                                              0.243486   data required time
                                             -0.307338   data arrival time
---------------------------------------------------------------------------------------------
                                              0.063852   slack (MET)


Startpoint: u_input_buffer.mem[24][0]$_DFFE_PP_
            (rising edge-triggered flip-flop clocked by clk)
Endpoint: u_input_buffer.mem[24][0]$_DFFE_PP_
          (rising edge-triggered flip-flop clocked by clk)
Path Group: clk
Path Type: min

Fanout         Cap        Slew       Delay        Time   Description
---------------------------------------------------------------------------------------------
                      0.150000    0.000000    0.000000   clock clk (rise edge)
                                  0.000000    0.000000   clock network delay (ideal)
                      0.150000    0.000000    0.000000 ^ u_input_buffer.mem[24][0]$_DFFE_PP_/CLK (sg13g2_dfrbpq_1)
     2    0.005807    0.028338    0.221128    0.221128 v u_input_buffer.mem[24][0]$_DFFE_PP_/Q (sg13g2_dfrbpq_1)
                                                         u_input_buffer.mem[24][0] (net)
                      0.028338    0.000000    0.221128 v _3401_/A (sg13g2_nor2_1)
     1    0.002949    0.043896    0.056378    0.277505 ^ _3401_/Y (sg13g2_nor2_1)
                                                         _0616_ (net)
                      0.043896    0.000000    0.277505 ^ _3402_/B1 (sg13g2_a21oi_1)
     1    0.001430    0.017665    0.029832    0.307338 v _3402_/Y (sg13g2_a21oi_1)
                                                         _0176_ (net)
                      0.017665    0.000000    0.307338 v u_input_buffer.mem[24][0]$_DFFE_PP_/D (sg13g2_dfrbpq_1)
                                              0.307338   data arrival time

                      0.150000    0.000000    0.000000   clock clk (rise edge)
                                  0.000000    0.000000   clock network delay (ideal)
                                  0.250000    0.250000   clock uncertainty
                                  0.000000    0.250000   clock reconvergence pessimism
                                              0.250000 ^ u_input_buffer.mem[24][0]$_DFFE_PP_/CLK (sg13g2_dfrbpq_1)
                                 -0.006514    0.243486   library hold time
                                              0.243486   data required time
---------------------------------------------------------------------------------------------
                                              0.243486   data required time
                                             -0.307338   data arrival time
---------------------------------------------------------------------------------------------
                                              0.063852   slack (MET)


Startpoint: u_input_buffer.mem[24][1]$_DFFE_PP_
            (rising edge-triggered flip-flop clocked by clk)
Endpoint: u_input_buffer.mem[24][1]$_DFFE_PP_
          (rising edge-triggered flip-flop clocked by clk)
Path Group: clk
Path Type: min

Fanout         Cap        Slew       Delay        Time   Description
---------------------------------------------------------------------------------------------
                      0.150000    0.000000    0.000000   clock clk (rise edge)
                                  0.000000    0.000000   clock network delay (ideal)
                      0.150000    0.000000    0.000000 ^ u_input_buffer.mem[24][1]$_DFFE_PP_/CLK (sg13g2_dfrbpq_1)
     2    0.005807    0.028338    0.221128    0.221128 v u_input_buffer.mem[24][1]$_DFFE_PP_/Q (sg13g2_dfrbpq_1)
                                                         u_input_buffer.mem[24][1] (net)
                      0.028338    0.000000    0.221128 v _3403_/A (sg13g2_nor2_1)
     1    0.002949    0.043896    0.056378    0.277505 ^ _3403_/Y (sg13g2_nor2_1)
                                                         _0617_ (net)
                      0.043896    0.000000    0.277505 ^ _3404_/B1 (sg13g2_a21oi_1)
     1    0.001430    0.017665    0.029832    0.307338 v _3404_/Y (sg13g2_a21oi_1)
                                                         _0177_ (net)
                      0.017665    0.000000    0.307338 v u_input_buffer.mem[24][1]$_DFFE_PP_/D (sg13g2_dfrbpq_1)
                                              0.307338   data arrival time

                      0.150000    0.000000    0.000000   clock clk (rise edge)
                                  0.000000    0.000000   clock network delay (ideal)
                                  0.250000    0.250000   clock uncertainty
                                  0.000000    0.250000   clock reconvergence pessimism
                                              0.250000 ^ u_input_buffer.mem[24][1]$_DFFE_PP_/CLK (sg13g2_dfrbpq_1)
                                 -0.006514    0.243486   library hold time
                                              0.243486   data required time
---------------------------------------------------------------------------------------------
                                              0.243486   data required time
                                             -0.307338   data arrival time
---------------------------------------------------------------------------------------------
                                              0.063852   slack (MET)


Startpoint: u_input_buffer.mem[24][2]$_DFFE_PP_
            (rising edge-triggered flip-flop clocked by clk)
Endpoint: u_input_buffer.mem[24][2]$_DFFE_PP_
          (rising edge-triggered flip-flop clocked by clk)
Path Group: clk
Path Type: min

Fanout         Cap        Slew       Delay        Time   Description
---------------------------------------------------------------------------------------------
                      0.150000    0.000000    0.000000   clock clk (rise edge)
                                  0.000000    0.000000   clock network delay (ideal)
                      0.150000    0.000000    0.000000 ^ u_input_buffer.mem[24][2]$_DFFE_PP_/CLK (sg13g2_dfrbpq_1)
     2    0.005807    0.028338    0.221128    0.221128 v u_input_buffer.mem[24][2]$_DFFE_PP_/Q (sg13g2_dfrbpq_1)
                                                         u_input_buffer.mem[24][2] (net)
                      0.028338    0.000000    0.221128 v _3405_/A (sg13g2_nor2_1)
     1    0.002949    0.043896    0.056378    0.277505 ^ _3405_/Y (sg13g2_nor2_1)
                                                         _0618_ (net)
                      0.043896    0.000000    0.277505 ^ _3406_/B1 (sg13g2_a21oi_1)
     1    0.001430    0.017665    0.029832    0.307338 v _3406_/Y (sg13g2_a21oi_1)
                                                         _0178_ (net)
                      0.017665    0.000000    0.307338 v u_input_buffer.mem[24][2]$_DFFE_PP_/D (sg13g2_dfrbpq_1)
                                              0.307338   data arrival time

                      0.150000    0.000000    0.000000   clock clk (rise edge)
                                  0.000000    0.000000   clock network delay (ideal)
                                  0.250000    0.250000   clock uncertainty
                                  0.000000    0.250000   clock reconvergence pessimism
                                              0.250000 ^ u_input_buffer.mem[24][2]$_DFFE_PP_/CLK (sg13g2_dfrbpq_1)
                                 -0.006514    0.243486   library hold time
                                              0.243486   data required time
---------------------------------------------------------------------------------------------
                                              0.243486   data required time
                                             -0.307338   data arrival time
---------------------------------------------------------------------------------------------
                                              0.063852   slack (MET)


Startpoint: u_input_buffer.mem[24][3]$_DFFE_PP_
            (rising edge-triggered flip-flop clocked by clk)
Endpoint: u_input_buffer.mem[24][3]$_DFFE_PP_
          (rising edge-triggered flip-flop clocked by clk)
Path Group: clk
Path Type: min

Fanout         Cap        Slew       Delay        Time   Description
---------------------------------------------------------------------------------------------
                      0.150000    0.000000    0.000000   clock clk (rise edge)
                                  0.000000    0.000000   clock network delay (ideal)
                      0.150000    0.000000    0.000000 ^ u_input_buffer.mem[24][3]$_DFFE_PP_/CLK (sg13g2_dfrbpq_1)
     2    0.005807    0.028338    0.221128    0.221128 v u_input_buffer.mem[24][3]$_DFFE_PP_/Q (sg13g2_dfrbpq_1)
                                                         u_input_buffer.mem[24][3] (net)
                      0.028338    0.000000    0.221128 v _3407_/A (sg13g2_nor2_1)
     1    0.002949    0.043896    0.056378    0.277505 ^ _3407_/Y (sg13g2_nor2_1)
                                                         _0619_ (net)
                      0.043896    0.000000    0.277505 ^ _3408_/B1 (sg13g2_a21oi_1)
     1    0.001430    0.017665    0.029832    0.307338 v _3408_/Y (sg13g2_a21oi_1)
                                                         _0179_ (net)
                      0.017665    0.000000    0.307338 v u_input_buffer.mem[24][3]$_DFFE_PP_/D (sg13g2_dfrbpq_1)
                                              0.307338   data arrival time

                      0.150000    0.000000    0.000000   clock clk (rise edge)
                                  0.000000    0.000000   clock network delay (ideal)
                                  0.250000    0.250000   clock uncertainty
                                  0.000000    0.250000   clock reconvergence pessimism
                                              0.250000 ^ u_input_buffer.mem[24][3]$_DFFE_PP_/CLK (sg13g2_dfrbpq_1)
                                 -0.006514    0.243486   library hold time
                                              0.243486   data required time
---------------------------------------------------------------------------------------------
                                              0.243486   data required time
                                             -0.307338   data arrival time
---------------------------------------------------------------------------------------------
                                              0.063852   slack (MET)


Startpoint: u_input_buffer.mem[24][4]$_DFFE_PP_
            (rising edge-triggered flip-flop clocked by clk)
Endpoint: u_input_buffer.mem[24][4]$_DFFE_PP_
          (rising edge-triggered flip-flop clocked by clk)
Path Group: clk
Path Type: min

Fanout         Cap        Slew       Delay        Time   Description
---------------------------------------------------------------------------------------------
                      0.150000    0.000000    0.000000   clock clk (rise edge)
                                  0.000000    0.000000   clock network delay (ideal)
                      0.150000    0.000000    0.000000 ^ u_input_buffer.mem[24][4]$_DFFE_PP_/CLK (sg13g2_dfrbpq_1)
     2    0.005807    0.028338    0.221128    0.221128 v u_input_buffer.mem[24][4]$_DFFE_PP_/Q (sg13g2_dfrbpq_1)
                                                         u_input_buffer.mem[24][4] (net)
                      0.028338    0.000000    0.221128 v _3409_/A (sg13g2_nor2_1)
     1    0.002949    0.043896    0.056378    0.277505 ^ _3409_/Y (sg13g2_nor2_1)
                                                         _0620_ (net)
                      0.043896    0.000000    0.277505 ^ _3410_/B1 (sg13g2_a21oi_1)
     1    0.001430    0.017665    0.029832    0.307338 v _3410_/Y (sg13g2_a21oi_1)
                                                         _0180_ (net)
                      0.017665    0.000000    0.307338 v u_input_buffer.mem[24][4]$_DFFE_PP_/D (sg13g2_dfrbpq_1)
                                              0.307338   data arrival time

                      0.150000    0.000000    0.000000   clock clk (rise edge)
                                  0.000000    0.000000   clock network delay (ideal)
                                  0.250000    0.250000   clock uncertainty
                                  0.000000    0.250000   clock reconvergence pessimism
                                              0.250000 ^ u_input_buffer.mem[24][4]$_DFFE_PP_/CLK (sg13g2_dfrbpq_1)
                                 -0.006514    0.243486   library hold time
                                              0.243486   data required time
---------------------------------------------------------------------------------------------
                                              0.243486   data required time
                                             -0.307338   data arrival time
---------------------------------------------------------------------------------------------
                                              0.063852   slack (MET)


Startpoint: u_input_buffer.mem[24][5]$_DFFE_PP_
            (rising edge-triggered flip-flop clocked by clk)
Endpoint: u_input_buffer.mem[24][5]$_DFFE_PP_
          (rising edge-triggered flip-flop clocked by clk)
Path Group: clk
Path Type: min

Fanout         Cap        Slew       Delay        Time   Description
---------------------------------------------------------------------------------------------
                      0.150000    0.000000    0.000000   clock clk (rise edge)
                                  0.000000    0.000000   clock network delay (ideal)
                      0.150000    0.000000    0.000000 ^ u_input_buffer.mem[24][5]$_DFFE_PP_/CLK (sg13g2_dfrbpq_1)
     2    0.005807    0.028338    0.221128    0.221128 v u_input_buffer.mem[24][5]$_DFFE_PP_/Q (sg13g2_dfrbpq_1)
                                                         u_input_buffer.mem[24][5] (net)
                      0.028338    0.000000    0.221128 v _3411_/A (sg13g2_nor2_1)
     1    0.002949    0.043896    0.056378    0.277505 ^ _3411_/Y (sg13g2_nor2_1)
                                                         _0621_ (net)
                      0.043896    0.000000    0.277505 ^ _3412_/B1 (sg13g2_a21oi_1)
     1    0.001430    0.017665    0.029832    0.307338 v _3412_/Y (sg13g2_a21oi_1)
                                                         _0181_ (net)
                      0.017665    0.000000    0.307338 v u_input_buffer.mem[24][5]$_DFFE_PP_/D (sg13g2_dfrbpq_1)
                                              0.307338   data arrival time

                      0.150000    0.000000    0.000000   clock clk (rise edge)
                                  0.000000    0.000000   clock network delay (ideal)
                                  0.250000    0.250000   clock uncertainty
                                  0.000000    0.250000   clock reconvergence pessimism
                                              0.250000 ^ u_input_buffer.mem[24][5]$_DFFE_PP_/CLK (sg13g2_dfrbpq_1)
                                 -0.006514    0.243486   library hold time
                                              0.243486   data required time
---------------------------------------------------------------------------------------------
                                              0.243486   data required time
                                             -0.307338   data arrival time
---------------------------------------------------------------------------------------------
                                              0.063852   slack (MET)


Startpoint: u_input_buffer.mem[24][6]$_DFFE_PP_
            (rising edge-triggered flip-flop clocked by clk)
Endpoint: u_input_buffer.mem[24][6]$_DFFE_PP_
          (rising edge-triggered flip-flop clocked by clk)
Path Group: clk
Path Type: min

Fanout         Cap        Slew       Delay        Time   Description
---------------------------------------------------------------------------------------------
                      0.150000    0.000000    0.000000   clock clk (rise edge)
                                  0.000000    0.000000   clock network delay (ideal)
                      0.150000    0.000000    0.000000 ^ u_input_buffer.mem[24][6]$_DFFE_PP_/CLK (sg13g2_dfrbpq_1)
     2    0.005807    0.028338    0.221128    0.221128 v u_input_buffer.mem[24][6]$_DFFE_PP_/Q (sg13g2_dfrbpq_1)
                                                         u_input_buffer.mem[24][6] (net)
                      0.028338    0.000000    0.221128 v _3413_/A (sg13g2_nor2_1)
     1    0.002949    0.043896    0.056378    0.277505 ^ _3413_/Y (sg13g2_nor2_1)
                                                         _0622_ (net)
                      0.043896    0.000000    0.277505 ^ _3414_/B1 (sg13g2_a21oi_1)
     1    0.001430    0.017665    0.029832    0.307338 v _3414_/Y (sg13g2_a21oi_1)
                                                         _0182_ (net)
                      0.017665    0.000000    0.307338 v u_input_buffer.mem[24][6]$_DFFE_PP_/D (sg13g2_dfrbpq_1)
                                              0.307338   data arrival time

                      0.150000    0.000000    0.000000   clock clk (rise edge)
                                  0.000000    0.000000   clock network delay (ideal)
                                  0.250000    0.250000   clock uncertainty
                                  0.000000    0.250000   clock reconvergence pessimism
                                              0.250000 ^ u_input_buffer.mem[24][6]$_DFFE_PP_/CLK (sg13g2_dfrbpq_1)
                                 -0.006514    0.243486   library hold time
                                              0.243486   data required time
---------------------------------------------------------------------------------------------
                                              0.243486   data required time
                                             -0.307338   data arrival time
---------------------------------------------------------------------------------------------
                                              0.063852   slack (MET)


Startpoint: u_input_buffer.mem[24][7]$_DFFE_PP_
            (rising edge-triggered flip-flop clocked by clk)
Endpoint: u_input_buffer.mem[24][7]$_DFFE_PP_
          (rising edge-triggered flip-flop clocked by clk)
Path Group: clk
Path Type: min

Fanout         Cap        Slew       Delay        Time   Description
---------------------------------------------------------------------------------------------
                      0.150000    0.000000    0.000000   clock clk (rise edge)
                                  0.000000    0.000000   clock network delay (ideal)
                      0.150000    0.000000    0.000000 ^ u_input_buffer.mem[24][7]$_DFFE_PP_/CLK (sg13g2_dfrbpq_1)
     2    0.005807    0.028338    0.221128    0.221128 v u_input_buffer.mem[24][7]$_DFFE_PP_/Q (sg13g2_dfrbpq_1)
                                                         u_input_buffer.mem[24][7] (net)
                      0.028338    0.000000    0.221128 v _3415_/A (sg13g2_nor2_1)
     1    0.002949    0.043896    0.056378    0.277505 ^ _3415_/Y (sg13g2_nor2_1)
                                                         _0623_ (net)
                      0.043896    0.000000    0.277505 ^ _3416_/B1 (sg13g2_a21oi_1)
     1    0.001430    0.017665    0.029832    0.307338 v _3416_/Y (sg13g2_a21oi_1)
                                                         _0183_ (net)
                      0.017665    0.000000    0.307338 v u_input_buffer.mem[24][7]$_DFFE_PP_/D (sg13g2_dfrbpq_1)
                                              0.307338   data arrival time

                      0.150000    0.000000    0.000000   clock clk (rise edge)
                                  0.000000    0.000000   clock network delay (ideal)
                                  0.250000    0.250000   clock uncertainty
                                  0.000000    0.250000   clock reconvergence pessimism
                                              0.250000 ^ u_input_buffer.mem[24][7]$_DFFE_PP_/CLK (sg13g2_dfrbpq_1)
                                 -0.006514    0.243486   library hold time
                                              0.243486   data required time
---------------------------------------------------------------------------------------------
                                              0.243486   data required time
                                             -0.307338   data arrival time
---------------------------------------------------------------------------------------------
                                              0.063852   slack (MET)


Startpoint: u_input_buffer.mem[25][0]$_DFFE_PP_
            (rising edge-triggered flip-flop clocked by clk)
Endpoint: u_input_buffer.mem[25][0]$_DFFE_PP_
          (rising edge-triggered flip-flop clocked by clk)
Path Group: clk
Path Type: min

Fanout         Cap        Slew       Delay        Time   Description
---------------------------------------------------------------------------------------------
                      0.150000    0.000000    0.000000   clock clk (rise edge)
                                  0.000000    0.000000   clock network delay (ideal)
                      0.150000    0.000000    0.000000 ^ u_input_buffer.mem[25][0]$_DFFE_PP_/CLK (sg13g2_dfrbpq_1)
     2    0.005807    0.028338    0.221128    0.221128 v u_input_buffer.mem[25][0]$_DFFE_PP_/Q (sg13g2_dfrbpq_1)
                                                         u_input_buffer.mem[25][0] (net)
                      0.028338    0.000000    0.221128 v _3418_/A (sg13g2_nor2_1)
     1    0.002949    0.043896    0.056378    0.277505 ^ _3418_/Y (sg13g2_nor2_1)
                                                         _0625_ (net)
                      0.043896    0.000000    0.277505 ^ _3419_/B1 (sg13g2_a21oi_1)
     1    0.001430    0.017665    0.029832    0.307338 v _3419_/Y (sg13g2_a21oi_1)
                                                         _0184_ (net)
                      0.017665    0.000000    0.307338 v u_input_buffer.mem[25][0]$_DFFE_PP_/D (sg13g2_dfrbpq_1)
                                              0.307338   data arrival time

                      0.150000    0.000000    0.000000   clock clk (rise edge)
                                  0.000000    0.000000   clock network delay (ideal)
                                  0.250000    0.250000   clock uncertainty
                                  0.000000    0.250000   clock reconvergence pessimism
                                              0.250000 ^ u_input_buffer.mem[25][0]$_DFFE_PP_/CLK (sg13g2_dfrbpq_1)
                                 -0.006514    0.243486   library hold time
                                              0.243486   data required time
---------------------------------------------------------------------------------------------
                                              0.243486   data required time
                                             -0.307338   data arrival time
---------------------------------------------------------------------------------------------
                                              0.063852   slack (MET)


Startpoint: u_input_buffer.mem[25][1]$_DFFE_PP_
            (rising edge-triggered flip-flop clocked by clk)
Endpoint: u_input_buffer.mem[25][1]$_DFFE_PP_
          (rising edge-triggered flip-flop clocked by clk)
Path Group: clk
Path Type: min

Fanout         Cap        Slew       Delay        Time   Description
---------------------------------------------------------------------------------------------
                      0.150000    0.000000    0.000000   clock clk (rise edge)
                                  0.000000    0.000000   clock network delay (ideal)
                      0.150000    0.000000    0.000000 ^ u_input_buffer.mem[25][1]$_DFFE_PP_/CLK (sg13g2_dfrbpq_1)
     2    0.005807    0.028338    0.221128    0.221128 v u_input_buffer.mem[25][1]$_DFFE_PP_/Q (sg13g2_dfrbpq_1)
                                                         u_input_buffer.mem[25][1] (net)
                      0.028338    0.000000    0.221128 v _3420_/A (sg13g2_nor2_1)
     1    0.002949    0.043896    0.056378    0.277505 ^ _3420_/Y (sg13g2_nor2_1)
                                                         _0626_ (net)
                      0.043896    0.000000    0.277505 ^ _3421_/B1 (sg13g2_a21oi_1)
     1    0.001430    0.017665    0.029832    0.307338 v _3421_/Y (sg13g2_a21oi_1)
                                                         _0185_ (net)
                      0.017665    0.000000    0.307338 v u_input_buffer.mem[25][1]$_DFFE_PP_/D (sg13g2_dfrbpq_1)
                                              0.307338   data arrival time

                      0.150000    0.000000    0.000000   clock clk (rise edge)
                                  0.000000    0.000000   clock network delay (ideal)
                                  0.250000    0.250000   clock uncertainty
                                  0.000000    0.250000   clock reconvergence pessimism
                                              0.250000 ^ u_input_buffer.mem[25][1]$_DFFE_PP_/CLK (sg13g2_dfrbpq_1)
                                 -0.006514    0.243486   library hold time
                                              0.243486   data required time
---------------------------------------------------------------------------------------------
                                              0.243486   data required time
                                             -0.307338   data arrival time
---------------------------------------------------------------------------------------------
                                              0.063852   slack (MET)


Startpoint: u_input_buffer.mem[25][2]$_DFFE_PP_
            (rising edge-triggered flip-flop clocked by clk)
Endpoint: u_input_buffer.mem[25][2]$_DFFE_PP_
          (rising edge-triggered flip-flop clocked by clk)
Path Group: clk
Path Type: min

Fanout         Cap        Slew       Delay        Time   Description
---------------------------------------------------------------------------------------------
                      0.150000    0.000000    0.000000   clock clk (rise edge)
                                  0.000000    0.000000   clock network delay (ideal)
                      0.150000    0.000000    0.000000 ^ u_input_buffer.mem[25][2]$_DFFE_PP_/CLK (sg13g2_dfrbpq_1)
     2    0.005807    0.028338    0.221128    0.221128 v u_input_buffer.mem[25][2]$_DFFE_PP_/Q (sg13g2_dfrbpq_1)
                                                         u_input_buffer.mem[25][2] (net)
                      0.028338    0.000000    0.221128 v _3422_/A (sg13g2_nor2_1)
     1    0.002949    0.043896    0.056378    0.277505 ^ _3422_/Y (sg13g2_nor2_1)
                                                         _0627_ (net)
                      0.043896    0.000000    0.277505 ^ _3423_/B1 (sg13g2_a21oi_1)
     1    0.001430    0.017665    0.029832    0.307338 v _3423_/Y (sg13g2_a21oi_1)
                                                         _0186_ (net)
                      0.017665    0.000000    0.307338 v u_input_buffer.mem[25][2]$_DFFE_PP_/D (sg13g2_dfrbpq_1)
                                              0.307338   data arrival time

                      0.150000    0.000000    0.000000   clock clk (rise edge)
                                  0.000000    0.000000   clock network delay (ideal)
                                  0.250000    0.250000   clock uncertainty
                                  0.000000    0.250000   clock reconvergence pessimism
                                              0.250000 ^ u_input_buffer.mem[25][2]$_DFFE_PP_/CLK (sg13g2_dfrbpq_1)
                                 -0.006514    0.243486   library hold time
                                              0.243486   data required time
---------------------------------------------------------------------------------------------
                                              0.243486   data required time
                                             -0.307338   data arrival time
---------------------------------------------------------------------------------------------
                                              0.063852   slack (MET)


Startpoint: u_input_buffer.mem[25][3]$_DFFE_PP_
            (rising edge-triggered flip-flop clocked by clk)
Endpoint: u_input_buffer.mem[25][3]$_DFFE_PP_
          (rising edge-triggered flip-flop clocked by clk)
Path Group: clk
Path Type: min

Fanout         Cap        Slew       Delay        Time   Description
---------------------------------------------------------------------------------------------
                      0.150000    0.000000    0.000000   clock clk (rise edge)
                                  0.000000    0.000000   clock network delay (ideal)
                      0.150000    0.000000    0.000000 ^ u_input_buffer.mem[25][3]$_DFFE_PP_/CLK (sg13g2_dfrbpq_1)
     2    0.005807    0.028338    0.221128    0.221128 v u_input_buffer.mem[25][3]$_DFFE_PP_/Q (sg13g2_dfrbpq_1)
                                                         u_input_buffer.mem[25][3] (net)
                      0.028338    0.000000    0.221128 v _3424_/A (sg13g2_nor2_1)
     1    0.002949    0.043896    0.056378    0.277505 ^ _3424_/Y (sg13g2_nor2_1)
                                                         _0628_ (net)
                      0.043896    0.000000    0.277505 ^ _3425_/B1 (sg13g2_a21oi_1)
     1    0.001430    0.017665    0.029832    0.307338 v _3425_/Y (sg13g2_a21oi_1)
                                                         _0187_ (net)
                      0.017665    0.000000    0.307338 v u_input_buffer.mem[25][3]$_DFFE_PP_/D (sg13g2_dfrbpq_1)
                                              0.307338   data arrival time

                      0.150000    0.000000    0.000000   clock clk (rise edge)
                                  0.000000    0.000000   clock network delay (ideal)
                                  0.250000    0.250000   clock uncertainty
                                  0.000000    0.250000   clock reconvergence pessimism
                                              0.250000 ^ u_input_buffer.mem[25][3]$_DFFE_PP_/CLK (sg13g2_dfrbpq_1)
                                 -0.006514    0.243486   library hold time
                                              0.243486   data required time
---------------------------------------------------------------------------------------------
                                              0.243486   data required time
                                             -0.307338   data arrival time
---------------------------------------------------------------------------------------------
                                              0.063852   slack (MET)


Startpoint: u_input_buffer.mem[25][4]$_DFFE_PP_
            (rising edge-triggered flip-flop clocked by clk)
Endpoint: u_input_buffer.mem[25][4]$_DFFE_PP_
          (rising edge-triggered flip-flop clocked by clk)
Path Group: clk
Path Type: min

Fanout         Cap        Slew       Delay        Time   Description
---------------------------------------------------------------------------------------------
                      0.150000    0.000000    0.000000   clock clk (rise edge)
                                  0.000000    0.000000   clock network delay (ideal)
                      0.150000    0.000000    0.000000 ^ u_input_buffer.mem[25][4]$_DFFE_PP_/CLK (sg13g2_dfrbpq_1)
     2    0.005807    0.028338    0.221128    0.221128 v u_input_buffer.mem[25][4]$_DFFE_PP_/Q (sg13g2_dfrbpq_1)
                                                         u_input_buffer.mem[25][4] (net)
                      0.028338    0.000000    0.221128 v _3426_/A (sg13g2_nor2_1)
     1    0.002949    0.043896    0.056378    0.277505 ^ _3426_/Y (sg13g2_nor2_1)
                                                         _0629_ (net)
                      0.043896    0.000000    0.277505 ^ _3427_/B1 (sg13g2_a21oi_1)
     1    0.001430    0.017665    0.029832    0.307338 v _3427_/Y (sg13g2_a21oi_1)
                                                         _0188_ (net)
                      0.017665    0.000000    0.307338 v u_input_buffer.mem[25][4]$_DFFE_PP_/D (sg13g2_dfrbpq_1)
                                              0.307338   data arrival time

                      0.150000    0.000000    0.000000   clock clk (rise edge)
                                  0.000000    0.000000   clock network delay (ideal)
                                  0.250000    0.250000   clock uncertainty
                                  0.000000    0.250000   clock reconvergence pessimism
                                              0.250000 ^ u_input_buffer.mem[25][4]$_DFFE_PP_/CLK (sg13g2_dfrbpq_1)
                                 -0.006514    0.243486   library hold time
                                              0.243486   data required time
---------------------------------------------------------------------------------------------
                                              0.243486   data required time
                                             -0.307338   data arrival time
---------------------------------------------------------------------------------------------
                                              0.063852   slack (MET)


Startpoint: u_input_buffer.mem[25][5]$_DFFE_PP_
            (rising edge-triggered flip-flop clocked by clk)
Endpoint: u_input_buffer.mem[25][5]$_DFFE_PP_
          (rising edge-triggered flip-flop clocked by clk)
Path Group: clk
Path Type: min

Fanout         Cap        Slew       Delay        Time   Description
---------------------------------------------------------------------------------------------
                      0.150000    0.000000    0.000000   clock clk (rise edge)
                                  0.000000    0.000000   clock network delay (ideal)
                      0.150000    0.000000    0.000000 ^ u_input_buffer.mem[25][5]$_DFFE_PP_/CLK (sg13g2_dfrbpq_1)
     2    0.005807    0.028338    0.221128    0.221128 v u_input_buffer.mem[25][5]$_DFFE_PP_/Q (sg13g2_dfrbpq_1)
                                                         u_input_buffer.mem[25][5] (net)
                      0.028338    0.000000    0.221128 v _3428_/A (sg13g2_nor2_1)
     1    0.002949    0.043896    0.056378    0.277505 ^ _3428_/Y (sg13g2_nor2_1)
                                                         _0630_ (net)
                      0.043896    0.000000    0.277505 ^ _3429_/B1 (sg13g2_a21oi_1)
     1    0.001430    0.017665    0.029832    0.307338 v _3429_/Y (sg13g2_a21oi_1)
                                                         _0189_ (net)
                      0.017665    0.000000    0.307338 v u_input_buffer.mem[25][5]$_DFFE_PP_/D (sg13g2_dfrbpq_1)
                                              0.307338   data arrival time

                      0.150000    0.000000    0.000000   clock clk (rise edge)
                                  0.000000    0.000000   clock network delay (ideal)
                                  0.250000    0.250000   clock uncertainty
                                  0.000000    0.250000   clock reconvergence pessimism
                                              0.250000 ^ u_input_buffer.mem[25][5]$_DFFE_PP_/CLK (sg13g2_dfrbpq_1)
                                 -0.006514    0.243486   library hold time
                                              0.243486   data required time
---------------------------------------------------------------------------------------------
                                              0.243486   data required time
                                             -0.307338   data arrival time
---------------------------------------------------------------------------------------------
                                              0.063852   slack (MET)


Startpoint: u_input_buffer.mem[25][6]$_DFFE_PP_
            (rising edge-triggered flip-flop clocked by clk)
Endpoint: u_input_buffer.mem[25][6]$_DFFE_PP_
          (rising edge-triggered flip-flop clocked by clk)
Path Group: clk
Path Type: min

Fanout         Cap        Slew       Delay        Time   Description
---------------------------------------------------------------------------------------------
                      0.150000    0.000000    0.000000   clock clk (rise edge)
                                  0.000000    0.000000   clock network delay (ideal)
                      0.150000    0.000000    0.000000 ^ u_input_buffer.mem[25][6]$_DFFE_PP_/CLK (sg13g2_dfrbpq_1)
     2    0.005807    0.028338    0.221128    0.221128 v u_input_buffer.mem[25][6]$_DFFE_PP_/Q (sg13g2_dfrbpq_1)
                                                         u_input_buffer.mem[25][6] (net)
                      0.028338    0.000000    0.221128 v _3430_/A (sg13g2_nor2_1)
     1    0.002949    0.043896    0.056378    0.277505 ^ _3430_/Y (sg13g2_nor2_1)
                                                         _0631_ (net)
                      0.043896    0.000000    0.277505 ^ _3431_/B1 (sg13g2_a21oi_1)
     1    0.001430    0.017665    0.029832    0.307338 v _3431_/Y (sg13g2_a21oi_1)
                                                         _0190_ (net)
                      0.017665    0.000000    0.307338 v u_input_buffer.mem[25][6]$_DFFE_PP_/D (sg13g2_dfrbpq_1)
                                              0.307338   data arrival time

                      0.150000    0.000000    0.000000   clock clk (rise edge)
                                  0.000000    0.000000   clock network delay (ideal)
                                  0.250000    0.250000   clock uncertainty
                                  0.000000    0.250000   clock reconvergence pessimism
                                              0.250000 ^ u_input_buffer.mem[25][6]$_DFFE_PP_/CLK (sg13g2_dfrbpq_1)
                                 -0.006514    0.243486   library hold time
                                              0.243486   data required time
---------------------------------------------------------------------------------------------
                                              0.243486   data required time
                                             -0.307338   data arrival time
---------------------------------------------------------------------------------------------
                                              0.063852   slack (MET)


Startpoint: u_input_buffer.mem[25][7]$_DFFE_PP_
            (rising edge-triggered flip-flop clocked by clk)
Endpoint: u_input_buffer.mem[25][7]$_DFFE_PP_
          (rising edge-triggered flip-flop clocked by clk)
Path Group: clk
Path Type: min

Fanout         Cap        Slew       Delay        Time   Description
---------------------------------------------------------------------------------------------
                      0.150000    0.000000    0.000000   clock clk (rise edge)
                                  0.000000    0.000000   clock network delay (ideal)
                      0.150000    0.000000    0.000000 ^ u_input_buffer.mem[25][7]$_DFFE_PP_/CLK (sg13g2_dfrbpq_1)
     2    0.005807    0.028338    0.221128    0.221128 v u_input_buffer.mem[25][7]$_DFFE_PP_/Q (sg13g2_dfrbpq_1)
                                                         u_input_buffer.mem[25][7] (net)
                      0.028338    0.000000    0.221128 v _3432_/A (sg13g2_nor2_1)
     1    0.002949    0.043896    0.056378    0.277505 ^ _3432_/Y (sg13g2_nor2_1)
                                                         _0632_ (net)
                      0.043896    0.000000    0.277505 ^ _3433_/B1 (sg13g2_a21oi_1)
     1    0.001430    0.017665    0.029832    0.307338 v _3433_/Y (sg13g2_a21oi_1)
                                                         _0191_ (net)
                      0.017665    0.000000    0.307338 v u_input_buffer.mem[25][7]$_DFFE_PP_/D (sg13g2_dfrbpq_1)
                                              0.307338   data arrival time

                      0.150000    0.000000    0.000000   clock clk (rise edge)
                                  0.000000    0.000000   clock network delay (ideal)
                                  0.250000    0.250000   clock uncertainty
                                  0.000000    0.250000   clock reconvergence pessimism
                                              0.250000 ^ u_input_buffer.mem[25][7]$_DFFE_PP_/CLK (sg13g2_dfrbpq_1)
                                 -0.006514    0.243486   library hold time
                                              0.243486   data required time
---------------------------------------------------------------------------------------------
                                              0.243486   data required time
                                             -0.307338   data arrival time
---------------------------------------------------------------------------------------------
                                              0.063852   slack (MET)


Startpoint: u_input_buffer.mem[26][0]$_DFFE_PP_
            (rising edge-triggered flip-flop clocked by clk)
Endpoint: u_input_buffer.mem[26][0]$_DFFE_PP_
          (rising edge-triggered flip-flop clocked by clk)
Path Group: clk
Path Type: min

Fanout         Cap        Slew       Delay        Time   Description
---------------------------------------------------------------------------------------------
                      0.150000    0.000000    0.000000   clock clk (rise edge)
                                  0.000000    0.000000   clock network delay (ideal)
                      0.150000    0.000000    0.000000 ^ u_input_buffer.mem[26][0]$_DFFE_PP_/CLK (sg13g2_dfrbpq_1)
     2    0.005807    0.028338    0.221128    0.221128 v u_input_buffer.mem[26][0]$_DFFE_PP_/Q (sg13g2_dfrbpq_1)
                                                         u_input_buffer.mem[26][0] (net)
                      0.028338    0.000000    0.221128 v _3435_/A (sg13g2_nor2_1)
     1    0.002949    0.043896    0.056378    0.277505 ^ _3435_/Y (sg13g2_nor2_1)
                                                         _0634_ (net)
                      0.043896    0.000000    0.277505 ^ _3436_/B1 (sg13g2_a21oi_1)
     1    0.001430    0.017665    0.029832    0.307338 v _3436_/Y (sg13g2_a21oi_1)
                                                         _0192_ (net)
                      0.017665    0.000000    0.307338 v u_input_buffer.mem[26][0]$_DFFE_PP_/D (sg13g2_dfrbpq_1)
                                              0.307338   data arrival time

                      0.150000    0.000000    0.000000   clock clk (rise edge)
                                  0.000000    0.000000   clock network delay (ideal)
                                  0.250000    0.250000   clock uncertainty
                                  0.000000    0.250000   clock reconvergence pessimism
                                              0.250000 ^ u_input_buffer.mem[26][0]$_DFFE_PP_/CLK (sg13g2_dfrbpq_1)
                                 -0.006514    0.243486   library hold time
                                              0.243486   data required time
---------------------------------------------------------------------------------------------
                                              0.243486   data required time
                                             -0.307338   data arrival time
---------------------------------------------------------------------------------------------
                                              0.063852   slack (MET)


Startpoint: u_input_buffer.mem[26][1]$_DFFE_PP_
            (rising edge-triggered flip-flop clocked by clk)
Endpoint: u_input_buffer.mem[26][1]$_DFFE_PP_
          (rising edge-triggered flip-flop clocked by clk)
Path Group: clk
Path Type: min

Fanout         Cap        Slew       Delay        Time   Description
---------------------------------------------------------------------------------------------
                      0.150000    0.000000    0.000000   clock clk (rise edge)
                                  0.000000    0.000000   clock network delay (ideal)
                      0.150000    0.000000    0.000000 ^ u_input_buffer.mem[26][1]$_DFFE_PP_/CLK (sg13g2_dfrbpq_1)
     2    0.005807    0.028338    0.221128    0.221128 v u_input_buffer.mem[26][1]$_DFFE_PP_/Q (sg13g2_dfrbpq_1)
                                                         u_input_buffer.mem[26][1] (net)
                      0.028338    0.000000    0.221128 v _3437_/A (sg13g2_nor2_1)
     1    0.002949    0.043896    0.056378    0.277505 ^ _3437_/Y (sg13g2_nor2_1)
                                                         _0635_ (net)
                      0.043896    0.000000    0.277505 ^ _3438_/B1 (sg13g2_a21oi_1)
     1    0.001430    0.017665    0.029832    0.307338 v _3438_/Y (sg13g2_a21oi_1)
                                                         _0193_ (net)
                      0.017665    0.000000    0.307338 v u_input_buffer.mem[26][1]$_DFFE_PP_/D (sg13g2_dfrbpq_1)
                                              0.307338   data arrival time

                      0.150000    0.000000    0.000000   clock clk (rise edge)
                                  0.000000    0.000000   clock network delay (ideal)
                                  0.250000    0.250000   clock uncertainty
                                  0.000000    0.250000   clock reconvergence pessimism
                                              0.250000 ^ u_input_buffer.mem[26][1]$_DFFE_PP_/CLK (sg13g2_dfrbpq_1)
                                 -0.006514    0.243486   library hold time
                                              0.243486   data required time
---------------------------------------------------------------------------------------------
                                              0.243486   data required time
                                             -0.307338   data arrival time
---------------------------------------------------------------------------------------------
                                              0.063852   slack (MET)


Startpoint: u_input_buffer.mem[26][2]$_DFFE_PP_
            (rising edge-triggered flip-flop clocked by clk)
Endpoint: u_input_buffer.mem[26][2]$_DFFE_PP_
          (rising edge-triggered flip-flop clocked by clk)
Path Group: clk
Path Type: min

Fanout         Cap        Slew       Delay        Time   Description
---------------------------------------------------------------------------------------------
                      0.150000    0.000000    0.000000   clock clk (rise edge)
                                  0.000000    0.000000   clock network delay (ideal)
                      0.150000    0.000000    0.000000 ^ u_input_buffer.mem[26][2]$_DFFE_PP_/CLK (sg13g2_dfrbpq_1)
     2    0.005807    0.028338    0.221128    0.221128 v u_input_buffer.mem[26][2]$_DFFE_PP_/Q (sg13g2_dfrbpq_1)
                                                         u_input_buffer.mem[26][2] (net)
                      0.028338    0.000000    0.221128 v _3439_/A (sg13g2_nor2_1)
     1    0.002949    0.043896    0.056378    0.277505 ^ _3439_/Y (sg13g2_nor2_1)
                                                         _0636_ (net)
                      0.043896    0.000000    0.277505 ^ _3440_/B1 (sg13g2_a21oi_1)
     1    0.001430    0.017665    0.029832    0.307338 v _3440_/Y (sg13g2_a21oi_1)
                                                         _0194_ (net)
                      0.017665    0.000000    0.307338 v u_input_buffer.mem[26][2]$_DFFE_PP_/D (sg13g2_dfrbpq_1)
                                              0.307338   data arrival time

                      0.150000    0.000000    0.000000   clock clk (rise edge)
                                  0.000000    0.000000   clock network delay (ideal)
                                  0.250000    0.250000   clock uncertainty
                                  0.000000    0.250000   clock reconvergence pessimism
                                              0.250000 ^ u_input_buffer.mem[26][2]$_DFFE_PP_/CLK (sg13g2_dfrbpq_1)
                                 -0.006514    0.243486   library hold time
                                              0.243486   data required time
---------------------------------------------------------------------------------------------
                                              0.243486   data required time
                                             -0.307338   data arrival time
---------------------------------------------------------------------------------------------
                                              0.063852   slack (MET)


Startpoint: u_input_buffer.mem[26][3]$_DFFE_PP_
            (rising edge-triggered flip-flop clocked by clk)
Endpoint: u_input_buffer.mem[26][3]$_DFFE_PP_
          (rising edge-triggered flip-flop clocked by clk)
Path Group: clk
Path Type: min

Fanout         Cap        Slew       Delay        Time   Description
---------------------------------------------------------------------------------------------
                      0.150000    0.000000    0.000000   clock clk (rise edge)
                                  0.000000    0.000000   clock network delay (ideal)
                      0.150000    0.000000    0.000000 ^ u_input_buffer.mem[26][3]$_DFFE_PP_/CLK (sg13g2_dfrbpq_1)
     2    0.005807    0.028338    0.221128    0.221128 v u_input_buffer.mem[26][3]$_DFFE_PP_/Q (sg13g2_dfrbpq_1)
                                                         u_input_buffer.mem[26][3] (net)
                      0.028338    0.000000    0.221128 v _3441_/A (sg13g2_nor2_1)
     1    0.002949    0.043896    0.056378    0.277505 ^ _3441_/Y (sg13g2_nor2_1)
                                                         _0637_ (net)
                      0.043896    0.000000    0.277505 ^ _3442_/B1 (sg13g2_a21oi_1)
     1    0.001430    0.017665    0.029832    0.307338 v _3442_/Y (sg13g2_a21oi_1)
                                                         _0195_ (net)
                      0.017665    0.000000    0.307338 v u_input_buffer.mem[26][3]$_DFFE_PP_/D (sg13g2_dfrbpq_1)
                                              0.307338   data arrival time

                      0.150000    0.000000    0.000000   clock clk (rise edge)
                                  0.000000    0.000000   clock network delay (ideal)
                                  0.250000    0.250000   clock uncertainty
                                  0.000000    0.250000   clock reconvergence pessimism
                                              0.250000 ^ u_input_buffer.mem[26][3]$_DFFE_PP_/CLK (sg13g2_dfrbpq_1)
                                 -0.006514    0.243486   library hold time
                                              0.243486   data required time
---------------------------------------------------------------------------------------------
                                              0.243486   data required time
                                             -0.307338   data arrival time
---------------------------------------------------------------------------------------------
                                              0.063852   slack (MET)


Startpoint: u_input_buffer.mem[26][4]$_DFFE_PP_
            (rising edge-triggered flip-flop clocked by clk)
Endpoint: u_input_buffer.mem[26][4]$_DFFE_PP_
          (rising edge-triggered flip-flop clocked by clk)
Path Group: clk
Path Type: min

Fanout         Cap        Slew       Delay        Time   Description
---------------------------------------------------------------------------------------------
                      0.150000    0.000000    0.000000   clock clk (rise edge)
                                  0.000000    0.000000   clock network delay (ideal)
                      0.150000    0.000000    0.000000 ^ u_input_buffer.mem[26][4]$_DFFE_PP_/CLK (sg13g2_dfrbpq_1)
     2    0.005807    0.028338    0.221128    0.221128 v u_input_buffer.mem[26][4]$_DFFE_PP_/Q (sg13g2_dfrbpq_1)
                                                         u_input_buffer.mem[26][4] (net)
                      0.028338    0.000000    0.221128 v _3443_/A (sg13g2_nor2_1)
     1    0.002949    0.043896    0.056378    0.277505 ^ _3443_/Y (sg13g2_nor2_1)
                                                         _0638_ (net)
                      0.043896    0.000000    0.277505 ^ _3444_/B1 (sg13g2_a21oi_1)
     1    0.001430    0.017665    0.029832    0.307338 v _3444_/Y (sg13g2_a21oi_1)
                                                         _0196_ (net)
                      0.017665    0.000000    0.307338 v u_input_buffer.mem[26][4]$_DFFE_PP_/D (sg13g2_dfrbpq_1)
                                              0.307338   data arrival time

                      0.150000    0.000000    0.000000   clock clk (rise edge)
                                  0.000000    0.000000   clock network delay (ideal)
                                  0.250000    0.250000   clock uncertainty
                                  0.000000    0.250000   clock reconvergence pessimism
                                              0.250000 ^ u_input_buffer.mem[26][4]$_DFFE_PP_/CLK (sg13g2_dfrbpq_1)
                                 -0.006514    0.243486   library hold time
                                              0.243486   data required time
---------------------------------------------------------------------------------------------
                                              0.243486   data required time
                                             -0.307338   data arrival time
---------------------------------------------------------------------------------------------
                                              0.063852   slack (MET)


Startpoint: u_input_buffer.mem[26][5]$_DFFE_PP_
            (rising edge-triggered flip-flop clocked by clk)
Endpoint: u_input_buffer.mem[26][5]$_DFFE_PP_
          (rising edge-triggered flip-flop clocked by clk)
Path Group: clk
Path Type: min

Fanout         Cap        Slew       Delay        Time   Description
---------------------------------------------------------------------------------------------
                      0.150000    0.000000    0.000000   clock clk (rise edge)
                                  0.000000    0.000000   clock network delay (ideal)
                      0.150000    0.000000    0.000000 ^ u_input_buffer.mem[26][5]$_DFFE_PP_/CLK (sg13g2_dfrbpq_1)
     2    0.005807    0.028338    0.221128    0.221128 v u_input_buffer.mem[26][5]$_DFFE_PP_/Q (sg13g2_dfrbpq_1)
                                                         u_input_buffer.mem[26][5] (net)
                      0.028338    0.000000    0.221128 v _3445_/A (sg13g2_nor2_1)
     1    0.002949    0.043896    0.056378    0.277505 ^ _3445_/Y (sg13g2_nor2_1)
                                                         _0639_ (net)
                      0.043896    0.000000    0.277505 ^ _3446_/B1 (sg13g2_a21oi_1)
     1    0.001430    0.017665    0.029832    0.307338 v _3446_/Y (sg13g2_a21oi_1)
                                                         _0197_ (net)
                      0.017665    0.000000    0.307338 v u_input_buffer.mem[26][5]$_DFFE_PP_/D (sg13g2_dfrbpq_1)
                                              0.307338   data arrival time

                      0.150000    0.000000    0.000000   clock clk (rise edge)
                                  0.000000    0.000000   clock network delay (ideal)
                                  0.250000    0.250000   clock uncertainty
                                  0.000000    0.250000   clock reconvergence pessimism
                                              0.250000 ^ u_input_buffer.mem[26][5]$_DFFE_PP_/CLK (sg13g2_dfrbpq_1)
                                 -0.006514    0.243486   library hold time
                                              0.243486   data required time
---------------------------------------------------------------------------------------------
                                              0.243486   data required time
                                             -0.307338   data arrival time
---------------------------------------------------------------------------------------------
                                              0.063852   slack (MET)


Startpoint: u_input_buffer.mem[26][6]$_DFFE_PP_
            (rising edge-triggered flip-flop clocked by clk)
Endpoint: u_input_buffer.mem[26][6]$_DFFE_PP_
          (rising edge-triggered flip-flop clocked by clk)
Path Group: clk
Path Type: min

Fanout         Cap        Slew       Delay        Time   Description
---------------------------------------------------------------------------------------------
                      0.150000    0.000000    0.000000   clock clk (rise edge)
                                  0.000000    0.000000   clock network delay (ideal)
                      0.150000    0.000000    0.000000 ^ u_input_buffer.mem[26][6]$_DFFE_PP_/CLK (sg13g2_dfrbpq_1)
     2    0.005807    0.028338    0.221128    0.221128 v u_input_buffer.mem[26][6]$_DFFE_PP_/Q (sg13g2_dfrbpq_1)
                                                         u_input_buffer.mem[26][6] (net)
                      0.028338    0.000000    0.221128 v _3447_/A (sg13g2_nor2_1)
     1    0.002949    0.043896    0.056378    0.277505 ^ _3447_/Y (sg13g2_nor2_1)
                                                         _0640_ (net)
                      0.043896    0.000000    0.277505 ^ _3448_/B1 (sg13g2_a21oi_1)
     1    0.001430    0.017665    0.029832    0.307338 v _3448_/Y (sg13g2_a21oi_1)
                                                         _0198_ (net)
                      0.017665    0.000000    0.307338 v u_input_buffer.mem[26][6]$_DFFE_PP_/D (sg13g2_dfrbpq_1)
                                              0.307338   data arrival time

                      0.150000    0.000000    0.000000   clock clk (rise edge)
                                  0.000000    0.000000   clock network delay (ideal)
                                  0.250000    0.250000   clock uncertainty
                                  0.000000    0.250000   clock reconvergence pessimism
                                              0.250000 ^ u_input_buffer.mem[26][6]$_DFFE_PP_/CLK (sg13g2_dfrbpq_1)
                                 -0.006514    0.243486   library hold time
                                              0.243486   data required time
---------------------------------------------------------------------------------------------
                                              0.243486   data required time
                                             -0.307338   data arrival time
---------------------------------------------------------------------------------------------
                                              0.063852   slack (MET)


Startpoint: u_input_buffer.mem[26][7]$_DFFE_PP_
            (rising edge-triggered flip-flop clocked by clk)
Endpoint: u_input_buffer.mem[26][7]$_DFFE_PP_
          (rising edge-triggered flip-flop clocked by clk)
Path Group: clk
Path Type: min

Fanout         Cap        Slew       Delay        Time   Description
---------------------------------------------------------------------------------------------
                      0.150000    0.000000    0.000000   clock clk (rise edge)
                                  0.000000    0.000000   clock network delay (ideal)
                      0.150000    0.000000    0.000000 ^ u_input_buffer.mem[26][7]$_DFFE_PP_/CLK (sg13g2_dfrbpq_1)
     2    0.005807    0.028338    0.221128    0.221128 v u_input_buffer.mem[26][7]$_DFFE_PP_/Q (sg13g2_dfrbpq_1)
                                                         u_input_buffer.mem[26][7] (net)
                      0.028338    0.000000    0.221128 v _3449_/A (sg13g2_nor2_1)
     1    0.002949    0.043896    0.056378    0.277505 ^ _3449_/Y (sg13g2_nor2_1)
                                                         _0641_ (net)
                      0.043896    0.000000    0.277505 ^ _3450_/B1 (sg13g2_a21oi_1)
     1    0.001430    0.017665    0.029832    0.307338 v _3450_/Y (sg13g2_a21oi_1)
                                                         _0199_ (net)
                      0.017665    0.000000    0.307338 v u_input_buffer.mem[26][7]$_DFFE_PP_/D (sg13g2_dfrbpq_1)
                                              0.307338   data arrival time

                      0.150000    0.000000    0.000000   clock clk (rise edge)
                                  0.000000    0.000000   clock network delay (ideal)
                                  0.250000    0.250000   clock uncertainty
                                  0.000000    0.250000   clock reconvergence pessimism
                                              0.250000 ^ u_input_buffer.mem[26][7]$_DFFE_PP_/CLK (sg13g2_dfrbpq_1)
                                 -0.006514    0.243486   library hold time
                                              0.243486   data required time
---------------------------------------------------------------------------------------------
                                              0.243486   data required time
                                             -0.307338   data arrival time
---------------------------------------------------------------------------------------------
                                              0.063852   slack (MET)


Startpoint: u_input_buffer.mem[2][0]$_DFFE_PP_
            (rising edge-triggered flip-flop clocked by clk)
Endpoint: u_input_buffer.mem[2][0]$_DFFE_PP_
          (rising edge-triggered flip-flop clocked by clk)
Path Group: clk
Path Type: min

Fanout         Cap        Slew       Delay        Time   Description
---------------------------------------------------------------------------------------------
                      0.150000    0.000000    0.000000   clock clk (rise edge)
                                  0.000000    0.000000   clock network delay (ideal)
                      0.150000    0.000000    0.000000 ^ u_input_buffer.mem[2][0]$_DFFE_PP_/CLK (sg13g2_dfrbpq_1)
     2    0.005807    0.028338    0.221128    0.221128 v u_input_buffer.mem[2][0]$_DFFE_PP_/Q (sg13g2_dfrbpq_1)
                                                         u_input_buffer.mem[2][0] (net)
                      0.028338    0.000000    0.221128 v _3503_/A (sg13g2_nor2_1)
     1    0.002949    0.043896    0.056378    0.277505 ^ _3503_/Y (sg13g2_nor2_1)
                                                         _0670_ (net)
                      0.043896    0.000000    0.277505 ^ _3504_/B1 (sg13g2_a21oi_1)
     1    0.001430    0.017665    0.029832    0.307338 v _3504_/Y (sg13g2_a21oi_1)
                                                         _0224_ (net)
                      0.017665    0.000000    0.307338 v u_input_buffer.mem[2][0]$_DFFE_PP_/D (sg13g2_dfrbpq_1)
                                              0.307338   data arrival time

                      0.150000    0.000000    0.000000   clock clk (rise edge)
                                  0.000000    0.000000   clock network delay (ideal)
                                  0.250000    0.250000   clock uncertainty
                                  0.000000    0.250000   clock reconvergence pessimism
                                              0.250000 ^ u_input_buffer.mem[2][0]$_DFFE_PP_/CLK (sg13g2_dfrbpq_1)
                                 -0.006514    0.243486   library hold time
                                              0.243486   data required time
---------------------------------------------------------------------------------------------
                                              0.243486   data required time
                                             -0.307338   data arrival time
---------------------------------------------------------------------------------------------
                                              0.063852   slack (MET)


Startpoint: u_input_buffer.mem[2][1]$_DFFE_PP_
            (rising edge-triggered flip-flop clocked by clk)
Endpoint: u_input_buffer.mem[2][1]$_DFFE_PP_
          (rising edge-triggered flip-flop clocked by clk)
Path Group: clk
Path Type: min

Fanout         Cap        Slew       Delay        Time   Description
---------------------------------------------------------------------------------------------
                      0.150000    0.000000    0.000000   clock clk (rise edge)
                                  0.000000    0.000000   clock network delay (ideal)
                      0.150000    0.000000    0.000000 ^ u_input_buffer.mem[2][1]$_DFFE_PP_/CLK (sg13g2_dfrbpq_1)
     2    0.005807    0.028338    0.221128    0.221128 v u_input_buffer.mem[2][1]$_DFFE_PP_/Q (sg13g2_dfrbpq_1)
                                                         u_input_buffer.mem[2][1] (net)
                      0.028338    0.000000    0.221128 v _3505_/A (sg13g2_nor2_1)
     1    0.002949    0.043896    0.056378    0.277505 ^ _3505_/Y (sg13g2_nor2_1)
                                                         _0671_ (net)
                      0.043896    0.000000    0.277505 ^ _3506_/B1 (sg13g2_a21oi_1)
     1    0.001430    0.017665    0.029832    0.307338 v _3506_/Y (sg13g2_a21oi_1)
                                                         _0225_ (net)
                      0.017665    0.000000    0.307338 v u_input_buffer.mem[2][1]$_DFFE_PP_/D (sg13g2_dfrbpq_1)
                                              0.307338   data arrival time

                      0.150000    0.000000    0.000000   clock clk (rise edge)
                                  0.000000    0.000000   clock network delay (ideal)
                                  0.250000    0.250000   clock uncertainty
                                  0.000000    0.250000   clock reconvergence pessimism
                                              0.250000 ^ u_input_buffer.mem[2][1]$_DFFE_PP_/CLK (sg13g2_dfrbpq_1)
                                 -0.006514    0.243486   library hold time
                                              0.243486   data required time
---------------------------------------------------------------------------------------------
                                              0.243486   data required time
                                             -0.307338   data arrival time
---------------------------------------------------------------------------------------------
                                              0.063852   slack (MET)


Startpoint: u_input_buffer.mem[2][2]$_DFFE_PP_
            (rising edge-triggered flip-flop clocked by clk)
Endpoint: u_input_buffer.mem[2][2]$_DFFE_PP_
          (rising edge-triggered flip-flop clocked by clk)
Path Group: clk
Path Type: min

Fanout         Cap        Slew       Delay        Time   Description
---------------------------------------------------------------------------------------------
                      0.150000    0.000000    0.000000   clock clk (rise edge)
                                  0.000000    0.000000   clock network delay (ideal)
                      0.150000    0.000000    0.000000 ^ u_input_buffer.mem[2][2]$_DFFE_PP_/CLK (sg13g2_dfrbpq_1)
     2    0.005807    0.028338    0.221128    0.221128 v u_input_buffer.mem[2][2]$_DFFE_PP_/Q (sg13g2_dfrbpq_1)
                                                         u_input_buffer.mem[2][2] (net)
                      0.028338    0.000000    0.221128 v _3507_/A (sg13g2_nor2_1)
     1    0.002949    0.043896    0.056378    0.277505 ^ _3507_/Y (sg13g2_nor2_1)
                                                         _0672_ (net)
                      0.043896    0.000000    0.277505 ^ _3508_/B1 (sg13g2_a21oi_1)
     1    0.001430    0.017665    0.029832    0.307338 v _3508_/Y (sg13g2_a21oi_1)
                                                         _0226_ (net)
                      0.017665    0.000000    0.307338 v u_input_buffer.mem[2][2]$_DFFE_PP_/D (sg13g2_dfrbpq_1)
                                              0.307338   data arrival time

                      0.150000    0.000000    0.000000   clock clk (rise edge)
                                  0.000000    0.000000   clock network delay (ideal)
                                  0.250000    0.250000   clock uncertainty
                                  0.000000    0.250000   clock reconvergence pessimism
                                              0.250000 ^ u_input_buffer.mem[2][2]$_DFFE_PP_/CLK (sg13g2_dfrbpq_1)
                                 -0.006514    0.243486   library hold time
                                              0.243486   data required time
---------------------------------------------------------------------------------------------
                                              0.243486   data required time
                                             -0.307338   data arrival time
---------------------------------------------------------------------------------------------
                                              0.063852   slack (MET)


Startpoint: u_input_buffer.mem[2][3]$_DFFE_PP_
            (rising edge-triggered flip-flop clocked by clk)
Endpoint: u_input_buffer.mem[2][3]$_DFFE_PP_
          (rising edge-triggered flip-flop clocked by clk)
Path Group: clk
Path Type: min

Fanout         Cap        Slew       Delay        Time   Description
---------------------------------------------------------------------------------------------
                      0.150000    0.000000    0.000000   clock clk (rise edge)
                                  0.000000    0.000000   clock network delay (ideal)
                      0.150000    0.000000    0.000000 ^ u_input_buffer.mem[2][3]$_DFFE_PP_/CLK (sg13g2_dfrbpq_1)
     2    0.005807    0.028338    0.221128    0.221128 v u_input_buffer.mem[2][3]$_DFFE_PP_/Q (sg13g2_dfrbpq_1)
                                                         u_input_buffer.mem[2][3] (net)
                      0.028338    0.000000    0.221128 v _3509_/A (sg13g2_nor2_1)
     1    0.002949    0.043896    0.056378    0.277505 ^ _3509_/Y (sg13g2_nor2_1)
                                                         _0673_ (net)
                      0.043896    0.000000    0.277505 ^ _3510_/B1 (sg13g2_a21oi_1)
     1    0.001430    0.017665    0.029832    0.307338 v _3510_/Y (sg13g2_a21oi_1)
                                                         _0227_ (net)
                      0.017665    0.000000    0.307338 v u_input_buffer.mem[2][3]$_DFFE_PP_/D (sg13g2_dfrbpq_1)
                                              0.307338   data arrival time

                      0.150000    0.000000    0.000000   clock clk (rise edge)
                                  0.000000    0.000000   clock network delay (ideal)
                                  0.250000    0.250000   clock uncertainty
                                  0.000000    0.250000   clock reconvergence pessimism
                                              0.250000 ^ u_input_buffer.mem[2][3]$_DFFE_PP_/CLK (sg13g2_dfrbpq_1)
                                 -0.006514    0.243486   library hold time
                                              0.243486   data required time
---------------------------------------------------------------------------------------------
                                              0.243486   data required time
                                             -0.307338   data arrival time
---------------------------------------------------------------------------------------------
                                              0.063852   slack (MET)


Startpoint: u_input_buffer.mem[2][4]$_DFFE_PP_
            (rising edge-triggered flip-flop clocked by clk)
Endpoint: u_input_buffer.mem[2][4]$_DFFE_PP_
          (rising edge-triggered flip-flop clocked by clk)
Path Group: clk
Path Type: min

Fanout         Cap        Slew       Delay        Time   Description
---------------------------------------------------------------------------------------------
                      0.150000    0.000000    0.000000   clock clk (rise edge)
                                  0.000000    0.000000   clock network delay (ideal)
                      0.150000    0.000000    0.000000 ^ u_input_buffer.mem[2][4]$_DFFE_PP_/CLK (sg13g2_dfrbpq_1)
     2    0.005807    0.028338    0.221128    0.221128 v u_input_buffer.mem[2][4]$_DFFE_PP_/Q (sg13g2_dfrbpq_1)
                                                         u_input_buffer.mem[2][4] (net)
                      0.028338    0.000000    0.221128 v _3511_/A (sg13g2_nor2_1)
     1    0.002949    0.043896    0.056378    0.277505 ^ _3511_/Y (sg13g2_nor2_1)
                                                         _0674_ (net)
                      0.043896    0.000000    0.277505 ^ _3512_/B1 (sg13g2_a21oi_1)
     1    0.001430    0.017665    0.029832    0.307338 v _3512_/Y (sg13g2_a21oi_1)
                                                         _0228_ (net)
                      0.017665    0.000000    0.307338 v u_input_buffer.mem[2][4]$_DFFE_PP_/D (sg13g2_dfrbpq_1)
                                              0.307338   data arrival time

                      0.150000    0.000000    0.000000   clock clk (rise edge)
                                  0.000000    0.000000   clock network delay (ideal)
                                  0.250000    0.250000   clock uncertainty
                                  0.000000    0.250000   clock reconvergence pessimism
                                              0.250000 ^ u_input_buffer.mem[2][4]$_DFFE_PP_/CLK (sg13g2_dfrbpq_1)
                                 -0.006514    0.243486   library hold time
                                              0.243486   data required time
---------------------------------------------------------------------------------------------
                                              0.243486   data required time
                                             -0.307338   data arrival time
---------------------------------------------------------------------------------------------
                                              0.063852   slack (MET)


Startpoint: u_input_buffer.mem[2][5]$_DFFE_PP_
            (rising edge-triggered flip-flop clocked by clk)
Endpoint: u_input_buffer.mem[2][5]$_DFFE_PP_
          (rising edge-triggered flip-flop clocked by clk)
Path Group: clk
Path Type: min

Fanout         Cap        Slew       Delay        Time   Description
---------------------------------------------------------------------------------------------
                      0.150000    0.000000    0.000000   clock clk (rise edge)
                                  0.000000    0.000000   clock network delay (ideal)
                      0.150000    0.000000    0.000000 ^ u_input_buffer.mem[2][5]$_DFFE_PP_/CLK (sg13g2_dfrbpq_1)
     2    0.005807    0.028338    0.221128    0.221128 v u_input_buffer.mem[2][5]$_DFFE_PP_/Q (sg13g2_dfrbpq_1)
                                                         u_input_buffer.mem[2][5] (net)
                      0.028338    0.000000    0.221128 v _3513_/A (sg13g2_nor2_1)
     1    0.002949    0.043896    0.056378    0.277505 ^ _3513_/Y (sg13g2_nor2_1)
                                                         _0675_ (net)
                      0.043896    0.000000    0.277505 ^ _3514_/B1 (sg13g2_a21oi_1)
     1    0.001430    0.017665    0.029832    0.307338 v _3514_/Y (sg13g2_a21oi_1)
                                                         _0229_ (net)
                      0.017665    0.000000    0.307338 v u_input_buffer.mem[2][5]$_DFFE_PP_/D (sg13g2_dfrbpq_1)
                                              0.307338   data arrival time

                      0.150000    0.000000    0.000000   clock clk (rise edge)
                                  0.000000    0.000000   clock network delay (ideal)
                                  0.250000    0.250000   clock uncertainty
                                  0.000000    0.250000   clock reconvergence pessimism
                                              0.250000 ^ u_input_buffer.mem[2][5]$_DFFE_PP_/CLK (sg13g2_dfrbpq_1)
                                 -0.006514    0.243486   library hold time
                                              0.243486   data required time
---------------------------------------------------------------------------------------------
                                              0.243486   data required time
                                             -0.307338   data arrival time
---------------------------------------------------------------------------------------------
                                              0.063852   slack (MET)


Startpoint: u_input_buffer.mem[2][6]$_DFFE_PP_
            (rising edge-triggered flip-flop clocked by clk)
Endpoint: u_input_buffer.mem[2][6]$_DFFE_PP_
          (rising edge-triggered flip-flop clocked by clk)
Path Group: clk
Path Type: min

Fanout         Cap        Slew       Delay        Time   Description
---------------------------------------------------------------------------------------------
                      0.150000    0.000000    0.000000   clock clk (rise edge)
                                  0.000000    0.000000   clock network delay (ideal)
                      0.150000    0.000000    0.000000 ^ u_input_buffer.mem[2][6]$_DFFE_PP_/CLK (sg13g2_dfrbpq_1)
     2    0.005807    0.028338    0.221128    0.221128 v u_input_buffer.mem[2][6]$_DFFE_PP_/Q (sg13g2_dfrbpq_1)
                                                         u_input_buffer.mem[2][6] (net)
                      0.028338    0.000000    0.221128 v _3515_/A (sg13g2_nor2_1)
     1    0.002949    0.043896    0.056378    0.277505 ^ _3515_/Y (sg13g2_nor2_1)
                                                         _0676_ (net)
                      0.043896    0.000000    0.277505 ^ _3516_/B1 (sg13g2_a21oi_1)
     1    0.001430    0.017665    0.029832    0.307338 v _3516_/Y (sg13g2_a21oi_1)
                                                         _0230_ (net)
                      0.017665    0.000000    0.307338 v u_input_buffer.mem[2][6]$_DFFE_PP_/D (sg13g2_dfrbpq_1)
                                              0.307338   data arrival time

                      0.150000    0.000000    0.000000   clock clk (rise edge)
                                  0.000000    0.000000   clock network delay (ideal)
                                  0.250000    0.250000   clock uncertainty
                                  0.000000    0.250000   clock reconvergence pessimism
                                              0.250000 ^ u_input_buffer.mem[2][6]$_DFFE_PP_/CLK (sg13g2_dfrbpq_1)
                                 -0.006514    0.243486   library hold time
                                              0.243486   data required time
---------------------------------------------------------------------------------------------
                                              0.243486   data required time
                                             -0.307338   data arrival time
---------------------------------------------------------------------------------------------
                                              0.063852   slack (MET)


Startpoint: u_input_buffer.mem[2][7]$_DFFE_PP_
            (rising edge-triggered flip-flop clocked by clk)
Endpoint: u_input_buffer.mem[2][7]$_DFFE_PP_
          (rising edge-triggered flip-flop clocked by clk)
Path Group: clk
Path Type: min

Fanout         Cap        Slew       Delay        Time   Description
---------------------------------------------------------------------------------------------
                      0.150000    0.000000    0.000000   clock clk (rise edge)
                                  0.000000    0.000000   clock network delay (ideal)
                      0.150000    0.000000    0.000000 ^ u_input_buffer.mem[2][7]$_DFFE_PP_/CLK (sg13g2_dfrbpq_1)
     2    0.005807    0.028338    0.221128    0.221128 v u_input_buffer.mem[2][7]$_DFFE_PP_/Q (sg13g2_dfrbpq_1)
                                                         u_input_buffer.mem[2][7] (net)
                      0.028338    0.000000    0.221128 v _3517_/A (sg13g2_nor2_1)
     1    0.002949    0.043896    0.056378    0.277505 ^ _3517_/Y (sg13g2_nor2_1)
                                                         _0677_ (net)
                      0.043896    0.000000    0.277505 ^ _3518_/B1 (sg13g2_a21oi_1)
     1    0.001430    0.017665    0.029832    0.307338 v _3518_/Y (sg13g2_a21oi_1)
                                                         _0231_ (net)
                      0.017665    0.000000    0.307338 v u_input_buffer.mem[2][7]$_DFFE_PP_/D (sg13g2_dfrbpq_1)
                                              0.307338   data arrival time

                      0.150000    0.000000    0.000000   clock clk (rise edge)
                                  0.000000    0.000000   clock network delay (ideal)
                                  0.250000    0.250000   clock uncertainty
                                  0.000000    0.250000   clock reconvergence pessimism
                                              0.250000 ^ u_input_buffer.mem[2][7]$_DFFE_PP_/CLK (sg13g2_dfrbpq_1)
                                 -0.006514    0.243486   library hold time
                                              0.243486   data required time
---------------------------------------------------------------------------------------------
                                              0.243486   data required time
                                             -0.307338   data arrival time
---------------------------------------------------------------------------------------------
                                              0.063852   slack (MET)


Startpoint: u_input_buffer.mem[3][0]$_DFFE_PP_
            (rising edge-triggered flip-flop clocked by clk)
Endpoint: u_input_buffer.mem[3][0]$_DFFE_PP_
          (rising edge-triggered flip-flop clocked by clk)
Path Group: clk
Path Type: min

Fanout         Cap        Slew       Delay        Time   Description
---------------------------------------------------------------------------------------------
                      0.150000    0.000000    0.000000   clock clk (rise edge)
                                  0.000000    0.000000   clock network delay (ideal)
                      0.150000    0.000000    0.000000 ^ u_input_buffer.mem[3][0]$_DFFE_PP_/CLK (sg13g2_dfrbpq_1)
     2    0.005807    0.028338    0.221128    0.221128 v u_input_buffer.mem[3][0]$_DFFE_PP_/Q (sg13g2_dfrbpq_1)
                                                         u_input_buffer.mem[3][0] (net)
                      0.028338    0.000000    0.221128 v _3554_/A (sg13g2_nor2_1)
     1    0.002949    0.043896    0.056378    0.277505 ^ _3554_/Y (sg13g2_nor2_1)
                                                         _0697_ (net)
                      0.043896    0.000000    0.277505 ^ _3555_/B1 (sg13g2_a21oi_1)
     1    0.001430    0.017665    0.029832    0.307338 v _3555_/Y (sg13g2_a21oi_1)
                                                         _0248_ (net)
                      0.017665    0.000000    0.307338 v u_input_buffer.mem[3][0]$_DFFE_PP_/D (sg13g2_dfrbpq_1)
                                              0.307338   data arrival time

                      0.150000    0.000000    0.000000   clock clk (rise edge)
                                  0.000000    0.000000   clock network delay (ideal)
                                  0.250000    0.250000   clock uncertainty
                                  0.000000    0.250000   clock reconvergence pessimism
                                              0.250000 ^ u_input_buffer.mem[3][0]$_DFFE_PP_/CLK (sg13g2_dfrbpq_1)
                                 -0.006514    0.243486   library hold time
                                              0.243486   data required time
---------------------------------------------------------------------------------------------
                                              0.243486   data required time
                                             -0.307338   data arrival time
---------------------------------------------------------------------------------------------
                                              0.063852   slack (MET)


Startpoint: u_input_buffer.mem[3][1]$_DFFE_PP_
            (rising edge-triggered flip-flop clocked by clk)
Endpoint: u_input_buffer.mem[3][1]$_DFFE_PP_
          (rising edge-triggered flip-flop clocked by clk)
Path Group: clk
Path Type: min

Fanout         Cap        Slew       Delay        Time   Description
---------------------------------------------------------------------------------------------
                      0.150000    0.000000    0.000000   clock clk (rise edge)
                                  0.000000    0.000000   clock network delay (ideal)
                      0.150000    0.000000    0.000000 ^ u_input_buffer.mem[3][1]$_DFFE_PP_/CLK (sg13g2_dfrbpq_1)
     2    0.005807    0.028338    0.221128    0.221128 v u_input_buffer.mem[3][1]$_DFFE_PP_/Q (sg13g2_dfrbpq_1)
                                                         u_input_buffer.mem[3][1] (net)
                      0.028338    0.000000    0.221128 v _3556_/A (sg13g2_nor2_1)
     1    0.002949    0.043896    0.056378    0.277505 ^ _3556_/Y (sg13g2_nor2_1)
                                                         _0698_ (net)
                      0.043896    0.000000    0.277505 ^ _3557_/B1 (sg13g2_a21oi_1)
     1    0.001430    0.017665    0.029832    0.307338 v _3557_/Y (sg13g2_a21oi_1)
                                                         _0249_ (net)
                      0.017665    0.000000    0.307338 v u_input_buffer.mem[3][1]$_DFFE_PP_/D (sg13g2_dfrbpq_1)
                                              0.307338   data arrival time

                      0.150000    0.000000    0.000000   clock clk (rise edge)
                                  0.000000    0.000000   clock network delay (ideal)
                                  0.250000    0.250000   clock uncertainty
                                  0.000000    0.250000   clock reconvergence pessimism
                                              0.250000 ^ u_input_buffer.mem[3][1]$_DFFE_PP_/CLK (sg13g2_dfrbpq_1)
                                 -0.006514    0.243486   library hold time
                                              0.243486   data required time
---------------------------------------------------------------------------------------------
                                              0.243486   data required time
                                             -0.307338   data arrival time
---------------------------------------------------------------------------------------------
                                              0.063852   slack (MET)


Startpoint: u_input_buffer.mem[3][3]$_DFFE_PP_
            (rising edge-triggered flip-flop clocked by clk)
Endpoint: u_input_buffer.mem[3][3]$_DFFE_PP_
          (rising edge-triggered flip-flop clocked by clk)
Path Group: clk
Path Type: min

Fanout         Cap        Slew       Delay        Time   Description
---------------------------------------------------------------------------------------------
                      0.150000    0.000000    0.000000   clock clk (rise edge)
                                  0.000000    0.000000   clock network delay (ideal)
                      0.150000    0.000000    0.000000 ^ u_input_buffer.mem[3][3]$_DFFE_PP_/CLK (sg13g2_dfrbpq_1)
     2    0.005807    0.028338    0.221128    0.221128 v u_input_buffer.mem[3][3]$_DFFE_PP_/Q (sg13g2_dfrbpq_1)
                                                         u_input_buffer.mem[3][3] (net)
                      0.028338    0.000000    0.221128 v _3560_/A (sg13g2_nor2_1)
     1    0.002949    0.043896    0.056378    0.277505 ^ _3560_/Y (sg13g2_nor2_1)
                                                         _0700_ (net)
                      0.043896    0.000000    0.277505 ^ _3561_/B1 (sg13g2_a21oi_1)
     1    0.001430    0.017665    0.029832    0.307338 v _3561_/Y (sg13g2_a21oi_1)
                                                         _0251_ (net)
                      0.017665    0.000000    0.307338 v u_input_buffer.mem[3][3]$_DFFE_PP_/D (sg13g2_dfrbpq_1)
                                              0.307338   data arrival time

                      0.150000    0.000000    0.000000   clock clk (rise edge)
                                  0.000000    0.000000   clock network delay (ideal)
                                  0.250000    0.250000   clock uncertainty
                                  0.000000    0.250000   clock reconvergence pessimism
                                              0.250000 ^ u_input_buffer.mem[3][3]$_DFFE_PP_/CLK (sg13g2_dfrbpq_1)
                                 -0.006514    0.243486   library hold time
                                              0.243486   data required time
---------------------------------------------------------------------------------------------
                                              0.243486   data required time
                                             -0.307338   data arrival time
---------------------------------------------------------------------------------------------
                                              0.063852   slack (MET)


Startpoint: u_input_buffer.mem[3][5]$_DFFE_PP_
            (rising edge-triggered flip-flop clocked by clk)
Endpoint: u_input_buffer.mem[3][5]$_DFFE_PP_
          (rising edge-triggered flip-flop clocked by clk)
Path Group: clk
Path Type: min

Fanout         Cap        Slew       Delay        Time   Description
---------------------------------------------------------------------------------------------
                      0.150000    0.000000    0.000000   clock clk (rise edge)
                                  0.000000    0.000000   clock network delay (ideal)
                      0.150000    0.000000    0.000000 ^ u_input_buffer.mem[3][5]$_DFFE_PP_/CLK (sg13g2_dfrbpq_1)
     2    0.005807    0.028338    0.221128    0.221128 v u_input_buffer.mem[3][5]$_DFFE_PP_/Q (sg13g2_dfrbpq_1)
                                                         u_input_buffer.mem[3][5] (net)
                      0.028338    0.000000    0.221128 v _3564_/A (sg13g2_nor2_1)
     1    0.002949    0.043896    0.056378    0.277505 ^ _3564_/Y (sg13g2_nor2_1)
                                                         _0702_ (net)
                      0.043896    0.000000    0.277505 ^ _3565_/B1 (sg13g2_a21oi_1)
     1    0.001430    0.017665    0.029832    0.307338 v _3565_/Y (sg13g2_a21oi_1)
                                                         _0253_ (net)
                      0.017665    0.000000    0.307338 v u_input_buffer.mem[3][5]$_DFFE_PP_/D (sg13g2_dfrbpq_1)
                                              0.307338   data arrival time

                      0.150000    0.000000    0.000000   clock clk (rise edge)
                                  0.000000    0.000000   clock network delay (ideal)
                                  0.250000    0.250000   clock uncertainty
                                  0.000000    0.250000   clock reconvergence pessimism
                                              0.250000 ^ u_input_buffer.mem[3][5]$_DFFE_PP_/CLK (sg13g2_dfrbpq_1)
                                 -0.006514    0.243486   library hold time
                                              0.243486   data required time
---------------------------------------------------------------------------------------------
                                              0.243486   data required time
                                             -0.307338   data arrival time
---------------------------------------------------------------------------------------------
                                              0.063852   slack (MET)


Startpoint: u_input_buffer.mem[3][6]$_DFFE_PP_
            (rising edge-triggered flip-flop clocked by clk)
Endpoint: u_input_buffer.mem[3][6]$_DFFE_PP_
          (rising edge-triggered flip-flop clocked by clk)
Path Group: clk
Path Type: min

Fanout         Cap        Slew       Delay        Time   Description
---------------------------------------------------------------------------------------------
                      0.150000    0.000000    0.000000   clock clk (rise edge)
                                  0.000000    0.000000   clock network delay (ideal)
                      0.150000    0.000000    0.000000 ^ u_input_buffer.mem[3][6]$_DFFE_PP_/CLK (sg13g2_dfrbpq_1)
     2    0.005807    0.028338    0.221128    0.221128 v u_input_buffer.mem[3][6]$_DFFE_PP_/Q (sg13g2_dfrbpq_1)
                                                         u_input_buffer.mem[3][6] (net)
                      0.028338    0.000000    0.221128 v _3566_/A (sg13g2_nor2_1)
     1    0.002949    0.043896    0.056378    0.277505 ^ _3566_/Y (sg13g2_nor2_1)
                                                         _0703_ (net)
                      0.043896    0.000000    0.277505 ^ _3567_/B1 (sg13g2_a21oi_1)
     1    0.001430    0.017665    0.029832    0.307338 v _3567_/Y (sg13g2_a21oi_1)
                                                         _0254_ (net)
                      0.017665    0.000000    0.307338 v u_input_buffer.mem[3][6]$_DFFE_PP_/D (sg13g2_dfrbpq_1)
                                              0.307338   data arrival time

                      0.150000    0.000000    0.000000   clock clk (rise edge)
                                  0.000000    0.000000   clock network delay (ideal)
                                  0.250000    0.250000   clock uncertainty
                                  0.000000    0.250000   clock reconvergence pessimism
                                              0.250000 ^ u_input_buffer.mem[3][6]$_DFFE_PP_/CLK (sg13g2_dfrbpq_1)
                                 -0.006514    0.243486   library hold time
                                              0.243486   data required time
---------------------------------------------------------------------------------------------
                                              0.243486   data required time
                                             -0.307338   data arrival time
---------------------------------------------------------------------------------------------
                                              0.063852   slack (MET)


Startpoint: u_input_buffer.mem[3][7]$_DFFE_PP_
            (rising edge-triggered flip-flop clocked by clk)
Endpoint: u_input_buffer.mem[3][7]$_DFFE_PP_
          (rising edge-triggered flip-flop clocked by clk)
Path Group: clk
Path Type: min

Fanout         Cap        Slew       Delay        Time   Description
---------------------------------------------------------------------------------------------
                      0.150000    0.000000    0.000000   clock clk (rise edge)
                                  0.000000    0.000000   clock network delay (ideal)
                      0.150000    0.000000    0.000000 ^ u_input_buffer.mem[3][7]$_DFFE_PP_/CLK (sg13g2_dfrbpq_1)
     2    0.005807    0.028338    0.221128    0.221128 v u_input_buffer.mem[3][7]$_DFFE_PP_/Q (sg13g2_dfrbpq_1)
                                                         u_input_buffer.mem[3][7] (net)
                      0.028338    0.000000    0.221128 v _3568_/A (sg13g2_nor2_1)
     1    0.002949    0.043896    0.056378    0.277505 ^ _3568_/Y (sg13g2_nor2_1)
                                                         _0704_ (net)
                      0.043896    0.000000    0.277505 ^ _3569_/B1 (sg13g2_a21oi_1)
     1    0.001430    0.017665    0.029832    0.307338 v _3569_/Y (sg13g2_a21oi_1)
                                                         _0255_ (net)
                      0.017665    0.000000    0.307338 v u_input_buffer.mem[3][7]$_DFFE_PP_/D (sg13g2_dfrbpq_1)
                                              0.307338   data arrival time

                      0.150000    0.000000    0.000000   clock clk (rise edge)
                                  0.000000    0.000000   clock network delay (ideal)
                                  0.250000    0.250000   clock uncertainty
                                  0.000000    0.250000   clock reconvergence pessimism
                                              0.250000 ^ u_input_buffer.mem[3][7]$_DFFE_PP_/CLK (sg13g2_dfrbpq_1)
                                 -0.006514    0.243486   library hold time
                                              0.243486   data required time
---------------------------------------------------------------------------------------------
                                              0.243486   data required time
                                             -0.307338   data arrival time
---------------------------------------------------------------------------------------------
                                              0.063852   slack (MET)


Startpoint: u_input_buffer.mem[11][5]$_DFFE_PP_
            (rising edge-triggered flip-flop clocked by clk)
Endpoint: u_input_buffer.mem[11][5]$_DFFE_PP_
          (rising edge-triggered flip-flop clocked by clk)
Path Group: clk
Path Type: min

Fanout         Cap        Slew       Delay        Time   Description
---------------------------------------------------------------------------------------------
                      0.150000    0.000000    0.000000   clock clk (rise edge)
                                  0.000000    0.000000   clock network delay (ideal)
                      0.150000    0.000000    0.000000 ^ u_input_buffer.mem[11][5]$_DFFE_PP_/CLK (sg13g2_dfrbpq_1)
     2    0.005885    0.028561    0.221318    0.221318 v u_input_buffer.mem[11][5]$_DFFE_PP_/Q (sg13g2_dfrbpq_1)
                                                         u_input_buffer.mem[11][5] (net)
                      0.028561    0.000000    0.221318 v _3167_/A (sg13g2_nor2_1)
     1    0.002949    0.043921    0.056447    0.277765 ^ _3167_/Y (sg13g2_nor2_1)
                                                         _0489_ (net)
                      0.043921    0.000000    0.277765 ^ _3168_/B1 (sg13g2_a21oi_1)
     1    0.001430    0.017670    0.029839    0.307604 v _3168_/Y (sg13g2_a21oi_1)
                                                         _0069_ (net)
                      0.017670    0.000000    0.307604 v u_input_buffer.mem[11][5]$_DFFE_PP_/D (sg13g2_dfrbpq_1)
                                              0.307604   data arrival time

                      0.150000    0.000000    0.000000   clock clk (rise edge)
                                  0.000000    0.000000   clock network delay (ideal)
                                  0.250000    0.250000   clock uncertainty
                                  0.000000    0.250000   clock reconvergence pessimism
                                              0.250000 ^ u_input_buffer.mem[11][5]$_DFFE_PP_/CLK (sg13g2_dfrbpq_1)
                                 -0.006515    0.243485   library hold time
                                              0.243485   data required time
---------------------------------------------------------------------------------------------
                                              0.243485   data required time
                                             -0.307604   data arrival time
---------------------------------------------------------------------------------------------
                                              0.064119   slack (MET)


Startpoint: u_input_buffer.mem[11][6]$_DFFE_PP_
            (rising edge-triggered flip-flop clocked by clk)
Endpoint: u_input_buffer.mem[11][6]$_DFFE_PP_
          (rising edge-triggered flip-flop clocked by clk)
Path Group: clk
Path Type: min

Fanout         Cap        Slew       Delay        Time   Description
---------------------------------------------------------------------------------------------
                      0.150000    0.000000    0.000000   clock clk (rise edge)
                                  0.000000    0.000000   clock network delay (ideal)
                      0.150000    0.000000    0.000000 ^ u_input_buffer.mem[11][6]$_DFFE_PP_/CLK (sg13g2_dfrbpq_1)
     2    0.005885    0.028561    0.221318    0.221318 v u_input_buffer.mem[11][6]$_DFFE_PP_/Q (sg13g2_dfrbpq_1)
                                                         u_input_buffer.mem[11][6] (net)
                      0.028561    0.000000    0.221318 v _3169_/A (sg13g2_nor2_1)
     1    0.002949    0.043921    0.056447    0.277765 ^ _3169_/Y (sg13g2_nor2_1)
                                                         _0490_ (net)
                      0.043921    0.000000    0.277765 ^ _3170_/B1 (sg13g2_a21oi_1)
     1    0.001430    0.017670    0.029839    0.307604 v _3170_/Y (sg13g2_a21oi_1)
                                                         _0070_ (net)
                      0.017670    0.000000    0.307604 v u_input_buffer.mem[11][6]$_DFFE_PP_/D (sg13g2_dfrbpq_1)
                                              0.307604   data arrival time

                      0.150000    0.000000    0.000000   clock clk (rise edge)
                                  0.000000    0.000000   clock network delay (ideal)
                                  0.250000    0.250000   clock uncertainty
                                  0.000000    0.250000   clock reconvergence pessimism
                                              0.250000 ^ u_input_buffer.mem[11][6]$_DFFE_PP_/CLK (sg13g2_dfrbpq_1)
                                 -0.006515    0.243485   library hold time
                                              0.243485   data required time
---------------------------------------------------------------------------------------------
                                              0.243485   data required time
                                             -0.307604   data arrival time
---------------------------------------------------------------------------------------------
                                              0.064119   slack (MET)


Startpoint: u_input_buffer.mem[23][7]$_DFFE_PP_
            (rising edge-triggered flip-flop clocked by clk)
Endpoint: u_input_buffer.mem[23][7]$_DFFE_PP_
          (rising edge-triggered flip-flop clocked by clk)
Path Group: clk
Path Type: min

Fanout         Cap        Slew       Delay        Time   Description
---------------------------------------------------------------------------------------------
                      0.150000    0.000000    0.000000   clock clk (rise edge)
                                  0.000000    0.000000   clock network delay (ideal)
                      0.150000    0.000000    0.000000 ^ u_input_buffer.mem[23][7]$_DFFE_PP_/CLK (sg13g2_dfrbpq_1)
     2    0.005885    0.028561    0.221318    0.221318 v u_input_buffer.mem[23][7]$_DFFE_PP_/Q (sg13g2_dfrbpq_1)
                                                         u_input_buffer.mem[23][7] (net)
                      0.028561    0.000000    0.221318 v _3397_/A (sg13g2_nor2_1)
     1    0.002949    0.043921    0.056447    0.277765 ^ _3397_/Y (sg13g2_nor2_1)
                                                         _0613_ (net)
                      0.043921    0.000000    0.277765 ^ _3398_/B1 (sg13g2_a21oi_1)
     1    0.001430    0.017670    0.029839    0.307604 v _3398_/Y (sg13g2_a21oi_1)
                                                         _0175_ (net)
                      0.017670    0.000000    0.307604 v u_input_buffer.mem[23][7]$_DFFE_PP_/D (sg13g2_dfrbpq_1)
                                              0.307604   data arrival time

                      0.150000    0.000000    0.000000   clock clk (rise edge)
                                  0.000000    0.000000   clock network delay (ideal)
                                  0.250000    0.250000   clock uncertainty
                                  0.000000    0.250000   clock reconvergence pessimism
                                              0.250000 ^ u_input_buffer.mem[23][7]$_DFFE_PP_/CLK (sg13g2_dfrbpq_1)
                                 -0.006515    0.243485   library hold time
                                              0.243485   data required time
---------------------------------------------------------------------------------------------
                                              0.243485   data required time
                                             -0.307604   data arrival time
---------------------------------------------------------------------------------------------
                                              0.064119   slack (MET)


Startpoint: u_input_buffer.mem[27][3]$_DFFE_PP_
            (rising edge-triggered flip-flop clocked by clk)
Endpoint: u_input_buffer.mem[27][3]$_DFFE_PP_
          (rising edge-triggered flip-flop clocked by clk)
Path Group: clk
Path Type: min

Fanout         Cap        Slew       Delay        Time   Description
---------------------------------------------------------------------------------------------
                      0.150000    0.000000    0.000000   clock clk (rise edge)
                                  0.000000    0.000000   clock network delay (ideal)
                      0.150000    0.000000    0.000000 ^ u_input_buffer.mem[27][3]$_DFFE_PP_/CLK (sg13g2_dfrbpq_1)
     2    0.005885    0.028561    0.221318    0.221318 v u_input_buffer.mem[27][3]$_DFFE_PP_/Q (sg13g2_dfrbpq_1)
                                                         u_input_buffer.mem[27][3] (net)
                      0.028561    0.000000    0.221318 v _3458_/A (sg13g2_nor2_1)
     1    0.002949    0.043921    0.056447    0.277765 ^ _3458_/Y (sg13g2_nor2_1)
                                                         _0646_ (net)
                      0.043921    0.000000    0.277765 ^ _3459_/B1 (sg13g2_a21oi_1)
     1    0.001430    0.017670    0.029839    0.307604 v _3459_/Y (sg13g2_a21oi_1)
                                                         _0203_ (net)
                      0.017670    0.000000    0.307604 v u_input_buffer.mem[27][3]$_DFFE_PP_/D (sg13g2_dfrbpq_1)
                                              0.307604   data arrival time

                      0.150000    0.000000    0.000000   clock clk (rise edge)
                                  0.000000    0.000000   clock network delay (ideal)
                                  0.250000    0.250000   clock uncertainty
                                  0.000000    0.250000   clock reconvergence pessimism
                                              0.250000 ^ u_input_buffer.mem[27][3]$_DFFE_PP_/CLK (sg13g2_dfrbpq_1)
                                 -0.006515    0.243485   library hold time
                                              0.243485   data required time
---------------------------------------------------------------------------------------------
                                              0.243485   data required time
                                             -0.307604   data arrival time
---------------------------------------------------------------------------------------------
                                              0.064119   slack (MET)


Startpoint: u_input_buffer.mem[3][2]$_DFFE_PP_
            (rising edge-triggered flip-flop clocked by clk)
Endpoint: u_input_buffer.mem[3][2]$_DFFE_PP_
          (rising edge-triggered flip-flop clocked by clk)
Path Group: clk
Path Type: min

Fanout         Cap        Slew       Delay        Time   Description
---------------------------------------------------------------------------------------------
                      0.150000    0.000000    0.000000   clock clk (rise edge)
                                  0.000000    0.000000   clock network delay (ideal)
                      0.150000    0.000000    0.000000 ^ u_input_buffer.mem[3][2]$_DFFE_PP_/CLK (sg13g2_dfrbpq_1)
     2    0.005885    0.028561    0.221318    0.221318 v u_input_buffer.mem[3][2]$_DFFE_PP_/Q (sg13g2_dfrbpq_1)
                                                         u_input_buffer.mem[3][2] (net)
                      0.028561    0.000000    0.221318 v _3558_/A (sg13g2_nor2_1)
     1    0.002949    0.043921    0.056447    0.277765 ^ _3558_/Y (sg13g2_nor2_1)
                                                         _0699_ (net)
                      0.043921    0.000000    0.277765 ^ _3559_/B1 (sg13g2_a21oi_1)
     1    0.001430    0.017670    0.029839    0.307604 v _3559_/Y (sg13g2_a21oi_1)
                                                         _0250_ (net)
                      0.017670    0.000000    0.307604 v u_input_buffer.mem[3][2]$_DFFE_PP_/D (sg13g2_dfrbpq_1)
                                              0.307604   data arrival time

                      0.150000    0.000000    0.000000   clock clk (rise edge)
                                  0.000000    0.000000   clock network delay (ideal)
                                  0.250000    0.250000   clock uncertainty
                                  0.000000    0.250000   clock reconvergence pessimism
                                              0.250000 ^ u_input_buffer.mem[3][2]$_DFFE_PP_/CLK (sg13g2_dfrbpq_1)
                                 -0.006515    0.243485   library hold time
                                              0.243485   data required time
---------------------------------------------------------------------------------------------
                                              0.243485   data required time
                                             -0.307604   data arrival time
---------------------------------------------------------------------------------------------
                                              0.064119   slack (MET)


Startpoint: u_input_buffer.mem[7][4]$_DFFE_PP_
            (rising edge-triggered flip-flop clocked by clk)
Endpoint: u_input_buffer.mem[7][4]$_DFFE_PP_
          (rising edge-triggered flip-flop clocked by clk)
Path Group: clk
Path Type: min

Fanout         Cap        Slew       Delay        Time   Description
---------------------------------------------------------------------------------------------
                      0.150000    0.000000    0.000000   clock clk (rise edge)
                                  0.000000    0.000000   clock network delay (ideal)
                      0.150000    0.000000    0.000000 ^ u_input_buffer.mem[7][4]$_DFFE_PP_/CLK (sg13g2_dfrbpq_1)
     2    0.005885    0.028561    0.221318    0.221318 v u_input_buffer.mem[7][4]$_DFFE_PP_/Q (sg13g2_dfrbpq_1)
                                                         u_input_buffer.mem[7][4] (net)
                      0.028561    0.000000    0.221318 v _3631_/A (sg13g2_nor2_1)
     1    0.002949    0.043921    0.056447    0.277765 ^ _3631_/Y (sg13g2_nor2_1)
                                                         _0738_ (net)
                      0.043921    0.000000    0.277765 ^ _3632_/B1 (sg13g2_a21oi_1)
     1    0.001430    0.017670    0.029839    0.307604 v _3632_/Y (sg13g2_a21oi_1)
                                                         _0284_ (net)
                      0.017670    0.000000    0.307604 v u_input_buffer.mem[7][4]$_DFFE_PP_/D (sg13g2_dfrbpq_1)
                                              0.307604   data arrival time

                      0.150000    0.000000    0.000000   clock clk (rise edge)
                                  0.000000    0.000000   clock network delay (ideal)
                                  0.250000    0.250000   clock uncertainty
                                  0.000000    0.250000   clock reconvergence pessimism
                                              0.250000 ^ u_input_buffer.mem[7][4]$_DFFE_PP_/CLK (sg13g2_dfrbpq_1)
                                 -0.006515    0.243485   library hold time
                                              0.243485   data required time
---------------------------------------------------------------------------------------------
                                              0.243485   data required time
                                             -0.307604   data arrival time
---------------------------------------------------------------------------------------------
                                              0.064119   slack (MET)


Startpoint: u_input_buffer.mem[12][0]$_DFFE_PP_
            (rising edge-triggered flip-flop clocked by clk)
Endpoint: u_input_buffer.mem[12][0]$_DFFE_PP_
          (rising edge-triggered flip-flop clocked by clk)
Path Group: clk
Path Type: min

Fanout         Cap        Slew       Delay        Time   Description
---------------------------------------------------------------------------------------------
                      0.150000    0.000000    0.000000   clock clk (rise edge)
                                  0.000000    0.000000   clock network delay (ideal)
                      0.150000    0.000000    0.000000 ^ u_input_buffer.mem[12][0]$_DFFE_PP_/CLK (sg13g2_dfrbpq_1)
     2    0.005911    0.028637    0.221383    0.221383 v u_input_buffer.mem[12][0]$_DFFE_PP_/Q (sg13g2_dfrbpq_1)
                                                         u_input_buffer.mem[12][0] (net)
                      0.028637    0.000000    0.221383 v _3175_/A (sg13g2_nor2_1)
     1    0.002949    0.043929    0.056471    0.277854 ^ _3175_/Y (sg13g2_nor2_1)
                                                         _0494_ (net)
                      0.043929    0.000000    0.277854 ^ _3176_/B1 (sg13g2_a21oi_1)
     1    0.001430    0.017671    0.029842    0.307696 v _3176_/Y (sg13g2_a21oi_1)
                                                         _0072_ (net)
                      0.017671    0.000000    0.307696 v u_input_buffer.mem[12][0]$_DFFE_PP_/D (sg13g2_dfrbpq_1)
                                              0.307696   data arrival time

                      0.150000    0.000000    0.000000   clock clk (rise edge)
                                  0.000000    0.000000   clock network delay (ideal)
                                  0.250000    0.250000   clock uncertainty
                                  0.000000    0.250000   clock reconvergence pessimism
                                              0.250000 ^ u_input_buffer.mem[12][0]$_DFFE_PP_/CLK (sg13g2_dfrbpq_1)
                                 -0.006516    0.243484   library hold time
                                              0.243484   data required time
---------------------------------------------------------------------------------------------
                                              0.243484   data required time
                                             -0.307696   data arrival time
---------------------------------------------------------------------------------------------
                                              0.064211   slack (MET)


Startpoint: u_input_buffer.mem[12][1]$_DFFE_PP_
            (rising edge-triggered flip-flop clocked by clk)
Endpoint: u_input_buffer.mem[12][1]$_DFFE_PP_
          (rising edge-triggered flip-flop clocked by clk)
Path Group: clk
Path Type: min

Fanout         Cap        Slew       Delay        Time   Description
---------------------------------------------------------------------------------------------
                      0.150000    0.000000    0.000000   clock clk (rise edge)
                                  0.000000    0.000000   clock network delay (ideal)
                      0.150000    0.000000    0.000000 ^ u_input_buffer.mem[12][1]$_DFFE_PP_/CLK (sg13g2_dfrbpq_1)
     2    0.005911    0.028637    0.221383    0.221383 v u_input_buffer.mem[12][1]$_DFFE_PP_/Q (sg13g2_dfrbpq_1)
                                                         u_input_buffer.mem[12][1] (net)
                      0.028637    0.000000    0.221383 v _3177_/A (sg13g2_nor2_1)
     1    0.002949    0.043929    0.056471    0.277854 ^ _3177_/Y (sg13g2_nor2_1)
                                                         _0495_ (net)
                      0.043929    0.000000    0.277854 ^ _3178_/B1 (sg13g2_a21oi_1)
     1    0.001430    0.017671    0.029842    0.307696 v _3178_/Y (sg13g2_a21oi_1)
                                                         _0073_ (net)
                      0.017671    0.000000    0.307696 v u_input_buffer.mem[12][1]$_DFFE_PP_/D (sg13g2_dfrbpq_1)
                                              0.307696   data arrival time

                      0.150000    0.000000    0.000000   clock clk (rise edge)
                                  0.000000    0.000000   clock network delay (ideal)
                                  0.250000    0.250000   clock uncertainty
                                  0.000000    0.250000   clock reconvergence pessimism
                                              0.250000 ^ u_input_buffer.mem[12][1]$_DFFE_PP_/CLK (sg13g2_dfrbpq_1)
                                 -0.006516    0.243484   library hold time
                                              0.243484   data required time
---------------------------------------------------------------------------------------------
                                              0.243484   data required time
                                             -0.307696   data arrival time
---------------------------------------------------------------------------------------------
                                              0.064211   slack (MET)


Startpoint: u_input_buffer.mem[12][2]$_DFFE_PP_
            (rising edge-triggered flip-flop clocked by clk)
Endpoint: u_input_buffer.mem[12][2]$_DFFE_PP_
          (rising edge-triggered flip-flop clocked by clk)
Path Group: clk
Path Type: min

Fanout         Cap        Slew       Delay        Time   Description
---------------------------------------------------------------------------------------------
                      0.150000    0.000000    0.000000   clock clk (rise edge)
                                  0.000000    0.000000   clock network delay (ideal)
                      0.150000    0.000000    0.000000 ^ u_input_buffer.mem[12][2]$_DFFE_PP_/CLK (sg13g2_dfrbpq_1)
     2    0.005911    0.028637    0.221383    0.221383 v u_input_buffer.mem[12][2]$_DFFE_PP_/Q (sg13g2_dfrbpq_1)
                                                         u_input_buffer.mem[12][2] (net)
                      0.028637    0.000000    0.221383 v _3179_/A (sg13g2_nor2_1)
     1    0.002949    0.043929    0.056471    0.277854 ^ _3179_/Y (sg13g2_nor2_1)
                                                         _0496_ (net)
                      0.043929    0.000000    0.277854 ^ _3180_/B1 (sg13g2_a21oi_1)
     1    0.001430    0.017671    0.029842    0.307696 v _3180_/Y (sg13g2_a21oi_1)
                                                         _0074_ (net)
                      0.017671    0.000000    0.307696 v u_input_buffer.mem[12][2]$_DFFE_PP_/D (sg13g2_dfrbpq_1)
                                              0.307696   data arrival time

                      0.150000    0.000000    0.000000   clock clk (rise edge)
                                  0.000000    0.000000   clock network delay (ideal)
                                  0.250000    0.250000   clock uncertainty
                                  0.000000    0.250000   clock reconvergence pessimism
                                              0.250000 ^ u_input_buffer.mem[12][2]$_DFFE_PP_/CLK (sg13g2_dfrbpq_1)
                                 -0.006516    0.243484   library hold time
                                              0.243484   data required time
---------------------------------------------------------------------------------------------
                                              0.243484   data required time
                                             -0.307696   data arrival time
---------------------------------------------------------------------------------------------
                                              0.064211   slack (MET)


Startpoint: u_input_buffer.mem[12][3]$_DFFE_PP_
            (rising edge-triggered flip-flop clocked by clk)
Endpoint: u_input_buffer.mem[12][3]$_DFFE_PP_
          (rising edge-triggered flip-flop clocked by clk)
Path Group: clk
Path Type: min

Fanout         Cap        Slew       Delay        Time   Description
---------------------------------------------------------------------------------------------
                      0.150000    0.000000    0.000000   clock clk (rise edge)
                                  0.000000    0.000000   clock network delay (ideal)
                      0.150000    0.000000    0.000000 ^ u_input_buffer.mem[12][3]$_DFFE_PP_/CLK (sg13g2_dfrbpq_1)
     2    0.005911    0.028637    0.221383    0.221383 v u_input_buffer.mem[12][3]$_DFFE_PP_/Q (sg13g2_dfrbpq_1)
                                                         u_input_buffer.mem[12][3] (net)
                      0.028637    0.000000    0.221383 v _3181_/A (sg13g2_nor2_1)
     1    0.002949    0.043929    0.056471    0.277854 ^ _3181_/Y (sg13g2_nor2_1)
                                                         _0497_ (net)
                      0.043929    0.000000    0.277854 ^ _3182_/B1 (sg13g2_a21oi_1)
     1    0.001430    0.017671    0.029842    0.307696 v _3182_/Y (sg13g2_a21oi_1)
                                                         _0075_ (net)
                      0.017671    0.000000    0.307696 v u_input_buffer.mem[12][3]$_DFFE_PP_/D (sg13g2_dfrbpq_1)
                                              0.307696   data arrival time

                      0.150000    0.000000    0.000000   clock clk (rise edge)
                                  0.000000    0.000000   clock network delay (ideal)
                                  0.250000    0.250000   clock uncertainty
                                  0.000000    0.250000   clock reconvergence pessimism
                                              0.250000 ^ u_input_buffer.mem[12][3]$_DFFE_PP_/CLK (sg13g2_dfrbpq_1)
                                 -0.006516    0.243484   library hold time
                                              0.243484   data required time
---------------------------------------------------------------------------------------------
                                              0.243484   data required time
                                             -0.307696   data arrival time
---------------------------------------------------------------------------------------------
                                              0.064211   slack (MET)


Startpoint: u_input_buffer.mem[12][4]$_DFFE_PP_
            (rising edge-triggered flip-flop clocked by clk)
Endpoint: u_input_buffer.mem[12][4]$_DFFE_PP_
          (rising edge-triggered flip-flop clocked by clk)
Path Group: clk
Path Type: min

Fanout         Cap        Slew       Delay        Time   Description
---------------------------------------------------------------------------------------------
                      0.150000    0.000000    0.000000   clock clk (rise edge)
                                  0.000000    0.000000   clock network delay (ideal)
                      0.150000    0.000000    0.000000 ^ u_input_buffer.mem[12][4]$_DFFE_PP_/CLK (sg13g2_dfrbpq_1)
     2    0.005911    0.028637    0.221383    0.221383 v u_input_buffer.mem[12][4]$_DFFE_PP_/Q (sg13g2_dfrbpq_1)
                                                         u_input_buffer.mem[12][4] (net)
                      0.028637    0.000000    0.221383 v _3183_/A (sg13g2_nor2_1)
     1    0.002949    0.043929    0.056471    0.277854 ^ _3183_/Y (sg13g2_nor2_1)
                                                         _0498_ (net)
                      0.043929    0.000000    0.277854 ^ _3184_/B1 (sg13g2_a21oi_1)
     1    0.001430    0.017671    0.029842    0.307696 v _3184_/Y (sg13g2_a21oi_1)
                                                         _0076_ (net)
                      0.017671    0.000000    0.307696 v u_input_buffer.mem[12][4]$_DFFE_PP_/D (sg13g2_dfrbpq_1)
                                              0.307696   data arrival time

                      0.150000    0.000000    0.000000   clock clk (rise edge)
                                  0.000000    0.000000   clock network delay (ideal)
                                  0.250000    0.250000   clock uncertainty
                                  0.000000    0.250000   clock reconvergence pessimism
                                              0.250000 ^ u_input_buffer.mem[12][4]$_DFFE_PP_/CLK (sg13g2_dfrbpq_1)
                                 -0.006516    0.243484   library hold time
                                              0.243484   data required time
---------------------------------------------------------------------------------------------
                                              0.243484   data required time
                                             -0.307696   data arrival time
---------------------------------------------------------------------------------------------
                                              0.064211   slack (MET)


Startpoint: u_input_buffer.mem[12][5]$_DFFE_PP_
            (rising edge-triggered flip-flop clocked by clk)
Endpoint: u_input_buffer.mem[12][5]$_DFFE_PP_
          (rising edge-triggered flip-flop clocked by clk)
Path Group: clk
Path Type: min

Fanout         Cap        Slew       Delay        Time   Description
---------------------------------------------------------------------------------------------
                      0.150000    0.000000    0.000000   clock clk (rise edge)
                                  0.000000    0.000000   clock network delay (ideal)
                      0.150000    0.000000    0.000000 ^ u_input_buffer.mem[12][5]$_DFFE_PP_/CLK (sg13g2_dfrbpq_1)
     2    0.005911    0.028637    0.221383    0.221383 v u_input_buffer.mem[12][5]$_DFFE_PP_/Q (sg13g2_dfrbpq_1)
                                                         u_input_buffer.mem[12][5] (net)
                      0.028637    0.000000    0.221383 v _3185_/A (sg13g2_nor2_1)
     1    0.002949    0.043929    0.056471    0.277854 ^ _3185_/Y (sg13g2_nor2_1)
                                                         _0499_ (net)
                      0.043929    0.000000    0.277854 ^ _3186_/B1 (sg13g2_a21oi_1)
     1    0.001430    0.017671    0.029842    0.307696 v _3186_/Y (sg13g2_a21oi_1)
                                                         _0077_ (net)
                      0.017671    0.000000    0.307696 v u_input_buffer.mem[12][5]$_DFFE_PP_/D (sg13g2_dfrbpq_1)
                                              0.307696   data arrival time

                      0.150000    0.000000    0.000000   clock clk (rise edge)
                                  0.000000    0.000000   clock network delay (ideal)
                                  0.250000    0.250000   clock uncertainty
                                  0.000000    0.250000   clock reconvergence pessimism
                                              0.250000 ^ u_input_buffer.mem[12][5]$_DFFE_PP_/CLK (sg13g2_dfrbpq_1)
                                 -0.006516    0.243484   library hold time
                                              0.243484   data required time
---------------------------------------------------------------------------------------------
                                              0.243484   data required time
                                             -0.307696   data arrival time
---------------------------------------------------------------------------------------------
                                              0.064211   slack (MET)


Startpoint: u_input_buffer.mem[12][6]$_DFFE_PP_
            (rising edge-triggered flip-flop clocked by clk)
Endpoint: u_input_buffer.mem[12][6]$_DFFE_PP_
          (rising edge-triggered flip-flop clocked by clk)
Path Group: clk
Path Type: min

Fanout         Cap        Slew       Delay        Time   Description
---------------------------------------------------------------------------------------------
                      0.150000    0.000000    0.000000   clock clk (rise edge)
                                  0.000000    0.000000   clock network delay (ideal)
                      0.150000    0.000000    0.000000 ^ u_input_buffer.mem[12][6]$_DFFE_PP_/CLK (sg13g2_dfrbpq_1)
     2    0.005911    0.028637    0.221383    0.221383 v u_input_buffer.mem[12][6]$_DFFE_PP_/Q (sg13g2_dfrbpq_1)
                                                         u_input_buffer.mem[12][6] (net)
                      0.028637    0.000000    0.221383 v _3187_/A (sg13g2_nor2_1)
     1    0.002949    0.043929    0.056471    0.277854 ^ _3187_/Y (sg13g2_nor2_1)
                                                         _0500_ (net)
                      0.043929    0.000000    0.277854 ^ _3188_/B1 (sg13g2_a21oi_1)
     1    0.001430    0.017671    0.029842    0.307696 v _3188_/Y (sg13g2_a21oi_1)
                                                         _0078_ (net)
                      0.017671    0.000000    0.307696 v u_input_buffer.mem[12][6]$_DFFE_PP_/D (sg13g2_dfrbpq_1)
                                              0.307696   data arrival time

                      0.150000    0.000000    0.000000   clock clk (rise edge)
                                  0.000000    0.000000   clock network delay (ideal)
                                  0.250000    0.250000   clock uncertainty
                                  0.000000    0.250000   clock reconvergence pessimism
                                              0.250000 ^ u_input_buffer.mem[12][6]$_DFFE_PP_/CLK (sg13g2_dfrbpq_1)
                                 -0.006516    0.243484   library hold time
                                              0.243484   data required time
---------------------------------------------------------------------------------------------
                                              0.243484   data required time
                                             -0.307696   data arrival time
---------------------------------------------------------------------------------------------
                                              0.064211   slack (MET)


Startpoint: u_input_buffer.mem[12][7]$_DFFE_PP_
            (rising edge-triggered flip-flop clocked by clk)
Endpoint: u_input_buffer.mem[12][7]$_DFFE_PP_
          (rising edge-triggered flip-flop clocked by clk)
Path Group: clk
Path Type: min

Fanout         Cap        Slew       Delay        Time   Description
---------------------------------------------------------------------------------------------
                      0.150000    0.000000    0.000000   clock clk (rise edge)
                                  0.000000    0.000000   clock network delay (ideal)
                      0.150000    0.000000    0.000000 ^ u_input_buffer.mem[12][7]$_DFFE_PP_/CLK (sg13g2_dfrbpq_1)
     2    0.005911    0.028637    0.221383    0.221383 v u_input_buffer.mem[12][7]$_DFFE_PP_/Q (sg13g2_dfrbpq_1)
                                                         u_input_buffer.mem[12][7] (net)
                      0.028637    0.000000    0.221383 v _3189_/A (sg13g2_nor2_1)
     1    0.002949    0.043929    0.056471    0.277854 ^ _3189_/Y (sg13g2_nor2_1)
                                                         _0501_ (net)
                      0.043929    0.000000    0.277854 ^ _3190_/B1 (sg13g2_a21oi_1)
     1    0.001430    0.017671    0.029842    0.307696 v _3190_/Y (sg13g2_a21oi_1)
                                                         _0079_ (net)
                      0.017671    0.000000    0.307696 v u_input_buffer.mem[12][7]$_DFFE_PP_/D (sg13g2_dfrbpq_1)
                                              0.307696   data arrival time

                      0.150000    0.000000    0.000000   clock clk (rise edge)
                                  0.000000    0.000000   clock network delay (ideal)
                                  0.250000    0.250000   clock uncertainty
                                  0.000000    0.250000   clock reconvergence pessimism
                                              0.250000 ^ u_input_buffer.mem[12][7]$_DFFE_PP_/CLK (sg13g2_dfrbpq_1)
                                 -0.006516    0.243484   library hold time
                                              0.243484   data required time
---------------------------------------------------------------------------------------------
                                              0.243484   data required time
                                             -0.307696   data arrival time
---------------------------------------------------------------------------------------------
                                              0.064211   slack (MET)


Startpoint: u_input_buffer.mem[13][0]$_DFFE_PP_
            (rising edge-triggered flip-flop clocked by clk)
Endpoint: u_input_buffer.mem[13][0]$_DFFE_PP_
          (rising edge-triggered flip-flop clocked by clk)
Path Group: clk
Path Type: min

Fanout         Cap        Slew       Delay        Time   Description
---------------------------------------------------------------------------------------------
                      0.150000    0.000000    0.000000   clock clk (rise edge)
                                  0.000000    0.000000   clock network delay (ideal)
                      0.150000    0.000000    0.000000 ^ u_input_buffer.mem[13][0]$_DFFE_PP_/CLK (sg13g2_dfrbpq_1)
     2    0.005911    0.028637    0.221383    0.221383 v u_input_buffer.mem[13][0]$_DFFE_PP_/Q (sg13g2_dfrbpq_1)
                                                         u_input_buffer.mem[13][0] (net)
                      0.028637    0.000000    0.221383 v _3193_/A (sg13g2_nor2_1)
     1    0.002949    0.043929    0.056471    0.277854 ^ _3193_/Y (sg13g2_nor2_1)
                                                         _0504_ (net)
                      0.043929    0.000000    0.277854 ^ _3194_/B1 (sg13g2_a21oi_1)
     1    0.001430    0.017671    0.029842    0.307696 v _3194_/Y (sg13g2_a21oi_1)
                                                         _0080_ (net)
                      0.017671    0.000000    0.307696 v u_input_buffer.mem[13][0]$_DFFE_PP_/D (sg13g2_dfrbpq_1)
                                              0.307696   data arrival time

                      0.150000    0.000000    0.000000   clock clk (rise edge)
                                  0.000000    0.000000   clock network delay (ideal)
                                  0.250000    0.250000   clock uncertainty
                                  0.000000    0.250000   clock reconvergence pessimism
                                              0.250000 ^ u_input_buffer.mem[13][0]$_DFFE_PP_/CLK (sg13g2_dfrbpq_1)
                                 -0.006516    0.243484   library hold time
                                              0.243484   data required time
---------------------------------------------------------------------------------------------
                                              0.243484   data required time
                                             -0.307696   data arrival time
---------------------------------------------------------------------------------------------
                                              0.064211   slack (MET)


Startpoint: u_input_buffer.mem[13][1]$_DFFE_PP_
            (rising edge-triggered flip-flop clocked by clk)
Endpoint: u_input_buffer.mem[13][1]$_DFFE_PP_
          (rising edge-triggered flip-flop clocked by clk)
Path Group: clk
Path Type: min

Fanout         Cap        Slew       Delay        Time   Description
---------------------------------------------------------------------------------------------
                      0.150000    0.000000    0.000000   clock clk (rise edge)
                                  0.000000    0.000000   clock network delay (ideal)
                      0.150000    0.000000    0.000000 ^ u_input_buffer.mem[13][1]$_DFFE_PP_/CLK (sg13g2_dfrbpq_1)
     2    0.005911    0.028637    0.221383    0.221383 v u_input_buffer.mem[13][1]$_DFFE_PP_/Q (sg13g2_dfrbpq_1)
                                                         u_input_buffer.mem[13][1] (net)
                      0.028637    0.000000    0.221383 v _3195_/A (sg13g2_nor2_1)
     1    0.002949    0.043929    0.056471    0.277854 ^ _3195_/Y (sg13g2_nor2_1)
                                                         _0505_ (net)
                      0.043929    0.000000    0.277854 ^ _3196_/B1 (sg13g2_a21oi_1)
     1    0.001430    0.017671    0.029842    0.307696 v _3196_/Y (sg13g2_a21oi_1)
                                                         _0081_ (net)
                      0.017671    0.000000    0.307696 v u_input_buffer.mem[13][1]$_DFFE_PP_/D (sg13g2_dfrbpq_1)
                                              0.307696   data arrival time

                      0.150000    0.000000    0.000000   clock clk (rise edge)
                                  0.000000    0.000000   clock network delay (ideal)
                                  0.250000    0.250000   clock uncertainty
                                  0.000000    0.250000   clock reconvergence pessimism
                                              0.250000 ^ u_input_buffer.mem[13][1]$_DFFE_PP_/CLK (sg13g2_dfrbpq_1)
                                 -0.006516    0.243484   library hold time
                                              0.243484   data required time
---------------------------------------------------------------------------------------------
                                              0.243484   data required time
                                             -0.307696   data arrival time
---------------------------------------------------------------------------------------------
                                              0.064211   slack (MET)


Startpoint: u_input_buffer.mem[13][2]$_DFFE_PP_
            (rising edge-triggered flip-flop clocked by clk)
Endpoint: u_input_buffer.mem[13][2]$_DFFE_PP_
          (rising edge-triggered flip-flop clocked by clk)
Path Group: clk
Path Type: min

Fanout         Cap        Slew       Delay        Time   Description
---------------------------------------------------------------------------------------------
                      0.150000    0.000000    0.000000   clock clk (rise edge)
                                  0.000000    0.000000   clock network delay (ideal)
                      0.150000    0.000000    0.000000 ^ u_input_buffer.mem[13][2]$_DFFE_PP_/CLK (sg13g2_dfrbpq_1)
     2    0.005911    0.028637    0.221383    0.221383 v u_input_buffer.mem[13][2]$_DFFE_PP_/Q (sg13g2_dfrbpq_1)
                                                         u_input_buffer.mem[13][2] (net)
                      0.028637    0.000000    0.221383 v _3197_/A (sg13g2_nor2_1)
     1    0.002949    0.043929    0.056471    0.277854 ^ _3197_/Y (sg13g2_nor2_1)
                                                         _0506_ (net)
                      0.043929    0.000000    0.277854 ^ _3198_/B1 (sg13g2_a21oi_1)
     1    0.001430    0.017671    0.029842    0.307696 v _3198_/Y (sg13g2_a21oi_1)
                                                         _0082_ (net)
                      0.017671    0.000000    0.307696 v u_input_buffer.mem[13][2]$_DFFE_PP_/D (sg13g2_dfrbpq_1)
                                              0.307696   data arrival time

                      0.150000    0.000000    0.000000   clock clk (rise edge)
                                  0.000000    0.000000   clock network delay (ideal)
                                  0.250000    0.250000   clock uncertainty
                                  0.000000    0.250000   clock reconvergence pessimism
                                              0.250000 ^ u_input_buffer.mem[13][2]$_DFFE_PP_/CLK (sg13g2_dfrbpq_1)
                                 -0.006516    0.243484   library hold time
                                              0.243484   data required time
---------------------------------------------------------------------------------------------
                                              0.243484   data required time
                                             -0.307696   data arrival time
---------------------------------------------------------------------------------------------
                                              0.064211   slack (MET)


Startpoint: u_input_buffer.mem[13][3]$_DFFE_PP_
            (rising edge-triggered flip-flop clocked by clk)
Endpoint: u_input_buffer.mem[13][3]$_DFFE_PP_
          (rising edge-triggered flip-flop clocked by clk)
Path Group: clk
Path Type: min

Fanout         Cap        Slew       Delay        Time   Description
---------------------------------------------------------------------------------------------
                      0.150000    0.000000    0.000000   clock clk (rise edge)
                                  0.000000    0.000000   clock network delay (ideal)
                      0.150000    0.000000    0.000000 ^ u_input_buffer.mem[13][3]$_DFFE_PP_/CLK (sg13g2_dfrbpq_1)
     2    0.005911    0.028637    0.221383    0.221383 v u_input_buffer.mem[13][3]$_DFFE_PP_/Q (sg13g2_dfrbpq_1)
                                                         u_input_buffer.mem[13][3] (net)
                      0.028637    0.000000    0.221383 v _3199_/A (sg13g2_nor2_1)
     1    0.002949    0.043929    0.056471    0.277854 ^ _3199_/Y (sg13g2_nor2_1)
                                                         _0507_ (net)
                      0.043929    0.000000    0.277854 ^ _3200_/B1 (sg13g2_a21oi_1)
     1    0.001430    0.017671    0.029842    0.307696 v _3200_/Y (sg13g2_a21oi_1)
                                                         _0083_ (net)
                      0.017671    0.000000    0.307696 v u_input_buffer.mem[13][3]$_DFFE_PP_/D (sg13g2_dfrbpq_1)
                                              0.307696   data arrival time

                      0.150000    0.000000    0.000000   clock clk (rise edge)
                                  0.000000    0.000000   clock network delay (ideal)
                                  0.250000    0.250000   clock uncertainty
                                  0.000000    0.250000   clock reconvergence pessimism
                                              0.250000 ^ u_input_buffer.mem[13][3]$_DFFE_PP_/CLK (sg13g2_dfrbpq_1)
                                 -0.006516    0.243484   library hold time
                                              0.243484   data required time
---------------------------------------------------------------------------------------------
                                              0.243484   data required time
                                             -0.307696   data arrival time
---------------------------------------------------------------------------------------------
                                              0.064211   slack (MET)


Startpoint: u_input_buffer.mem[13][4]$_DFFE_PP_
            (rising edge-triggered flip-flop clocked by clk)
Endpoint: u_input_buffer.mem[13][4]$_DFFE_PP_
          (rising edge-triggered flip-flop clocked by clk)
Path Group: clk
Path Type: min

Fanout         Cap        Slew       Delay        Time   Description
---------------------------------------------------------------------------------------------
                      0.150000    0.000000    0.000000   clock clk (rise edge)
                                  0.000000    0.000000   clock network delay (ideal)
                      0.150000    0.000000    0.000000 ^ u_input_buffer.mem[13][4]$_DFFE_PP_/CLK (sg13g2_dfrbpq_1)
     2    0.005911    0.028637    0.221383    0.221383 v u_input_buffer.mem[13][4]$_DFFE_PP_/Q (sg13g2_dfrbpq_1)
                                                         u_input_buffer.mem[13][4] (net)
                      0.028637    0.000000    0.221383 v _3201_/A (sg13g2_nor2_1)
     1    0.002949    0.043929    0.056471    0.277854 ^ _3201_/Y (sg13g2_nor2_1)
                                                         _0508_ (net)
                      0.043929    0.000000    0.277854 ^ _3202_/B1 (sg13g2_a21oi_1)
     1    0.001430    0.017671    0.029842    0.307696 v _3202_/Y (sg13g2_a21oi_1)
                                                         _0084_ (net)
                      0.017671    0.000000    0.307696 v u_input_buffer.mem[13][4]$_DFFE_PP_/D (sg13g2_dfrbpq_1)
                                              0.307696   data arrival time

                      0.150000    0.000000    0.000000   clock clk (rise edge)
                                  0.000000    0.000000   clock network delay (ideal)
                                  0.250000    0.250000   clock uncertainty
                                  0.000000    0.250000   clock reconvergence pessimism
                                              0.250000 ^ u_input_buffer.mem[13][4]$_DFFE_PP_/CLK (sg13g2_dfrbpq_1)
                                 -0.006516    0.243484   library hold time
                                              0.243484   data required time
---------------------------------------------------------------------------------------------
                                              0.243484   data required time
                                             -0.307696   data arrival time
---------------------------------------------------------------------------------------------
                                              0.064211   slack (MET)


Startpoint: u_input_buffer.mem[13][5]$_DFFE_PP_
            (rising edge-triggered flip-flop clocked by clk)
Endpoint: u_input_buffer.mem[13][5]$_DFFE_PP_
          (rising edge-triggered flip-flop clocked by clk)
Path Group: clk
Path Type: min

Fanout         Cap        Slew       Delay        Time   Description
---------------------------------------------------------------------------------------------
                      0.150000    0.000000    0.000000   clock clk (rise edge)
                                  0.000000    0.000000   clock network delay (ideal)
                      0.150000    0.000000    0.000000 ^ u_input_buffer.mem[13][5]$_DFFE_PP_/CLK (sg13g2_dfrbpq_1)
     2    0.005911    0.028637    0.221383    0.221383 v u_input_buffer.mem[13][5]$_DFFE_PP_/Q (sg13g2_dfrbpq_1)
                                                         u_input_buffer.mem[13][5] (net)
                      0.028637    0.000000    0.221383 v _3203_/A (sg13g2_nor2_1)
     1    0.002949    0.043929    0.056471    0.277854 ^ _3203_/Y (sg13g2_nor2_1)
                                                         _0509_ (net)
                      0.043929    0.000000    0.277854 ^ _3204_/B1 (sg13g2_a21oi_1)
     1    0.001430    0.017671    0.029842    0.307696 v _3204_/Y (sg13g2_a21oi_1)
                                                         _0085_ (net)
                      0.017671    0.000000    0.307696 v u_input_buffer.mem[13][5]$_DFFE_PP_/D (sg13g2_dfrbpq_1)
                                              0.307696   data arrival time

                      0.150000    0.000000    0.000000   clock clk (rise edge)
                                  0.000000    0.000000   clock network delay (ideal)
                                  0.250000    0.250000   clock uncertainty
                                  0.000000    0.250000   clock reconvergence pessimism
                                              0.250000 ^ u_input_buffer.mem[13][5]$_DFFE_PP_/CLK (sg13g2_dfrbpq_1)
                                 -0.006516    0.243484   library hold time
                                              0.243484   data required time
---------------------------------------------------------------------------------------------
                                              0.243484   data required time
                                             -0.307696   data arrival time
---------------------------------------------------------------------------------------------
                                              0.064211   slack (MET)


Startpoint: u_input_buffer.mem[13][6]$_DFFE_PP_
            (rising edge-triggered flip-flop clocked by clk)
Endpoint: u_input_buffer.mem[13][6]$_DFFE_PP_
          (rising edge-triggered flip-flop clocked by clk)
Path Group: clk
Path Type: min

Fanout         Cap        Slew       Delay        Time   Description
---------------------------------------------------------------------------------------------
                      0.150000    0.000000    0.000000   clock clk (rise edge)
                                  0.000000    0.000000   clock network delay (ideal)
                      0.150000    0.000000    0.000000 ^ u_input_buffer.mem[13][6]$_DFFE_PP_/CLK (sg13g2_dfrbpq_1)
     2    0.005911    0.028637    0.221383    0.221383 v u_input_buffer.mem[13][6]$_DFFE_PP_/Q (sg13g2_dfrbpq_1)
                                                         u_input_buffer.mem[13][6] (net)
                      0.028637    0.000000    0.221383 v _3205_/A (sg13g2_nor2_1)
     1    0.002949    0.043929    0.056471    0.277854 ^ _3205_/Y (sg13g2_nor2_1)
                                                         _0510_ (net)
                      0.043929    0.000000    0.277854 ^ _3206_/B1 (sg13g2_a21oi_1)
     1    0.001430    0.017671    0.029842    0.307696 v _3206_/Y (sg13g2_a21oi_1)
                                                         _0086_ (net)
                      0.017671    0.000000    0.307696 v u_input_buffer.mem[13][6]$_DFFE_PP_/D (sg13g2_dfrbpq_1)
                                              0.307696   data arrival time

                      0.150000    0.000000    0.000000   clock clk (rise edge)
                                  0.000000    0.000000   clock network delay (ideal)
                                  0.250000    0.250000   clock uncertainty
                                  0.000000    0.250000   clock reconvergence pessimism
                                              0.250000 ^ u_input_buffer.mem[13][6]$_DFFE_PP_/CLK (sg13g2_dfrbpq_1)
                                 -0.006516    0.243484   library hold time
                                              0.243484   data required time
---------------------------------------------------------------------------------------------
                                              0.243484   data required time
                                             -0.307696   data arrival time
---------------------------------------------------------------------------------------------
                                              0.064211   slack (MET)


Startpoint: u_input_buffer.mem[13][7]$_DFFE_PP_
            (rising edge-triggered flip-flop clocked by clk)
Endpoint: u_input_buffer.mem[13][7]$_DFFE_PP_
          (rising edge-triggered flip-flop clocked by clk)
Path Group: clk
Path Type: min

Fanout         Cap        Slew       Delay        Time   Description
---------------------------------------------------------------------------------------------
                      0.150000    0.000000    0.000000   clock clk (rise edge)
                                  0.000000    0.000000   clock network delay (ideal)
                      0.150000    0.000000    0.000000 ^ u_input_buffer.mem[13][7]$_DFFE_PP_/CLK (sg13g2_dfrbpq_1)
     2    0.005911    0.028637    0.221383    0.221383 v u_input_buffer.mem[13][7]$_DFFE_PP_/Q (sg13g2_dfrbpq_1)
                                                         u_input_buffer.mem[13][7] (net)
                      0.028637    0.000000    0.221383 v _3207_/A (sg13g2_nor2_1)
     1    0.002949    0.043929    0.056471    0.277854 ^ _3207_/Y (sg13g2_nor2_1)
                                                         _0511_ (net)
                      0.043929    0.000000    0.277854 ^ _3208_/B1 (sg13g2_a21oi_1)
     1    0.001430    0.017671    0.029842    0.307696 v _3208_/Y (sg13g2_a21oi_1)
                                                         _0087_ (net)
                      0.017671    0.000000    0.307696 v u_input_buffer.mem[13][7]$_DFFE_PP_/D (sg13g2_dfrbpq_1)
                                              0.307696   data arrival time

                      0.150000    0.000000    0.000000   clock clk (rise edge)
                                  0.000000    0.000000   clock network delay (ideal)
                                  0.250000    0.250000   clock uncertainty
                                  0.000000    0.250000   clock reconvergence pessimism
                                              0.250000 ^ u_input_buffer.mem[13][7]$_DFFE_PP_/CLK (sg13g2_dfrbpq_1)
                                 -0.006516    0.243484   library hold time
                                              0.243484   data required time
---------------------------------------------------------------------------------------------
                                              0.243484   data required time
                                             -0.307696   data arrival time
---------------------------------------------------------------------------------------------
                                              0.064211   slack (MET)


Startpoint: u_input_buffer.mem[14][0]$_DFFE_PP_
            (rising edge-triggered flip-flop clocked by clk)
Endpoint: u_input_buffer.mem[14][0]$_DFFE_PP_
          (rising edge-triggered flip-flop clocked by clk)
Path Group: clk
Path Type: min

Fanout         Cap        Slew       Delay        Time   Description
---------------------------------------------------------------------------------------------
                      0.150000    0.000000    0.000000   clock clk (rise edge)
                                  0.000000    0.000000   clock network delay (ideal)
                      0.150000    0.000000    0.000000 ^ u_input_buffer.mem[14][0]$_DFFE_PP_/CLK (sg13g2_dfrbpq_1)
     2    0.005911    0.028637    0.221383    0.221383 v u_input_buffer.mem[14][0]$_DFFE_PP_/Q (sg13g2_dfrbpq_1)
                                                         u_input_buffer.mem[14][0] (net)
                      0.028637    0.000000    0.221383 v _3210_/A (sg13g2_nor2_1)
     1    0.002949    0.043929    0.056471    0.277854 ^ _3210_/Y (sg13g2_nor2_1)
                                                         _0513_ (net)
                      0.043929    0.000000    0.277854 ^ _3211_/B1 (sg13g2_a21oi_1)
     1    0.001430    0.017671    0.029842    0.307696 v _3211_/Y (sg13g2_a21oi_1)
                                                         _0088_ (net)
                      0.017671    0.000000    0.307696 v u_input_buffer.mem[14][0]$_DFFE_PP_/D (sg13g2_dfrbpq_1)
                                              0.307696   data arrival time

                      0.150000    0.000000    0.000000   clock clk (rise edge)
                                  0.000000    0.000000   clock network delay (ideal)
                                  0.250000    0.250000   clock uncertainty
                                  0.000000    0.250000   clock reconvergence pessimism
                                              0.250000 ^ u_input_buffer.mem[14][0]$_DFFE_PP_/CLK (sg13g2_dfrbpq_1)
                                 -0.006516    0.243484   library hold time
                                              0.243484   data required time
---------------------------------------------------------------------------------------------
                                              0.243484   data required time
                                             -0.307696   data arrival time
---------------------------------------------------------------------------------------------
                                              0.064211   slack (MET)


Startpoint: u_input_buffer.mem[14][1]$_DFFE_PP_
            (rising edge-triggered flip-flop clocked by clk)
Endpoint: u_input_buffer.mem[14][1]$_DFFE_PP_
          (rising edge-triggered flip-flop clocked by clk)
Path Group: clk
Path Type: min

Fanout         Cap        Slew       Delay        Time   Description
---------------------------------------------------------------------------------------------
                      0.150000    0.000000    0.000000   clock clk (rise edge)
                                  0.000000    0.000000   clock network delay (ideal)
                      0.150000    0.000000    0.000000 ^ u_input_buffer.mem[14][1]$_DFFE_PP_/CLK (sg13g2_dfrbpq_1)
     2    0.005911    0.028637    0.221383    0.221383 v u_input_buffer.mem[14][1]$_DFFE_PP_/Q (sg13g2_dfrbpq_1)
                                                         u_input_buffer.mem[14][1] (net)
                      0.028637    0.000000    0.221383 v _3212_/A (sg13g2_nor2_1)
     1    0.002949    0.043929    0.056471    0.277854 ^ _3212_/Y (sg13g2_nor2_1)
                                                         _0514_ (net)
                      0.043929    0.000000    0.277854 ^ _3213_/B1 (sg13g2_a21oi_1)
     1    0.001430    0.017671    0.029842    0.307696 v _3213_/Y (sg13g2_a21oi_1)
                                                         _0089_ (net)
                      0.017671    0.000000    0.307696 v u_input_buffer.mem[14][1]$_DFFE_PP_/D (sg13g2_dfrbpq_1)
                                              0.307696   data arrival time

                      0.150000    0.000000    0.000000   clock clk (rise edge)
                                  0.000000    0.000000   clock network delay (ideal)
                                  0.250000    0.250000   clock uncertainty
                                  0.000000    0.250000   clock reconvergence pessimism
                                              0.250000 ^ u_input_buffer.mem[14][1]$_DFFE_PP_/CLK (sg13g2_dfrbpq_1)
                                 -0.006516    0.243484   library hold time
                                              0.243484   data required time
---------------------------------------------------------------------------------------------
                                              0.243484   data required time
                                             -0.307696   data arrival time
---------------------------------------------------------------------------------------------
                                              0.064211   slack (MET)


Startpoint: u_input_buffer.mem[14][2]$_DFFE_PP_
            (rising edge-triggered flip-flop clocked by clk)
Endpoint: u_input_buffer.mem[14][2]$_DFFE_PP_
          (rising edge-triggered flip-flop clocked by clk)
Path Group: clk
Path Type: min

Fanout         Cap        Slew       Delay        Time   Description
---------------------------------------------------------------------------------------------
                      0.150000    0.000000    0.000000   clock clk (rise edge)
                                  0.000000    0.000000   clock network delay (ideal)
                      0.150000    0.000000    0.000000 ^ u_input_buffer.mem[14][2]$_DFFE_PP_/CLK (sg13g2_dfrbpq_1)
     2    0.005911    0.028637    0.221383    0.221383 v u_input_buffer.mem[14][2]$_DFFE_PP_/Q (sg13g2_dfrbpq_1)
                                                         u_input_buffer.mem[14][2] (net)
                      0.028637    0.000000    0.221383 v _3214_/A (sg13g2_nor2_1)
     1    0.002949    0.043929    0.056471    0.277854 ^ _3214_/Y (sg13g2_nor2_1)
                                                         _0515_ (net)
                      0.043929    0.000000    0.277854 ^ _3215_/B1 (sg13g2_a21oi_1)
     1    0.001430    0.017671    0.029842    0.307696 v _3215_/Y (sg13g2_a21oi_1)
                                                         _0090_ (net)
                      0.017671    0.000000    0.307696 v u_input_buffer.mem[14][2]$_DFFE_PP_/D (sg13g2_dfrbpq_1)
                                              0.307696   data arrival time

                      0.150000    0.000000    0.000000   clock clk (rise edge)
                                  0.000000    0.000000   clock network delay (ideal)
                                  0.250000    0.250000   clock uncertainty
                                  0.000000    0.250000   clock reconvergence pessimism
                                              0.250000 ^ u_input_buffer.mem[14][2]$_DFFE_PP_/CLK (sg13g2_dfrbpq_1)
                                 -0.006516    0.243484   library hold time
                                              0.243484   data required time
---------------------------------------------------------------------------------------------
                                              0.243484   data required time
                                             -0.307696   data arrival time
---------------------------------------------------------------------------------------------
                                              0.064211   slack (MET)


Startpoint: u_input_buffer.mem[14][3]$_DFFE_PP_
            (rising edge-triggered flip-flop clocked by clk)
Endpoint: u_input_buffer.mem[14][3]$_DFFE_PP_
          (rising edge-triggered flip-flop clocked by clk)
Path Group: clk
Path Type: min

Fanout         Cap        Slew       Delay        Time   Description
---------------------------------------------------------------------------------------------
                      0.150000    0.000000    0.000000   clock clk (rise edge)
                                  0.000000    0.000000   clock network delay (ideal)
                      0.150000    0.000000    0.000000 ^ u_input_buffer.mem[14][3]$_DFFE_PP_/CLK (sg13g2_dfrbpq_1)
     2    0.005911    0.028637    0.221383    0.221383 v u_input_buffer.mem[14][3]$_DFFE_PP_/Q (sg13g2_dfrbpq_1)
                                                         u_input_buffer.mem[14][3] (net)
                      0.028637    0.000000    0.221383 v _3216_/A (sg13g2_nor2_1)
     1    0.002949    0.043929    0.056471    0.277854 ^ _3216_/Y (sg13g2_nor2_1)
                                                         _0516_ (net)
                      0.043929    0.000000    0.277854 ^ _3217_/B1 (sg13g2_a21oi_1)
     1    0.001430    0.017671    0.029842    0.307696 v _3217_/Y (sg13g2_a21oi_1)
                                                         _0091_ (net)
                      0.017671    0.000000    0.307696 v u_input_buffer.mem[14][3]$_DFFE_PP_/D (sg13g2_dfrbpq_1)
                                              0.307696   data arrival time

                      0.150000    0.000000    0.000000   clock clk (rise edge)
                                  0.000000    0.000000   clock network delay (ideal)
                                  0.250000    0.250000   clock uncertainty
                                  0.000000    0.250000   clock reconvergence pessimism
                                              0.250000 ^ u_input_buffer.mem[14][3]$_DFFE_PP_/CLK (sg13g2_dfrbpq_1)
                                 -0.006516    0.243484   library hold time
                                              0.243484   data required time
---------------------------------------------------------------------------------------------
                                              0.243484   data required time
                                             -0.307696   data arrival time
---------------------------------------------------------------------------------------------
                                              0.064211   slack (MET)


Startpoint: u_input_buffer.mem[14][4]$_DFFE_PP_
            (rising edge-triggered flip-flop clocked by clk)
Endpoint: u_input_buffer.mem[14][4]$_DFFE_PP_
          (rising edge-triggered flip-flop clocked by clk)
Path Group: clk
Path Type: min

Fanout         Cap        Slew       Delay        Time   Description
---------------------------------------------------------------------------------------------
                      0.150000    0.000000    0.000000   clock clk (rise edge)
                                  0.000000    0.000000   clock network delay (ideal)
                      0.150000    0.000000    0.000000 ^ u_input_buffer.mem[14][4]$_DFFE_PP_/CLK (sg13g2_dfrbpq_1)
     2    0.005911    0.028637    0.221383    0.221383 v u_input_buffer.mem[14][4]$_DFFE_PP_/Q (sg13g2_dfrbpq_1)
                                                         u_input_buffer.mem[14][4] (net)
                      0.028637    0.000000    0.221383 v _3218_/A (sg13g2_nor2_1)
     1    0.002949    0.043929    0.056471    0.277854 ^ _3218_/Y (sg13g2_nor2_1)
                                                         _0517_ (net)
                      0.043929    0.000000    0.277854 ^ _3219_/B1 (sg13g2_a21oi_1)
     1    0.001430    0.017671    0.029842    0.307696 v _3219_/Y (sg13g2_a21oi_1)
                                                         _0092_ (net)
                      0.017671    0.000000    0.307696 v u_input_buffer.mem[14][4]$_DFFE_PP_/D (sg13g2_dfrbpq_1)
                                              0.307696   data arrival time

                      0.150000    0.000000    0.000000   clock clk (rise edge)
                                  0.000000    0.000000   clock network delay (ideal)
                                  0.250000    0.250000   clock uncertainty
                                  0.000000    0.250000   clock reconvergence pessimism
                                              0.250000 ^ u_input_buffer.mem[14][4]$_DFFE_PP_/CLK (sg13g2_dfrbpq_1)
                                 -0.006516    0.243484   library hold time
                                              0.243484   data required time
---------------------------------------------------------------------------------------------
                                              0.243484   data required time
                                             -0.307696   data arrival time
---------------------------------------------------------------------------------------------
                                              0.064211   slack (MET)


Startpoint: u_input_buffer.mem[14][5]$_DFFE_PP_
            (rising edge-triggered flip-flop clocked by clk)
Endpoint: u_input_buffer.mem[14][5]$_DFFE_PP_
          (rising edge-triggered flip-flop clocked by clk)
Path Group: clk
Path Type: min

Fanout         Cap        Slew       Delay        Time   Description
---------------------------------------------------------------------------------------------
                      0.150000    0.000000    0.000000   clock clk (rise edge)
                                  0.000000    0.000000   clock network delay (ideal)
                      0.150000    0.000000    0.000000 ^ u_input_buffer.mem[14][5]$_DFFE_PP_/CLK (sg13g2_dfrbpq_1)
     2    0.005911    0.028637    0.221383    0.221383 v u_input_buffer.mem[14][5]$_DFFE_PP_/Q (sg13g2_dfrbpq_1)
                                                         u_input_buffer.mem[14][5] (net)
                      0.028637    0.000000    0.221383 v _3220_/A (sg13g2_nor2_1)
     1    0.002949    0.043929    0.056471    0.277854 ^ _3220_/Y (sg13g2_nor2_1)
                                                         _0518_ (net)
                      0.043929    0.000000    0.277854 ^ _3221_/B1 (sg13g2_a21oi_1)
     1    0.001430    0.017671    0.029842    0.307696 v _3221_/Y (sg13g2_a21oi_1)
                                                         _0093_ (net)
                      0.017671    0.000000    0.307696 v u_input_buffer.mem[14][5]$_DFFE_PP_/D (sg13g2_dfrbpq_1)
                                              0.307696   data arrival time

                      0.150000    0.000000    0.000000   clock clk (rise edge)
                                  0.000000    0.000000   clock network delay (ideal)
                                  0.250000    0.250000   clock uncertainty
                                  0.000000    0.250000   clock reconvergence pessimism
                                              0.250000 ^ u_input_buffer.mem[14][5]$_DFFE_PP_/CLK (sg13g2_dfrbpq_1)
                                 -0.006516    0.243484   library hold time
                                              0.243484   data required time
---------------------------------------------------------------------------------------------
                                              0.243484   data required time
                                             -0.307696   data arrival time
---------------------------------------------------------------------------------------------
                                              0.064211   slack (MET)


Startpoint: u_input_buffer.mem[14][6]$_DFFE_PP_
            (rising edge-triggered flip-flop clocked by clk)
Endpoint: u_input_buffer.mem[14][6]$_DFFE_PP_
          (rising edge-triggered flip-flop clocked by clk)
Path Group: clk
Path Type: min

Fanout         Cap        Slew       Delay        Time   Description
---------------------------------------------------------------------------------------------
                      0.150000    0.000000    0.000000   clock clk (rise edge)
                                  0.000000    0.000000   clock network delay (ideal)
                      0.150000    0.000000    0.000000 ^ u_input_buffer.mem[14][6]$_DFFE_PP_/CLK (sg13g2_dfrbpq_1)
     2    0.005911    0.028637    0.221383    0.221383 v u_input_buffer.mem[14][6]$_DFFE_PP_/Q (sg13g2_dfrbpq_1)
                                                         u_input_buffer.mem[14][6] (net)
                      0.028637    0.000000    0.221383 v _3222_/A (sg13g2_nor2_1)
     1    0.002949    0.043929    0.056471    0.277854 ^ _3222_/Y (sg13g2_nor2_1)
                                                         _0519_ (net)
                      0.043929    0.000000    0.277854 ^ _3223_/B1 (sg13g2_a21oi_1)
     1    0.001430    0.017671    0.029842    0.307696 v _3223_/Y (sg13g2_a21oi_1)
                                                         _0094_ (net)
                      0.017671    0.000000    0.307696 v u_input_buffer.mem[14][6]$_DFFE_PP_/D (sg13g2_dfrbpq_1)
                                              0.307696   data arrival time

                      0.150000    0.000000    0.000000   clock clk (rise edge)
                                  0.000000    0.000000   clock network delay (ideal)
                                  0.250000    0.250000   clock uncertainty
                                  0.000000    0.250000   clock reconvergence pessimism
                                              0.250000 ^ u_input_buffer.mem[14][6]$_DFFE_PP_/CLK (sg13g2_dfrbpq_1)
                                 -0.006516    0.243484   library hold time
                                              0.243484   data required time
---------------------------------------------------------------------------------------------
                                              0.243484   data required time
                                             -0.307696   data arrival time
---------------------------------------------------------------------------------------------
                                              0.064211   slack (MET)


Startpoint: u_input_buffer.mem[14][7]$_DFFE_PP_
            (rising edge-triggered flip-flop clocked by clk)
Endpoint: u_input_buffer.mem[14][7]$_DFFE_PP_
          (rising edge-triggered flip-flop clocked by clk)
Path Group: clk
Path Type: min

Fanout         Cap        Slew       Delay        Time   Description
---------------------------------------------------------------------------------------------
                      0.150000    0.000000    0.000000   clock clk (rise edge)
                                  0.000000    0.000000   clock network delay (ideal)
                      0.150000    0.000000    0.000000 ^ u_input_buffer.mem[14][7]$_DFFE_PP_/CLK (sg13g2_dfrbpq_1)
     2    0.005911    0.028637    0.221383    0.221383 v u_input_buffer.mem[14][7]$_DFFE_PP_/Q (sg13g2_dfrbpq_1)
                                                         u_input_buffer.mem[14][7] (net)
                      0.028637    0.000000    0.221383 v _3224_/A (sg13g2_nor2_1)
     1    0.002949    0.043929    0.056471    0.277854 ^ _3224_/Y (sg13g2_nor2_1)
                                                         _0520_ (net)
                      0.043929    0.000000    0.277854 ^ _3225_/B1 (sg13g2_a21oi_1)
     1    0.001430    0.017671    0.029842    0.307696 v _3225_/Y (sg13g2_a21oi_1)
                                                         _0095_ (net)
                      0.017671    0.000000    0.307696 v u_input_buffer.mem[14][7]$_DFFE_PP_/D (sg13g2_dfrbpq_1)
                                              0.307696   data arrival time

                      0.150000    0.000000    0.000000   clock clk (rise edge)
                                  0.000000    0.000000   clock network delay (ideal)
                                  0.250000    0.250000   clock uncertainty
                                  0.000000    0.250000   clock reconvergence pessimism
                                              0.250000 ^ u_input_buffer.mem[14][7]$_DFFE_PP_/CLK (sg13g2_dfrbpq_1)
                                 -0.006516    0.243484   library hold time
                                              0.243484   data required time
---------------------------------------------------------------------------------------------
                                              0.243484   data required time
                                             -0.307696   data arrival time
---------------------------------------------------------------------------------------------
                                              0.064211   slack (MET)


Startpoint: u_input_buffer.mem[15][0]$_DFFE_PP_
            (rising edge-triggered flip-flop clocked by clk)
Endpoint: u_input_buffer.mem[15][0]$_DFFE_PP_
          (rising edge-triggered flip-flop clocked by clk)
Path Group: clk
Path Type: min

Fanout         Cap        Slew       Delay        Time   Description
---------------------------------------------------------------------------------------------
                      0.150000    0.000000    0.000000   clock clk (rise edge)
                                  0.000000    0.000000   clock network delay (ideal)
                      0.150000    0.000000    0.000000 ^ u_input_buffer.mem[15][0]$_DFFE_PP_/CLK (sg13g2_dfrbpq_1)
     2    0.005911    0.028637    0.221383    0.221383 v u_input_buffer.mem[15][0]$_DFFE_PP_/Q (sg13g2_dfrbpq_1)
                                                         u_input_buffer.mem[15][0] (net)
                      0.028637    0.000000    0.221383 v _3227_/A (sg13g2_nor2_1)
     1    0.002949    0.043929    0.056471    0.277854 ^ _3227_/Y (sg13g2_nor2_1)
                                                         _0522_ (net)
                      0.043929    0.000000    0.277854 ^ _3228_/B1 (sg13g2_a21oi_1)
     1    0.001430    0.017671    0.029842    0.307696 v _3228_/Y (sg13g2_a21oi_1)
                                                         _0096_ (net)
                      0.017671    0.000000    0.307696 v u_input_buffer.mem[15][0]$_DFFE_PP_/D (sg13g2_dfrbpq_1)
                                              0.307696   data arrival time

                      0.150000    0.000000    0.000000   clock clk (rise edge)
                                  0.000000    0.000000   clock network delay (ideal)
                                  0.250000    0.250000   clock uncertainty
                                  0.000000    0.250000   clock reconvergence pessimism
                                              0.250000 ^ u_input_buffer.mem[15][0]$_DFFE_PP_/CLK (sg13g2_dfrbpq_1)
                                 -0.006516    0.243484   library hold time
                                              0.243484   data required time
---------------------------------------------------------------------------------------------
                                              0.243484   data required time
                                             -0.307696   data arrival time
---------------------------------------------------------------------------------------------
                                              0.064211   slack (MET)


Startpoint: u_input_buffer.mem[15][1]$_DFFE_PP_
            (rising edge-triggered flip-flop clocked by clk)
Endpoint: u_input_buffer.mem[15][1]$_DFFE_PP_
          (rising edge-triggered flip-flop clocked by clk)
Path Group: clk
Path Type: min

Fanout         Cap        Slew       Delay        Time   Description
---------------------------------------------------------------------------------------------
                      0.150000    0.000000    0.000000   clock clk (rise edge)
                                  0.000000    0.000000   clock network delay (ideal)
                      0.150000    0.000000    0.000000 ^ u_input_buffer.mem[15][1]$_DFFE_PP_/CLK (sg13g2_dfrbpq_1)
     2    0.005911    0.028637    0.221383    0.221383 v u_input_buffer.mem[15][1]$_DFFE_PP_/Q (sg13g2_dfrbpq_1)
                                                         u_input_buffer.mem[15][1] (net)
                      0.028637    0.000000    0.221383 v _3229_/A (sg13g2_nor2_1)
     1    0.002949    0.043929    0.056471    0.277854 ^ _3229_/Y (sg13g2_nor2_1)
                                                         _0523_ (net)
                      0.043929    0.000000    0.277854 ^ _3230_/B1 (sg13g2_a21oi_1)
     1    0.001430    0.017671    0.029842    0.307696 v _3230_/Y (sg13g2_a21oi_1)
                                                         _0097_ (net)
                      0.017671    0.000000    0.307696 v u_input_buffer.mem[15][1]$_DFFE_PP_/D (sg13g2_dfrbpq_1)
                                              0.307696   data arrival time

                      0.150000    0.000000    0.000000   clock clk (rise edge)
                                  0.000000    0.000000   clock network delay (ideal)
                                  0.250000    0.250000   clock uncertainty
                                  0.000000    0.250000   clock reconvergence pessimism
                                              0.250000 ^ u_input_buffer.mem[15][1]$_DFFE_PP_/CLK (sg13g2_dfrbpq_1)
                                 -0.006516    0.243484   library hold time
                                              0.243484   data required time
---------------------------------------------------------------------------------------------
                                              0.243484   data required time
                                             -0.307696   data arrival time
---------------------------------------------------------------------------------------------
                                              0.064211   slack (MET)


Startpoint: u_input_buffer.mem[15][2]$_DFFE_PP_
            (rising edge-triggered flip-flop clocked by clk)
Endpoint: u_input_buffer.mem[15][2]$_DFFE_PP_
          (rising edge-triggered flip-flop clocked by clk)
Path Group: clk
Path Type: min

Fanout         Cap        Slew       Delay        Time   Description
---------------------------------------------------------------------------------------------
                      0.150000    0.000000    0.000000   clock clk (rise edge)
                                  0.000000    0.000000   clock network delay (ideal)
                      0.150000    0.000000    0.000000 ^ u_input_buffer.mem[15][2]$_DFFE_PP_/CLK (sg13g2_dfrbpq_1)
     2    0.005911    0.028637    0.221383    0.221383 v u_input_buffer.mem[15][2]$_DFFE_PP_/Q (sg13g2_dfrbpq_1)
                                                         u_input_buffer.mem[15][2] (net)
                      0.028637    0.000000    0.221383 v _3231_/A (sg13g2_nor2_1)
     1    0.002949    0.043929    0.056471    0.277854 ^ _3231_/Y (sg13g2_nor2_1)
                                                         _0524_ (net)
                      0.043929    0.000000    0.277854 ^ _3232_/B1 (sg13g2_a21oi_1)
     1    0.001430    0.017671    0.029842    0.307696 v _3232_/Y (sg13g2_a21oi_1)
                                                         _0098_ (net)
                      0.017671    0.000000    0.307696 v u_input_buffer.mem[15][2]$_DFFE_PP_/D (sg13g2_dfrbpq_1)
                                              0.307696   data arrival time

                      0.150000    0.000000    0.000000   clock clk (rise edge)
                                  0.000000    0.000000   clock network delay (ideal)
                                  0.250000    0.250000   clock uncertainty
                                  0.000000    0.250000   clock reconvergence pessimism
                                              0.250000 ^ u_input_buffer.mem[15][2]$_DFFE_PP_/CLK (sg13g2_dfrbpq_1)
                                 -0.006516    0.243484   library hold time
                                              0.243484   data required time
---------------------------------------------------------------------------------------------
                                              0.243484   data required time
                                             -0.307696   data arrival time
---------------------------------------------------------------------------------------------
                                              0.064211   slack (MET)


Startpoint: u_input_buffer.mem[15][3]$_DFFE_PP_
            (rising edge-triggered flip-flop clocked by clk)
Endpoint: u_input_buffer.mem[15][3]$_DFFE_PP_
          (rising edge-triggered flip-flop clocked by clk)
Path Group: clk
Path Type: min

Fanout         Cap        Slew       Delay        Time   Description
---------------------------------------------------------------------------------------------
                      0.150000    0.000000    0.000000   clock clk (rise edge)
                                  0.000000    0.000000   clock network delay (ideal)
                      0.150000    0.000000    0.000000 ^ u_input_buffer.mem[15][3]$_DFFE_PP_/CLK (sg13g2_dfrbpq_1)
     2    0.005911    0.028637    0.221383    0.221383 v u_input_buffer.mem[15][3]$_DFFE_PP_/Q (sg13g2_dfrbpq_1)
                                                         u_input_buffer.mem[15][3] (net)
                      0.028637    0.000000    0.221383 v _3233_/A (sg13g2_nor2_1)
     1    0.002949    0.043929    0.056471    0.277854 ^ _3233_/Y (sg13g2_nor2_1)
                                                         _0525_ (net)
                      0.043929    0.000000    0.277854 ^ _3234_/B1 (sg13g2_a21oi_1)
     1    0.001430    0.017671    0.029842    0.307696 v _3234_/Y (sg13g2_a21oi_1)
                                                         _0099_ (net)
                      0.017671    0.000000    0.307696 v u_input_buffer.mem[15][3]$_DFFE_PP_/D (sg13g2_dfrbpq_1)
                                              0.307696   data arrival time

                      0.150000    0.000000    0.000000   clock clk (rise edge)
                                  0.000000    0.000000   clock network delay (ideal)
                                  0.250000    0.250000   clock uncertainty
                                  0.000000    0.250000   clock reconvergence pessimism
                                              0.250000 ^ u_input_buffer.mem[15][3]$_DFFE_PP_/CLK (sg13g2_dfrbpq_1)
                                 -0.006516    0.243484   library hold time
                                              0.243484   data required time
---------------------------------------------------------------------------------------------
                                              0.243484   data required time
                                             -0.307696   data arrival time
---------------------------------------------------------------------------------------------
                                              0.064211   slack (MET)


Startpoint: u_input_buffer.mem[15][4]$_DFFE_PP_
            (rising edge-triggered flip-flop clocked by clk)
Endpoint: u_input_buffer.mem[15][4]$_DFFE_PP_
          (rising edge-triggered flip-flop clocked by clk)
Path Group: clk
Path Type: min

Fanout         Cap        Slew       Delay        Time   Description
---------------------------------------------------------------------------------------------
                      0.150000    0.000000    0.000000   clock clk (rise edge)
                                  0.000000    0.000000   clock network delay (ideal)
                      0.150000    0.000000    0.000000 ^ u_input_buffer.mem[15][4]$_DFFE_PP_/CLK (sg13g2_dfrbpq_1)
     2    0.005911    0.028637    0.221383    0.221383 v u_input_buffer.mem[15][4]$_DFFE_PP_/Q (sg13g2_dfrbpq_1)
                                                         u_input_buffer.mem[15][4] (net)
                      0.028637    0.000000    0.221383 v _3235_/A (sg13g2_nor2_1)
     1    0.002949    0.043929    0.056471    0.277854 ^ _3235_/Y (sg13g2_nor2_1)
                                                         _0526_ (net)
                      0.043929    0.000000    0.277854 ^ _3236_/B1 (sg13g2_a21oi_1)
     1    0.001430    0.017671    0.029842    0.307696 v _3236_/Y (sg13g2_a21oi_1)
                                                         _0100_ (net)
                      0.017671    0.000000    0.307696 v u_input_buffer.mem[15][4]$_DFFE_PP_/D (sg13g2_dfrbpq_1)
                                              0.307696   data arrival time

                      0.150000    0.000000    0.000000   clock clk (rise edge)
                                  0.000000    0.000000   clock network delay (ideal)
                                  0.250000    0.250000   clock uncertainty
                                  0.000000    0.250000   clock reconvergence pessimism
                                              0.250000 ^ u_input_buffer.mem[15][4]$_DFFE_PP_/CLK (sg13g2_dfrbpq_1)
                                 -0.006516    0.243484   library hold time
                                              0.243484   data required time
---------------------------------------------------------------------------------------------
                                              0.243484   data required time
                                             -0.307696   data arrival time
---------------------------------------------------------------------------------------------
                                              0.064211   slack (MET)


Startpoint: u_input_buffer.mem[15][7]$_DFFE_PP_
            (rising edge-triggered flip-flop clocked by clk)
Endpoint: u_input_buffer.mem[15][7]$_DFFE_PP_
          (rising edge-triggered flip-flop clocked by clk)
Path Group: clk
Path Type: min

Fanout         Cap        Slew       Delay        Time   Description
---------------------------------------------------------------------------------------------
                      0.150000    0.000000    0.000000   clock clk (rise edge)
                                  0.000000    0.000000   clock network delay (ideal)
                      0.150000    0.000000    0.000000 ^ u_input_buffer.mem[15][7]$_DFFE_PP_/CLK (sg13g2_dfrbpq_1)
     2    0.005911    0.028637    0.221383    0.221383 v u_input_buffer.mem[15][7]$_DFFE_PP_/Q (sg13g2_dfrbpq_1)
                                                         u_input_buffer.mem[15][7] (net)
                      0.028637    0.000000    0.221383 v _3241_/A (sg13g2_nor2_1)
     1    0.002949    0.043929    0.056471    0.277854 ^ _3241_/Y (sg13g2_nor2_1)
                                                         _0529_ (net)
                      0.043929    0.000000    0.277854 ^ _3242_/B1 (sg13g2_a21oi_1)
     1    0.001430    0.017671    0.029842    0.307696 v _3242_/Y (sg13g2_a21oi_1)
                                                         _0103_ (net)
                      0.017671    0.000000    0.307696 v u_input_buffer.mem[15][7]$_DFFE_PP_/D (sg13g2_dfrbpq_1)
                                              0.307696   data arrival time

                      0.150000    0.000000    0.000000   clock clk (rise edge)
                                  0.000000    0.000000   clock network delay (ideal)
                                  0.250000    0.250000   clock uncertainty
                                  0.000000    0.250000   clock reconvergence pessimism
                                              0.250000 ^ u_input_buffer.mem[15][7]$_DFFE_PP_/CLK (sg13g2_dfrbpq_1)
                                 -0.006516    0.243484   library hold time
                                              0.243484   data required time
---------------------------------------------------------------------------------------------
                                              0.243484   data required time
                                             -0.307696   data arrival time
---------------------------------------------------------------------------------------------
                                              0.064211   slack (MET)


Startpoint: u_input_buffer.mem[20][0]$_DFFE_PP_
            (rising edge-triggered flip-flop clocked by clk)
Endpoint: u_input_buffer.mem[20][0]$_DFFE_PP_
          (rising edge-triggered flip-flop clocked by clk)
Path Group: clk
Path Type: min

Fanout         Cap        Slew       Delay        Time   Description
---------------------------------------------------------------------------------------------
                      0.150000    0.000000    0.000000   clock clk (rise edge)
                                  0.000000    0.000000   clock network delay (ideal)
                      0.150000    0.000000    0.000000 ^ u_input_buffer.mem[20][0]$_DFFE_PP_/CLK (sg13g2_dfrbpq_1)
     2    0.005911    0.028637    0.221383    0.221383 v u_input_buffer.mem[20][0]$_DFFE_PP_/Q (sg13g2_dfrbpq_1)
                                                         u_input_buffer.mem[20][0] (net)
                      0.028637    0.000000    0.221383 v _3332_/A (sg13g2_nor2_1)
     1    0.002949    0.043929    0.056471    0.277854 ^ _3332_/Y (sg13g2_nor2_1)
                                                         _0579_ (net)
                      0.043929    0.000000    0.277854 ^ _3333_/B1 (sg13g2_a21oi_1)
     1    0.001430    0.017671    0.029842    0.307696 v _3333_/Y (sg13g2_a21oi_1)
                                                         _0144_ (net)
                      0.017671    0.000000    0.307696 v u_input_buffer.mem[20][0]$_DFFE_PP_/D (sg13g2_dfrbpq_1)
                                              0.307696   data arrival time

                      0.150000    0.000000    0.000000   clock clk (rise edge)
                                  0.000000    0.000000   clock network delay (ideal)
                                  0.250000    0.250000   clock uncertainty
                                  0.000000    0.250000   clock reconvergence pessimism
                                              0.250000 ^ u_input_buffer.mem[20][0]$_DFFE_PP_/CLK (sg13g2_dfrbpq_1)
                                 -0.006516    0.243484   library hold time
                                              0.243484   data required time
---------------------------------------------------------------------------------------------
                                              0.243484   data required time
                                             -0.307696   data arrival time
---------------------------------------------------------------------------------------------
                                              0.064211   slack (MET)


Startpoint: u_input_buffer.mem[20][1]$_DFFE_PP_
            (rising edge-triggered flip-flop clocked by clk)
Endpoint: u_input_buffer.mem[20][1]$_DFFE_PP_
          (rising edge-triggered flip-flop clocked by clk)
Path Group: clk
Path Type: min

Fanout         Cap        Slew       Delay        Time   Description
---------------------------------------------------------------------------------------------
                      0.150000    0.000000    0.000000   clock clk (rise edge)
                                  0.000000    0.000000   clock network delay (ideal)
                      0.150000    0.000000    0.000000 ^ u_input_buffer.mem[20][1]$_DFFE_PP_/CLK (sg13g2_dfrbpq_1)
     2    0.005911    0.028637    0.221383    0.221383 v u_input_buffer.mem[20][1]$_DFFE_PP_/Q (sg13g2_dfrbpq_1)
                                                         u_input_buffer.mem[20][1] (net)
                      0.028637    0.000000    0.221383 v _3334_/A (sg13g2_nor2_1)
     1    0.002949    0.043929    0.056471    0.277854 ^ _3334_/Y (sg13g2_nor2_1)
                                                         _0580_ (net)
                      0.043929    0.000000    0.277854 ^ _3335_/B1 (sg13g2_a21oi_1)
     1    0.001430    0.017671    0.029842    0.307696 v _3335_/Y (sg13g2_a21oi_1)
                                                         _0145_ (net)
                      0.017671    0.000000    0.307696 v u_input_buffer.mem[20][1]$_DFFE_PP_/D (sg13g2_dfrbpq_1)
                                              0.307696   data arrival time

                      0.150000    0.000000    0.000000   clock clk (rise edge)
                                  0.000000    0.000000   clock network delay (ideal)
                                  0.250000    0.250000   clock uncertainty
                                  0.000000    0.250000   clock reconvergence pessimism
                                              0.250000 ^ u_input_buffer.mem[20][1]$_DFFE_PP_/CLK (sg13g2_dfrbpq_1)
                                 -0.006516    0.243484   library hold time
                                              0.243484   data required time
---------------------------------------------------------------------------------------------
                                              0.243484   data required time
                                             -0.307696   data arrival time
---------------------------------------------------------------------------------------------
                                              0.064211   slack (MET)


Startpoint: u_input_buffer.mem[20][2]$_DFFE_PP_
            (rising edge-triggered flip-flop clocked by clk)
Endpoint: u_input_buffer.mem[20][2]$_DFFE_PP_
          (rising edge-triggered flip-flop clocked by clk)
Path Group: clk
Path Type: min

Fanout         Cap        Slew       Delay        Time   Description
---------------------------------------------------------------------------------------------
                      0.150000    0.000000    0.000000   clock clk (rise edge)
                                  0.000000    0.000000   clock network delay (ideal)
                      0.150000    0.000000    0.000000 ^ u_input_buffer.mem[20][2]$_DFFE_PP_/CLK (sg13g2_dfrbpq_1)
     2    0.005911    0.028637    0.221383    0.221383 v u_input_buffer.mem[20][2]$_DFFE_PP_/Q (sg13g2_dfrbpq_1)
                                                         u_input_buffer.mem[20][2] (net)
                      0.028637    0.000000    0.221383 v _3336_/A (sg13g2_nor2_1)
     1    0.002949    0.043929    0.056471    0.277854 ^ _3336_/Y (sg13g2_nor2_1)
                                                         _0581_ (net)
                      0.043929    0.000000    0.277854 ^ _3337_/B1 (sg13g2_a21oi_1)
     1    0.001430    0.017671    0.029842    0.307696 v _3337_/Y (sg13g2_a21oi_1)
                                                         _0146_ (net)
                      0.017671    0.000000    0.307696 v u_input_buffer.mem[20][2]$_DFFE_PP_/D (sg13g2_dfrbpq_1)
                                              0.307696   data arrival time

                      0.150000    0.000000    0.000000   clock clk (rise edge)
                                  0.000000    0.000000   clock network delay (ideal)
                                  0.250000    0.250000   clock uncertainty
                                  0.000000    0.250000   clock reconvergence pessimism
                                              0.250000 ^ u_input_buffer.mem[20][2]$_DFFE_PP_/CLK (sg13g2_dfrbpq_1)
                                 -0.006516    0.243484   library hold time
                                              0.243484   data required time
---------------------------------------------------------------------------------------------
                                              0.243484   data required time
                                             -0.307696   data arrival time
---------------------------------------------------------------------------------------------
                                              0.064211   slack (MET)


Startpoint: u_input_buffer.mem[20][3]$_DFFE_PP_
            (rising edge-triggered flip-flop clocked by clk)
Endpoint: u_input_buffer.mem[20][3]$_DFFE_PP_
          (rising edge-triggered flip-flop clocked by clk)
Path Group: clk
Path Type: min

Fanout         Cap        Slew       Delay        Time   Description
---------------------------------------------------------------------------------------------
                      0.150000    0.000000    0.000000   clock clk (rise edge)
                                  0.000000    0.000000   clock network delay (ideal)
                      0.150000    0.000000    0.000000 ^ u_input_buffer.mem[20][3]$_DFFE_PP_/CLK (sg13g2_dfrbpq_1)
     2    0.005911    0.028637    0.221383    0.221383 v u_input_buffer.mem[20][3]$_DFFE_PP_/Q (sg13g2_dfrbpq_1)
                                                         u_input_buffer.mem[20][3] (net)
                      0.028637    0.000000    0.221383 v _3338_/A (sg13g2_nor2_1)
     1    0.002949    0.043929    0.056471    0.277854 ^ _3338_/Y (sg13g2_nor2_1)
                                                         _0582_ (net)
                      0.043929    0.000000    0.277854 ^ _3339_/B1 (sg13g2_a21oi_1)
     1    0.001430    0.017671    0.029842    0.307696 v _3339_/Y (sg13g2_a21oi_1)
                                                         _0147_ (net)
                      0.017671    0.000000    0.307696 v u_input_buffer.mem[20][3]$_DFFE_PP_/D (sg13g2_dfrbpq_1)
                                              0.307696   data arrival time

                      0.150000    0.000000    0.000000   clock clk (rise edge)
                                  0.000000    0.000000   clock network delay (ideal)
                                  0.250000    0.250000   clock uncertainty
                                  0.000000    0.250000   clock reconvergence pessimism
                                              0.250000 ^ u_input_buffer.mem[20][3]$_DFFE_PP_/CLK (sg13g2_dfrbpq_1)
                                 -0.006516    0.243484   library hold time
                                              0.243484   data required time
---------------------------------------------------------------------------------------------
                                              0.243484   data required time
                                             -0.307696   data arrival time
---------------------------------------------------------------------------------------------
                                              0.064211   slack (MET)


Startpoint: u_input_buffer.mem[20][4]$_DFFE_PP_
            (rising edge-triggered flip-flop clocked by clk)
Endpoint: u_input_buffer.mem[20][4]$_DFFE_PP_
          (rising edge-triggered flip-flop clocked by clk)
Path Group: clk
Path Type: min

Fanout         Cap        Slew       Delay        Time   Description
---------------------------------------------------------------------------------------------
                      0.150000    0.000000    0.000000   clock clk (rise edge)
                                  0.000000    0.000000   clock network delay (ideal)
                      0.150000    0.000000    0.000000 ^ u_input_buffer.mem[20][4]$_DFFE_PP_/CLK (sg13g2_dfrbpq_1)
     2    0.005911    0.028637    0.221383    0.221383 v u_input_buffer.mem[20][4]$_DFFE_PP_/Q (sg13g2_dfrbpq_1)
                                                         u_input_buffer.mem[20][4] (net)
                      0.028637    0.000000    0.221383 v _3340_/A (sg13g2_nor2_1)
     1    0.002949    0.043929    0.056471    0.277854 ^ _3340_/Y (sg13g2_nor2_1)
                                                         _0583_ (net)
                      0.043929    0.000000    0.277854 ^ _3341_/B1 (sg13g2_a21oi_1)
     1    0.001430    0.017671    0.029842    0.307696 v _3341_/Y (sg13g2_a21oi_1)
                                                         _0148_ (net)
                      0.017671    0.000000    0.307696 v u_input_buffer.mem[20][4]$_DFFE_PP_/D (sg13g2_dfrbpq_1)
                                              0.307696   data arrival time

                      0.150000    0.000000    0.000000   clock clk (rise edge)
                                  0.000000    0.000000   clock network delay (ideal)
                                  0.250000    0.250000   clock uncertainty
                                  0.000000    0.250000   clock reconvergence pessimism
                                              0.250000 ^ u_input_buffer.mem[20][4]$_DFFE_PP_/CLK (sg13g2_dfrbpq_1)
                                 -0.006516    0.243484   library hold time
                                              0.243484   data required time
---------------------------------------------------------------------------------------------
                                              0.243484   data required time
                                             -0.307696   data arrival time
---------------------------------------------------------------------------------------------
                                              0.064211   slack (MET)


Startpoint: u_input_buffer.mem[20][5]$_DFFE_PP_
            (rising edge-triggered flip-flop clocked by clk)
Endpoint: u_input_buffer.mem[20][5]$_DFFE_PP_
          (rising edge-triggered flip-flop clocked by clk)
Path Group: clk
Path Type: min

Fanout         Cap        Slew       Delay        Time   Description
---------------------------------------------------------------------------------------------
                      0.150000    0.000000    0.000000   clock clk (rise edge)
                                  0.000000    0.000000   clock network delay (ideal)
                      0.150000    0.000000    0.000000 ^ u_input_buffer.mem[20][5]$_DFFE_PP_/CLK (sg13g2_dfrbpq_1)
     2    0.005911    0.028637    0.221383    0.221383 v u_input_buffer.mem[20][5]$_DFFE_PP_/Q (sg13g2_dfrbpq_1)
                                                         u_input_buffer.mem[20][5] (net)
                      0.028637    0.000000    0.221383 v _3342_/A (sg13g2_nor2_1)
     1    0.002949    0.043929    0.056471    0.277854 ^ _3342_/Y (sg13g2_nor2_1)
                                                         _0584_ (net)
                      0.043929    0.000000    0.277854 ^ _3343_/B1 (sg13g2_a21oi_1)
     1    0.001430    0.017671    0.029842    0.307696 v _3343_/Y (sg13g2_a21oi_1)
                                                         _0149_ (net)
                      0.017671    0.000000    0.307696 v u_input_buffer.mem[20][5]$_DFFE_PP_/D (sg13g2_dfrbpq_1)
                                              0.307696   data arrival time

                      0.150000    0.000000    0.000000   clock clk (rise edge)
                                  0.000000    0.000000   clock network delay (ideal)
                                  0.250000    0.250000   clock uncertainty
                                  0.000000    0.250000   clock reconvergence pessimism
                                              0.250000 ^ u_input_buffer.mem[20][5]$_DFFE_PP_/CLK (sg13g2_dfrbpq_1)
                                 -0.006516    0.243484   library hold time
                                              0.243484   data required time
---------------------------------------------------------------------------------------------
                                              0.243484   data required time
                                             -0.307696   data arrival time
---------------------------------------------------------------------------------------------
                                              0.064211   slack (MET)


Startpoint: u_input_buffer.mem[20][6]$_DFFE_PP_
            (rising edge-triggered flip-flop clocked by clk)
Endpoint: u_input_buffer.mem[20][6]$_DFFE_PP_
          (rising edge-triggered flip-flop clocked by clk)
Path Group: clk
Path Type: min

Fanout         Cap        Slew       Delay        Time   Description
---------------------------------------------------------------------------------------------
                      0.150000    0.000000    0.000000   clock clk (rise edge)
                                  0.000000    0.000000   clock network delay (ideal)
                      0.150000    0.000000    0.000000 ^ u_input_buffer.mem[20][6]$_DFFE_PP_/CLK (sg13g2_dfrbpq_1)
     2    0.005911    0.028637    0.221383    0.221383 v u_input_buffer.mem[20][6]$_DFFE_PP_/Q (sg13g2_dfrbpq_1)
                                                         u_input_buffer.mem[20][6] (net)
                      0.028637    0.000000    0.221383 v _3344_/A (sg13g2_nor2_1)
     1    0.002949    0.043929    0.056471    0.277854 ^ _3344_/Y (sg13g2_nor2_1)
                                                         _0585_ (net)
                      0.043929    0.000000    0.277854 ^ _3345_/B1 (sg13g2_a21oi_1)
     1    0.001430    0.017671    0.029842    0.307696 v _3345_/Y (sg13g2_a21oi_1)
                                                         _0150_ (net)
                      0.017671    0.000000    0.307696 v u_input_buffer.mem[20][6]$_DFFE_PP_/D (sg13g2_dfrbpq_1)
                                              0.307696   data arrival time

                      0.150000    0.000000    0.000000   clock clk (rise edge)
                                  0.000000    0.000000   clock network delay (ideal)
                                  0.250000    0.250000   clock uncertainty
                                  0.000000    0.250000   clock reconvergence pessimism
                                              0.250000 ^ u_input_buffer.mem[20][6]$_DFFE_PP_/CLK (sg13g2_dfrbpq_1)
                                 -0.006516    0.243484   library hold time
                                              0.243484   data required time
---------------------------------------------------------------------------------------------
                                              0.243484   data required time
                                             -0.307696   data arrival time
---------------------------------------------------------------------------------------------
                                              0.064211   slack (MET)


Startpoint: u_input_buffer.mem[20][7]$_DFFE_PP_
            (rising edge-triggered flip-flop clocked by clk)
Endpoint: u_input_buffer.mem[20][7]$_DFFE_PP_
          (rising edge-triggered flip-flop clocked by clk)
Path Group: clk
Path Type: min

Fanout         Cap        Slew       Delay        Time   Description
---------------------------------------------------------------------------------------------
                      0.150000    0.000000    0.000000   clock clk (rise edge)
                                  0.000000    0.000000   clock network delay (ideal)
                      0.150000    0.000000    0.000000 ^ u_input_buffer.mem[20][7]$_DFFE_PP_/CLK (sg13g2_dfrbpq_1)
     2    0.005911    0.028637    0.221383    0.221383 v u_input_buffer.mem[20][7]$_DFFE_PP_/Q (sg13g2_dfrbpq_1)
                                                         u_input_buffer.mem[20][7] (net)
                      0.028637    0.000000    0.221383 v _3346_/A (sg13g2_nor2_1)
     1    0.002949    0.043929    0.056471    0.277854 ^ _3346_/Y (sg13g2_nor2_1)
                                                         _0586_ (net)
                      0.043929    0.000000    0.277854 ^ _3347_/B1 (sg13g2_a21oi_1)
     1    0.001430    0.017671    0.029842    0.307696 v _3347_/Y (sg13g2_a21oi_1)
                                                         _0151_ (net)
                      0.017671    0.000000    0.307696 v u_input_buffer.mem[20][7]$_DFFE_PP_/D (sg13g2_dfrbpq_1)
                                              0.307696   data arrival time

                      0.150000    0.000000    0.000000   clock clk (rise edge)
                                  0.000000    0.000000   clock network delay (ideal)
                                  0.250000    0.250000   clock uncertainty
                                  0.000000    0.250000   clock reconvergence pessimism
                                              0.250000 ^ u_input_buffer.mem[20][7]$_DFFE_PP_/CLK (sg13g2_dfrbpq_1)
                                 -0.006516    0.243484   library hold time
                                              0.243484   data required time
---------------------------------------------------------------------------------------------
                                              0.243484   data required time
                                             -0.307696   data arrival time
---------------------------------------------------------------------------------------------
                                              0.064211   slack (MET)


Startpoint: u_input_buffer.mem[21][0]$_DFFE_PP_
            (rising edge-triggered flip-flop clocked by clk)
Endpoint: u_input_buffer.mem[21][0]$_DFFE_PP_
          (rising edge-triggered flip-flop clocked by clk)
Path Group: clk
Path Type: min

Fanout         Cap        Slew       Delay        Time   Description
---------------------------------------------------------------------------------------------
                      0.150000    0.000000    0.000000   clock clk (rise edge)
                                  0.000000    0.000000   clock network delay (ideal)
                      0.150000    0.000000    0.000000 ^ u_input_buffer.mem[21][0]$_DFFE_PP_/CLK (sg13g2_dfrbpq_1)
     2    0.005911    0.028637    0.221383    0.221383 v u_input_buffer.mem[21][0]$_DFFE_PP_/Q (sg13g2_dfrbpq_1)
                                                         u_input_buffer.mem[21][0] (net)
                      0.028637    0.000000    0.221383 v _3349_/A (sg13g2_nor2_1)
     1    0.002949    0.043929    0.056471    0.277854 ^ _3349_/Y (sg13g2_nor2_1)
                                                         _0588_ (net)
                      0.043929    0.000000    0.277854 ^ _3350_/B1 (sg13g2_a21oi_1)
     1    0.001430    0.017671    0.029842    0.307696 v _3350_/Y (sg13g2_a21oi_1)
                                                         _0152_ (net)
                      0.017671    0.000000    0.307696 v u_input_buffer.mem[21][0]$_DFFE_PP_/D (sg13g2_dfrbpq_1)
                                              0.307696   data arrival time

                      0.150000    0.000000    0.000000   clock clk (rise edge)
                                  0.000000    0.000000   clock network delay (ideal)
                                  0.250000    0.250000   clock uncertainty
                                  0.000000    0.250000   clock reconvergence pessimism
                                              0.250000 ^ u_input_buffer.mem[21][0]$_DFFE_PP_/CLK (sg13g2_dfrbpq_1)
                                 -0.006516    0.243484   library hold time
                                              0.243484   data required time
---------------------------------------------------------------------------------------------
                                              0.243484   data required time
                                             -0.307696   data arrival time
---------------------------------------------------------------------------------------------
                                              0.064211   slack (MET)


Startpoint: u_input_buffer.mem[21][1]$_DFFE_PP_
            (rising edge-triggered flip-flop clocked by clk)
Endpoint: u_input_buffer.mem[21][1]$_DFFE_PP_
          (rising edge-triggered flip-flop clocked by clk)
Path Group: clk
Path Type: min

Fanout         Cap        Slew       Delay        Time   Description
---------------------------------------------------------------------------------------------
                      0.150000    0.000000    0.000000   clock clk (rise edge)
                                  0.000000    0.000000   clock network delay (ideal)
                      0.150000    0.000000    0.000000 ^ u_input_buffer.mem[21][1]$_DFFE_PP_/CLK (sg13g2_dfrbpq_1)
     2    0.005911    0.028637    0.221383    0.221383 v u_input_buffer.mem[21][1]$_DFFE_PP_/Q (sg13g2_dfrbpq_1)
                                                         u_input_buffer.mem[21][1] (net)
                      0.028637    0.000000    0.221383 v _3351_/A (sg13g2_nor2_1)
     1    0.002949    0.043929    0.056471    0.277854 ^ _3351_/Y (sg13g2_nor2_1)
                                                         _0589_ (net)
                      0.043929    0.000000    0.277854 ^ _3352_/B1 (sg13g2_a21oi_1)
     1    0.001430    0.017671    0.029842    0.307696 v _3352_/Y (sg13g2_a21oi_1)
                                                         _0153_ (net)
                      0.017671    0.000000    0.307696 v u_input_buffer.mem[21][1]$_DFFE_PP_/D (sg13g2_dfrbpq_1)
                                              0.307696   data arrival time

                      0.150000    0.000000    0.000000   clock clk (rise edge)
                                  0.000000    0.000000   clock network delay (ideal)
                                  0.250000    0.250000   clock uncertainty
                                  0.000000    0.250000   clock reconvergence pessimism
                                              0.250000 ^ u_input_buffer.mem[21][1]$_DFFE_PP_/CLK (sg13g2_dfrbpq_1)
                                 -0.006516    0.243484   library hold time
                                              0.243484   data required time
---------------------------------------------------------------------------------------------
                                              0.243484   data required time
                                             -0.307696   data arrival time
---------------------------------------------------------------------------------------------
                                              0.064211   slack (MET)


Startpoint: u_input_buffer.mem[21][2]$_DFFE_PP_
            (rising edge-triggered flip-flop clocked by clk)
Endpoint: u_input_buffer.mem[21][2]$_DFFE_PP_
          (rising edge-triggered flip-flop clocked by clk)
Path Group: clk
Path Type: min

Fanout         Cap        Slew       Delay        Time   Description
---------------------------------------------------------------------------------------------
                      0.150000    0.000000    0.000000   clock clk (rise edge)
                                  0.000000    0.000000   clock network delay (ideal)
                      0.150000    0.000000    0.000000 ^ u_input_buffer.mem[21][2]$_DFFE_PP_/CLK (sg13g2_dfrbpq_1)
     2    0.005911    0.028637    0.221383    0.221383 v u_input_buffer.mem[21][2]$_DFFE_PP_/Q (sg13g2_dfrbpq_1)
                                                         u_input_buffer.mem[21][2] (net)
                      0.028637    0.000000    0.221383 v _3353_/A (sg13g2_nor2_1)
     1    0.002949    0.043929    0.056471    0.277854 ^ _3353_/Y (sg13g2_nor2_1)
                                                         _0590_ (net)
                      0.043929    0.000000    0.277854 ^ _3354_/B1 (sg13g2_a21oi_1)
     1    0.001430    0.017671    0.029842    0.307696 v _3354_/Y (sg13g2_a21oi_1)
                                                         _0154_ (net)
                      0.017671    0.000000    0.307696 v u_input_buffer.mem[21][2]$_DFFE_PP_/D (sg13g2_dfrbpq_1)
                                              0.307696   data arrival time

                      0.150000    0.000000    0.000000   clock clk (rise edge)
                                  0.000000    0.000000   clock network delay (ideal)
                                  0.250000    0.250000   clock uncertainty
                                  0.000000    0.250000   clock reconvergence pessimism
                                              0.250000 ^ u_input_buffer.mem[21][2]$_DFFE_PP_/CLK (sg13g2_dfrbpq_1)
                                 -0.006516    0.243484   library hold time
                                              0.243484   data required time
---------------------------------------------------------------------------------------------
                                              0.243484   data required time
                                             -0.307696   data arrival time
---------------------------------------------------------------------------------------------
                                              0.064211   slack (MET)


Startpoint: u_input_buffer.mem[21][3]$_DFFE_PP_
            (rising edge-triggered flip-flop clocked by clk)
Endpoint: u_input_buffer.mem[21][3]$_DFFE_PP_
          (rising edge-triggered flip-flop clocked by clk)
Path Group: clk
Path Type: min

Fanout         Cap        Slew       Delay        Time   Description
---------------------------------------------------------------------------------------------
                      0.150000    0.000000    0.000000   clock clk (rise edge)
                                  0.000000    0.000000   clock network delay (ideal)
                      0.150000    0.000000    0.000000 ^ u_input_buffer.mem[21][3]$_DFFE_PP_/CLK (sg13g2_dfrbpq_1)
     2    0.005911    0.028637    0.221383    0.221383 v u_input_buffer.mem[21][3]$_DFFE_PP_/Q (sg13g2_dfrbpq_1)
                                                         u_input_buffer.mem[21][3] (net)
                      0.028637    0.000000    0.221383 v _3355_/A (sg13g2_nor2_1)
     1    0.002949    0.043929    0.056471    0.277854 ^ _3355_/Y (sg13g2_nor2_1)
                                                         _0591_ (net)
                      0.043929    0.000000    0.277854 ^ _3356_/B1 (sg13g2_a21oi_1)
     1    0.001430    0.017671    0.029842    0.307696 v _3356_/Y (sg13g2_a21oi_1)
                                                         _0155_ (net)
                      0.017671    0.000000    0.307696 v u_input_buffer.mem[21][3]$_DFFE_PP_/D (sg13g2_dfrbpq_1)
                                              0.307696   data arrival time

                      0.150000    0.000000    0.000000   clock clk (rise edge)
                                  0.000000    0.000000   clock network delay (ideal)
                                  0.250000    0.250000   clock uncertainty
                                  0.000000    0.250000   clock reconvergence pessimism
                                              0.250000 ^ u_input_buffer.mem[21][3]$_DFFE_PP_/CLK (sg13g2_dfrbpq_1)
                                 -0.006516    0.243484   library hold time
                                              0.243484   data required time
---------------------------------------------------------------------------------------------
                                              0.243484   data required time
                                             -0.307696   data arrival time
---------------------------------------------------------------------------------------------
                                              0.064211   slack (MET)


Startpoint: u_input_buffer.mem[21][4]$_DFFE_PP_
            (rising edge-triggered flip-flop clocked by clk)
Endpoint: u_input_buffer.mem[21][4]$_DFFE_PP_
          (rising edge-triggered flip-flop clocked by clk)
Path Group: clk
Path Type: min

Fanout         Cap        Slew       Delay        Time   Description
---------------------------------------------------------------------------------------------
                      0.150000    0.000000    0.000000   clock clk (rise edge)
                                  0.000000    0.000000   clock network delay (ideal)
                      0.150000    0.000000    0.000000 ^ u_input_buffer.mem[21][4]$_DFFE_PP_/CLK (sg13g2_dfrbpq_1)
     2    0.005911    0.028637    0.221383    0.221383 v u_input_buffer.mem[21][4]$_DFFE_PP_/Q (sg13g2_dfrbpq_1)
                                                         u_input_buffer.mem[21][4] (net)
                      0.028637    0.000000    0.221383 v _3357_/A (sg13g2_nor2_1)
     1    0.002949    0.043929    0.056471    0.277854 ^ _3357_/Y (sg13g2_nor2_1)
                                                         _0592_ (net)
                      0.043929    0.000000    0.277854 ^ _3358_/B1 (sg13g2_a21oi_1)
     1    0.001430    0.017671    0.029842    0.307696 v _3358_/Y (sg13g2_a21oi_1)
                                                         _0156_ (net)
                      0.017671    0.000000    0.307696 v u_input_buffer.mem[21][4]$_DFFE_PP_/D (sg13g2_dfrbpq_1)
                                              0.307696   data arrival time

                      0.150000    0.000000    0.000000   clock clk (rise edge)
                                  0.000000    0.000000   clock network delay (ideal)
                                  0.250000    0.250000   clock uncertainty
                                  0.000000    0.250000   clock reconvergence pessimism
                                              0.250000 ^ u_input_buffer.mem[21][4]$_DFFE_PP_/CLK (sg13g2_dfrbpq_1)
                                 -0.006516    0.243484   library hold time
                                              0.243484   data required time
---------------------------------------------------------------------------------------------
                                              0.243484   data required time
                                             -0.307696   data arrival time
---------------------------------------------------------------------------------------------
                                              0.064211   slack (MET)


Startpoint: u_input_buffer.mem[21][5]$_DFFE_PP_
            (rising edge-triggered flip-flop clocked by clk)
Endpoint: u_input_buffer.mem[21][5]$_DFFE_PP_
          (rising edge-triggered flip-flop clocked by clk)
Path Group: clk
Path Type: min

Fanout         Cap        Slew       Delay        Time   Description
---------------------------------------------------------------------------------------------
                      0.150000    0.000000    0.000000   clock clk (rise edge)
                                  0.000000    0.000000   clock network delay (ideal)
                      0.150000    0.000000    0.000000 ^ u_input_buffer.mem[21][5]$_DFFE_PP_/CLK (sg13g2_dfrbpq_1)
     2    0.005911    0.028637    0.221383    0.221383 v u_input_buffer.mem[21][5]$_DFFE_PP_/Q (sg13g2_dfrbpq_1)
                                                         u_input_buffer.mem[21][5] (net)
                      0.028637    0.000000    0.221383 v _3359_/A (sg13g2_nor2_1)
     1    0.002949    0.043929    0.056471    0.277854 ^ _3359_/Y (sg13g2_nor2_1)
                                                         _0593_ (net)
                      0.043929    0.000000    0.277854 ^ _3360_/B1 (sg13g2_a21oi_1)
     1    0.001430    0.017671    0.029842    0.307696 v _3360_/Y (sg13g2_a21oi_1)
                                                         _0157_ (net)
                      0.017671    0.000000    0.307696 v u_input_buffer.mem[21][5]$_DFFE_PP_/D (sg13g2_dfrbpq_1)
                                              0.307696   data arrival time

                      0.150000    0.000000    0.000000   clock clk (rise edge)
                                  0.000000    0.000000   clock network delay (ideal)
                                  0.250000    0.250000   clock uncertainty
                                  0.000000    0.250000   clock reconvergence pessimism
                                              0.250000 ^ u_input_buffer.mem[21][5]$_DFFE_PP_/CLK (sg13g2_dfrbpq_1)
                                 -0.006516    0.243484   library hold time
                                              0.243484   data required time
---------------------------------------------------------------------------------------------
                                              0.243484   data required time
                                             -0.307696   data arrival time
---------------------------------------------------------------------------------------------
                                              0.064211   slack (MET)


Startpoint: u_input_buffer.mem[21][6]$_DFFE_PP_
            (rising edge-triggered flip-flop clocked by clk)
Endpoint: u_input_buffer.mem[21][6]$_DFFE_PP_
          (rising edge-triggered flip-flop clocked by clk)
Path Group: clk
Path Type: min

Fanout         Cap        Slew       Delay        Time   Description
---------------------------------------------------------------------------------------------
                      0.150000    0.000000    0.000000   clock clk (rise edge)
                                  0.000000    0.000000   clock network delay (ideal)
                      0.150000    0.000000    0.000000 ^ u_input_buffer.mem[21][6]$_DFFE_PP_/CLK (sg13g2_dfrbpq_1)
     2    0.005911    0.028637    0.221383    0.221383 v u_input_buffer.mem[21][6]$_DFFE_PP_/Q (sg13g2_dfrbpq_1)
                                                         u_input_buffer.mem[21][6] (net)
                      0.028637    0.000000    0.221383 v _3361_/A (sg13g2_nor2_1)
     1    0.002949    0.043929    0.056471    0.277854 ^ _3361_/Y (sg13g2_nor2_1)
                                                         _0594_ (net)
                      0.043929    0.000000    0.277854 ^ _3362_/B1 (sg13g2_a21oi_1)
     1    0.001430    0.017671    0.029842    0.307696 v _3362_/Y (sg13g2_a21oi_1)
                                                         _0158_ (net)
                      0.017671    0.000000    0.307696 v u_input_buffer.mem[21][6]$_DFFE_PP_/D (sg13g2_dfrbpq_1)
                                              0.307696   data arrival time

                      0.150000    0.000000    0.000000   clock clk (rise edge)
                                  0.000000    0.000000   clock network delay (ideal)
                                  0.250000    0.250000   clock uncertainty
                                  0.000000    0.250000   clock reconvergence pessimism
                                              0.250000 ^ u_input_buffer.mem[21][6]$_DFFE_PP_/CLK (sg13g2_dfrbpq_1)
                                 -0.006516    0.243484   library hold time
                                              0.243484   data required time
---------------------------------------------------------------------------------------------
                                              0.243484   data required time
                                             -0.307696   data arrival time
---------------------------------------------------------------------------------------------
                                              0.064211   slack (MET)


Startpoint: u_input_buffer.mem[21][7]$_DFFE_PP_
            (rising edge-triggered flip-flop clocked by clk)
Endpoint: u_input_buffer.mem[21][7]$_DFFE_PP_
          (rising edge-triggered flip-flop clocked by clk)
Path Group: clk
Path Type: min

Fanout         Cap        Slew       Delay        Time   Description
---------------------------------------------------------------------------------------------
                      0.150000    0.000000    0.000000   clock clk (rise edge)
                                  0.000000    0.000000   clock network delay (ideal)
                      0.150000    0.000000    0.000000 ^ u_input_buffer.mem[21][7]$_DFFE_PP_/CLK (sg13g2_dfrbpq_1)
     2    0.005911    0.028637    0.221383    0.221383 v u_input_buffer.mem[21][7]$_DFFE_PP_/Q (sg13g2_dfrbpq_1)
                                                         u_input_buffer.mem[21][7] (net)
                      0.028637    0.000000    0.221383 v _3363_/A (sg13g2_nor2_1)
     1    0.002949    0.043929    0.056471    0.277854 ^ _3363_/Y (sg13g2_nor2_1)
                                                         _0595_ (net)
                      0.043929    0.000000    0.277854 ^ _3364_/B1 (sg13g2_a21oi_1)
     1    0.001430    0.017671    0.029842    0.307696 v _3364_/Y (sg13g2_a21oi_1)
                                                         _0159_ (net)
                      0.017671    0.000000    0.307696 v u_input_buffer.mem[21][7]$_DFFE_PP_/D (sg13g2_dfrbpq_1)
                                              0.307696   data arrival time

                      0.150000    0.000000    0.000000   clock clk (rise edge)
                                  0.000000    0.000000   clock network delay (ideal)
                                  0.250000    0.250000   clock uncertainty
                                  0.000000    0.250000   clock reconvergence pessimism
                                              0.250000 ^ u_input_buffer.mem[21][7]$_DFFE_PP_/CLK (sg13g2_dfrbpq_1)
                                 -0.006516    0.243484   library hold time
                                              0.243484   data required time
---------------------------------------------------------------------------------------------
                                              0.243484   data required time
                                             -0.307696   data arrival time
---------------------------------------------------------------------------------------------
                                              0.064211   slack (MET)


Startpoint: u_input_buffer.mem[22][0]$_DFFE_PP_
            (rising edge-triggered flip-flop clocked by clk)
Endpoint: u_input_buffer.mem[22][0]$_DFFE_PP_
          (rising edge-triggered flip-flop clocked by clk)
Path Group: clk
Path Type: min

Fanout         Cap        Slew       Delay        Time   Description
---------------------------------------------------------------------------------------------
                      0.150000    0.000000    0.000000   clock clk (rise edge)
                                  0.000000    0.000000   clock network delay (ideal)
                      0.150000    0.000000    0.000000 ^ u_input_buffer.mem[22][0]$_DFFE_PP_/CLK (sg13g2_dfrbpq_1)
     2    0.005911    0.028637    0.221383    0.221383 v u_input_buffer.mem[22][0]$_DFFE_PP_/Q (sg13g2_dfrbpq_1)
                                                         u_input_buffer.mem[22][0] (net)
                      0.028637    0.000000    0.221383 v _3366_/A (sg13g2_nor2_1)
     1    0.002949    0.043929    0.056471    0.277854 ^ _3366_/Y (sg13g2_nor2_1)
                                                         _0597_ (net)
                      0.043929    0.000000    0.277854 ^ _3367_/B1 (sg13g2_a21oi_1)
     1    0.001430    0.017671    0.029842    0.307696 v _3367_/Y (sg13g2_a21oi_1)
                                                         _0160_ (net)
                      0.017671    0.000000    0.307696 v u_input_buffer.mem[22][0]$_DFFE_PP_/D (sg13g2_dfrbpq_1)
                                              0.307696   data arrival time

                      0.150000    0.000000    0.000000   clock clk (rise edge)
                                  0.000000    0.000000   clock network delay (ideal)
                                  0.250000    0.250000   clock uncertainty
                                  0.000000    0.250000   clock reconvergence pessimism
                                              0.250000 ^ u_input_buffer.mem[22][0]$_DFFE_PP_/CLK (sg13g2_dfrbpq_1)
                                 -0.006516    0.243484   library hold time
                                              0.243484   data required time
---------------------------------------------------------------------------------------------
                                              0.243484   data required time
                                             -0.307696   data arrival time
---------------------------------------------------------------------------------------------
                                              0.064211   slack (MET)


Startpoint: u_input_buffer.mem[22][1]$_DFFE_PP_
            (rising edge-triggered flip-flop clocked by clk)
Endpoint: u_input_buffer.mem[22][1]$_DFFE_PP_
          (rising edge-triggered flip-flop clocked by clk)
Path Group: clk
Path Type: min

Fanout         Cap        Slew       Delay        Time   Description
---------------------------------------------------------------------------------------------
                      0.150000    0.000000    0.000000   clock clk (rise edge)
                                  0.000000    0.000000   clock network delay (ideal)
                      0.150000    0.000000    0.000000 ^ u_input_buffer.mem[22][1]$_DFFE_PP_/CLK (sg13g2_dfrbpq_1)
     2    0.005911    0.028637    0.221383    0.221383 v u_input_buffer.mem[22][1]$_DFFE_PP_/Q (sg13g2_dfrbpq_1)
                                                         u_input_buffer.mem[22][1] (net)
                      0.028637    0.000000    0.221383 v _3368_/A (sg13g2_nor2_1)
     1    0.002949    0.043929    0.056471    0.277854 ^ _3368_/Y (sg13g2_nor2_1)
                                                         _0598_ (net)
                      0.043929    0.000000    0.277854 ^ _3369_/B1 (sg13g2_a21oi_1)
     1    0.001430    0.017671    0.029842    0.307696 v _3369_/Y (sg13g2_a21oi_1)
                                                         _0161_ (net)
                      0.017671    0.000000    0.307696 v u_input_buffer.mem[22][1]$_DFFE_PP_/D (sg13g2_dfrbpq_1)
                                              0.307696   data arrival time

                      0.150000    0.000000    0.000000   clock clk (rise edge)
                                  0.000000    0.000000   clock network delay (ideal)
                                  0.250000    0.250000   clock uncertainty
                                  0.000000    0.250000   clock reconvergence pessimism
                                              0.250000 ^ u_input_buffer.mem[22][1]$_DFFE_PP_/CLK (sg13g2_dfrbpq_1)
                                 -0.006516    0.243484   library hold time
                                              0.243484   data required time
---------------------------------------------------------------------------------------------
                                              0.243484   data required time
                                             -0.307696   data arrival time
---------------------------------------------------------------------------------------------
                                              0.064211   slack (MET)


Startpoint: u_input_buffer.mem[22][2]$_DFFE_PP_
            (rising edge-triggered flip-flop clocked by clk)
Endpoint: u_input_buffer.mem[22][2]$_DFFE_PP_
          (rising edge-triggered flip-flop clocked by clk)
Path Group: clk
Path Type: min

Fanout         Cap        Slew       Delay        Time   Description
---------------------------------------------------------------------------------------------
                      0.150000    0.000000    0.000000   clock clk (rise edge)
                                  0.000000    0.000000   clock network delay (ideal)
                      0.150000    0.000000    0.000000 ^ u_input_buffer.mem[22][2]$_DFFE_PP_/CLK (sg13g2_dfrbpq_1)
     2    0.005911    0.028637    0.221383    0.221383 v u_input_buffer.mem[22][2]$_DFFE_PP_/Q (sg13g2_dfrbpq_1)
                                                         u_input_buffer.mem[22][2] (net)
                      0.028637    0.000000    0.221383 v _3370_/A (sg13g2_nor2_1)
     1    0.002949    0.043929    0.056471    0.277854 ^ _3370_/Y (sg13g2_nor2_1)
                                                         _0599_ (net)
                      0.043929    0.000000    0.277854 ^ _3371_/B1 (sg13g2_a21oi_1)
     1    0.001430    0.017671    0.029842    0.307696 v _3371_/Y (sg13g2_a21oi_1)
                                                         _0162_ (net)
                      0.017671    0.000000    0.307696 v u_input_buffer.mem[22][2]$_DFFE_PP_/D (sg13g2_dfrbpq_1)
                                              0.307696   data arrival time

                      0.150000    0.000000    0.000000   clock clk (rise edge)
                                  0.000000    0.000000   clock network delay (ideal)
                                  0.250000    0.250000   clock uncertainty
                                  0.000000    0.250000   clock reconvergence pessimism
                                              0.250000 ^ u_input_buffer.mem[22][2]$_DFFE_PP_/CLK (sg13g2_dfrbpq_1)
                                 -0.006516    0.243484   library hold time
                                              0.243484   data required time
---------------------------------------------------------------------------------------------
                                              0.243484   data required time
                                             -0.307696   data arrival time
---------------------------------------------------------------------------------------------
                                              0.064211   slack (MET)


Startpoint: u_input_buffer.mem[22][3]$_DFFE_PP_
            (rising edge-triggered flip-flop clocked by clk)
Endpoint: u_input_buffer.mem[22][3]$_DFFE_PP_
          (rising edge-triggered flip-flop clocked by clk)
Path Group: clk
Path Type: min

Fanout         Cap        Slew       Delay        Time   Description
---------------------------------------------------------------------------------------------
                      0.150000    0.000000    0.000000   clock clk (rise edge)
                                  0.000000    0.000000   clock network delay (ideal)
                      0.150000    0.000000    0.000000 ^ u_input_buffer.mem[22][3]$_DFFE_PP_/CLK (sg13g2_dfrbpq_1)
     2    0.005911    0.028637    0.221383    0.221383 v u_input_buffer.mem[22][3]$_DFFE_PP_/Q (sg13g2_dfrbpq_1)
                                                         u_input_buffer.mem[22][3] (net)
                      0.028637    0.000000    0.221383 v _3372_/A (sg13g2_nor2_1)
     1    0.002949    0.043929    0.056471    0.277854 ^ _3372_/Y (sg13g2_nor2_1)
                                                         _0600_ (net)
                      0.043929    0.000000    0.277854 ^ _3373_/B1 (sg13g2_a21oi_1)
     1    0.001430    0.017671    0.029842    0.307696 v _3373_/Y (sg13g2_a21oi_1)
                                                         _0163_ (net)
                      0.017671    0.000000    0.307696 v u_input_buffer.mem[22][3]$_DFFE_PP_/D (sg13g2_dfrbpq_1)
                                              0.307696   data arrival time

                      0.150000    0.000000    0.000000   clock clk (rise edge)
                                  0.000000    0.000000   clock network delay (ideal)
                                  0.250000    0.250000   clock uncertainty
                                  0.000000    0.250000   clock reconvergence pessimism
                                              0.250000 ^ u_input_buffer.mem[22][3]$_DFFE_PP_/CLK (sg13g2_dfrbpq_1)
                                 -0.006516    0.243484   library hold time
                                              0.243484   data required time
---------------------------------------------------------------------------------------------
                                              0.243484   data required time
                                             -0.307696   data arrival time
---------------------------------------------------------------------------------------------
                                              0.064211   slack (MET)


Startpoint: u_input_buffer.mem[22][4]$_DFFE_PP_
            (rising edge-triggered flip-flop clocked by clk)
Endpoint: u_input_buffer.mem[22][4]$_DFFE_PP_
          (rising edge-triggered flip-flop clocked by clk)
Path Group: clk
Path Type: min

Fanout         Cap        Slew       Delay        Time   Description
---------------------------------------------------------------------------------------------
                      0.150000    0.000000    0.000000   clock clk (rise edge)
                                  0.000000    0.000000   clock network delay (ideal)
                      0.150000    0.000000    0.000000 ^ u_input_buffer.mem[22][4]$_DFFE_PP_/CLK (sg13g2_dfrbpq_1)
     2    0.005911    0.028637    0.221383    0.221383 v u_input_buffer.mem[22][4]$_DFFE_PP_/Q (sg13g2_dfrbpq_1)
                                                         u_input_buffer.mem[22][4] (net)
                      0.028637    0.000000    0.221383 v _3374_/A (sg13g2_nor2_1)
     1    0.002949    0.043929    0.056471    0.277854 ^ _3374_/Y (sg13g2_nor2_1)
                                                         _0601_ (net)
                      0.043929    0.000000    0.277854 ^ _3375_/B1 (sg13g2_a21oi_1)
     1    0.001430    0.017671    0.029842    0.307696 v _3375_/Y (sg13g2_a21oi_1)
                                                         _0164_ (net)
                      0.017671    0.000000    0.307696 v u_input_buffer.mem[22][4]$_DFFE_PP_/D (sg13g2_dfrbpq_1)
                                              0.307696   data arrival time

                      0.150000    0.000000    0.000000   clock clk (rise edge)
                                  0.000000    0.000000   clock network delay (ideal)
                                  0.250000    0.250000   clock uncertainty
                                  0.000000    0.250000   clock reconvergence pessimism
                                              0.250000 ^ u_input_buffer.mem[22][4]$_DFFE_PP_/CLK (sg13g2_dfrbpq_1)
                                 -0.006516    0.243484   library hold time
                                              0.243484   data required time
---------------------------------------------------------------------------------------------
                                              0.243484   data required time
                                             -0.307696   data arrival time
---------------------------------------------------------------------------------------------
                                              0.064211   slack (MET)


Startpoint: u_input_buffer.mem[22][5]$_DFFE_PP_
            (rising edge-triggered flip-flop clocked by clk)
Endpoint: u_input_buffer.mem[22][5]$_DFFE_PP_
          (rising edge-triggered flip-flop clocked by clk)
Path Group: clk
Path Type: min

Fanout         Cap        Slew       Delay        Time   Description
---------------------------------------------------------------------------------------------
                      0.150000    0.000000    0.000000   clock clk (rise edge)
                                  0.000000    0.000000   clock network delay (ideal)
                      0.150000    0.000000    0.000000 ^ u_input_buffer.mem[22][5]$_DFFE_PP_/CLK (sg13g2_dfrbpq_1)
     2    0.005911    0.028637    0.221383    0.221383 v u_input_buffer.mem[22][5]$_DFFE_PP_/Q (sg13g2_dfrbpq_1)
                                                         u_input_buffer.mem[22][5] (net)
                      0.028637    0.000000    0.221383 v _3376_/A (sg13g2_nor2_1)
     1    0.002949    0.043929    0.056471    0.277854 ^ _3376_/Y (sg13g2_nor2_1)
                                                         _0602_ (net)
                      0.043929    0.000000    0.277854 ^ _3377_/B1 (sg13g2_a21oi_1)
     1    0.001430    0.017671    0.029842    0.307696 v _3377_/Y (sg13g2_a21oi_1)
                                                         _0165_ (net)
                      0.017671    0.000000    0.307696 v u_input_buffer.mem[22][5]$_DFFE_PP_/D (sg13g2_dfrbpq_1)
                                              0.307696   data arrival time

                      0.150000    0.000000    0.000000   clock clk (rise edge)
                                  0.000000    0.000000   clock network delay (ideal)
                                  0.250000    0.250000   clock uncertainty
                                  0.000000    0.250000   clock reconvergence pessimism
                                              0.250000 ^ u_input_buffer.mem[22][5]$_DFFE_PP_/CLK (sg13g2_dfrbpq_1)
                                 -0.006516    0.243484   library hold time
                                              0.243484   data required time
---------------------------------------------------------------------------------------------
                                              0.243484   data required time
                                             -0.307696   data arrival time
---------------------------------------------------------------------------------------------
                                              0.064211   slack (MET)


Startpoint: u_input_buffer.mem[22][6]$_DFFE_PP_
            (rising edge-triggered flip-flop clocked by clk)
Endpoint: u_input_buffer.mem[22][6]$_DFFE_PP_
          (rising edge-triggered flip-flop clocked by clk)
Path Group: clk
Path Type: min

Fanout         Cap        Slew       Delay        Time   Description
---------------------------------------------------------------------------------------------
                      0.150000    0.000000    0.000000   clock clk (rise edge)
                                  0.000000    0.000000   clock network delay (ideal)
                      0.150000    0.000000    0.000000 ^ u_input_buffer.mem[22][6]$_DFFE_PP_/CLK (sg13g2_dfrbpq_1)
     2    0.005911    0.028637    0.221383    0.221383 v u_input_buffer.mem[22][6]$_DFFE_PP_/Q (sg13g2_dfrbpq_1)
                                                         u_input_buffer.mem[22][6] (net)
                      0.028637    0.000000    0.221383 v _3378_/A (sg13g2_nor2_1)
     1    0.002949    0.043929    0.056471    0.277854 ^ _3378_/Y (sg13g2_nor2_1)
                                                         _0603_ (net)
                      0.043929    0.000000    0.277854 ^ _3379_/B1 (sg13g2_a21oi_1)
     1    0.001430    0.017671    0.029842    0.307696 v _3379_/Y (sg13g2_a21oi_1)
                                                         _0166_ (net)
                      0.017671    0.000000    0.307696 v u_input_buffer.mem[22][6]$_DFFE_PP_/D (sg13g2_dfrbpq_1)
                                              0.307696   data arrival time

                      0.150000    0.000000    0.000000   clock clk (rise edge)
                                  0.000000    0.000000   clock network delay (ideal)
                                  0.250000    0.250000   clock uncertainty
                                  0.000000    0.250000   clock reconvergence pessimism
                                              0.250000 ^ u_input_buffer.mem[22][6]$_DFFE_PP_/CLK (sg13g2_dfrbpq_1)
                                 -0.006516    0.243484   library hold time
                                              0.243484   data required time
---------------------------------------------------------------------------------------------
                                              0.243484   data required time
                                             -0.307696   data arrival time
---------------------------------------------------------------------------------------------
                                              0.064211   slack (MET)


Startpoint: u_input_buffer.mem[22][7]$_DFFE_PP_
            (rising edge-triggered flip-flop clocked by clk)
Endpoint: u_input_buffer.mem[22][7]$_DFFE_PP_
          (rising edge-triggered flip-flop clocked by clk)
Path Group: clk
Path Type: min

Fanout         Cap        Slew       Delay        Time   Description
---------------------------------------------------------------------------------------------
                      0.150000    0.000000    0.000000   clock clk (rise edge)
                                  0.000000    0.000000   clock network delay (ideal)
                      0.150000    0.000000    0.000000 ^ u_input_buffer.mem[22][7]$_DFFE_PP_/CLK (sg13g2_dfrbpq_1)
     2    0.005911    0.028637    0.221383    0.221383 v u_input_buffer.mem[22][7]$_DFFE_PP_/Q (sg13g2_dfrbpq_1)
                                                         u_input_buffer.mem[22][7] (net)
                      0.028637    0.000000    0.221383 v _3380_/A (sg13g2_nor2_1)
     1    0.002949    0.043929    0.056471    0.277854 ^ _3380_/Y (sg13g2_nor2_1)
                                                         _0604_ (net)
                      0.043929    0.000000    0.277854 ^ _3381_/B1 (sg13g2_a21oi_1)
     1    0.001430    0.017671    0.029842    0.307696 v _3381_/Y (sg13g2_a21oi_1)
                                                         _0167_ (net)
                      0.017671    0.000000    0.307696 v u_input_buffer.mem[22][7]$_DFFE_PP_/D (sg13g2_dfrbpq_1)
                                              0.307696   data arrival time

                      0.150000    0.000000    0.000000   clock clk (rise edge)
                                  0.000000    0.000000   clock network delay (ideal)
                                  0.250000    0.250000   clock uncertainty
                                  0.000000    0.250000   clock reconvergence pessimism
                                              0.250000 ^ u_input_buffer.mem[22][7]$_DFFE_PP_/CLK (sg13g2_dfrbpq_1)
                                 -0.006516    0.243484   library hold time
                                              0.243484   data required time
---------------------------------------------------------------------------------------------
                                              0.243484   data required time
                                             -0.307696   data arrival time
---------------------------------------------------------------------------------------------
                                              0.064211   slack (MET)


Startpoint: u_input_buffer.mem[23][0]$_DFFE_PP_
            (rising edge-triggered flip-flop clocked by clk)
Endpoint: u_input_buffer.mem[23][0]$_DFFE_PP_
          (rising edge-triggered flip-flop clocked by clk)
Path Group: clk
Path Type: min

Fanout         Cap        Slew       Delay        Time   Description
---------------------------------------------------------------------------------------------
                      0.150000    0.000000    0.000000   clock clk (rise edge)
                                  0.000000    0.000000   clock network delay (ideal)
                      0.150000    0.000000    0.000000 ^ u_input_buffer.mem[23][0]$_DFFE_PP_/CLK (sg13g2_dfrbpq_1)
     2    0.005911    0.028637    0.221383    0.221383 v u_input_buffer.mem[23][0]$_DFFE_PP_/Q (sg13g2_dfrbpq_1)
                                                         u_input_buffer.mem[23][0] (net)
                      0.028637    0.000000    0.221383 v _3383_/A (sg13g2_nor2_1)
     1    0.002949    0.043929    0.056471    0.277854 ^ _3383_/Y (sg13g2_nor2_1)
                                                         _0606_ (net)
                      0.043929    0.000000    0.277854 ^ _3384_/B1 (sg13g2_a21oi_1)
     1    0.001430    0.017671    0.029842    0.307696 v _3384_/Y (sg13g2_a21oi_1)
                                                         _0168_ (net)
                      0.017671    0.000000    0.307696 v u_input_buffer.mem[23][0]$_DFFE_PP_/D (sg13g2_dfrbpq_1)
                                              0.307696   data arrival time

                      0.150000    0.000000    0.000000   clock clk (rise edge)
                                  0.000000    0.000000   clock network delay (ideal)
                                  0.250000    0.250000   clock uncertainty
                                  0.000000    0.250000   clock reconvergence pessimism
                                              0.250000 ^ u_input_buffer.mem[23][0]$_DFFE_PP_/CLK (sg13g2_dfrbpq_1)
                                 -0.006516    0.243484   library hold time
                                              0.243484   data required time
---------------------------------------------------------------------------------------------
                                              0.243484   data required time
                                             -0.307696   data arrival time
---------------------------------------------------------------------------------------------
                                              0.064211   slack (MET)


Startpoint: u_input_buffer.mem[23][1]$_DFFE_PP_
            (rising edge-triggered flip-flop clocked by clk)
Endpoint: u_input_buffer.mem[23][1]$_DFFE_PP_
          (rising edge-triggered flip-flop clocked by clk)
Path Group: clk
Path Type: min

Fanout         Cap        Slew       Delay        Time   Description
---------------------------------------------------------------------------------------------
                      0.150000    0.000000    0.000000   clock clk (rise edge)
                                  0.000000    0.000000   clock network delay (ideal)
                      0.150000    0.000000    0.000000 ^ u_input_buffer.mem[23][1]$_DFFE_PP_/CLK (sg13g2_dfrbpq_1)
     2    0.005911    0.028637    0.221383    0.221383 v u_input_buffer.mem[23][1]$_DFFE_PP_/Q (sg13g2_dfrbpq_1)
                                                         u_input_buffer.mem[23][1] (net)
                      0.028637    0.000000    0.221383 v _3385_/A (sg13g2_nor2_1)
     1    0.002949    0.043929    0.056471    0.277854 ^ _3385_/Y (sg13g2_nor2_1)
                                                         _0607_ (net)
                      0.043929    0.000000    0.277854 ^ _3386_/B1 (sg13g2_a21oi_1)
     1    0.001430    0.017671    0.029842    0.307696 v _3386_/Y (sg13g2_a21oi_1)
                                                         _0169_ (net)
                      0.017671    0.000000    0.307696 v u_input_buffer.mem[23][1]$_DFFE_PP_/D (sg13g2_dfrbpq_1)
                                              0.307696   data arrival time

                      0.150000    0.000000    0.000000   clock clk (rise edge)
                                  0.000000    0.000000   clock network delay (ideal)
                                  0.250000    0.250000   clock uncertainty
                                  0.000000    0.250000   clock reconvergence pessimism
                                              0.250000 ^ u_input_buffer.mem[23][1]$_DFFE_PP_/CLK (sg13g2_dfrbpq_1)
                                 -0.006516    0.243484   library hold time
                                              0.243484   data required time
---------------------------------------------------------------------------------------------
                                              0.243484   data required time
                                             -0.307696   data arrival time
---------------------------------------------------------------------------------------------
                                              0.064211   slack (MET)


Startpoint: u_input_buffer.mem[23][2]$_DFFE_PP_
            (rising edge-triggered flip-flop clocked by clk)
Endpoint: u_input_buffer.mem[23][2]$_DFFE_PP_
          (rising edge-triggered flip-flop clocked by clk)
Path Group: clk
Path Type: min

Fanout         Cap        Slew       Delay        Time   Description
---------------------------------------------------------------------------------------------
                      0.150000    0.000000    0.000000   clock clk (rise edge)
                                  0.000000    0.000000   clock network delay (ideal)
                      0.150000    0.000000    0.000000 ^ u_input_buffer.mem[23][2]$_DFFE_PP_/CLK (sg13g2_dfrbpq_1)
     2    0.005911    0.028637    0.221383    0.221383 v u_input_buffer.mem[23][2]$_DFFE_PP_/Q (sg13g2_dfrbpq_1)
                                                         u_input_buffer.mem[23][2] (net)
                      0.028637    0.000000    0.221383 v _3387_/A (sg13g2_nor2_1)
     1    0.002949    0.043929    0.056471    0.277854 ^ _3387_/Y (sg13g2_nor2_1)
                                                         _0608_ (net)
                      0.043929    0.000000    0.277854 ^ _3388_/B1 (sg13g2_a21oi_1)
     1    0.001430    0.017671    0.029842    0.307696 v _3388_/Y (sg13g2_a21oi_1)
                                                         _0170_ (net)
                      0.017671    0.000000    0.307696 v u_input_buffer.mem[23][2]$_DFFE_PP_/D (sg13g2_dfrbpq_1)
                                              0.307696   data arrival time

                      0.150000    0.000000    0.000000   clock clk (rise edge)
                                  0.000000    0.000000   clock network delay (ideal)
                                  0.250000    0.250000   clock uncertainty
                                  0.000000    0.250000   clock reconvergence pessimism
                                              0.250000 ^ u_input_buffer.mem[23][2]$_DFFE_PP_/CLK (sg13g2_dfrbpq_1)
                                 -0.006516    0.243484   library hold time
                                              0.243484   data required time
---------------------------------------------------------------------------------------------
                                              0.243484   data required time
                                             -0.307696   data arrival time
---------------------------------------------------------------------------------------------
                                              0.064211   slack (MET)


Startpoint: u_input_buffer.mem[23][4]$_DFFE_PP_
            (rising edge-triggered flip-flop clocked by clk)
Endpoint: u_input_buffer.mem[23][4]$_DFFE_PP_
          (rising edge-triggered flip-flop clocked by clk)
Path Group: clk
Path Type: min

Fanout         Cap        Slew       Delay        Time   Description
---------------------------------------------------------------------------------------------
                      0.150000    0.000000    0.000000   clock clk (rise edge)
                                  0.000000    0.000000   clock network delay (ideal)
                      0.150000    0.000000    0.000000 ^ u_input_buffer.mem[23][4]$_DFFE_PP_/CLK (sg13g2_dfrbpq_1)
     2    0.005911    0.028637    0.221383    0.221383 v u_input_buffer.mem[23][4]$_DFFE_PP_/Q (sg13g2_dfrbpq_1)
                                                         u_input_buffer.mem[23][4] (net)
                      0.028637    0.000000    0.221383 v _3391_/A (sg13g2_nor2_1)
     1    0.002949    0.043929    0.056471    0.277854 ^ _3391_/Y (sg13g2_nor2_1)
                                                         _0610_ (net)
                      0.043929    0.000000    0.277854 ^ _3392_/B1 (sg13g2_a21oi_1)
     1    0.001430    0.017671    0.029842    0.307696 v _3392_/Y (sg13g2_a21oi_1)
                                                         _0172_ (net)
                      0.017671    0.000000    0.307696 v u_input_buffer.mem[23][4]$_DFFE_PP_/D (sg13g2_dfrbpq_1)
                                              0.307696   data arrival time

                      0.150000    0.000000    0.000000   clock clk (rise edge)
                                  0.000000    0.000000   clock network delay (ideal)
                                  0.250000    0.250000   clock uncertainty
                                  0.000000    0.250000   clock reconvergence pessimism
                                              0.250000 ^ u_input_buffer.mem[23][4]$_DFFE_PP_/CLK (sg13g2_dfrbpq_1)
                                 -0.006516    0.243484   library hold time
                                              0.243484   data required time
---------------------------------------------------------------------------------------------
                                              0.243484   data required time
                                             -0.307696   data arrival time
---------------------------------------------------------------------------------------------
                                              0.064211   slack (MET)


Startpoint: u_input_buffer.mem[23][5]$_DFFE_PP_
            (rising edge-triggered flip-flop clocked by clk)
Endpoint: u_input_buffer.mem[23][5]$_DFFE_PP_
          (rising edge-triggered flip-flop clocked by clk)
Path Group: clk
Path Type: min

Fanout         Cap        Slew       Delay        Time   Description
---------------------------------------------------------------------------------------------
                      0.150000    0.000000    0.000000   clock clk (rise edge)
                                  0.000000    0.000000   clock network delay (ideal)
                      0.150000    0.000000    0.000000 ^ u_input_buffer.mem[23][5]$_DFFE_PP_/CLK (sg13g2_dfrbpq_1)
     2    0.005911    0.028637    0.221383    0.221383 v u_input_buffer.mem[23][5]$_DFFE_PP_/Q (sg13g2_dfrbpq_1)
                                                         u_input_buffer.mem[23][5] (net)
                      0.028637    0.000000    0.221383 v _3393_/A (sg13g2_nor2_1)
     1    0.002949    0.043929    0.056471    0.277854 ^ _3393_/Y (sg13g2_nor2_1)
                                                         _0611_ (net)
                      0.043929    0.000000    0.277854 ^ _3394_/B1 (sg13g2_a21oi_1)
     1    0.001430    0.017671    0.029842    0.307696 v _3394_/Y (sg13g2_a21oi_1)
                                                         _0173_ (net)
                      0.017671    0.000000    0.307696 v u_input_buffer.mem[23][5]$_DFFE_PP_/D (sg13g2_dfrbpq_1)
                                              0.307696   data arrival time

                      0.150000    0.000000    0.000000   clock clk (rise edge)
                                  0.000000    0.000000   clock network delay (ideal)
                                  0.250000    0.250000   clock uncertainty
                                  0.000000    0.250000   clock reconvergence pessimism
                                              0.250000 ^ u_input_buffer.mem[23][5]$_DFFE_PP_/CLK (sg13g2_dfrbpq_1)
                                 -0.006516    0.243484   library hold time
                                              0.243484   data required time
---------------------------------------------------------------------------------------------
                                              0.243484   data required time
                                             -0.307696   data arrival time
---------------------------------------------------------------------------------------------
                                              0.064211   slack (MET)


Startpoint: u_input_buffer.mem[23][6]$_DFFE_PP_
            (rising edge-triggered flip-flop clocked by clk)
Endpoint: u_input_buffer.mem[23][6]$_DFFE_PP_
          (rising edge-triggered flip-flop clocked by clk)
Path Group: clk
Path Type: min

Fanout         Cap        Slew       Delay        Time   Description
---------------------------------------------------------------------------------------------
                      0.150000    0.000000    0.000000   clock clk (rise edge)
                                  0.000000    0.000000   clock network delay (ideal)
                      0.150000    0.000000    0.000000 ^ u_input_buffer.mem[23][6]$_DFFE_PP_/CLK (sg13g2_dfrbpq_1)
     2    0.005911    0.028637    0.221383    0.221383 v u_input_buffer.mem[23][6]$_DFFE_PP_/Q (sg13g2_dfrbpq_1)
                                                         u_input_buffer.mem[23][6] (net)
                      0.028637    0.000000    0.221383 v _3395_/A (sg13g2_nor2_1)
     1    0.002949    0.043929    0.056471    0.277854 ^ _3395_/Y (sg13g2_nor2_1)
                                                         _0612_ (net)
                      0.043929    0.000000    0.277854 ^ _3396_/B1 (sg13g2_a21oi_1)
     1    0.001430    0.017671    0.029842    0.307696 v _3396_/Y (sg13g2_a21oi_1)
                                                         _0174_ (net)
                      0.017671    0.000000    0.307696 v u_input_buffer.mem[23][6]$_DFFE_PP_/D (sg13g2_dfrbpq_1)
                                              0.307696   data arrival time

                      0.150000    0.000000    0.000000   clock clk (rise edge)
                                  0.000000    0.000000   clock network delay (ideal)
                                  0.250000    0.250000   clock uncertainty
                                  0.000000    0.250000   clock reconvergence pessimism
                                              0.250000 ^ u_input_buffer.mem[23][6]$_DFFE_PP_/CLK (sg13g2_dfrbpq_1)
                                 -0.006516    0.243484   library hold time
                                              0.243484   data required time
---------------------------------------------------------------------------------------------
                                              0.243484   data required time
                                             -0.307696   data arrival time
---------------------------------------------------------------------------------------------
                                              0.064211   slack (MET)


Startpoint: u_input_buffer.mem[28][0]$_DFFE_PP_
            (rising edge-triggered flip-flop clocked by clk)
Endpoint: u_input_buffer.mem[28][0]$_DFFE_PP_
          (rising edge-triggered flip-flop clocked by clk)
Path Group: clk
Path Type: min

Fanout         Cap        Slew       Delay        Time   Description
---------------------------------------------------------------------------------------------
                      0.150000    0.000000    0.000000   clock clk (rise edge)
                                  0.000000    0.000000   clock network delay (ideal)
                      0.150000    0.000000    0.000000 ^ u_input_buffer.mem[28][0]$_DFFE_PP_/CLK (sg13g2_dfrbpq_1)
     2    0.005911    0.028637    0.221383    0.221383 v u_input_buffer.mem[28][0]$_DFFE_PP_/Q (sg13g2_dfrbpq_1)
                                                         u_input_buffer.mem[28][0] (net)
                      0.028637    0.000000    0.221383 v _3469_/A (sg13g2_nor2_1)
     1    0.002949    0.043929    0.056471    0.277854 ^ _3469_/Y (sg13g2_nor2_1)
                                                         _0652_ (net)
                      0.043929    0.000000    0.277854 ^ _3470_/B1 (sg13g2_a21oi_1)
     1    0.001430    0.017671    0.029842    0.307696 v _3470_/Y (sg13g2_a21oi_1)
                                                         _0208_ (net)
                      0.017671    0.000000    0.307696 v u_input_buffer.mem[28][0]$_DFFE_PP_/D (sg13g2_dfrbpq_1)
                                              0.307696   data arrival time

                      0.150000    0.000000    0.000000   clock clk (rise edge)
                                  0.000000    0.000000   clock network delay (ideal)
                                  0.250000    0.250000   clock uncertainty
                                  0.000000    0.250000   clock reconvergence pessimism
                                              0.250000 ^ u_input_buffer.mem[28][0]$_DFFE_PP_/CLK (sg13g2_dfrbpq_1)
                                 -0.006516    0.243484   library hold time
                                              0.243484   data required time
---------------------------------------------------------------------------------------------
                                              0.243484   data required time
                                             -0.307696   data arrival time
---------------------------------------------------------------------------------------------
                                              0.064211   slack (MET)


Startpoint: u_input_buffer.mem[28][1]$_DFFE_PP_
            (rising edge-triggered flip-flop clocked by clk)
Endpoint: u_input_buffer.mem[28][1]$_DFFE_PP_
          (rising edge-triggered flip-flop clocked by clk)
Path Group: clk
Path Type: min

Fanout         Cap        Slew       Delay        Time   Description
---------------------------------------------------------------------------------------------
                      0.150000    0.000000    0.000000   clock clk (rise edge)
                                  0.000000    0.000000   clock network delay (ideal)
                      0.150000    0.000000    0.000000 ^ u_input_buffer.mem[28][1]$_DFFE_PP_/CLK (sg13g2_dfrbpq_1)
     2    0.005911    0.028637    0.221383    0.221383 v u_input_buffer.mem[28][1]$_DFFE_PP_/Q (sg13g2_dfrbpq_1)
                                                         u_input_buffer.mem[28][1] (net)
                      0.028637    0.000000    0.221383 v _3471_/A (sg13g2_nor2_1)
     1    0.002949    0.043929    0.056471    0.277854 ^ _3471_/Y (sg13g2_nor2_1)
                                                         _0653_ (net)
                      0.043929    0.000000    0.277854 ^ _3472_/B1 (sg13g2_a21oi_1)
     1    0.001430    0.017671    0.029842    0.307696 v _3472_/Y (sg13g2_a21oi_1)
                                                         _0209_ (net)
                      0.017671    0.000000    0.307696 v u_input_buffer.mem[28][1]$_DFFE_PP_/D (sg13g2_dfrbpq_1)
                                              0.307696   data arrival time

                      0.150000    0.000000    0.000000   clock clk (rise edge)
                                  0.000000    0.000000   clock network delay (ideal)
                                  0.250000    0.250000   clock uncertainty
                                  0.000000    0.250000   clock reconvergence pessimism
                                              0.250000 ^ u_input_buffer.mem[28][1]$_DFFE_PP_/CLK (sg13g2_dfrbpq_1)
                                 -0.006516    0.243484   library hold time
                                              0.243484   data required time
---------------------------------------------------------------------------------------------
                                              0.243484   data required time
                                             -0.307696   data arrival time
---------------------------------------------------------------------------------------------
                                              0.064211   slack (MET)


Startpoint: u_input_buffer.mem[28][2]$_DFFE_PP_
            (rising edge-triggered flip-flop clocked by clk)
Endpoint: u_input_buffer.mem[28][2]$_DFFE_PP_
          (rising edge-triggered flip-flop clocked by clk)
Path Group: clk
Path Type: min

Fanout         Cap        Slew       Delay        Time   Description
---------------------------------------------------------------------------------------------
                      0.150000    0.000000    0.000000   clock clk (rise edge)
                                  0.000000    0.000000   clock network delay (ideal)
                      0.150000    0.000000    0.000000 ^ u_input_buffer.mem[28][2]$_DFFE_PP_/CLK (sg13g2_dfrbpq_1)
     2    0.005911    0.028637    0.221383    0.221383 v u_input_buffer.mem[28][2]$_DFFE_PP_/Q (sg13g2_dfrbpq_1)
                                                         u_input_buffer.mem[28][2] (net)
                      0.028637    0.000000    0.221383 v _3473_/A (sg13g2_nor2_1)
     1    0.002949    0.043929    0.056471    0.277854 ^ _3473_/Y (sg13g2_nor2_1)
                                                         _0654_ (net)
                      0.043929    0.000000    0.277854 ^ _3474_/B1 (sg13g2_a21oi_1)
     1    0.001430    0.017671    0.029842    0.307696 v _3474_/Y (sg13g2_a21oi_1)
                                                         _0210_ (net)
                      0.017671    0.000000    0.307696 v u_input_buffer.mem[28][2]$_DFFE_PP_/D (sg13g2_dfrbpq_1)
                                              0.307696   data arrival time

                      0.150000    0.000000    0.000000   clock clk (rise edge)
                                  0.000000    0.000000   clock network delay (ideal)
                                  0.250000    0.250000   clock uncertainty
                                  0.000000    0.250000   clock reconvergence pessimism
                                              0.250000 ^ u_input_buffer.mem[28][2]$_DFFE_PP_/CLK (sg13g2_dfrbpq_1)
                                 -0.006516    0.243484   library hold time
                                              0.243484   data required time
---------------------------------------------------------------------------------------------
                                              0.243484   data required time
                                             -0.307696   data arrival time
---------------------------------------------------------------------------------------------
                                              0.064211   slack (MET)


Startpoint: u_input_buffer.mem[28][3]$_DFFE_PP_
            (rising edge-triggered flip-flop clocked by clk)
Endpoint: u_input_buffer.mem[28][3]$_DFFE_PP_
          (rising edge-triggered flip-flop clocked by clk)
Path Group: clk
Path Type: min

Fanout         Cap        Slew       Delay        Time   Description
---------------------------------------------------------------------------------------------
                      0.150000    0.000000    0.000000   clock clk (rise edge)
                                  0.000000    0.000000   clock network delay (ideal)
                      0.150000    0.000000    0.000000 ^ u_input_buffer.mem[28][3]$_DFFE_PP_/CLK (sg13g2_dfrbpq_1)
     2    0.005911    0.028637    0.221383    0.221383 v u_input_buffer.mem[28][3]$_DFFE_PP_/Q (sg13g2_dfrbpq_1)
                                                         u_input_buffer.mem[28][3] (net)
                      0.028637    0.000000    0.221383 v _3475_/A (sg13g2_nor2_1)
     1    0.002949    0.043929    0.056471    0.277854 ^ _3475_/Y (sg13g2_nor2_1)
                                                         _0655_ (net)
                      0.043929    0.000000    0.277854 ^ _3476_/B1 (sg13g2_a21oi_1)
     1    0.001430    0.017671    0.029842    0.307696 v _3476_/Y (sg13g2_a21oi_1)
                                                         _0211_ (net)
                      0.017671    0.000000    0.307696 v u_input_buffer.mem[28][3]$_DFFE_PP_/D (sg13g2_dfrbpq_1)
                                              0.307696   data arrival time

                      0.150000    0.000000    0.000000   clock clk (rise edge)
                                  0.000000    0.000000   clock network delay (ideal)
                                  0.250000    0.250000   clock uncertainty
                                  0.000000    0.250000   clock reconvergence pessimism
                                              0.250000 ^ u_input_buffer.mem[28][3]$_DFFE_PP_/CLK (sg13g2_dfrbpq_1)
                                 -0.006516    0.243484   library hold time
                                              0.243484   data required time
---------------------------------------------------------------------------------------------
                                              0.243484   data required time
                                             -0.307696   data arrival time
---------------------------------------------------------------------------------------------
                                              0.064211   slack (MET)


Startpoint: u_input_buffer.mem[28][4]$_DFFE_PP_
            (rising edge-triggered flip-flop clocked by clk)
Endpoint: u_input_buffer.mem[28][4]$_DFFE_PP_
          (rising edge-triggered flip-flop clocked by clk)
Path Group: clk
Path Type: min

Fanout         Cap        Slew       Delay        Time   Description
---------------------------------------------------------------------------------------------
                      0.150000    0.000000    0.000000   clock clk (rise edge)
                                  0.000000    0.000000   clock network delay (ideal)
                      0.150000    0.000000    0.000000 ^ u_input_buffer.mem[28][4]$_DFFE_PP_/CLK (sg13g2_dfrbpq_1)
     2    0.005911    0.028637    0.221383    0.221383 v u_input_buffer.mem[28][4]$_DFFE_PP_/Q (sg13g2_dfrbpq_1)
                                                         u_input_buffer.mem[28][4] (net)
                      0.028637    0.000000    0.221383 v _3477_/A (sg13g2_nor2_1)
     1    0.002949    0.043929    0.056471    0.277854 ^ _3477_/Y (sg13g2_nor2_1)
                                                         _0656_ (net)
                      0.043929    0.000000    0.277854 ^ _3478_/B1 (sg13g2_a21oi_1)
     1    0.001430    0.017671    0.029842    0.307696 v _3478_/Y (sg13g2_a21oi_1)
                                                         _0212_ (net)
                      0.017671    0.000000    0.307696 v u_input_buffer.mem[28][4]$_DFFE_PP_/D (sg13g2_dfrbpq_1)
                                              0.307696   data arrival time

                      0.150000    0.000000    0.000000   clock clk (rise edge)
                                  0.000000    0.000000   clock network delay (ideal)
                                  0.250000    0.250000   clock uncertainty
                                  0.000000    0.250000   clock reconvergence pessimism
                                              0.250000 ^ u_input_buffer.mem[28][4]$_DFFE_PP_/CLK (sg13g2_dfrbpq_1)
                                 -0.006516    0.243484   library hold time
                                              0.243484   data required time
---------------------------------------------------------------------------------------------
                                              0.243484   data required time
                                             -0.307696   data arrival time
---------------------------------------------------------------------------------------------
                                              0.064211   slack (MET)


Startpoint: u_input_buffer.mem[28][5]$_DFFE_PP_
            (rising edge-triggered flip-flop clocked by clk)
Endpoint: u_input_buffer.mem[28][5]$_DFFE_PP_
          (rising edge-triggered flip-flop clocked by clk)
Path Group: clk
Path Type: min

Fanout         Cap        Slew       Delay        Time   Description
---------------------------------------------------------------------------------------------
                      0.150000    0.000000    0.000000   clock clk (rise edge)
                                  0.000000    0.000000   clock network delay (ideal)
                      0.150000    0.000000    0.000000 ^ u_input_buffer.mem[28][5]$_DFFE_PP_/CLK (sg13g2_dfrbpq_1)
     2    0.005911    0.028637    0.221383    0.221383 v u_input_buffer.mem[28][5]$_DFFE_PP_/Q (sg13g2_dfrbpq_1)
                                                         u_input_buffer.mem[28][5] (net)
                      0.028637    0.000000    0.221383 v _3479_/A (sg13g2_nor2_1)
     1    0.002949    0.043929    0.056471    0.277854 ^ _3479_/Y (sg13g2_nor2_1)
                                                         _0657_ (net)
                      0.043929    0.000000    0.277854 ^ _3480_/B1 (sg13g2_a21oi_1)
     1    0.001430    0.017671    0.029842    0.307696 v _3480_/Y (sg13g2_a21oi_1)
                                                         _0213_ (net)
                      0.017671    0.000000    0.307696 v u_input_buffer.mem[28][5]$_DFFE_PP_/D (sg13g2_dfrbpq_1)
                                              0.307696   data arrival time

                      0.150000    0.000000    0.000000   clock clk (rise edge)
                                  0.000000    0.000000   clock network delay (ideal)
                                  0.250000    0.250000   clock uncertainty
                                  0.000000    0.250000   clock reconvergence pessimism
                                              0.250000 ^ u_input_buffer.mem[28][5]$_DFFE_PP_/CLK (sg13g2_dfrbpq_1)
                                 -0.006516    0.243484   library hold time
                                              0.243484   data required time
---------------------------------------------------------------------------------------------
                                              0.243484   data required time
                                             -0.307696   data arrival time
---------------------------------------------------------------------------------------------
                                              0.064211   slack (MET)


Startpoint: u_input_buffer.mem[28][6]$_DFFE_PP_
            (rising edge-triggered flip-flop clocked by clk)
Endpoint: u_input_buffer.mem[28][6]$_DFFE_PP_
          (rising edge-triggered flip-flop clocked by clk)
Path Group: clk
Path Type: min

Fanout         Cap        Slew       Delay        Time   Description
---------------------------------------------------------------------------------------------
                      0.150000    0.000000    0.000000   clock clk (rise edge)
                                  0.000000    0.000000   clock network delay (ideal)
                      0.150000    0.000000    0.000000 ^ u_input_buffer.mem[28][6]$_DFFE_PP_/CLK (sg13g2_dfrbpq_1)
     2    0.005911    0.028637    0.221383    0.221383 v u_input_buffer.mem[28][6]$_DFFE_PP_/Q (sg13g2_dfrbpq_1)
                                                         u_input_buffer.mem[28][6] (net)
                      0.028637    0.000000    0.221383 v _3481_/A (sg13g2_nor2_1)
     1    0.002949    0.043929    0.056471    0.277854 ^ _3481_/Y (sg13g2_nor2_1)
                                                         _0658_ (net)
                      0.043929    0.000000    0.277854 ^ _3482_/B1 (sg13g2_a21oi_1)
     1    0.001430    0.017671    0.029842    0.307696 v _3482_/Y (sg13g2_a21oi_1)
                                                         _0214_ (net)
                      0.017671    0.000000    0.307696 v u_input_buffer.mem[28][6]$_DFFE_PP_/D (sg13g2_dfrbpq_1)
                                              0.307696   data arrival time

                      0.150000    0.000000    0.000000   clock clk (rise edge)
                                  0.000000    0.000000   clock network delay (ideal)
                                  0.250000    0.250000   clock uncertainty
                                  0.000000    0.250000   clock reconvergence pessimism
                                              0.250000 ^ u_input_buffer.mem[28][6]$_DFFE_PP_/CLK (sg13g2_dfrbpq_1)
                                 -0.006516    0.243484   library hold time
                                              0.243484   data required time
---------------------------------------------------------------------------------------------
                                              0.243484   data required time
                                             -0.307696   data arrival time
---------------------------------------------------------------------------------------------
                                              0.064211   slack (MET)


Startpoint: u_input_buffer.mem[28][7]$_DFFE_PP_
            (rising edge-triggered flip-flop clocked by clk)
Endpoint: u_input_buffer.mem[28][7]$_DFFE_PP_
          (rising edge-triggered flip-flop clocked by clk)
Path Group: clk
Path Type: min

Fanout         Cap        Slew       Delay        Time   Description
---------------------------------------------------------------------------------------------
                      0.150000    0.000000    0.000000   clock clk (rise edge)
                                  0.000000    0.000000   clock network delay (ideal)
                      0.150000    0.000000    0.000000 ^ u_input_buffer.mem[28][7]$_DFFE_PP_/CLK (sg13g2_dfrbpq_1)
     2    0.005911    0.028637    0.221383    0.221383 v u_input_buffer.mem[28][7]$_DFFE_PP_/Q (sg13g2_dfrbpq_1)
                                                         u_input_buffer.mem[28][7] (net)
                      0.028637    0.000000    0.221383 v _3483_/A (sg13g2_nor2_1)
     1    0.002949    0.043929    0.056471    0.277854 ^ _3483_/Y (sg13g2_nor2_1)
                                                         _0659_ (net)
                      0.043929    0.000000    0.277854 ^ _3484_/B1 (sg13g2_a21oi_1)
     1    0.001430    0.017671    0.029842    0.307696 v _3484_/Y (sg13g2_a21oi_1)
                                                         _0215_ (net)
                      0.017671    0.000000    0.307696 v u_input_buffer.mem[28][7]$_DFFE_PP_/D (sg13g2_dfrbpq_1)
                                              0.307696   data arrival time

                      0.150000    0.000000    0.000000   clock clk (rise edge)
                                  0.000000    0.000000   clock network delay (ideal)
                                  0.250000    0.250000   clock uncertainty
                                  0.000000    0.250000   clock reconvergence pessimism
                                              0.250000 ^ u_input_buffer.mem[28][7]$_DFFE_PP_/CLK (sg13g2_dfrbpq_1)
                                 -0.006516    0.243484   library hold time
                                              0.243484   data required time
---------------------------------------------------------------------------------------------
                                              0.243484   data required time
                                             -0.307696   data arrival time
---------------------------------------------------------------------------------------------
                                              0.064211   slack (MET)


Startpoint: u_input_buffer.mem[29][0]$_DFFE_PP_
            (rising edge-triggered flip-flop clocked by clk)
Endpoint: u_input_buffer.mem[29][0]$_DFFE_PP_
          (rising edge-triggered flip-flop clocked by clk)
Path Group: clk
Path Type: min

Fanout         Cap        Slew       Delay        Time   Description
---------------------------------------------------------------------------------------------
                      0.150000    0.000000    0.000000   clock clk (rise edge)
                                  0.000000    0.000000   clock network delay (ideal)
                      0.150000    0.000000    0.000000 ^ u_input_buffer.mem[29][0]$_DFFE_PP_/CLK (sg13g2_dfrbpq_1)
     2    0.005911    0.028637    0.221383    0.221383 v u_input_buffer.mem[29][0]$_DFFE_PP_/Q (sg13g2_dfrbpq_1)
                                                         u_input_buffer.mem[29][0] (net)
                      0.028637    0.000000    0.221383 v _3486_/A (sg13g2_nor2_1)
     1    0.002949    0.043929    0.056471    0.277854 ^ _3486_/Y (sg13g2_nor2_1)
                                                         _0661_ (net)
                      0.043929    0.000000    0.277854 ^ _3487_/B1 (sg13g2_a21oi_1)
     1    0.001430    0.017671    0.029842    0.307696 v _3487_/Y (sg13g2_a21oi_1)
                                                         _0216_ (net)
                      0.017671    0.000000    0.307696 v u_input_buffer.mem[29][0]$_DFFE_PP_/D (sg13g2_dfrbpq_1)
                                              0.307696   data arrival time

                      0.150000    0.000000    0.000000   clock clk (rise edge)
                                  0.000000    0.000000   clock network delay (ideal)
                                  0.250000    0.250000   clock uncertainty
                                  0.000000    0.250000   clock reconvergence pessimism
                                              0.250000 ^ u_input_buffer.mem[29][0]$_DFFE_PP_/CLK (sg13g2_dfrbpq_1)
                                 -0.006516    0.243484   library hold time
                                              0.243484   data required time
---------------------------------------------------------------------------------------------
                                              0.243484   data required time
                                             -0.307696   data arrival time
---------------------------------------------------------------------------------------------
                                              0.064211   slack (MET)


Startpoint: u_input_buffer.mem[29][1]$_DFFE_PP_
            (rising edge-triggered flip-flop clocked by clk)
Endpoint: u_input_buffer.mem[29][1]$_DFFE_PP_
          (rising edge-triggered flip-flop clocked by clk)
Path Group: clk
Path Type: min

Fanout         Cap        Slew       Delay        Time   Description
---------------------------------------------------------------------------------------------
                      0.150000    0.000000    0.000000   clock clk (rise edge)
                                  0.000000    0.000000   clock network delay (ideal)
                      0.150000    0.000000    0.000000 ^ u_input_buffer.mem[29][1]$_DFFE_PP_/CLK (sg13g2_dfrbpq_1)
     2    0.005911    0.028637    0.221383    0.221383 v u_input_buffer.mem[29][1]$_DFFE_PP_/Q (sg13g2_dfrbpq_1)
                                                         u_input_buffer.mem[29][1] (net)
                      0.028637    0.000000    0.221383 v _3488_/A (sg13g2_nor2_1)
     1    0.002949    0.043929    0.056471    0.277854 ^ _3488_/Y (sg13g2_nor2_1)
                                                         _0662_ (net)
                      0.043929    0.000000    0.277854 ^ _3489_/B1 (sg13g2_a21oi_1)
     1    0.001430    0.017671    0.029842    0.307696 v _3489_/Y (sg13g2_a21oi_1)
                                                         _0217_ (net)
                      0.017671    0.000000    0.307696 v u_input_buffer.mem[29][1]$_DFFE_PP_/D (sg13g2_dfrbpq_1)
                                              0.307696   data arrival time

                      0.150000    0.000000    0.000000   clock clk (rise edge)
                                  0.000000    0.000000   clock network delay (ideal)
                                  0.250000    0.250000   clock uncertainty
                                  0.000000    0.250000   clock reconvergence pessimism
                                              0.250000 ^ u_input_buffer.mem[29][1]$_DFFE_PP_/CLK (sg13g2_dfrbpq_1)
                                 -0.006516    0.243484   library hold time
                                              0.243484   data required time
---------------------------------------------------------------------------------------------
                                              0.243484   data required time
                                             -0.307696   data arrival time
---------------------------------------------------------------------------------------------
                                              0.064211   slack (MET)


Startpoint: u_input_buffer.mem[29][2]$_DFFE_PP_
            (rising edge-triggered flip-flop clocked by clk)
Endpoint: u_input_buffer.mem[29][2]$_DFFE_PP_
          (rising edge-triggered flip-flop clocked by clk)
Path Group: clk
Path Type: min

Fanout         Cap        Slew       Delay        Time   Description
---------------------------------------------------------------------------------------------
                      0.150000    0.000000    0.000000   clock clk (rise edge)
                                  0.000000    0.000000   clock network delay (ideal)
                      0.150000    0.000000    0.000000 ^ u_input_buffer.mem[29][2]$_DFFE_PP_/CLK (sg13g2_dfrbpq_1)
     2    0.005911    0.028637    0.221383    0.221383 v u_input_buffer.mem[29][2]$_DFFE_PP_/Q (sg13g2_dfrbpq_1)
                                                         u_input_buffer.mem[29][2] (net)
                      0.028637    0.000000    0.221383 v _3490_/A (sg13g2_nor2_1)
     1    0.002949    0.043929    0.056471    0.277854 ^ _3490_/Y (sg13g2_nor2_1)
                                                         _0663_ (net)
                      0.043929    0.000000    0.277854 ^ _3491_/B1 (sg13g2_a21oi_1)
     1    0.001430    0.017671    0.029842    0.307696 v _3491_/Y (sg13g2_a21oi_1)
                                                         _0218_ (net)
                      0.017671    0.000000    0.307696 v u_input_buffer.mem[29][2]$_DFFE_PP_/D (sg13g2_dfrbpq_1)
                                              0.307696   data arrival time

                      0.150000    0.000000    0.000000   clock clk (rise edge)
                                  0.000000    0.000000   clock network delay (ideal)
                                  0.250000    0.250000   clock uncertainty
                                  0.000000    0.250000   clock reconvergence pessimism
                                              0.250000 ^ u_input_buffer.mem[29][2]$_DFFE_PP_/CLK (sg13g2_dfrbpq_1)
                                 -0.006516    0.243484   library hold time
                                              0.243484   data required time
---------------------------------------------------------------------------------------------
                                              0.243484   data required time
                                             -0.307696   data arrival time
---------------------------------------------------------------------------------------------
                                              0.064211   slack (MET)


Startpoint: u_input_buffer.mem[29][3]$_DFFE_PP_
            (rising edge-triggered flip-flop clocked by clk)
Endpoint: u_input_buffer.mem[29][3]$_DFFE_PP_
          (rising edge-triggered flip-flop clocked by clk)
Path Group: clk
Path Type: min

Fanout         Cap        Slew       Delay        Time   Description
---------------------------------------------------------------------------------------------
                      0.150000    0.000000    0.000000   clock clk (rise edge)
                                  0.000000    0.000000   clock network delay (ideal)
                      0.150000    0.000000    0.000000 ^ u_input_buffer.mem[29][3]$_DFFE_PP_/CLK (sg13g2_dfrbpq_1)
     2    0.005911    0.028637    0.221383    0.221383 v u_input_buffer.mem[29][3]$_DFFE_PP_/Q (sg13g2_dfrbpq_1)
                                                         u_input_buffer.mem[29][3] (net)
                      0.028637    0.000000    0.221383 v _3492_/A (sg13g2_nor2_1)
     1    0.002949    0.043929    0.056471    0.277854 ^ _3492_/Y (sg13g2_nor2_1)
                                                         _0664_ (net)
                      0.043929    0.000000    0.277854 ^ _3493_/B1 (sg13g2_a21oi_1)
     1    0.001430    0.017671    0.029842    0.307696 v _3493_/Y (sg13g2_a21oi_1)
                                                         _0219_ (net)
                      0.017671    0.000000    0.307696 v u_input_buffer.mem[29][3]$_DFFE_PP_/D (sg13g2_dfrbpq_1)
                                              0.307696   data arrival time

                      0.150000    0.000000    0.000000   clock clk (rise edge)
                                  0.000000    0.000000   clock network delay (ideal)
                                  0.250000    0.250000   clock uncertainty
                                  0.000000    0.250000   clock reconvergence pessimism
                                              0.250000 ^ u_input_buffer.mem[29][3]$_DFFE_PP_/CLK (sg13g2_dfrbpq_1)
                                 -0.006516    0.243484   library hold time
                                              0.243484   data required time
---------------------------------------------------------------------------------------------
                                              0.243484   data required time
                                             -0.307696   data arrival time
---------------------------------------------------------------------------------------------
                                              0.064211   slack (MET)


Startpoint: u_input_buffer.mem[29][4]$_DFFE_PP_
            (rising edge-triggered flip-flop clocked by clk)
Endpoint: u_input_buffer.mem[29][4]$_DFFE_PP_
          (rising edge-triggered flip-flop clocked by clk)
Path Group: clk
Path Type: min

Fanout         Cap        Slew       Delay        Time   Description
---------------------------------------------------------------------------------------------
                      0.150000    0.000000    0.000000   clock clk (rise edge)
                                  0.000000    0.000000   clock network delay (ideal)
                      0.150000    0.000000    0.000000 ^ u_input_buffer.mem[29][4]$_DFFE_PP_/CLK (sg13g2_dfrbpq_1)
     2    0.005911    0.028637    0.221383    0.221383 v u_input_buffer.mem[29][4]$_DFFE_PP_/Q (sg13g2_dfrbpq_1)
                                                         u_input_buffer.mem[29][4] (net)
                      0.028637    0.000000    0.221383 v _3494_/A (sg13g2_nor2_1)
     1    0.002949    0.043929    0.056471    0.277854 ^ _3494_/Y (sg13g2_nor2_1)
                                                         _0665_ (net)
                      0.043929    0.000000    0.277854 ^ _3495_/B1 (sg13g2_a21oi_1)
     1    0.001430    0.017671    0.029842    0.307696 v _3495_/Y (sg13g2_a21oi_1)
                                                         _0220_ (net)
                      0.017671    0.000000    0.307696 v u_input_buffer.mem[29][4]$_DFFE_PP_/D (sg13g2_dfrbpq_1)
                                              0.307696   data arrival time

                      0.150000    0.000000    0.000000   clock clk (rise edge)
                                  0.000000    0.000000   clock network delay (ideal)
                                  0.250000    0.250000   clock uncertainty
                                  0.000000    0.250000   clock reconvergence pessimism
                                              0.250000 ^ u_input_buffer.mem[29][4]$_DFFE_PP_/CLK (sg13g2_dfrbpq_1)
                                 -0.006516    0.243484   library hold time
                                              0.243484   data required time
---------------------------------------------------------------------------------------------
                                              0.243484   data required time
                                             -0.307696   data arrival time
---------------------------------------------------------------------------------------------
                                              0.064211   slack (MET)


Startpoint: u_input_buffer.mem[29][5]$_DFFE_PP_
            (rising edge-triggered flip-flop clocked by clk)
Endpoint: u_input_buffer.mem[29][5]$_DFFE_PP_
          (rising edge-triggered flip-flop clocked by clk)
Path Group: clk
Path Type: min

Fanout         Cap        Slew       Delay        Time   Description
---------------------------------------------------------------------------------------------
                      0.150000    0.000000    0.000000   clock clk (rise edge)
                                  0.000000    0.000000   clock network delay (ideal)
                      0.150000    0.000000    0.000000 ^ u_input_buffer.mem[29][5]$_DFFE_PP_/CLK (sg13g2_dfrbpq_1)
     2    0.005911    0.028637    0.221383    0.221383 v u_input_buffer.mem[29][5]$_DFFE_PP_/Q (sg13g2_dfrbpq_1)
                                                         u_input_buffer.mem[29][5] (net)
                      0.028637    0.000000    0.221383 v _3496_/A (sg13g2_nor2_1)
     1    0.002949    0.043929    0.056471    0.277854 ^ _3496_/Y (sg13g2_nor2_1)
                                                         _0666_ (net)
                      0.043929    0.000000    0.277854 ^ _3497_/B1 (sg13g2_a21oi_1)
     1    0.001430    0.017671    0.029842    0.307696 v _3497_/Y (sg13g2_a21oi_1)
                                                         _0221_ (net)
                      0.017671    0.000000    0.307696 v u_input_buffer.mem[29][5]$_DFFE_PP_/D (sg13g2_dfrbpq_1)
                                              0.307696   data arrival time

                      0.150000    0.000000    0.000000   clock clk (rise edge)
                                  0.000000    0.000000   clock network delay (ideal)
                                  0.250000    0.250000   clock uncertainty
                                  0.000000    0.250000   clock reconvergence pessimism
                                              0.250000 ^ u_input_buffer.mem[29][5]$_DFFE_PP_/CLK (sg13g2_dfrbpq_1)
                                 -0.006516    0.243484   library hold time
                                              0.243484   data required time
---------------------------------------------------------------------------------------------
                                              0.243484   data required time
                                             -0.307696   data arrival time
---------------------------------------------------------------------------------------------
                                              0.064211   slack (MET)


Startpoint: u_input_buffer.mem[29][6]$_DFFE_PP_
            (rising edge-triggered flip-flop clocked by clk)
Endpoint: u_input_buffer.mem[29][6]$_DFFE_PP_
          (rising edge-triggered flip-flop clocked by clk)
Path Group: clk
Path Type: min

Fanout         Cap        Slew       Delay        Time   Description
---------------------------------------------------------------------------------------------
                      0.150000    0.000000    0.000000   clock clk (rise edge)
                                  0.000000    0.000000   clock network delay (ideal)
                      0.150000    0.000000    0.000000 ^ u_input_buffer.mem[29][6]$_DFFE_PP_/CLK (sg13g2_dfrbpq_1)
     2    0.005911    0.028637    0.221383    0.221383 v u_input_buffer.mem[29][6]$_DFFE_PP_/Q (sg13g2_dfrbpq_1)
                                                         u_input_buffer.mem[29][6] (net)
                      0.028637    0.000000    0.221383 v _3498_/A (sg13g2_nor2_1)
     1    0.002949    0.043929    0.056471    0.277854 ^ _3498_/Y (sg13g2_nor2_1)
                                                         _0667_ (net)
                      0.043929    0.000000    0.277854 ^ _3499_/B1 (sg13g2_a21oi_1)
     1    0.001430    0.017671    0.029842    0.307696 v _3499_/Y (sg13g2_a21oi_1)
                                                         _0222_ (net)
                      0.017671    0.000000    0.307696 v u_input_buffer.mem[29][6]$_DFFE_PP_/D (sg13g2_dfrbpq_1)
                                              0.307696   data arrival time

                      0.150000    0.000000    0.000000   clock clk (rise edge)
                                  0.000000    0.000000   clock network delay (ideal)
                                  0.250000    0.250000   clock uncertainty
                                  0.000000    0.250000   clock reconvergence pessimism
                                              0.250000 ^ u_input_buffer.mem[29][6]$_DFFE_PP_/CLK (sg13g2_dfrbpq_1)
                                 -0.006516    0.243484   library hold time
                                              0.243484   data required time
---------------------------------------------------------------------------------------------
                                              0.243484   data required time
                                             -0.307696   data arrival time
---------------------------------------------------------------------------------------------
                                              0.064211   slack (MET)


Startpoint: u_input_buffer.mem[29][7]$_DFFE_PP_
            (rising edge-triggered flip-flop clocked by clk)
Endpoint: u_input_buffer.mem[29][7]$_DFFE_PP_
          (rising edge-triggered flip-flop clocked by clk)
Path Group: clk
Path Type: min

Fanout         Cap        Slew       Delay        Time   Description
---------------------------------------------------------------------------------------------
                      0.150000    0.000000    0.000000   clock clk (rise edge)
                                  0.000000    0.000000   clock network delay (ideal)
                      0.150000    0.000000    0.000000 ^ u_input_buffer.mem[29][7]$_DFFE_PP_/CLK (sg13g2_dfrbpq_1)
     2    0.005911    0.028637    0.221383    0.221383 v u_input_buffer.mem[29][7]$_DFFE_PP_/Q (sg13g2_dfrbpq_1)
                                                         u_input_buffer.mem[29][7] (net)
                      0.028637    0.000000    0.221383 v _3500_/A (sg13g2_nor2_1)
     1    0.002949    0.043929    0.056471    0.277854 ^ _3500_/Y (sg13g2_nor2_1)
                                                         _0668_ (net)
                      0.043929    0.000000    0.277854 ^ _3501_/B1 (sg13g2_a21oi_1)
     1    0.001430    0.017671    0.029842    0.307696 v _3501_/Y (sg13g2_a21oi_1)
                                                         _0223_ (net)
                      0.017671    0.000000    0.307696 v u_input_buffer.mem[29][7]$_DFFE_PP_/D (sg13g2_dfrbpq_1)
                                              0.307696   data arrival time

                      0.150000    0.000000    0.000000   clock clk (rise edge)
                                  0.000000    0.000000   clock network delay (ideal)
                                  0.250000    0.250000   clock uncertainty
                                  0.000000    0.250000   clock reconvergence pessimism
                                              0.250000 ^ u_input_buffer.mem[29][7]$_DFFE_PP_/CLK (sg13g2_dfrbpq_1)
                                 -0.006516    0.243484   library hold time
                                              0.243484   data required time
---------------------------------------------------------------------------------------------
                                              0.243484   data required time
                                             -0.307696   data arrival time
---------------------------------------------------------------------------------------------
                                              0.064211   slack (MET)


Startpoint: u_input_buffer.mem[30][0]$_DFFE_PP_
            (rising edge-triggered flip-flop clocked by clk)
Endpoint: u_input_buffer.mem[30][0]$_DFFE_PP_
          (rising edge-triggered flip-flop clocked by clk)
Path Group: clk
Path Type: min

Fanout         Cap        Slew       Delay        Time   Description
---------------------------------------------------------------------------------------------
                      0.150000    0.000000    0.000000   clock clk (rise edge)
                                  0.000000    0.000000   clock network delay (ideal)
                      0.150000    0.000000    0.000000 ^ u_input_buffer.mem[30][0]$_DFFE_PP_/CLK (sg13g2_dfrbpq_1)
     2    0.005911    0.028637    0.221383    0.221383 v u_input_buffer.mem[30][0]$_DFFE_PP_/Q (sg13g2_dfrbpq_1)
                                                         u_input_buffer.mem[30][0] (net)
                      0.028637    0.000000    0.221383 v _3520_/A (sg13g2_nor2_1)
     1    0.002949    0.043929    0.056471    0.277854 ^ _3520_/Y (sg13g2_nor2_1)
                                                         _0679_ (net)
                      0.043929    0.000000    0.277854 ^ _3521_/B1 (sg13g2_a21oi_1)
     1    0.001430    0.017671    0.029842    0.307696 v _3521_/Y (sg13g2_a21oi_1)
                                                         _0232_ (net)
                      0.017671    0.000000    0.307696 v u_input_buffer.mem[30][0]$_DFFE_PP_/D (sg13g2_dfrbpq_1)
                                              0.307696   data arrival time

                      0.150000    0.000000    0.000000   clock clk (rise edge)
                                  0.000000    0.000000   clock network delay (ideal)
                                  0.250000    0.250000   clock uncertainty
                                  0.000000    0.250000   clock reconvergence pessimism
                                              0.250000 ^ u_input_buffer.mem[30][0]$_DFFE_PP_/CLK (sg13g2_dfrbpq_1)
                                 -0.006516    0.243484   library hold time
                                              0.243484   data required time
---------------------------------------------------------------------------------------------
                                              0.243484   data required time
                                             -0.307696   data arrival time
---------------------------------------------------------------------------------------------
                                              0.064211   slack (MET)


Startpoint: u_input_buffer.mem[30][1]$_DFFE_PP_
            (rising edge-triggered flip-flop clocked by clk)
Endpoint: u_input_buffer.mem[30][1]$_DFFE_PP_
          (rising edge-triggered flip-flop clocked by clk)
Path Group: clk
Path Type: min

Fanout         Cap        Slew       Delay        Time   Description
---------------------------------------------------------------------------------------------
                      0.150000    0.000000    0.000000   clock clk (rise edge)
                                  0.000000    0.000000   clock network delay (ideal)
                      0.150000    0.000000    0.000000 ^ u_input_buffer.mem[30][1]$_DFFE_PP_/CLK (sg13g2_dfrbpq_1)
     2    0.005911    0.028637    0.221383    0.221383 v u_input_buffer.mem[30][1]$_DFFE_PP_/Q (sg13g2_dfrbpq_1)
                                                         u_input_buffer.mem[30][1] (net)
                      0.028637    0.000000    0.221383 v _3522_/A (sg13g2_nor2_1)
     1    0.002949    0.043929    0.056471    0.277854 ^ _3522_/Y (sg13g2_nor2_1)
                                                         _0680_ (net)
                      0.043929    0.000000    0.277854 ^ _3523_/B1 (sg13g2_a21oi_1)
     1    0.001430    0.017671    0.029842    0.307696 v _3523_/Y (sg13g2_a21oi_1)
                                                         _0233_ (net)
                      0.017671    0.000000    0.307696 v u_input_buffer.mem[30][1]$_DFFE_PP_/D (sg13g2_dfrbpq_1)
                                              0.307696   data arrival time

                      0.150000    0.000000    0.000000   clock clk (rise edge)
                                  0.000000    0.000000   clock network delay (ideal)
                                  0.250000    0.250000   clock uncertainty
                                  0.000000    0.250000   clock reconvergence pessimism
                                              0.250000 ^ u_input_buffer.mem[30][1]$_DFFE_PP_/CLK (sg13g2_dfrbpq_1)
                                 -0.006516    0.243484   library hold time
                                              0.243484   data required time
---------------------------------------------------------------------------------------------
                                              0.243484   data required time
                                             -0.307696   data arrival time
---------------------------------------------------------------------------------------------
                                              0.064211   slack (MET)


Startpoint: u_input_buffer.mem[30][2]$_DFFE_PP_
            (rising edge-triggered flip-flop clocked by clk)
Endpoint: u_input_buffer.mem[30][2]$_DFFE_PP_
          (rising edge-triggered flip-flop clocked by clk)
Path Group: clk
Path Type: min

Fanout         Cap        Slew       Delay        Time   Description
---------------------------------------------------------------------------------------------
                      0.150000    0.000000    0.000000   clock clk (rise edge)
                                  0.000000    0.000000   clock network delay (ideal)
                      0.150000    0.000000    0.000000 ^ u_input_buffer.mem[30][2]$_DFFE_PP_/CLK (sg13g2_dfrbpq_1)
     2    0.005911    0.028637    0.221383    0.221383 v u_input_buffer.mem[30][2]$_DFFE_PP_/Q (sg13g2_dfrbpq_1)
                                                         u_input_buffer.mem[30][2] (net)
                      0.028637    0.000000    0.221383 v _3524_/A (sg13g2_nor2_1)
     1    0.002949    0.043929    0.056471    0.277854 ^ _3524_/Y (sg13g2_nor2_1)
                                                         _0681_ (net)
                      0.043929    0.000000    0.277854 ^ _3525_/B1 (sg13g2_a21oi_1)
     1    0.001430    0.017671    0.029842    0.307696 v _3525_/Y (sg13g2_a21oi_1)
                                                         _0234_ (net)
                      0.017671    0.000000    0.307696 v u_input_buffer.mem[30][2]$_DFFE_PP_/D (sg13g2_dfrbpq_1)
                                              0.307696   data arrival time

                      0.150000    0.000000    0.000000   clock clk (rise edge)
                                  0.000000    0.000000   clock network delay (ideal)
                                  0.250000    0.250000   clock uncertainty
                                  0.000000    0.250000   clock reconvergence pessimism
                                              0.250000 ^ u_input_buffer.mem[30][2]$_DFFE_PP_/CLK (sg13g2_dfrbpq_1)
                                 -0.006516    0.243484   library hold time
                                              0.243484   data required time
---------------------------------------------------------------------------------------------
                                              0.243484   data required time
                                             -0.307696   data arrival time
---------------------------------------------------------------------------------------------
                                              0.064211   slack (MET)


Startpoint: u_input_buffer.mem[30][3]$_DFFE_PP_
            (rising edge-triggered flip-flop clocked by clk)
Endpoint: u_input_buffer.mem[30][3]$_DFFE_PP_
          (rising edge-triggered flip-flop clocked by clk)
Path Group: clk
Path Type: min

Fanout         Cap        Slew       Delay        Time   Description
---------------------------------------------------------------------------------------------
                      0.150000    0.000000    0.000000   clock clk (rise edge)
                                  0.000000    0.000000   clock network delay (ideal)
                      0.150000    0.000000    0.000000 ^ u_input_buffer.mem[30][3]$_DFFE_PP_/CLK (sg13g2_dfrbpq_1)
     2    0.005911    0.028637    0.221383    0.221383 v u_input_buffer.mem[30][3]$_DFFE_PP_/Q (sg13g2_dfrbpq_1)
                                                         u_input_buffer.mem[30][3] (net)
                      0.028637    0.000000    0.221383 v _3526_/A (sg13g2_nor2_1)
     1    0.002949    0.043929    0.056471    0.277854 ^ _3526_/Y (sg13g2_nor2_1)
                                                         _0682_ (net)
                      0.043929    0.000000    0.277854 ^ _3527_/B1 (sg13g2_a21oi_1)
     1    0.001430    0.017671    0.029842    0.307696 v _3527_/Y (sg13g2_a21oi_1)
                                                         _0235_ (net)
                      0.017671    0.000000    0.307696 v u_input_buffer.mem[30][3]$_DFFE_PP_/D (sg13g2_dfrbpq_1)
                                              0.307696   data arrival time

                      0.150000    0.000000    0.000000   clock clk (rise edge)
                                  0.000000    0.000000   clock network delay (ideal)
                                  0.250000    0.250000   clock uncertainty
                                  0.000000    0.250000   clock reconvergence pessimism
                                              0.250000 ^ u_input_buffer.mem[30][3]$_DFFE_PP_/CLK (sg13g2_dfrbpq_1)
                                 -0.006516    0.243484   library hold time
                                              0.243484   data required time
---------------------------------------------------------------------------------------------
                                              0.243484   data required time
                                             -0.307696   data arrival time
---------------------------------------------------------------------------------------------
                                              0.064211   slack (MET)


Startpoint: u_input_buffer.mem[30][4]$_DFFE_PP_
            (rising edge-triggered flip-flop clocked by clk)
Endpoint: u_input_buffer.mem[30][4]$_DFFE_PP_
          (rising edge-triggered flip-flop clocked by clk)
Path Group: clk
Path Type: min

Fanout         Cap        Slew       Delay        Time   Description
---------------------------------------------------------------------------------------------
                      0.150000    0.000000    0.000000   clock clk (rise edge)
                                  0.000000    0.000000   clock network delay (ideal)
                      0.150000    0.000000    0.000000 ^ u_input_buffer.mem[30][4]$_DFFE_PP_/CLK (sg13g2_dfrbpq_1)
     2    0.005911    0.028637    0.221383    0.221383 v u_input_buffer.mem[30][4]$_DFFE_PP_/Q (sg13g2_dfrbpq_1)
                                                         u_input_buffer.mem[30][4] (net)
                      0.028637    0.000000    0.221383 v _3528_/A (sg13g2_nor2_1)
     1    0.002949    0.043929    0.056471    0.277854 ^ _3528_/Y (sg13g2_nor2_1)
                                                         _0683_ (net)
                      0.043929    0.000000    0.277854 ^ _3529_/B1 (sg13g2_a21oi_1)
     1    0.001430    0.017671    0.029842    0.307696 v _3529_/Y (sg13g2_a21oi_1)
                                                         _0236_ (net)
                      0.017671    0.000000    0.307696 v u_input_buffer.mem[30][4]$_DFFE_PP_/D (sg13g2_dfrbpq_1)
                                              0.307696   data arrival time

                      0.150000    0.000000    0.000000   clock clk (rise edge)
                                  0.000000    0.000000   clock network delay (ideal)
                                  0.250000    0.250000   clock uncertainty
                                  0.000000    0.250000   clock reconvergence pessimism
                                              0.250000 ^ u_input_buffer.mem[30][4]$_DFFE_PP_/CLK (sg13g2_dfrbpq_1)
                                 -0.006516    0.243484   library hold time
                                              0.243484   data required time
---------------------------------------------------------------------------------------------
                                              0.243484   data required time
                                             -0.307696   data arrival time
---------------------------------------------------------------------------------------------
                                              0.064211   slack (MET)


Startpoint: u_input_buffer.mem[30][5]$_DFFE_PP_
            (rising edge-triggered flip-flop clocked by clk)
Endpoint: u_input_buffer.mem[30][5]$_DFFE_PP_
          (rising edge-triggered flip-flop clocked by clk)
Path Group: clk
Path Type: min

Fanout         Cap        Slew       Delay        Time   Description
---------------------------------------------------------------------------------------------
                      0.150000    0.000000    0.000000   clock clk (rise edge)
                                  0.000000    0.000000   clock network delay (ideal)
                      0.150000    0.000000    0.000000 ^ u_input_buffer.mem[30][5]$_DFFE_PP_/CLK (sg13g2_dfrbpq_1)
     2    0.005911    0.028637    0.221383    0.221383 v u_input_buffer.mem[30][5]$_DFFE_PP_/Q (sg13g2_dfrbpq_1)
                                                         u_input_buffer.mem[30][5] (net)
                      0.028637    0.000000    0.221383 v _3530_/A (sg13g2_nor2_1)
     1    0.002949    0.043929    0.056471    0.277854 ^ _3530_/Y (sg13g2_nor2_1)
                                                         _0684_ (net)
                      0.043929    0.000000    0.277854 ^ _3531_/B1 (sg13g2_a21oi_1)
     1    0.001430    0.017671    0.029842    0.307696 v _3531_/Y (sg13g2_a21oi_1)
                                                         _0237_ (net)
                      0.017671    0.000000    0.307696 v u_input_buffer.mem[30][5]$_DFFE_PP_/D (sg13g2_dfrbpq_1)
                                              0.307696   data arrival time

                      0.150000    0.000000    0.000000   clock clk (rise edge)
                                  0.000000    0.000000   clock network delay (ideal)
                                  0.250000    0.250000   clock uncertainty
                                  0.000000    0.250000   clock reconvergence pessimism
                                              0.250000 ^ u_input_buffer.mem[30][5]$_DFFE_PP_/CLK (sg13g2_dfrbpq_1)
                                 -0.006516    0.243484   library hold time
                                              0.243484   data required time
---------------------------------------------------------------------------------------------
                                              0.243484   data required time
                                             -0.307696   data arrival time
---------------------------------------------------------------------------------------------
                                              0.064211   slack (MET)


Startpoint: u_input_buffer.mem[30][6]$_DFFE_PP_
            (rising edge-triggered flip-flop clocked by clk)
Endpoint: u_input_buffer.mem[30][6]$_DFFE_PP_
          (rising edge-triggered flip-flop clocked by clk)
Path Group: clk
Path Type: min

Fanout         Cap        Slew       Delay        Time   Description
---------------------------------------------------------------------------------------------
                      0.150000    0.000000    0.000000   clock clk (rise edge)
                                  0.000000    0.000000   clock network delay (ideal)
                      0.150000    0.000000    0.000000 ^ u_input_buffer.mem[30][6]$_DFFE_PP_/CLK (sg13g2_dfrbpq_1)
     2    0.005911    0.028637    0.221383    0.221383 v u_input_buffer.mem[30][6]$_DFFE_PP_/Q (sg13g2_dfrbpq_1)
                                                         u_input_buffer.mem[30][6] (net)
                      0.028637    0.000000    0.221383 v _3532_/A (sg13g2_nor2_1)
     1    0.002949    0.043929    0.056471    0.277854 ^ _3532_/Y (sg13g2_nor2_1)
                                                         _0685_ (net)
                      0.043929    0.000000    0.277854 ^ _3533_/B1 (sg13g2_a21oi_1)
     1    0.001430    0.017671    0.029842    0.307696 v _3533_/Y (sg13g2_a21oi_1)
                                                         _0238_ (net)
                      0.017671    0.000000    0.307696 v u_input_buffer.mem[30][6]$_DFFE_PP_/D (sg13g2_dfrbpq_1)
                                              0.307696   data arrival time

                      0.150000    0.000000    0.000000   clock clk (rise edge)
                                  0.000000    0.000000   clock network delay (ideal)
                                  0.250000    0.250000   clock uncertainty
                                  0.000000    0.250000   clock reconvergence pessimism
                                              0.250000 ^ u_input_buffer.mem[30][6]$_DFFE_PP_/CLK (sg13g2_dfrbpq_1)
                                 -0.006516    0.243484   library hold time
                                              0.243484   data required time
---------------------------------------------------------------------------------------------
                                              0.243484   data required time
                                             -0.307696   data arrival time
---------------------------------------------------------------------------------------------
                                              0.064211   slack (MET)


Startpoint: u_input_buffer.mem[30][7]$_DFFE_PP_
            (rising edge-triggered flip-flop clocked by clk)
Endpoint: u_input_buffer.mem[30][7]$_DFFE_PP_
          (rising edge-triggered flip-flop clocked by clk)
Path Group: clk
Path Type: min

Fanout         Cap        Slew       Delay        Time   Description
---------------------------------------------------------------------------------------------
                      0.150000    0.000000    0.000000   clock clk (rise edge)
                                  0.000000    0.000000   clock network delay (ideal)
                      0.150000    0.000000    0.000000 ^ u_input_buffer.mem[30][7]$_DFFE_PP_/CLK (sg13g2_dfrbpq_1)
     2    0.005911    0.028637    0.221383    0.221383 v u_input_buffer.mem[30][7]$_DFFE_PP_/Q (sg13g2_dfrbpq_1)
                                                         u_input_buffer.mem[30][7] (net)
                      0.028637    0.000000    0.221383 v _3534_/A (sg13g2_nor2_1)
     1    0.002949    0.043929    0.056471    0.277854 ^ _3534_/Y (sg13g2_nor2_1)
                                                         _0686_ (net)
                      0.043929    0.000000    0.277854 ^ _3535_/B1 (sg13g2_a21oi_1)
     1    0.001430    0.017671    0.029842    0.307696 v _3535_/Y (sg13g2_a21oi_1)
                                                         _0239_ (net)
                      0.017671    0.000000    0.307696 v u_input_buffer.mem[30][7]$_DFFE_PP_/D (sg13g2_dfrbpq_1)
                                              0.307696   data arrival time

                      0.150000    0.000000    0.000000   clock clk (rise edge)
                                  0.000000    0.000000   clock network delay (ideal)
                                  0.250000    0.250000   clock uncertainty
                                  0.000000    0.250000   clock reconvergence pessimism
                                              0.250000 ^ u_input_buffer.mem[30][7]$_DFFE_PP_/CLK (sg13g2_dfrbpq_1)
                                 -0.006516    0.243484   library hold time
                                              0.243484   data required time
---------------------------------------------------------------------------------------------
                                              0.243484   data required time
                                             -0.307696   data arrival time
---------------------------------------------------------------------------------------------
                                              0.064211   slack (MET)


Startpoint: u_input_buffer.mem[4][0]$_DFFE_PP_
            (rising edge-triggered flip-flop clocked by clk)
Endpoint: u_input_buffer.mem[4][0]$_DFFE_PP_
          (rising edge-triggered flip-flop clocked by clk)
Path Group: clk
Path Type: min

Fanout         Cap        Slew       Delay        Time   Description
---------------------------------------------------------------------------------------------
                      0.150000    0.000000    0.000000   clock clk (rise edge)
                                  0.000000    0.000000   clock network delay (ideal)
                      0.150000    0.000000    0.000000 ^ u_input_buffer.mem[4][0]$_DFFE_PP_/CLK (sg13g2_dfrbpq_1)
     2    0.005911    0.028637    0.221383    0.221383 v u_input_buffer.mem[4][0]$_DFFE_PP_/Q (sg13g2_dfrbpq_1)
                                                         u_input_buffer.mem[4][0] (net)
                      0.028637    0.000000    0.221383 v _3572_/A (sg13g2_nor2_1)
     1    0.002949    0.043929    0.056471    0.277854 ^ _3572_/Y (sg13g2_nor2_1)
                                                         _0707_ (net)
                      0.043929    0.000000    0.277854 ^ _3573_/B1 (sg13g2_a21oi_1)
     1    0.001430    0.017671    0.029842    0.307696 v _3573_/Y (sg13g2_a21oi_1)
                                                         _0256_ (net)
                      0.017671    0.000000    0.307696 v u_input_buffer.mem[4][0]$_DFFE_PP_/D (sg13g2_dfrbpq_1)
                                              0.307696   data arrival time

                      0.150000    0.000000    0.000000   clock clk (rise edge)
                                  0.000000    0.000000   clock network delay (ideal)
                                  0.250000    0.250000   clock uncertainty
                                  0.000000    0.250000   clock reconvergence pessimism
                                              0.250000 ^ u_input_buffer.mem[4][0]$_DFFE_PP_/CLK (sg13g2_dfrbpq_1)
                                 -0.006516    0.243484   library hold time
                                              0.243484   data required time
---------------------------------------------------------------------------------------------
                                              0.243484   data required time
                                             -0.307696   data arrival time
---------------------------------------------------------------------------------------------
                                              0.064211   slack (MET)


Startpoint: u_input_buffer.mem[4][1]$_DFFE_PP_
            (rising edge-triggered flip-flop clocked by clk)
Endpoint: u_input_buffer.mem[4][1]$_DFFE_PP_
          (rising edge-triggered flip-flop clocked by clk)
Path Group: clk
Path Type: min

Fanout         Cap        Slew       Delay        Time   Description
---------------------------------------------------------------------------------------------
                      0.150000    0.000000    0.000000   clock clk (rise edge)
                                  0.000000    0.000000   clock network delay (ideal)
                      0.150000    0.000000    0.000000 ^ u_input_buffer.mem[4][1]$_DFFE_PP_/CLK (sg13g2_dfrbpq_1)
     2    0.005911    0.028637    0.221383    0.221383 v u_input_buffer.mem[4][1]$_DFFE_PP_/Q (sg13g2_dfrbpq_1)
                                                         u_input_buffer.mem[4][1] (net)
                      0.028637    0.000000    0.221383 v _3574_/A (sg13g2_nor2_1)
     1    0.002949    0.043929    0.056471    0.277854 ^ _3574_/Y (sg13g2_nor2_1)
                                                         _0708_ (net)
                      0.043929    0.000000    0.277854 ^ _3575_/B1 (sg13g2_a21oi_1)
     1    0.001430    0.017671    0.029842    0.307696 v _3575_/Y (sg13g2_a21oi_1)
                                                         _0257_ (net)
                      0.017671    0.000000    0.307696 v u_input_buffer.mem[4][1]$_DFFE_PP_/D (sg13g2_dfrbpq_1)
                                              0.307696   data arrival time

                      0.150000    0.000000    0.000000   clock clk (rise edge)
                                  0.000000    0.000000   clock network delay (ideal)
                                  0.250000    0.250000   clock uncertainty
                                  0.000000    0.250000   clock reconvergence pessimism
                                              0.250000 ^ u_input_buffer.mem[4][1]$_DFFE_PP_/CLK (sg13g2_dfrbpq_1)
                                 -0.006516    0.243484   library hold time
                                              0.243484   data required time
---------------------------------------------------------------------------------------------
                                              0.243484   data required time
                                             -0.307696   data arrival time
---------------------------------------------------------------------------------------------
                                              0.064211   slack (MET)


Startpoint: u_input_buffer.mem[4][2]$_DFFE_PP_
            (rising edge-triggered flip-flop clocked by clk)
Endpoint: u_input_buffer.mem[4][2]$_DFFE_PP_
          (rising edge-triggered flip-flop clocked by clk)
Path Group: clk
Path Type: min

Fanout         Cap        Slew       Delay        Time   Description
---------------------------------------------------------------------------------------------
                      0.150000    0.000000    0.000000   clock clk (rise edge)
                                  0.000000    0.000000   clock network delay (ideal)
                      0.150000    0.000000    0.000000 ^ u_input_buffer.mem[4][2]$_DFFE_PP_/CLK (sg13g2_dfrbpq_1)
     2    0.005911    0.028637    0.221383    0.221383 v u_input_buffer.mem[4][2]$_DFFE_PP_/Q (sg13g2_dfrbpq_1)
                                                         u_input_buffer.mem[4][2] (net)
                      0.028637    0.000000    0.221383 v _3576_/A (sg13g2_nor2_1)
     1    0.002949    0.043929    0.056471    0.277854 ^ _3576_/Y (sg13g2_nor2_1)
                                                         _0709_ (net)
                      0.043929    0.000000    0.277854 ^ _3577_/B1 (sg13g2_a21oi_1)
     1    0.001430    0.017671    0.029842    0.307696 v _3577_/Y (sg13g2_a21oi_1)
                                                         _0258_ (net)
                      0.017671    0.000000    0.307696 v u_input_buffer.mem[4][2]$_DFFE_PP_/D (sg13g2_dfrbpq_1)
                                              0.307696   data arrival time

                      0.150000    0.000000    0.000000   clock clk (rise edge)
                                  0.000000    0.000000   clock network delay (ideal)
                                  0.250000    0.250000   clock uncertainty
                                  0.000000    0.250000   clock reconvergence pessimism
                                              0.250000 ^ u_input_buffer.mem[4][2]$_DFFE_PP_/CLK (sg13g2_dfrbpq_1)
                                 -0.006516    0.243484   library hold time
                                              0.243484   data required time
---------------------------------------------------------------------------------------------
                                              0.243484   data required time
                                             -0.307696   data arrival time
---------------------------------------------------------------------------------------------
                                              0.064211   slack (MET)


Startpoint: u_input_buffer.mem[4][3]$_DFFE_PP_
            (rising edge-triggered flip-flop clocked by clk)
Endpoint: u_input_buffer.mem[4][3]$_DFFE_PP_
          (rising edge-triggered flip-flop clocked by clk)
Path Group: clk
Path Type: min

Fanout         Cap        Slew       Delay        Time   Description
---------------------------------------------------------------------------------------------
                      0.150000    0.000000    0.000000   clock clk (rise edge)
                                  0.000000    0.000000   clock network delay (ideal)
                      0.150000    0.000000    0.000000 ^ u_input_buffer.mem[4][3]$_DFFE_PP_/CLK (sg13g2_dfrbpq_1)
     2    0.005911    0.028637    0.221383    0.221383 v u_input_buffer.mem[4][3]$_DFFE_PP_/Q (sg13g2_dfrbpq_1)
                                                         u_input_buffer.mem[4][3] (net)
                      0.028637    0.000000    0.221383 v _3578_/A (sg13g2_nor2_1)
     1    0.002949    0.043929    0.056471    0.277854 ^ _3578_/Y (sg13g2_nor2_1)
                                                         _0710_ (net)
                      0.043929    0.000000    0.277854 ^ _3579_/B1 (sg13g2_a21oi_1)
     1    0.001430    0.017671    0.029842    0.307696 v _3579_/Y (sg13g2_a21oi_1)
                                                         _0259_ (net)
                      0.017671    0.000000    0.307696 v u_input_buffer.mem[4][3]$_DFFE_PP_/D (sg13g2_dfrbpq_1)
                                              0.307696   data arrival time

                      0.150000    0.000000    0.000000   clock clk (rise edge)
                                  0.000000    0.000000   clock network delay (ideal)
                                  0.250000    0.250000   clock uncertainty
                                  0.000000    0.250000   clock reconvergence pessimism
                                              0.250000 ^ u_input_buffer.mem[4][3]$_DFFE_PP_/CLK (sg13g2_dfrbpq_1)
                                 -0.006516    0.243484   library hold time
                                              0.243484   data required time
---------------------------------------------------------------------------------------------
                                              0.243484   data required time
                                             -0.307696   data arrival time
---------------------------------------------------------------------------------------------
                                              0.064211   slack (MET)


Startpoint: u_input_buffer.mem[4][4]$_DFFE_PP_
            (rising edge-triggered flip-flop clocked by clk)
Endpoint: u_input_buffer.mem[4][4]$_DFFE_PP_
          (rising edge-triggered flip-flop clocked by clk)
Path Group: clk
Path Type: min

Fanout         Cap        Slew       Delay        Time   Description
---------------------------------------------------------------------------------------------
                      0.150000    0.000000    0.000000   clock clk (rise edge)
                                  0.000000    0.000000   clock network delay (ideal)
                      0.150000    0.000000    0.000000 ^ u_input_buffer.mem[4][4]$_DFFE_PP_/CLK (sg13g2_dfrbpq_1)
     2    0.005911    0.028637    0.221383    0.221383 v u_input_buffer.mem[4][4]$_DFFE_PP_/Q (sg13g2_dfrbpq_1)
                                                         u_input_buffer.mem[4][4] (net)
                      0.028637    0.000000    0.221383 v _3580_/A (sg13g2_nor2_1)
     1    0.002949    0.043929    0.056471    0.277854 ^ _3580_/Y (sg13g2_nor2_1)
                                                         _0711_ (net)
                      0.043929    0.000000    0.277854 ^ _3581_/B1 (sg13g2_a21oi_1)
     1    0.001430    0.017671    0.029842    0.307696 v _3581_/Y (sg13g2_a21oi_1)
                                                         _0260_ (net)
                      0.017671    0.000000    0.307696 v u_input_buffer.mem[4][4]$_DFFE_PP_/D (sg13g2_dfrbpq_1)
                                              0.307696   data arrival time

                      0.150000    0.000000    0.000000   clock clk (rise edge)
                                  0.000000    0.000000   clock network delay (ideal)
                                  0.250000    0.250000   clock uncertainty
                                  0.000000    0.250000   clock reconvergence pessimism
                                              0.250000 ^ u_input_buffer.mem[4][4]$_DFFE_PP_/CLK (sg13g2_dfrbpq_1)
                                 -0.006516    0.243484   library hold time
                                              0.243484   data required time
---------------------------------------------------------------------------------------------
                                              0.243484   data required time
                                             -0.307696   data arrival time
---------------------------------------------------------------------------------------------
                                              0.064211   slack (MET)


Startpoint: u_input_buffer.mem[4][5]$_DFFE_PP_
            (rising edge-triggered flip-flop clocked by clk)
Endpoint: u_input_buffer.mem[4][5]$_DFFE_PP_
          (rising edge-triggered flip-flop clocked by clk)
Path Group: clk
Path Type: min

Fanout         Cap        Slew       Delay        Time   Description
---------------------------------------------------------------------------------------------
                      0.150000    0.000000    0.000000   clock clk (rise edge)
                                  0.000000    0.000000   clock network delay (ideal)
                      0.150000    0.000000    0.000000 ^ u_input_buffer.mem[4][5]$_DFFE_PP_/CLK (sg13g2_dfrbpq_1)
     2    0.005911    0.028637    0.221383    0.221383 v u_input_buffer.mem[4][5]$_DFFE_PP_/Q (sg13g2_dfrbpq_1)
                                                         u_input_buffer.mem[4][5] (net)
                      0.028637    0.000000    0.221383 v _3582_/A (sg13g2_nor2_1)
     1    0.002949    0.043929    0.056471    0.277854 ^ _3582_/Y (sg13g2_nor2_1)
                                                         _0712_ (net)
                      0.043929    0.000000    0.277854 ^ _3583_/B1 (sg13g2_a21oi_1)
     1    0.001430    0.017671    0.029842    0.307696 v _3583_/Y (sg13g2_a21oi_1)
                                                         _0261_ (net)
                      0.017671    0.000000    0.307696 v u_input_buffer.mem[4][5]$_DFFE_PP_/D (sg13g2_dfrbpq_1)
                                              0.307696   data arrival time

                      0.150000    0.000000    0.000000   clock clk (rise edge)
                                  0.000000    0.000000   clock network delay (ideal)
                                  0.250000    0.250000   clock uncertainty
                                  0.000000    0.250000   clock reconvergence pessimism
                                              0.250000 ^ u_input_buffer.mem[4][5]$_DFFE_PP_/CLK (sg13g2_dfrbpq_1)
                                 -0.006516    0.243484   library hold time
                                              0.243484   data required time
---------------------------------------------------------------------------------------------
                                              0.243484   data required time
                                             -0.307696   data arrival time
---------------------------------------------------------------------------------------------
                                              0.064211   slack (MET)


Startpoint: u_input_buffer.mem[4][6]$_DFFE_PP_
            (rising edge-triggered flip-flop clocked by clk)
Endpoint: u_input_buffer.mem[4][6]$_DFFE_PP_
          (rising edge-triggered flip-flop clocked by clk)
Path Group: clk
Path Type: min

Fanout         Cap        Slew       Delay        Time   Description
---------------------------------------------------------------------------------------------
                      0.150000    0.000000    0.000000   clock clk (rise edge)
                                  0.000000    0.000000   clock network delay (ideal)
                      0.150000    0.000000    0.000000 ^ u_input_buffer.mem[4][6]$_DFFE_PP_/CLK (sg13g2_dfrbpq_1)
     2    0.005911    0.028637    0.221383    0.221383 v u_input_buffer.mem[4][6]$_DFFE_PP_/Q (sg13g2_dfrbpq_1)
                                                         u_input_buffer.mem[4][6] (net)
                      0.028637    0.000000    0.221383 v _3584_/A (sg13g2_nor2_1)
     1    0.002949    0.043929    0.056471    0.277854 ^ _3584_/Y (sg13g2_nor2_1)
                                                         _0713_ (net)
                      0.043929    0.000000    0.277854 ^ _3585_/B1 (sg13g2_a21oi_1)
     1    0.001430    0.017671    0.029842    0.307696 v _3585_/Y (sg13g2_a21oi_1)
                                                         _0262_ (net)
                      0.017671    0.000000    0.307696 v u_input_buffer.mem[4][6]$_DFFE_PP_/D (sg13g2_dfrbpq_1)
                                              0.307696   data arrival time

                      0.150000    0.000000    0.000000   clock clk (rise edge)
                                  0.000000    0.000000   clock network delay (ideal)
                                  0.250000    0.250000   clock uncertainty
                                  0.000000    0.250000   clock reconvergence pessimism
                                              0.250000 ^ u_input_buffer.mem[4][6]$_DFFE_PP_/CLK (sg13g2_dfrbpq_1)
                                 -0.006516    0.243484   library hold time
                                              0.243484   data required time
---------------------------------------------------------------------------------------------
                                              0.243484   data required time
                                             -0.307696   data arrival time
---------------------------------------------------------------------------------------------
                                              0.064211   slack (MET)


Startpoint: u_input_buffer.mem[4][7]$_DFFE_PP_
            (rising edge-triggered flip-flop clocked by clk)
Endpoint: u_input_buffer.mem[4][7]$_DFFE_PP_
          (rising edge-triggered flip-flop clocked by clk)
Path Group: clk
Path Type: min

Fanout         Cap        Slew       Delay        Time   Description
---------------------------------------------------------------------------------------------
                      0.150000    0.000000    0.000000   clock clk (rise edge)
                                  0.000000    0.000000   clock network delay (ideal)
                      0.150000    0.000000    0.000000 ^ u_input_buffer.mem[4][7]$_DFFE_PP_/CLK (sg13g2_dfrbpq_1)
     2    0.005911    0.028637    0.221383    0.221383 v u_input_buffer.mem[4][7]$_DFFE_PP_/Q (sg13g2_dfrbpq_1)
                                                         u_input_buffer.mem[4][7] (net)
                      0.028637    0.000000    0.221383 v _3586_/A (sg13g2_nor2_1)
     1    0.002949    0.043929    0.056471    0.277854 ^ _3586_/Y (sg13g2_nor2_1)
                                                         _0714_ (net)
                      0.043929    0.000000    0.277854 ^ _3587_/B1 (sg13g2_a21oi_1)
     1    0.001430    0.017671    0.029842    0.307696 v _3587_/Y (sg13g2_a21oi_1)
                                                         _0263_ (net)
                      0.017671    0.000000    0.307696 v u_input_buffer.mem[4][7]$_DFFE_PP_/D (sg13g2_dfrbpq_1)
                                              0.307696   data arrival time

                      0.150000    0.000000    0.000000   clock clk (rise edge)
                                  0.000000    0.000000   clock network delay (ideal)
                                  0.250000    0.250000   clock uncertainty
                                  0.000000    0.250000   clock reconvergence pessimism
                                              0.250000 ^ u_input_buffer.mem[4][7]$_DFFE_PP_/CLK (sg13g2_dfrbpq_1)
                                 -0.006516    0.243484   library hold time
                                              0.243484   data required time
---------------------------------------------------------------------------------------------
                                              0.243484   data required time
                                             -0.307696   data arrival time
---------------------------------------------------------------------------------------------
                                              0.064211   slack (MET)


Startpoint: u_input_buffer.mem[5][0]$_DFFE_PP_
            (rising edge-triggered flip-flop clocked by clk)
Endpoint: u_input_buffer.mem[5][0]$_DFFE_PP_
          (rising edge-triggered flip-flop clocked by clk)
Path Group: clk
Path Type: min

Fanout         Cap        Slew       Delay        Time   Description
---------------------------------------------------------------------------------------------
                      0.150000    0.000000    0.000000   clock clk (rise edge)
                                  0.000000    0.000000   clock network delay (ideal)
                      0.150000    0.000000    0.000000 ^ u_input_buffer.mem[5][0]$_DFFE_PP_/CLK (sg13g2_dfrbpq_1)
     2    0.005911    0.028637    0.221383    0.221383 v u_input_buffer.mem[5][0]$_DFFE_PP_/Q (sg13g2_dfrbpq_1)
                                                         u_input_buffer.mem[5][0] (net)
                      0.028637    0.000000    0.221383 v _3589_/A (sg13g2_nor2_1)
     1    0.002949    0.043929    0.056471    0.277854 ^ _3589_/Y (sg13g2_nor2_1)
                                                         _0716_ (net)
                      0.043929    0.000000    0.277854 ^ _3590_/B1 (sg13g2_a21oi_1)
     1    0.001430    0.017671    0.029842    0.307696 v _3590_/Y (sg13g2_a21oi_1)
                                                         _0264_ (net)
                      0.017671    0.000000    0.307696 v u_input_buffer.mem[5][0]$_DFFE_PP_/D (sg13g2_dfrbpq_1)
                                              0.307696   data arrival time

                      0.150000    0.000000    0.000000   clock clk (rise edge)
                                  0.000000    0.000000   clock network delay (ideal)
                                  0.250000    0.250000   clock uncertainty
                                  0.000000    0.250000   clock reconvergence pessimism
                                              0.250000 ^ u_input_buffer.mem[5][0]$_DFFE_PP_/CLK (sg13g2_dfrbpq_1)
                                 -0.006516    0.243484   library hold time
                                              0.243484   data required time
---------------------------------------------------------------------------------------------
                                              0.243484   data required time
                                             -0.307696   data arrival time
---------------------------------------------------------------------------------------------
                                              0.064211   slack (MET)


Startpoint: u_input_buffer.mem[5][1]$_DFFE_PP_
            (rising edge-triggered flip-flop clocked by clk)
Endpoint: u_input_buffer.mem[5][1]$_DFFE_PP_
          (rising edge-triggered flip-flop clocked by clk)
Path Group: clk
Path Type: min

Fanout         Cap        Slew       Delay        Time   Description
---------------------------------------------------------------------------------------------
                      0.150000    0.000000    0.000000   clock clk (rise edge)
                                  0.000000    0.000000   clock network delay (ideal)
                      0.150000    0.000000    0.000000 ^ u_input_buffer.mem[5][1]$_DFFE_PP_/CLK (sg13g2_dfrbpq_1)
     2    0.005911    0.028637    0.221383    0.221383 v u_input_buffer.mem[5][1]$_DFFE_PP_/Q (sg13g2_dfrbpq_1)
                                                         u_input_buffer.mem[5][1] (net)
                      0.028637    0.000000    0.221383 v _3591_/A (sg13g2_nor2_1)
     1    0.002949    0.043929    0.056471    0.277854 ^ _3591_/Y (sg13g2_nor2_1)
                                                         _0717_ (net)
                      0.043929    0.000000    0.277854 ^ _3592_/B1 (sg13g2_a21oi_1)
     1    0.001430    0.017671    0.029842    0.307696 v _3592_/Y (sg13g2_a21oi_1)
                                                         _0265_ (net)
                      0.017671    0.000000    0.307696 v u_input_buffer.mem[5][1]$_DFFE_PP_/D (sg13g2_dfrbpq_1)
                                              0.307696   data arrival time

                      0.150000    0.000000    0.000000   clock clk (rise edge)
                                  0.000000    0.000000   clock network delay (ideal)
                                  0.250000    0.250000   clock uncertainty
                                  0.000000    0.250000   clock reconvergence pessimism
                                              0.250000 ^ u_input_buffer.mem[5][1]$_DFFE_PP_/CLK (sg13g2_dfrbpq_1)
                                 -0.006516    0.243484   library hold time
                                              0.243484   data required time
---------------------------------------------------------------------------------------------
                                              0.243484   data required time
                                             -0.307696   data arrival time
---------------------------------------------------------------------------------------------
                                              0.064211   slack (MET)


Startpoint: u_input_buffer.mem[5][2]$_DFFE_PP_
            (rising edge-triggered flip-flop clocked by clk)
Endpoint: u_input_buffer.mem[5][2]$_DFFE_PP_
          (rising edge-triggered flip-flop clocked by clk)
Path Group: clk
Path Type: min

Fanout         Cap        Slew       Delay        Time   Description
---------------------------------------------------------------------------------------------
                      0.150000    0.000000    0.000000   clock clk (rise edge)
                                  0.000000    0.000000   clock network delay (ideal)
                      0.150000    0.000000    0.000000 ^ u_input_buffer.mem[5][2]$_DFFE_PP_/CLK (sg13g2_dfrbpq_1)
     2    0.005911    0.028637    0.221383    0.221383 v u_input_buffer.mem[5][2]$_DFFE_PP_/Q (sg13g2_dfrbpq_1)
                                                         u_input_buffer.mem[5][2] (net)
                      0.028637    0.000000    0.221383 v _3593_/A (sg13g2_nor2_1)
     1    0.002949    0.043929    0.056471    0.277854 ^ _3593_/Y (sg13g2_nor2_1)
                                                         _0718_ (net)
                      0.043929    0.000000    0.277854 ^ _3594_/B1 (sg13g2_a21oi_1)
     1    0.001430    0.017671    0.029842    0.307696 v _3594_/Y (sg13g2_a21oi_1)
                                                         _0266_ (net)
                      0.017671    0.000000    0.307696 v u_input_buffer.mem[5][2]$_DFFE_PP_/D (sg13g2_dfrbpq_1)
                                              0.307696   data arrival time

                      0.150000    0.000000    0.000000   clock clk (rise edge)
                                  0.000000    0.000000   clock network delay (ideal)
                                  0.250000    0.250000   clock uncertainty
                                  0.000000    0.250000   clock reconvergence pessimism
                                              0.250000 ^ u_input_buffer.mem[5][2]$_DFFE_PP_/CLK (sg13g2_dfrbpq_1)
                                 -0.006516    0.243484   library hold time
                                              0.243484   data required time
---------------------------------------------------------------------------------------------
                                              0.243484   data required time
                                             -0.307696   data arrival time
---------------------------------------------------------------------------------------------
                                              0.064211   slack (MET)


Startpoint: u_input_buffer.mem[5][3]$_DFFE_PP_
            (rising edge-triggered flip-flop clocked by clk)
Endpoint: u_input_buffer.mem[5][3]$_DFFE_PP_
          (rising edge-triggered flip-flop clocked by clk)
Path Group: clk
Path Type: min

Fanout         Cap        Slew       Delay        Time   Description
---------------------------------------------------------------------------------------------
                      0.150000    0.000000    0.000000   clock clk (rise edge)
                                  0.000000    0.000000   clock network delay (ideal)
                      0.150000    0.000000    0.000000 ^ u_input_buffer.mem[5][3]$_DFFE_PP_/CLK (sg13g2_dfrbpq_1)
     2    0.005911    0.028637    0.221383    0.221383 v u_input_buffer.mem[5][3]$_DFFE_PP_/Q (sg13g2_dfrbpq_1)
                                                         u_input_buffer.mem[5][3] (net)
                      0.028637    0.000000    0.221383 v _3595_/A (sg13g2_nor2_1)
     1    0.002949    0.043929    0.056471    0.277854 ^ _3595_/Y (sg13g2_nor2_1)
                                                         _0719_ (net)
                      0.043929    0.000000    0.277854 ^ _3596_/B1 (sg13g2_a21oi_1)
     1    0.001430    0.017671    0.029842    0.307696 v _3596_/Y (sg13g2_a21oi_1)
                                                         _0267_ (net)
                      0.017671    0.000000    0.307696 v u_input_buffer.mem[5][3]$_DFFE_PP_/D (sg13g2_dfrbpq_1)
                                              0.307696   data arrival time

                      0.150000    0.000000    0.000000   clock clk (rise edge)
                                  0.000000    0.000000   clock network delay (ideal)
                                  0.250000    0.250000   clock uncertainty
                                  0.000000    0.250000   clock reconvergence pessimism
                                              0.250000 ^ u_input_buffer.mem[5][3]$_DFFE_PP_/CLK (sg13g2_dfrbpq_1)
                                 -0.006516    0.243484   library hold time
                                              0.243484   data required time
---------------------------------------------------------------------------------------------
                                              0.243484   data required time
                                             -0.307696   data arrival time
---------------------------------------------------------------------------------------------
                                              0.064211   slack (MET)


Startpoint: u_input_buffer.mem[5][4]$_DFFE_PP_
            (rising edge-triggered flip-flop clocked by clk)
Endpoint: u_input_buffer.mem[5][4]$_DFFE_PP_
          (rising edge-triggered flip-flop clocked by clk)
Path Group: clk
Path Type: min

Fanout         Cap        Slew       Delay        Time   Description
---------------------------------------------------------------------------------------------
                      0.150000    0.000000    0.000000   clock clk (rise edge)
                                  0.000000    0.000000   clock network delay (ideal)
                      0.150000    0.000000    0.000000 ^ u_input_buffer.mem[5][4]$_DFFE_PP_/CLK (sg13g2_dfrbpq_1)
     2    0.005911    0.028637    0.221383    0.221383 v u_input_buffer.mem[5][4]$_DFFE_PP_/Q (sg13g2_dfrbpq_1)
                                                         u_input_buffer.mem[5][4] (net)
                      0.028637    0.000000    0.221383 v _3597_/A (sg13g2_nor2_1)
     1    0.002949    0.043929    0.056471    0.277854 ^ _3597_/Y (sg13g2_nor2_1)
                                                         _0720_ (net)
                      0.043929    0.000000    0.277854 ^ _3598_/B1 (sg13g2_a21oi_1)
     1    0.001430    0.017671    0.029842    0.307696 v _3598_/Y (sg13g2_a21oi_1)
                                                         _0268_ (net)
                      0.017671    0.000000    0.307696 v u_input_buffer.mem[5][4]$_DFFE_PP_/D (sg13g2_dfrbpq_1)
                                              0.307696   data arrival time

                      0.150000    0.000000    0.000000   clock clk (rise edge)
                                  0.000000    0.000000   clock network delay (ideal)
                                  0.250000    0.250000   clock uncertainty
                                  0.000000    0.250000   clock reconvergence pessimism
                                              0.250000 ^ u_input_buffer.mem[5][4]$_DFFE_PP_/CLK (sg13g2_dfrbpq_1)
                                 -0.006516    0.243484   library hold time
                                              0.243484   data required time
---------------------------------------------------------------------------------------------
                                              0.243484   data required time
                                             -0.307696   data arrival time
---------------------------------------------------------------------------------------------
                                              0.064211   slack (MET)


Startpoint: u_input_buffer.mem[5][5]$_DFFE_PP_
            (rising edge-triggered flip-flop clocked by clk)
Endpoint: u_input_buffer.mem[5][5]$_DFFE_PP_
          (rising edge-triggered flip-flop clocked by clk)
Path Group: clk
Path Type: min

Fanout         Cap        Slew       Delay        Time   Description
---------------------------------------------------------------------------------------------
                      0.150000    0.000000    0.000000   clock clk (rise edge)
                                  0.000000    0.000000   clock network delay (ideal)
                      0.150000    0.000000    0.000000 ^ u_input_buffer.mem[5][5]$_DFFE_PP_/CLK (sg13g2_dfrbpq_1)
     2    0.005911    0.028637    0.221383    0.221383 v u_input_buffer.mem[5][5]$_DFFE_PP_/Q (sg13g2_dfrbpq_1)
                                                         u_input_buffer.mem[5][5] (net)
                      0.028637    0.000000    0.221383 v _3599_/A (sg13g2_nor2_1)
     1    0.002949    0.043929    0.056471    0.277854 ^ _3599_/Y (sg13g2_nor2_1)
                                                         _0721_ (net)
                      0.043929    0.000000    0.277854 ^ _3600_/B1 (sg13g2_a21oi_1)
     1    0.001430    0.017671    0.029842    0.307696 v _3600_/Y (sg13g2_a21oi_1)
                                                         _0269_ (net)
                      0.017671    0.000000    0.307696 v u_input_buffer.mem[5][5]$_DFFE_PP_/D (sg13g2_dfrbpq_1)
                                              0.307696   data arrival time

                      0.150000    0.000000    0.000000   clock clk (rise edge)
                                  0.000000    0.000000   clock network delay (ideal)
                                  0.250000    0.250000   clock uncertainty
                                  0.000000    0.250000   clock reconvergence pessimism
                                              0.250000 ^ u_input_buffer.mem[5][5]$_DFFE_PP_/CLK (sg13g2_dfrbpq_1)
                                 -0.006516    0.243484   library hold time
                                              0.243484   data required time
---------------------------------------------------------------------------------------------
                                              0.243484   data required time
                                             -0.307696   data arrival time
---------------------------------------------------------------------------------------------
                                              0.064211   slack (MET)


Startpoint: u_input_buffer.mem[5][6]$_DFFE_PP_
            (rising edge-triggered flip-flop clocked by clk)
Endpoint: u_input_buffer.mem[5][6]$_DFFE_PP_
          (rising edge-triggered flip-flop clocked by clk)
Path Group: clk
Path Type: min

Fanout         Cap        Slew       Delay        Time   Description
---------------------------------------------------------------------------------------------
                      0.150000    0.000000    0.000000   clock clk (rise edge)
                                  0.000000    0.000000   clock network delay (ideal)
                      0.150000    0.000000    0.000000 ^ u_input_buffer.mem[5][6]$_DFFE_PP_/CLK (sg13g2_dfrbpq_1)
     2    0.005911    0.028637    0.221383    0.221383 v u_input_buffer.mem[5][6]$_DFFE_PP_/Q (sg13g2_dfrbpq_1)
                                                         u_input_buffer.mem[5][6] (net)
                      0.028637    0.000000    0.221383 v _3601_/A (sg13g2_nor2_1)
     1    0.002949    0.043929    0.056471    0.277854 ^ _3601_/Y (sg13g2_nor2_1)
                                                         _0722_ (net)
                      0.043929    0.000000    0.277854 ^ _3602_/B1 (sg13g2_a21oi_1)
     1    0.001430    0.017671    0.029842    0.307696 v _3602_/Y (sg13g2_a21oi_1)
                                                         _0270_ (net)
                      0.017671    0.000000    0.307696 v u_input_buffer.mem[5][6]$_DFFE_PP_/D (sg13g2_dfrbpq_1)
                                              0.307696   data arrival time

                      0.150000    0.000000    0.000000   clock clk (rise edge)
                                  0.000000    0.000000   clock network delay (ideal)
                                  0.250000    0.250000   clock uncertainty
                                  0.000000    0.250000   clock reconvergence pessimism
                                              0.250000 ^ u_input_buffer.mem[5][6]$_DFFE_PP_/CLK (sg13g2_dfrbpq_1)
                                 -0.006516    0.243484   library hold time
                                              0.243484   data required time
---------------------------------------------------------------------------------------------
                                              0.243484   data required time
                                             -0.307696   data arrival time
---------------------------------------------------------------------------------------------
                                              0.064211   slack (MET)


Startpoint: u_input_buffer.mem[5][7]$_DFFE_PP_
            (rising edge-triggered flip-flop clocked by clk)
Endpoint: u_input_buffer.mem[5][7]$_DFFE_PP_
          (rising edge-triggered flip-flop clocked by clk)
Path Group: clk
Path Type: min

Fanout         Cap        Slew       Delay        Time   Description
---------------------------------------------------------------------------------------------
                      0.150000    0.000000    0.000000   clock clk (rise edge)
                                  0.000000    0.000000   clock network delay (ideal)
                      0.150000    0.000000    0.000000 ^ u_input_buffer.mem[5][7]$_DFFE_PP_/CLK (sg13g2_dfrbpq_1)
     2    0.005911    0.028637    0.221383    0.221383 v u_input_buffer.mem[5][7]$_DFFE_PP_/Q (sg13g2_dfrbpq_1)
                                                         u_input_buffer.mem[5][7] (net)
                      0.028637    0.000000    0.221383 v _3603_/A (sg13g2_nor2_1)
     1    0.002949    0.043929    0.056471    0.277854 ^ _3603_/Y (sg13g2_nor2_1)
                                                         _0723_ (net)
                      0.043929    0.000000    0.277854 ^ _3604_/B1 (sg13g2_a21oi_1)
     1    0.001430    0.017671    0.029842    0.307696 v _3604_/Y (sg13g2_a21oi_1)
                                                         _0271_ (net)
                      0.017671    0.000000    0.307696 v u_input_buffer.mem[5][7]$_DFFE_PP_/D (sg13g2_dfrbpq_1)
                                              0.307696   data arrival time

                      0.150000    0.000000    0.000000   clock clk (rise edge)
                                  0.000000    0.000000   clock network delay (ideal)
                                  0.250000    0.250000   clock uncertainty
                                  0.000000    0.250000   clock reconvergence pessimism
                                              0.250000 ^ u_input_buffer.mem[5][7]$_DFFE_PP_/CLK (sg13g2_dfrbpq_1)
                                 -0.006516    0.243484   library hold time
                                              0.243484   data required time
---------------------------------------------------------------------------------------------
                                              0.243484   data required time
                                             -0.307696   data arrival time
---------------------------------------------------------------------------------------------
                                              0.064211   slack (MET)


Startpoint: u_input_buffer.mem[6][0]$_DFFE_PP_
            (rising edge-triggered flip-flop clocked by clk)
Endpoint: u_input_buffer.mem[6][0]$_DFFE_PP_
          (rising edge-triggered flip-flop clocked by clk)
Path Group: clk
Path Type: min

Fanout         Cap        Slew       Delay        Time   Description
---------------------------------------------------------------------------------------------
                      0.150000    0.000000    0.000000   clock clk (rise edge)
                                  0.000000    0.000000   clock network delay (ideal)
                      0.150000    0.000000    0.000000 ^ u_input_buffer.mem[6][0]$_DFFE_PP_/CLK (sg13g2_dfrbpq_1)
     2    0.005911    0.028637    0.221383    0.221383 v u_input_buffer.mem[6][0]$_DFFE_PP_/Q (sg13g2_dfrbpq_1)
                                                         u_input_buffer.mem[6][0] (net)
                      0.028637    0.000000    0.221383 v _3606_/A (sg13g2_nor2_1)
     1    0.002949    0.043929    0.056471    0.277854 ^ _3606_/Y (sg13g2_nor2_1)
                                                         _0725_ (net)
                      0.043929    0.000000    0.277854 ^ _3607_/B1 (sg13g2_a21oi_1)
     1    0.001430    0.017671    0.029842    0.307696 v _3607_/Y (sg13g2_a21oi_1)
                                                         _0272_ (net)
                      0.017671    0.000000    0.307696 v u_input_buffer.mem[6][0]$_DFFE_PP_/D (sg13g2_dfrbpq_1)
                                              0.307696   data arrival time

                      0.150000    0.000000    0.000000   clock clk (rise edge)
                                  0.000000    0.000000   clock network delay (ideal)
                                  0.250000    0.250000   clock uncertainty
                                  0.000000    0.250000   clock reconvergence pessimism
                                              0.250000 ^ u_input_buffer.mem[6][0]$_DFFE_PP_/CLK (sg13g2_dfrbpq_1)
                                 -0.006516    0.243484   library hold time
                                              0.243484   data required time
---------------------------------------------------------------------------------------------
                                              0.243484   data required time
                                             -0.307696   data arrival time
---------------------------------------------------------------------------------------------
                                              0.064211   slack (MET)


Startpoint: u_input_buffer.mem[6][1]$_DFFE_PP_
            (rising edge-triggered flip-flop clocked by clk)
Endpoint: u_input_buffer.mem[6][1]$_DFFE_PP_
          (rising edge-triggered flip-flop clocked by clk)
Path Group: clk
Path Type: min

Fanout         Cap        Slew       Delay        Time   Description
---------------------------------------------------------------------------------------------
                      0.150000    0.000000    0.000000   clock clk (rise edge)
                                  0.000000    0.000000   clock network delay (ideal)
                      0.150000    0.000000    0.000000 ^ u_input_buffer.mem[6][1]$_DFFE_PP_/CLK (sg13g2_dfrbpq_1)
     2    0.005911    0.028637    0.221383    0.221383 v u_input_buffer.mem[6][1]$_DFFE_PP_/Q (sg13g2_dfrbpq_1)
                                                         u_input_buffer.mem[6][1] (net)
                      0.028637    0.000000    0.221383 v _3608_/A (sg13g2_nor2_1)
     1    0.002949    0.043929    0.056471    0.277854 ^ _3608_/Y (sg13g2_nor2_1)
                                                         _0726_ (net)
                      0.043929    0.000000    0.277854 ^ _3609_/B1 (sg13g2_a21oi_1)
     1    0.001430    0.017671    0.029842    0.307696 v _3609_/Y (sg13g2_a21oi_1)
                                                         _0273_ (net)
                      0.017671    0.000000    0.307696 v u_input_buffer.mem[6][1]$_DFFE_PP_/D (sg13g2_dfrbpq_1)
                                              0.307696   data arrival time

                      0.150000    0.000000    0.000000   clock clk (rise edge)
                                  0.000000    0.000000   clock network delay (ideal)
                                  0.250000    0.250000   clock uncertainty
                                  0.000000    0.250000   clock reconvergence pessimism
                                              0.250000 ^ u_input_buffer.mem[6][1]$_DFFE_PP_/CLK (sg13g2_dfrbpq_1)
                                 -0.006516    0.243484   library hold time
                                              0.243484   data required time
---------------------------------------------------------------------------------------------
                                              0.243484   data required time
                                             -0.307696   data arrival time
---------------------------------------------------------------------------------------------
                                              0.064211   slack (MET)


Startpoint: u_input_buffer.mem[6][2]$_DFFE_PP_
            (rising edge-triggered flip-flop clocked by clk)
Endpoint: u_input_buffer.mem[6][2]$_DFFE_PP_
          (rising edge-triggered flip-flop clocked by clk)
Path Group: clk
Path Type: min

Fanout         Cap        Slew       Delay        Time   Description
---------------------------------------------------------------------------------------------
                      0.150000    0.000000    0.000000   clock clk (rise edge)
                                  0.000000    0.000000   clock network delay (ideal)
                      0.150000    0.000000    0.000000 ^ u_input_buffer.mem[6][2]$_DFFE_PP_/CLK (sg13g2_dfrbpq_1)
     2    0.005911    0.028637    0.221383    0.221383 v u_input_buffer.mem[6][2]$_DFFE_PP_/Q (sg13g2_dfrbpq_1)
                                                         u_input_buffer.mem[6][2] (net)
                      0.028637    0.000000    0.221383 v _3610_/A (sg13g2_nor2_1)
     1    0.002949    0.043929    0.056471    0.277854 ^ _3610_/Y (sg13g2_nor2_1)
                                                         _0727_ (net)
                      0.043929    0.000000    0.277854 ^ _3611_/B1 (sg13g2_a21oi_1)
     1    0.001430    0.017671    0.029842    0.307696 v _3611_/Y (sg13g2_a21oi_1)
                                                         _0274_ (net)
                      0.017671    0.000000    0.307696 v u_input_buffer.mem[6][2]$_DFFE_PP_/D (sg13g2_dfrbpq_1)
                                              0.307696   data arrival time

                      0.150000    0.000000    0.000000   clock clk (rise edge)
                                  0.000000    0.000000   clock network delay (ideal)
                                  0.250000    0.250000   clock uncertainty
                                  0.000000    0.250000   clock reconvergence pessimism
                                              0.250000 ^ u_input_buffer.mem[6][2]$_DFFE_PP_/CLK (sg13g2_dfrbpq_1)
                                 -0.006516    0.243484   library hold time
                                              0.243484   data required time
---------------------------------------------------------------------------------------------
                                              0.243484   data required time
                                             -0.307696   data arrival time
---------------------------------------------------------------------------------------------
                                              0.064211   slack (MET)


Startpoint: u_input_buffer.mem[6][3]$_DFFE_PP_
            (rising edge-triggered flip-flop clocked by clk)
Endpoint: u_input_buffer.mem[6][3]$_DFFE_PP_
          (rising edge-triggered flip-flop clocked by clk)
Path Group: clk
Path Type: min

Fanout         Cap        Slew       Delay        Time   Description
---------------------------------------------------------------------------------------------
                      0.150000    0.000000    0.000000   clock clk (rise edge)
                                  0.000000    0.000000   clock network delay (ideal)
                      0.150000    0.000000    0.000000 ^ u_input_buffer.mem[6][3]$_DFFE_PP_/CLK (sg13g2_dfrbpq_1)
     2    0.005911    0.028637    0.221383    0.221383 v u_input_buffer.mem[6][3]$_DFFE_PP_/Q (sg13g2_dfrbpq_1)
                                                         u_input_buffer.mem[6][3] (net)
                      0.028637    0.000000    0.221383 v _3612_/A (sg13g2_nor2_1)
     1    0.002949    0.043929    0.056471    0.277854 ^ _3612_/Y (sg13g2_nor2_1)
                                                         _0728_ (net)
                      0.043929    0.000000    0.277854 ^ _3613_/B1 (sg13g2_a21oi_1)
     1    0.001430    0.017671    0.029842    0.307696 v _3613_/Y (sg13g2_a21oi_1)
                                                         _0275_ (net)
                      0.017671    0.000000    0.307696 v u_input_buffer.mem[6][3]$_DFFE_PP_/D (sg13g2_dfrbpq_1)
                                              0.307696   data arrival time

                      0.150000    0.000000    0.000000   clock clk (rise edge)
                                  0.000000    0.000000   clock network delay (ideal)
                                  0.250000    0.250000   clock uncertainty
                                  0.000000    0.250000   clock reconvergence pessimism
                                              0.250000 ^ u_input_buffer.mem[6][3]$_DFFE_PP_/CLK (sg13g2_dfrbpq_1)
                                 -0.006516    0.243484   library hold time
                                              0.243484   data required time
---------------------------------------------------------------------------------------------
                                              0.243484   data required time
                                             -0.307696   data arrival time
---------------------------------------------------------------------------------------------
                                              0.064211   slack (MET)


Startpoint: u_input_buffer.mem[6][4]$_DFFE_PP_
            (rising edge-triggered flip-flop clocked by clk)
Endpoint: u_input_buffer.mem[6][4]$_DFFE_PP_
          (rising edge-triggered flip-flop clocked by clk)
Path Group: clk
Path Type: min

Fanout         Cap        Slew       Delay        Time   Description
---------------------------------------------------------------------------------------------
                      0.150000    0.000000    0.000000   clock clk (rise edge)
                                  0.000000    0.000000   clock network delay (ideal)
                      0.150000    0.000000    0.000000 ^ u_input_buffer.mem[6][4]$_DFFE_PP_/CLK (sg13g2_dfrbpq_1)
     2    0.005911    0.028637    0.221383    0.221383 v u_input_buffer.mem[6][4]$_DFFE_PP_/Q (sg13g2_dfrbpq_1)
                                                         u_input_buffer.mem[6][4] (net)
                      0.028637    0.000000    0.221383 v _3614_/A (sg13g2_nor2_1)
     1    0.002949    0.043929    0.056471    0.277854 ^ _3614_/Y (sg13g2_nor2_1)
                                                         _0729_ (net)
                      0.043929    0.000000    0.277854 ^ _3615_/B1 (sg13g2_a21oi_1)
     1    0.001430    0.017671    0.029842    0.307696 v _3615_/Y (sg13g2_a21oi_1)
                                                         _0276_ (net)
                      0.017671    0.000000    0.307696 v u_input_buffer.mem[6][4]$_DFFE_PP_/D (sg13g2_dfrbpq_1)
                                              0.307696   data arrival time

                      0.150000    0.000000    0.000000   clock clk (rise edge)
                                  0.000000    0.000000   clock network delay (ideal)
                                  0.250000    0.250000   clock uncertainty
                                  0.000000    0.250000   clock reconvergence pessimism
                                              0.250000 ^ u_input_buffer.mem[6][4]$_DFFE_PP_/CLK (sg13g2_dfrbpq_1)
                                 -0.006516    0.243484   library hold time
                                              0.243484   data required time
---------------------------------------------------------------------------------------------
                                              0.243484   data required time
                                             -0.307696   data arrival time
---------------------------------------------------------------------------------------------
                                              0.064211   slack (MET)


Startpoint: u_input_buffer.mem[6][5]$_DFFE_PP_
            (rising edge-triggered flip-flop clocked by clk)
Endpoint: u_input_buffer.mem[6][5]$_DFFE_PP_
          (rising edge-triggered flip-flop clocked by clk)
Path Group: clk
Path Type: min

Fanout         Cap        Slew       Delay        Time   Description
---------------------------------------------------------------------------------------------
                      0.150000    0.000000    0.000000   clock clk (rise edge)
                                  0.000000    0.000000   clock network delay (ideal)
                      0.150000    0.000000    0.000000 ^ u_input_buffer.mem[6][5]$_DFFE_PP_/CLK (sg13g2_dfrbpq_1)
     2    0.005911    0.028637    0.221383    0.221383 v u_input_buffer.mem[6][5]$_DFFE_PP_/Q (sg13g2_dfrbpq_1)
                                                         u_input_buffer.mem[6][5] (net)
                      0.028637    0.000000    0.221383 v _3616_/A (sg13g2_nor2_1)
     1    0.002949    0.043929    0.056471    0.277854 ^ _3616_/Y (sg13g2_nor2_1)
                                                         _0730_ (net)
                      0.043929    0.000000    0.277854 ^ _3617_/B1 (sg13g2_a21oi_1)
     1    0.001430    0.017671    0.029842    0.307696 v _3617_/Y (sg13g2_a21oi_1)
                                                         _0277_ (net)
                      0.017671    0.000000    0.307696 v u_input_buffer.mem[6][5]$_DFFE_PP_/D (sg13g2_dfrbpq_1)
                                              0.307696   data arrival time

                      0.150000    0.000000    0.000000   clock clk (rise edge)
                                  0.000000    0.000000   clock network delay (ideal)
                                  0.250000    0.250000   clock uncertainty
                                  0.000000    0.250000   clock reconvergence pessimism
                                              0.250000 ^ u_input_buffer.mem[6][5]$_DFFE_PP_/CLK (sg13g2_dfrbpq_1)
                                 -0.006516    0.243484   library hold time
                                              0.243484   data required time
---------------------------------------------------------------------------------------------
                                              0.243484   data required time
                                             -0.307696   data arrival time
---------------------------------------------------------------------------------------------
                                              0.064211   slack (MET)


Startpoint: u_input_buffer.mem[6][6]$_DFFE_PP_
            (rising edge-triggered flip-flop clocked by clk)
Endpoint: u_input_buffer.mem[6][6]$_DFFE_PP_
          (rising edge-triggered flip-flop clocked by clk)
Path Group: clk
Path Type: min

Fanout         Cap        Slew       Delay        Time   Description
---------------------------------------------------------------------------------------------
                      0.150000    0.000000    0.000000   clock clk (rise edge)
                                  0.000000    0.000000   clock network delay (ideal)
                      0.150000    0.000000    0.000000 ^ u_input_buffer.mem[6][6]$_DFFE_PP_/CLK (sg13g2_dfrbpq_1)
     2    0.005911    0.028637    0.221383    0.221383 v u_input_buffer.mem[6][6]$_DFFE_PP_/Q (sg13g2_dfrbpq_1)
                                                         u_input_buffer.mem[6][6] (net)
                      0.028637    0.000000    0.221383 v _3618_/A (sg13g2_nor2_1)
     1    0.002949    0.043929    0.056471    0.277854 ^ _3618_/Y (sg13g2_nor2_1)
                                                         _0731_ (net)
                      0.043929    0.000000    0.277854 ^ _3619_/B1 (sg13g2_a21oi_1)
     1    0.001430    0.017671    0.029842    0.307696 v _3619_/Y (sg13g2_a21oi_1)
                                                         _0278_ (net)
                      0.017671    0.000000    0.307696 v u_input_buffer.mem[6][6]$_DFFE_PP_/D (sg13g2_dfrbpq_1)
                                              0.307696   data arrival time

                      0.150000    0.000000    0.000000   clock clk (rise edge)
                                  0.000000    0.000000   clock network delay (ideal)
                                  0.250000    0.250000   clock uncertainty
                                  0.000000    0.250000   clock reconvergence pessimism
                                              0.250000 ^ u_input_buffer.mem[6][6]$_DFFE_PP_/CLK (sg13g2_dfrbpq_1)
                                 -0.006516    0.243484   library hold time
                                              0.243484   data required time
---------------------------------------------------------------------------------------------
                                              0.243484   data required time
                                             -0.307696   data arrival time
---------------------------------------------------------------------------------------------
                                              0.064211   slack (MET)


Startpoint: u_input_buffer.mem[6][7]$_DFFE_PP_
            (rising edge-triggered flip-flop clocked by clk)
Endpoint: u_input_buffer.mem[6][7]$_DFFE_PP_
          (rising edge-triggered flip-flop clocked by clk)
Path Group: clk
Path Type: min

Fanout         Cap        Slew       Delay        Time   Description
---------------------------------------------------------------------------------------------
                      0.150000    0.000000    0.000000   clock clk (rise edge)
                                  0.000000    0.000000   clock network delay (ideal)
                      0.150000    0.000000    0.000000 ^ u_input_buffer.mem[6][7]$_DFFE_PP_/CLK (sg13g2_dfrbpq_1)
     2    0.005911    0.028637    0.221383    0.221383 v u_input_buffer.mem[6][7]$_DFFE_PP_/Q (sg13g2_dfrbpq_1)
                                                         u_input_buffer.mem[6][7] (net)
                      0.028637    0.000000    0.221383 v _3620_/A (sg13g2_nor2_1)
     1    0.002949    0.043929    0.056471    0.277854 ^ _3620_/Y (sg13g2_nor2_1)
                                                         _0732_ (net)
                      0.043929    0.000000    0.277854 ^ _3621_/B1 (sg13g2_a21oi_1)
     1    0.001430    0.017671    0.029842    0.307696 v _3621_/Y (sg13g2_a21oi_1)
                                                         _0279_ (net)
                      0.017671    0.000000    0.307696 v u_input_buffer.mem[6][7]$_DFFE_PP_/D (sg13g2_dfrbpq_1)
                                              0.307696   data arrival time

                      0.150000    0.000000    0.000000   clock clk (rise edge)
                                  0.000000    0.000000   clock network delay (ideal)
                                  0.250000    0.250000   clock uncertainty
                                  0.000000    0.250000   clock reconvergence pessimism
                                              0.250000 ^ u_input_buffer.mem[6][7]$_DFFE_PP_/CLK (sg13g2_dfrbpq_1)
                                 -0.006516    0.243484   library hold time
                                              0.243484   data required time
---------------------------------------------------------------------------------------------
                                              0.243484   data required time
                                             -0.307696   data arrival time
---------------------------------------------------------------------------------------------
                                              0.064211   slack (MET)


Startpoint: u_input_buffer.mem[7][0]$_DFFE_PP_
            (rising edge-triggered flip-flop clocked by clk)
Endpoint: u_input_buffer.mem[7][0]$_DFFE_PP_
          (rising edge-triggered flip-flop clocked by clk)
Path Group: clk
Path Type: min

Fanout         Cap        Slew       Delay        Time   Description
---------------------------------------------------------------------------------------------
                      0.150000    0.000000    0.000000   clock clk (rise edge)
                                  0.000000    0.000000   clock network delay (ideal)
                      0.150000    0.000000    0.000000 ^ u_input_buffer.mem[7][0]$_DFFE_PP_/CLK (sg13g2_dfrbpq_1)
     2    0.005911    0.028637    0.221383    0.221383 v u_input_buffer.mem[7][0]$_DFFE_PP_/Q (sg13g2_dfrbpq_1)
                                                         u_input_buffer.mem[7][0] (net)
                      0.028637    0.000000    0.221383 v _3623_/A (sg13g2_nor2_1)
     1    0.002949    0.043929    0.056471    0.277854 ^ _3623_/Y (sg13g2_nor2_1)
                                                         _0734_ (net)
                      0.043929    0.000000    0.277854 ^ _3624_/B1 (sg13g2_a21oi_1)
     1    0.001430    0.017671    0.029842    0.307696 v _3624_/Y (sg13g2_a21oi_1)
                                                         _0280_ (net)
                      0.017671    0.000000    0.307696 v u_input_buffer.mem[7][0]$_DFFE_PP_/D (sg13g2_dfrbpq_1)
                                              0.307696   data arrival time

                      0.150000    0.000000    0.000000   clock clk (rise edge)
                                  0.000000    0.000000   clock network delay (ideal)
                                  0.250000    0.250000   clock uncertainty
                                  0.000000    0.250000   clock reconvergence pessimism
                                              0.250000 ^ u_input_buffer.mem[7][0]$_DFFE_PP_/CLK (sg13g2_dfrbpq_1)
                                 -0.006516    0.243484   library hold time
                                              0.243484   data required time
---------------------------------------------------------------------------------------------
                                              0.243484   data required time
                                             -0.307696   data arrival time
---------------------------------------------------------------------------------------------
                                              0.064211   slack (MET)


Startpoint: u_input_buffer.mem[7][1]$_DFFE_PP_
            (rising edge-triggered flip-flop clocked by clk)
Endpoint: u_input_buffer.mem[7][1]$_DFFE_PP_
          (rising edge-triggered flip-flop clocked by clk)
Path Group: clk
Path Type: min

Fanout         Cap        Slew       Delay        Time   Description
---------------------------------------------------------------------------------------------
                      0.150000    0.000000    0.000000   clock clk (rise edge)
                                  0.000000    0.000000   clock network delay (ideal)
                      0.150000    0.000000    0.000000 ^ u_input_buffer.mem[7][1]$_DFFE_PP_/CLK (sg13g2_dfrbpq_1)
     2    0.005911    0.028637    0.221383    0.221383 v u_input_buffer.mem[7][1]$_DFFE_PP_/Q (sg13g2_dfrbpq_1)
                                                         u_input_buffer.mem[7][1] (net)
                      0.028637    0.000000    0.221383 v _3625_/A (sg13g2_nor2_1)
     1    0.002949    0.043929    0.056471    0.277854 ^ _3625_/Y (sg13g2_nor2_1)
                                                         _0735_ (net)
                      0.043929    0.000000    0.277854 ^ _3626_/B1 (sg13g2_a21oi_1)
     1    0.001430    0.017671    0.029842    0.307696 v _3626_/Y (sg13g2_a21oi_1)
                                                         _0281_ (net)
                      0.017671    0.000000    0.307696 v u_input_buffer.mem[7][1]$_DFFE_PP_/D (sg13g2_dfrbpq_1)
                                              0.307696   data arrival time

                      0.150000    0.000000    0.000000   clock clk (rise edge)
                                  0.000000    0.000000   clock network delay (ideal)
                                  0.250000    0.250000   clock uncertainty
                                  0.000000    0.250000   clock reconvergence pessimism
                                              0.250000 ^ u_input_buffer.mem[7][1]$_DFFE_PP_/CLK (sg13g2_dfrbpq_1)
                                 -0.006516    0.243484   library hold time
                                              0.243484   data required time
---------------------------------------------------------------------------------------------
                                              0.243484   data required time
                                             -0.307696   data arrival time
---------------------------------------------------------------------------------------------
                                              0.064211   slack (MET)


Startpoint: u_input_buffer.mem[7][3]$_DFFE_PP_
            (rising edge-triggered flip-flop clocked by clk)
Endpoint: u_input_buffer.mem[7][3]$_DFFE_PP_
          (rising edge-triggered flip-flop clocked by clk)
Path Group: clk
Path Type: min

Fanout         Cap        Slew       Delay        Time   Description
---------------------------------------------------------------------------------------------
                      0.150000    0.000000    0.000000   clock clk (rise edge)
                                  0.000000    0.000000   clock network delay (ideal)
                      0.150000    0.000000    0.000000 ^ u_input_buffer.mem[7][3]$_DFFE_PP_/CLK (sg13g2_dfrbpq_1)
     2    0.005911    0.028637    0.221383    0.221383 v u_input_buffer.mem[7][3]$_DFFE_PP_/Q (sg13g2_dfrbpq_1)
                                                         u_input_buffer.mem[7][3] (net)
                      0.028637    0.000000    0.221383 v _3629_/A (sg13g2_nor2_1)
     1    0.002949    0.043929    0.056471    0.277854 ^ _3629_/Y (sg13g2_nor2_1)
                                                         _0737_ (net)
                      0.043929    0.000000    0.277854 ^ _3630_/B1 (sg13g2_a21oi_1)
     1    0.001430    0.017671    0.029842    0.307696 v _3630_/Y (sg13g2_a21oi_1)
                                                         _0283_ (net)
                      0.017671    0.000000    0.307696 v u_input_buffer.mem[7][3]$_DFFE_PP_/D (sg13g2_dfrbpq_1)
                                              0.307696   data arrival time

                      0.150000    0.000000    0.000000   clock clk (rise edge)
                                  0.000000    0.000000   clock network delay (ideal)
                                  0.250000    0.250000   clock uncertainty
                                  0.000000    0.250000   clock reconvergence pessimism
                                              0.250000 ^ u_input_buffer.mem[7][3]$_DFFE_PP_/CLK (sg13g2_dfrbpq_1)
                                 -0.006516    0.243484   library hold time
                                              0.243484   data required time
---------------------------------------------------------------------------------------------
                                              0.243484   data required time
                                             -0.307696   data arrival time
---------------------------------------------------------------------------------------------
                                              0.064211   slack (MET)


Startpoint: u_input_buffer.mem[7][5]$_DFFE_PP_
            (rising edge-triggered flip-flop clocked by clk)
Endpoint: u_input_buffer.mem[7][5]$_DFFE_PP_
          (rising edge-triggered flip-flop clocked by clk)
Path Group: clk
Path Type: min

Fanout         Cap        Slew       Delay        Time   Description
---------------------------------------------------------------------------------------------
                      0.150000    0.000000    0.000000   clock clk (rise edge)
                                  0.000000    0.000000   clock network delay (ideal)
                      0.150000    0.000000    0.000000 ^ u_input_buffer.mem[7][5]$_DFFE_PP_/CLK (sg13g2_dfrbpq_1)
     2    0.005911    0.028637    0.221383    0.221383 v u_input_buffer.mem[7][5]$_DFFE_PP_/Q (sg13g2_dfrbpq_1)
                                                         u_input_buffer.mem[7][5] (net)
                      0.028637    0.000000    0.221383 v _3633_/A (sg13g2_nor2_1)
     1    0.002949    0.043929    0.056471    0.277854 ^ _3633_/Y (sg13g2_nor2_1)
                                                         _0739_ (net)
                      0.043929    0.000000    0.277854 ^ _3634_/B1 (sg13g2_a21oi_1)
     1    0.001430    0.017671    0.029842    0.307696 v _3634_/Y (sg13g2_a21oi_1)
                                                         _0285_ (net)
                      0.017671    0.000000    0.307696 v u_input_buffer.mem[7][5]$_DFFE_PP_/D (sg13g2_dfrbpq_1)
                                              0.307696   data arrival time

                      0.150000    0.000000    0.000000   clock clk (rise edge)
                                  0.000000    0.000000   clock network delay (ideal)
                                  0.250000    0.250000   clock uncertainty
                                  0.000000    0.250000   clock reconvergence pessimism
                                              0.250000 ^ u_input_buffer.mem[7][5]$_DFFE_PP_/CLK (sg13g2_dfrbpq_1)
                                 -0.006516    0.243484   library hold time
                                              0.243484   data required time
---------------------------------------------------------------------------------------------
                                              0.243484   data required time
                                             -0.307696   data arrival time
---------------------------------------------------------------------------------------------
                                              0.064211   slack (MET)


Startpoint: u_input_buffer.mem[7][6]$_DFFE_PP_
            (rising edge-triggered flip-flop clocked by clk)
Endpoint: u_input_buffer.mem[7][6]$_DFFE_PP_
          (rising edge-triggered flip-flop clocked by clk)
Path Group: clk
Path Type: min

Fanout         Cap        Slew       Delay        Time   Description
---------------------------------------------------------------------------------------------
                      0.150000    0.000000    0.000000   clock clk (rise edge)
                                  0.000000    0.000000   clock network delay (ideal)
                      0.150000    0.000000    0.000000 ^ u_input_buffer.mem[7][6]$_DFFE_PP_/CLK (sg13g2_dfrbpq_1)
     2    0.005911    0.028637    0.221383    0.221383 v u_input_buffer.mem[7][6]$_DFFE_PP_/Q (sg13g2_dfrbpq_1)
                                                         u_input_buffer.mem[7][6] (net)
                      0.028637    0.000000    0.221383 v _3635_/A (sg13g2_nor2_1)
     1    0.002949    0.043929    0.056471    0.277854 ^ _3635_/Y (sg13g2_nor2_1)
                                                         _0740_ (net)
                      0.043929    0.000000    0.277854 ^ _3636_/B1 (sg13g2_a21oi_1)
     1    0.001430    0.017671    0.029842    0.307696 v _3636_/Y (sg13g2_a21oi_1)
                                                         _0286_ (net)
                      0.017671    0.000000    0.307696 v u_input_buffer.mem[7][6]$_DFFE_PP_/D (sg13g2_dfrbpq_1)
                                              0.307696   data arrival time

                      0.150000    0.000000    0.000000   clock clk (rise edge)
                                  0.000000    0.000000   clock network delay (ideal)
                                  0.250000    0.250000   clock uncertainty
                                  0.000000    0.250000   clock reconvergence pessimism
                                              0.250000 ^ u_input_buffer.mem[7][6]$_DFFE_PP_/CLK (sg13g2_dfrbpq_1)
                                 -0.006516    0.243484   library hold time
                                              0.243484   data required time
---------------------------------------------------------------------------------------------
                                              0.243484   data required time
                                             -0.307696   data arrival time
---------------------------------------------------------------------------------------------
                                              0.064211   slack (MET)


Startpoint: u_input_buffer.mem[7][7]$_DFFE_PP_
            (rising edge-triggered flip-flop clocked by clk)
Endpoint: u_input_buffer.mem[7][7]$_DFFE_PP_
          (rising edge-triggered flip-flop clocked by clk)
Path Group: clk
Path Type: min

Fanout         Cap        Slew       Delay        Time   Description
---------------------------------------------------------------------------------------------
                      0.150000    0.000000    0.000000   clock clk (rise edge)
                                  0.000000    0.000000   clock network delay (ideal)
                      0.150000    0.000000    0.000000 ^ u_input_buffer.mem[7][7]$_DFFE_PP_/CLK (sg13g2_dfrbpq_1)
     2    0.005911    0.028637    0.221383    0.221383 v u_input_buffer.mem[7][7]$_DFFE_PP_/Q (sg13g2_dfrbpq_1)
                                                         u_input_buffer.mem[7][7] (net)
                      0.028637    0.000000    0.221383 v _3637_/A (sg13g2_nor2_1)
     1    0.002949    0.043929    0.056471    0.277854 ^ _3637_/Y (sg13g2_nor2_1)
                                                         _0741_ (net)
                      0.043929    0.000000    0.277854 ^ _3638_/B1 (sg13g2_a21oi_1)
     1    0.001430    0.017671    0.029842    0.307696 v _3638_/Y (sg13g2_a21oi_1)
                                                         _0287_ (net)
                      0.017671    0.000000    0.307696 v u_input_buffer.mem[7][7]$_DFFE_PP_/D (sg13g2_dfrbpq_1)
                                              0.307696   data arrival time

                      0.150000    0.000000    0.000000   clock clk (rise edge)
                                  0.000000    0.000000   clock network delay (ideal)
                                  0.250000    0.250000   clock uncertainty
                                  0.000000    0.250000   clock reconvergence pessimism
                                              0.250000 ^ u_input_buffer.mem[7][7]$_DFFE_PP_/CLK (sg13g2_dfrbpq_1)
                                 -0.006516    0.243484   library hold time
                                              0.243484   data required time
---------------------------------------------------------------------------------------------
                                              0.243484   data required time
                                             -0.307696   data arrival time
---------------------------------------------------------------------------------------------
                                              0.064211   slack (MET)


Startpoint: u_input_buffer.mem[19][3]$_DFFE_PP_
            (rising edge-triggered flip-flop clocked by clk)
Endpoint: u_input_buffer.mem[19][3]$_DFFE_PP_
          (rising edge-triggered flip-flop clocked by clk)
Path Group: clk
Path Type: min

Fanout         Cap        Slew       Delay        Time   Description
---------------------------------------------------------------------------------------------
                      0.150000    0.000000    0.000000   clock clk (rise edge)
                                  0.000000    0.000000   clock network delay (ideal)
                      0.150000    0.000000    0.000000 ^ u_input_buffer.mem[19][3]$_DFFE_PP_/CLK (sg13g2_dfrbpq_1)
     2    0.005915    0.028646    0.221391    0.221391 v u_input_buffer.mem[19][3]$_DFFE_PP_/Q (sg13g2_dfrbpq_1)
                                                         u_input_buffer.mem[19][3] (net)
                      0.028646    0.000000    0.221391 v _3303_/A (sg13g2_nor2_1)
     1    0.002949    0.043930    0.056473    0.277864 ^ _3303_/Y (sg13g2_nor2_1)
                                                         _0563_ (net)
                      0.043930    0.000000    0.277864 ^ _3304_/B1 (sg13g2_a21oi_1)
     1    0.001430    0.017671    0.029842    0.307706 v _3304_/Y (sg13g2_a21oi_1)
                                                         _0131_ (net)
                      0.017671    0.000000    0.307706 v u_input_buffer.mem[19][3]$_DFFE_PP_/D (sg13g2_dfrbpq_1)
                                              0.307706   data arrival time

                      0.150000    0.000000    0.000000   clock clk (rise edge)
                                  0.000000    0.000000   clock network delay (ideal)
                                  0.250000    0.250000   clock uncertainty
                                  0.000000    0.250000   clock reconvergence pessimism
                                              0.250000 ^ u_input_buffer.mem[19][3]$_DFFE_PP_/CLK (sg13g2_dfrbpq_1)
                                 -0.006516    0.243484   library hold time
                                              0.243484   data required time
---------------------------------------------------------------------------------------------
                                              0.243484   data required time
                                             -0.307706   data arrival time
---------------------------------------------------------------------------------------------
                                              0.064222   slack (MET)


Startpoint: u_input_buffer.mem[27][2]$_DFFE_PP_
            (rising edge-triggered flip-flop clocked by clk)
Endpoint: u_input_buffer.mem[27][2]$_DFFE_PP_
          (rising edge-triggered flip-flop clocked by clk)
Path Group: clk
Path Type: min

Fanout         Cap        Slew       Delay        Time   Description
---------------------------------------------------------------------------------------------
                      0.150000    0.000000    0.000000   clock clk (rise edge)
                                  0.000000    0.000000   clock network delay (ideal)
                      0.150000    0.000000    0.000000 ^ u_input_buffer.mem[27][2]$_DFFE_PP_/CLK (sg13g2_dfrbpq_1)
     2    0.005915    0.028646    0.221391    0.221391 v u_input_buffer.mem[27][2]$_DFFE_PP_/Q (sg13g2_dfrbpq_1)
                                                         u_input_buffer.mem[27][2] (net)
                      0.028646    0.000000    0.221391 v _3456_/A (sg13g2_nor2_1)
     1    0.002949    0.043930    0.056473    0.277864 ^ _3456_/Y (sg13g2_nor2_1)
                                                         _0645_ (net)
                      0.043930    0.000000    0.277864 ^ _3457_/B1 (sg13g2_a21oi_1)
     1    0.001430    0.017671    0.029842    0.307706 v _3457_/Y (sg13g2_a21oi_1)
                                                         _0202_ (net)
                      0.017671    0.000000    0.307706 v u_input_buffer.mem[27][2]$_DFFE_PP_/D (sg13g2_dfrbpq_1)
                                              0.307706   data arrival time

                      0.150000    0.000000    0.000000   clock clk (rise edge)
                                  0.000000    0.000000   clock network delay (ideal)
                                  0.250000    0.250000   clock uncertainty
                                  0.000000    0.250000   clock reconvergence pessimism
                                              0.250000 ^ u_input_buffer.mem[27][2]$_DFFE_PP_/CLK (sg13g2_dfrbpq_1)
                                 -0.006516    0.243484   library hold time
                                              0.243484   data required time
---------------------------------------------------------------------------------------------
                                              0.243484   data required time
                                             -0.307706   data arrival time
---------------------------------------------------------------------------------------------
                                              0.064222   slack (MET)


Startpoint: u_input_buffer.mem[27][4]$_DFFE_PP_
            (rising edge-triggered flip-flop clocked by clk)
Endpoint: u_input_buffer.mem[27][4]$_DFFE_PP_
          (rising edge-triggered flip-flop clocked by clk)
Path Group: clk
Path Type: min

Fanout         Cap        Slew       Delay        Time   Description
---------------------------------------------------------------------------------------------
                      0.150000    0.000000    0.000000   clock clk (rise edge)
                                  0.000000    0.000000   clock network delay (ideal)
                      0.150000    0.000000    0.000000 ^ u_input_buffer.mem[27][4]$_DFFE_PP_/CLK (sg13g2_dfrbpq_1)
     2    0.005915    0.028646    0.221391    0.221391 v u_input_buffer.mem[27][4]$_DFFE_PP_/Q (sg13g2_dfrbpq_1)
                                                         u_input_buffer.mem[27][4] (net)
                      0.028646    0.000000    0.221391 v _3460_/A (sg13g2_nor2_1)
     1    0.002949    0.043930    0.056473    0.277864 ^ _3460_/Y (sg13g2_nor2_1)
                                                         _0647_ (net)
                      0.043930    0.000000    0.277864 ^ _3461_/B1 (sg13g2_a21oi_1)
     1    0.001430    0.017671    0.029842    0.307706 v _3461_/Y (sg13g2_a21oi_1)
                                                         _0204_ (net)
                      0.017671    0.000000    0.307706 v u_input_buffer.mem[27][4]$_DFFE_PP_/D (sg13g2_dfrbpq_1)
                                              0.307706   data arrival time

                      0.150000    0.000000    0.000000   clock clk (rise edge)
                                  0.000000    0.000000   clock network delay (ideal)
                                  0.250000    0.250000   clock uncertainty
                                  0.000000    0.250000   clock reconvergence pessimism
                                              0.250000 ^ u_input_buffer.mem[27][4]$_DFFE_PP_/CLK (sg13g2_dfrbpq_1)
                                 -0.006516    0.243484   library hold time
                                              0.243484   data required time
---------------------------------------------------------------------------------------------
                                              0.243484   data required time
                                             -0.307706   data arrival time
---------------------------------------------------------------------------------------------
                                              0.064222   slack (MET)


Startpoint: u_input_buffer.mem[27][5]$_DFFE_PP_
            (rising edge-triggered flip-flop clocked by clk)
Endpoint: u_input_buffer.mem[27][5]$_DFFE_PP_
          (rising edge-triggered flip-flop clocked by clk)
Path Group: clk
Path Type: min

Fanout         Cap        Slew       Delay        Time   Description
---------------------------------------------------------------------------------------------
                      0.150000    0.000000    0.000000   clock clk (rise edge)
                                  0.000000    0.000000   clock network delay (ideal)
                      0.150000    0.000000    0.000000 ^ u_input_buffer.mem[27][5]$_DFFE_PP_/CLK (sg13g2_dfrbpq_1)
     2    0.005915    0.028646    0.221391    0.221391 v u_input_buffer.mem[27][5]$_DFFE_PP_/Q (sg13g2_dfrbpq_1)
                                                         u_input_buffer.mem[27][5] (net)
                      0.028646    0.000000    0.221391 v _3462_/A (sg13g2_nor2_1)
     1    0.002949    0.043930    0.056473    0.277864 ^ _3462_/Y (sg13g2_nor2_1)
                                                         _0648_ (net)
                      0.043930    0.000000    0.277864 ^ _3463_/B1 (sg13g2_a21oi_1)
     1    0.001430    0.017671    0.029842    0.307706 v _3463_/Y (sg13g2_a21oi_1)
                                                         _0205_ (net)
                      0.017671    0.000000    0.307706 v u_input_buffer.mem[27][5]$_DFFE_PP_/D (sg13g2_dfrbpq_1)
                                              0.307706   data arrival time

                      0.150000    0.000000    0.000000   clock clk (rise edge)
                                  0.000000    0.000000   clock network delay (ideal)
                                  0.250000    0.250000   clock uncertainty
                                  0.000000    0.250000   clock reconvergence pessimism
                                              0.250000 ^ u_input_buffer.mem[27][5]$_DFFE_PP_/CLK (sg13g2_dfrbpq_1)
                                 -0.006516    0.243484   library hold time
                                              0.243484   data required time
---------------------------------------------------------------------------------------------
                                              0.243484   data required time
                                             -0.307706   data arrival time
---------------------------------------------------------------------------------------------
                                              0.064222   slack (MET)


Startpoint: u_input_buffer.mem[27][6]$_DFFE_PP_
            (rising edge-triggered flip-flop clocked by clk)
Endpoint: u_input_buffer.mem[27][6]$_DFFE_PP_
          (rising edge-triggered flip-flop clocked by clk)
Path Group: clk
Path Type: min

Fanout         Cap        Slew       Delay        Time   Description
---------------------------------------------------------------------------------------------
                      0.150000    0.000000    0.000000   clock clk (rise edge)
                                  0.000000    0.000000   clock network delay (ideal)
                      0.150000    0.000000    0.000000 ^ u_input_buffer.mem[27][6]$_DFFE_PP_/CLK (sg13g2_dfrbpq_1)
     2    0.005915    0.028646    0.221391    0.221391 v u_input_buffer.mem[27][6]$_DFFE_PP_/Q (sg13g2_dfrbpq_1)
                                                         u_input_buffer.mem[27][6] (net)
                      0.028646    0.000000    0.221391 v _3464_/A (sg13g2_nor2_1)
     1    0.002949    0.043930    0.056473    0.277864 ^ _3464_/Y (sg13g2_nor2_1)
                                                         _0649_ (net)
                      0.043930    0.000000    0.277864 ^ _3465_/B1 (sg13g2_a21oi_1)
     1    0.001430    0.017671    0.029842    0.307706 v _3465_/Y (sg13g2_a21oi_1)
                                                         _0206_ (net)
                      0.017671    0.000000    0.307706 v u_input_buffer.mem[27][6]$_DFFE_PP_/D (sg13g2_dfrbpq_1)
                                              0.307706   data arrival time

                      0.150000    0.000000    0.000000   clock clk (rise edge)
                                  0.000000    0.000000   clock network delay (ideal)
                                  0.250000    0.250000   clock uncertainty
                                  0.000000    0.250000   clock reconvergence pessimism
                                              0.250000 ^ u_input_buffer.mem[27][6]$_DFFE_PP_/CLK (sg13g2_dfrbpq_1)
                                 -0.006516    0.243484   library hold time
                                              0.243484   data required time
---------------------------------------------------------------------------------------------
                                              0.243484   data required time
                                             -0.307706   data arrival time
---------------------------------------------------------------------------------------------
                                              0.064222   slack (MET)


Startpoint: u_input_buffer.mem[27][7]$_DFFE_PP_
            (rising edge-triggered flip-flop clocked by clk)
Endpoint: u_input_buffer.mem[27][7]$_DFFE_PP_
          (rising edge-triggered flip-flop clocked by clk)
Path Group: clk
Path Type: min

Fanout         Cap        Slew       Delay        Time   Description
---------------------------------------------------------------------------------------------
                      0.150000    0.000000    0.000000   clock clk (rise edge)
                                  0.000000    0.000000   clock network delay (ideal)
                      0.150000    0.000000    0.000000 ^ u_input_buffer.mem[27][7]$_DFFE_PP_/CLK (sg13g2_dfrbpq_1)
     2    0.005915    0.028646    0.221391    0.221391 v u_input_buffer.mem[27][7]$_DFFE_PP_/Q (sg13g2_dfrbpq_1)
                                                         u_input_buffer.mem[27][7] (net)
                      0.028646    0.000000    0.221391 v _3466_/A (sg13g2_nor2_1)
     1    0.002949    0.043930    0.056473    0.277864 ^ _3466_/Y (sg13g2_nor2_1)
                                                         _0650_ (net)
                      0.043930    0.000000    0.277864 ^ _3467_/B1 (sg13g2_a21oi_1)
     1    0.001430    0.017671    0.029842    0.307706 v _3467_/Y (sg13g2_a21oi_1)
                                                         _0207_ (net)
                      0.017671    0.000000    0.307706 v u_input_buffer.mem[27][7]$_DFFE_PP_/D (sg13g2_dfrbpq_1)
                                              0.307706   data arrival time

                      0.150000    0.000000    0.000000   clock clk (rise edge)
                                  0.000000    0.000000   clock network delay (ideal)
                                  0.250000    0.250000   clock uncertainty
                                  0.000000    0.250000   clock reconvergence pessimism
                                              0.250000 ^ u_input_buffer.mem[27][7]$_DFFE_PP_/CLK (sg13g2_dfrbpq_1)
                                 -0.006516    0.243484   library hold time
                                              0.243484   data required time
---------------------------------------------------------------------------------------------
                                              0.243484   data required time
                                             -0.307706   data arrival time
---------------------------------------------------------------------------------------------
                                              0.064222   slack (MET)


Startpoint: u_input_buffer.mem[23][3]$_DFFE_PP_
            (rising edge-triggered flip-flop clocked by clk)
Endpoint: u_input_buffer.mem[23][3]$_DFFE_PP_
          (rising edge-triggered flip-flop clocked by clk)
Path Group: clk
Path Type: min

Fanout         Cap        Slew       Delay        Time   Description
---------------------------------------------------------------------------------------------
                      0.150000    0.000000    0.000000   clock clk (rise edge)
                                  0.000000    0.000000   clock network delay (ideal)
                      0.150000    0.000000    0.000000 ^ u_input_buffer.mem[23][3]$_DFFE_PP_/CLK (sg13g2_dfrbpq_1)
     2    0.005919    0.028658    0.221401    0.221401 v u_input_buffer.mem[23][3]$_DFFE_PP_/Q (sg13g2_dfrbpq_1)
                                                         u_input_buffer.mem[23][3] (net)
                      0.028658    0.000000    0.221401 v _3389_/A (sg13g2_nor2_1)
     1    0.002949    0.043931    0.056477    0.277878 ^ _3389_/Y (sg13g2_nor2_1)
                                                         _0609_ (net)
                      0.043931    0.000000    0.277878 ^ _3390_/B1 (sg13g2_a21oi_1)
     1    0.001430    0.017672    0.029842    0.307721 v _3390_/Y (sg13g2_a21oi_1)
                                                         _0171_ (net)
                      0.017672    0.000000    0.307721 v u_input_buffer.mem[23][3]$_DFFE_PP_/D (sg13g2_dfrbpq_1)
                                              0.307721   data arrival time

                      0.150000    0.000000    0.000000   clock clk (rise edge)
                                  0.000000    0.000000   clock network delay (ideal)
                                  0.250000    0.250000   clock uncertainty
                                  0.000000    0.250000   clock reconvergence pessimism
                                              0.250000 ^ u_input_buffer.mem[23][3]$_DFFE_PP_/CLK (sg13g2_dfrbpq_1)
                                 -0.006516    0.243484   library hold time
                                              0.243484   data required time
---------------------------------------------------------------------------------------------
                                              0.243484   data required time
                                             -0.307721   data arrival time
---------------------------------------------------------------------------------------------
                                              0.064236   slack (MET)


Startpoint: u_input_buffer.mem[15][5]$_DFFE_PP_
            (rising edge-triggered flip-flop clocked by clk)
Endpoint: u_input_buffer.mem[15][5]$_DFFE_PP_
          (rising edge-triggered flip-flop clocked by clk)
Path Group: clk
Path Type: min

Fanout         Cap        Slew       Delay        Time   Description
---------------------------------------------------------------------------------------------
                      0.150000    0.000000    0.000000   clock clk (rise edge)
                                  0.000000    0.000000   clock network delay (ideal)
                      0.150000    0.000000    0.000000 ^ u_input_buffer.mem[15][5]$_DFFE_PP_/CLK (sg13g2_dfrbpq_1)
     2    0.006223    0.029528    0.222147    0.222147 v u_input_buffer.mem[15][5]$_DFFE_PP_/Q (sg13g2_dfrbpq_1)
                                                         u_input_buffer.mem[15][5] (net)
                      0.029528    0.000000    0.222147 v _3237_/A (sg13g2_nor2_1)
     1    0.002949    0.044027    0.056748    0.278895 ^ _3237_/Y (sg13g2_nor2_1)
                                                         _0527_ (net)
                      0.044027    0.000000    0.278895 ^ _3238_/B1 (sg13g2_a21oi_1)
     1    0.001430    0.017690    0.029869    0.308764 v _3238_/Y (sg13g2_a21oi_1)
                                                         _0101_ (net)
                      0.017690    0.000000    0.308764 v u_input_buffer.mem[15][5]$_DFFE_PP_/D (sg13g2_dfrbpq_1)
                                              0.308764   data arrival time

                      0.150000    0.000000    0.000000   clock clk (rise edge)
                                  0.000000    0.000000   clock network delay (ideal)
                                  0.250000    0.250000   clock uncertainty
                                  0.000000    0.250000   clock reconvergence pessimism
                                              0.250000 ^ u_input_buffer.mem[15][5]$_DFFE_PP_/CLK (sg13g2_dfrbpq_1)
                                 -0.006522    0.243478   library hold time
                                              0.243478   data required time
---------------------------------------------------------------------------------------------
                                              0.243478   data required time
                                             -0.308764   data arrival time
---------------------------------------------------------------------------------------------
                                              0.065286   slack (MET)


Startpoint: u_input_buffer.mem[15][6]$_DFFE_PP_
            (rising edge-triggered flip-flop clocked by clk)
Endpoint: u_input_buffer.mem[15][6]$_DFFE_PP_
          (rising edge-triggered flip-flop clocked by clk)
Path Group: clk
Path Type: min

Fanout         Cap        Slew       Delay        Time   Description
---------------------------------------------------------------------------------------------
                      0.150000    0.000000    0.000000   clock clk (rise edge)
                                  0.000000    0.000000   clock network delay (ideal)
                      0.150000    0.000000    0.000000 ^ u_input_buffer.mem[15][6]$_DFFE_PP_/CLK (sg13g2_dfrbpq_1)
     2    0.006223    0.029528    0.222147    0.222147 v u_input_buffer.mem[15][6]$_DFFE_PP_/Q (sg13g2_dfrbpq_1)
                                                         u_input_buffer.mem[15][6] (net)
                      0.029528    0.000000    0.222147 v _3239_/A (sg13g2_nor2_1)
     1    0.002949    0.044027    0.056748    0.278895 ^ _3239_/Y (sg13g2_nor2_1)
                                                         _0528_ (net)
                      0.044027    0.000000    0.278895 ^ _3240_/B1 (sg13g2_a21oi_1)
     1    0.001430    0.017690    0.029869    0.308764 v _3240_/Y (sg13g2_a21oi_1)
                                                         _0102_ (net)
                      0.017690    0.000000    0.308764 v u_input_buffer.mem[15][6]$_DFFE_PP_/D (sg13g2_dfrbpq_1)
                                              0.308764   data arrival time

                      0.150000    0.000000    0.000000   clock clk (rise edge)
                                  0.000000    0.000000   clock network delay (ideal)
                                  0.250000    0.250000   clock uncertainty
                                  0.000000    0.250000   clock reconvergence pessimism
                                              0.250000 ^ u_input_buffer.mem[15][6]$_DFFE_PP_/CLK (sg13g2_dfrbpq_1)
                                 -0.006522    0.243478   library hold time
                                              0.243478   data required time
---------------------------------------------------------------------------------------------
                                              0.243478   data required time
                                             -0.308764   data arrival time
---------------------------------------------------------------------------------------------
                                              0.065286   slack (MET)


Startpoint: u_input_buffer.mem[19][7]$_DFFE_PP_
            (rising edge-triggered flip-flop clocked by clk)
Endpoint: u_input_buffer.mem[19][7]$_DFFE_PP_
          (rising edge-triggered flip-flop clocked by clk)
Path Group: clk
Path Type: min

Fanout         Cap        Slew       Delay        Time   Description
---------------------------------------------------------------------------------------------
                      0.150000    0.000000    0.000000   clock clk (rise edge)
                                  0.000000    0.000000   clock network delay (ideal)
                      0.150000    0.000000    0.000000 ^ u_input_buffer.mem[19][7]$_DFFE_PP_/CLK (sg13g2_dfrbpq_1)
     2    0.006223    0.029528    0.222147    0.222147 v u_input_buffer.mem[19][7]$_DFFE_PP_/Q (sg13g2_dfrbpq_1)
                                                         u_input_buffer.mem[19][7] (net)
                      0.029528    0.000000    0.222147 v _3311_/A (sg13g2_nor2_1)
     1    0.002949    0.044027    0.056748    0.278895 ^ _3311_/Y (sg13g2_nor2_1)
                                                         _0567_ (net)
                      0.044027    0.000000    0.278895 ^ _3312_/B1 (sg13g2_a21oi_1)
     1    0.001430    0.017690    0.029869    0.308764 v _3312_/Y (sg13g2_a21oi_1)
                                                         _0135_ (net)
                      0.017690    0.000000    0.308764 v u_input_buffer.mem[19][7]$_DFFE_PP_/D (sg13g2_dfrbpq_1)
                                              0.308764   data arrival time

                      0.150000    0.000000    0.000000   clock clk (rise edge)
                                  0.000000    0.000000   clock network delay (ideal)
                                  0.250000    0.250000   clock uncertainty
                                  0.000000    0.250000   clock reconvergence pessimism
                                              0.250000 ^ u_input_buffer.mem[19][7]$_DFFE_PP_/CLK (sg13g2_dfrbpq_1)
                                 -0.006522    0.243478   library hold time
                                              0.243478   data required time
---------------------------------------------------------------------------------------------
                                              0.243478   data required time
                                             -0.308764   data arrival time
---------------------------------------------------------------------------------------------
                                              0.065286   slack (MET)


Startpoint: u_input_buffer.mem[3][4]$_DFFE_PP_
            (rising edge-triggered flip-flop clocked by clk)
Endpoint: u_input_buffer.mem[3][4]$_DFFE_PP_
          (rising edge-triggered flip-flop clocked by clk)
Path Group: clk
Path Type: min

Fanout         Cap        Slew       Delay        Time   Description
---------------------------------------------------------------------------------------------
                      0.150000    0.000000    0.000000   clock clk (rise edge)
                                  0.000000    0.000000   clock network delay (ideal)
                      0.150000    0.000000    0.000000 ^ u_input_buffer.mem[3][4]$_DFFE_PP_/CLK (sg13g2_dfrbpq_1)
     2    0.006223    0.029528    0.222147    0.222147 v u_input_buffer.mem[3][4]$_DFFE_PP_/Q (sg13g2_dfrbpq_1)
                                                         u_input_buffer.mem[3][4] (net)
                      0.029528    0.000000    0.222147 v _3562_/A (sg13g2_nor2_1)
     1    0.002949    0.044027    0.056748    0.278895 ^ _3562_/Y (sg13g2_nor2_1)
                                                         _0701_ (net)
                      0.044027    0.000000    0.278895 ^ _3563_/B1 (sg13g2_a21oi_1)
     1    0.001430    0.017690    0.029869    0.308764 v _3563_/Y (sg13g2_a21oi_1)
                                                         _0252_ (net)
                      0.017690    0.000000    0.308764 v u_input_buffer.mem[3][4]$_DFFE_PP_/D (sg13g2_dfrbpq_1)
                                              0.308764   data arrival time

                      0.150000    0.000000    0.000000   clock clk (rise edge)
                                  0.000000    0.000000   clock network delay (ideal)
                                  0.250000    0.250000   clock uncertainty
                                  0.000000    0.250000   clock reconvergence pessimism
                                              0.250000 ^ u_input_buffer.mem[3][4]$_DFFE_PP_/CLK (sg13g2_dfrbpq_1)
                                 -0.006522    0.243478   library hold time
                                              0.243478   data required time
---------------------------------------------------------------------------------------------
                                              0.243478   data required time
                                             -0.308764   data arrival time
---------------------------------------------------------------------------------------------
                                              0.065286   slack (MET)


Startpoint: u_input_buffer.mem[7][2]$_DFFE_PP_
            (rising edge-triggered flip-flop clocked by clk)
Endpoint: u_input_buffer.mem[7][2]$_DFFE_PP_
          (rising edge-triggered flip-flop clocked by clk)
Path Group: clk
Path Type: min

Fanout         Cap        Slew       Delay        Time   Description
---------------------------------------------------------------------------------------------
                      0.150000    0.000000    0.000000   clock clk (rise edge)
                                  0.000000    0.000000   clock network delay (ideal)
                      0.150000    0.000000    0.000000 ^ u_input_buffer.mem[7][2]$_DFFE_PP_/CLK (sg13g2_dfrbpq_1)
     2    0.006223    0.029528    0.222147    0.222147 v u_input_buffer.mem[7][2]$_DFFE_PP_/Q (sg13g2_dfrbpq_1)
                                                         u_input_buffer.mem[7][2] (net)
                      0.029528    0.000000    0.222147 v _3627_/A (sg13g2_nor2_1)
     1    0.002949    0.044027    0.056748    0.278895 ^ _3627_/Y (sg13g2_nor2_1)
                                                         _0736_ (net)
                      0.044027    0.000000    0.278895 ^ _3628_/B1 (sg13g2_a21oi_1)
     1    0.001430    0.017690    0.029869    0.308764 v _3628_/Y (sg13g2_a21oi_1)
                                                         _0282_ (net)
                      0.017690    0.000000    0.308764 v u_input_buffer.mem[7][2]$_DFFE_PP_/D (sg13g2_dfrbpq_1)
                                              0.308764   data arrival time

                      0.150000    0.000000    0.000000   clock clk (rise edge)
                                  0.000000    0.000000   clock network delay (ideal)
                                  0.250000    0.250000   clock uncertainty
                                  0.000000    0.250000   clock reconvergence pessimism
                                              0.250000 ^ u_input_buffer.mem[7][2]$_DFFE_PP_/CLK (sg13g2_dfrbpq_1)
                                 -0.006522    0.243478   library hold time
                                              0.243478   data required time
---------------------------------------------------------------------------------------------
                                              0.243478   data required time
                                             -0.308764   data arrival time
---------------------------------------------------------------------------------------------
                                              0.065286   slack (MET)


Startpoint: u_mac_3.temp_res[17]$_SDFF_PP0_
            (rising edge-triggered flip-flop clocked by clk)
Endpoint: u_mac_3.temp_res[17]$_SDFF_PP0_
          (rising edge-triggered flip-flop clocked by clk)
Path Group: clk
Path Type: min

Fanout         Cap        Slew       Delay        Time   Description
---------------------------------------------------------------------------------------------
                      0.150000    0.000000    0.000000   clock clk (rise edge)
                                  0.000000    0.000000   clock network delay (ideal)
                      0.150000    0.000000    0.000000 ^ u_mac_3.temp_res[17]$_SDFF_PP0_/CLK (sg13g2_dfrbpq_1)
     2    0.008545    0.036175    0.227841    0.227841 v u_mac_3.temp_res[17]$_SDFF_PP0_/Q (sg13g2_dfrbpq_1)
                                                         u_mac_3.temp_res[17] (net)
                      0.036175    0.000000    0.227841 v _4953_/A (sg13g2_xnor2_1)
     1    0.002993    0.028890    0.072439    0.300281 ^ _4953_/Y (sg13g2_xnor2_1)
                                                         _1996_ (net)
                      0.028890    0.000000    0.300281 ^ _4954_/B (sg13g2_nor2_1)
     1    0.001430    0.014666    0.025800    0.326080 v _4954_/Y (sg13g2_nor2_1)
                                                         _0348_ (net)
                      0.014666    0.000000    0.326080 v u_mac_3.temp_res[17]$_SDFF_PP0_/D (sg13g2_dfrbpq_1)
                                              0.326080   data arrival time

                      0.150000    0.000000    0.000000   clock clk (rise edge)
                                  0.000000    0.000000   clock network delay (ideal)
                                  0.250000    0.250000   clock uncertainty
                                  0.000000    0.250000   clock reconvergence pessimism
                                              0.250000 ^ u_mac_3.temp_res[17]$_SDFF_PP0_/CLK (sg13g2_dfrbpq_1)
                                 -0.005554    0.244446   library hold time
                                              0.244446   data required time
---------------------------------------------------------------------------------------------
                                              0.244446   data required time
                                             -0.326080   data arrival time
---------------------------------------------------------------------------------------------
                                              0.081634   slack (MET)


Startpoint: u_ctrl.res_idx_r[2]$_SDFFE_PP0P_
            (rising edge-triggered flip-flop clocked by clk)
Endpoint: u_ctrl.res_idx_r[2]$_SDFFE_PP0P_
          (rising edge-triggered flip-flop clocked by clk)
Path Group: clk
Path Type: min

Fanout         Cap        Slew       Delay        Time   Description
---------------------------------------------------------------------------------------------
                      0.150000    0.000000    0.000000   clock clk (rise edge)
                                  0.000000    0.000000   clock network delay (ideal)
                      0.150000    0.000000    0.000000 ^ u_ctrl.res_idx_r[2]$_SDFFE_PP0P_/CLK (sg13g2_dfrbpq_1)
     3    0.008470    0.035962    0.227659    0.227659 v u_ctrl.res_idx_r[2]$_SDFFE_PP0P_/Q (sg13g2_dfrbpq_1)
                                                         res_index[2] (net)
                      0.035962    0.000000    0.227659 v _3086_/A (sg13g2_nor2_1)
     1    0.003013    0.045239    0.059132    0.286791 ^ _3086_/Y (sg13g2_nor2_1)
                                                         _0436_ (net)
                      0.045239    0.000000    0.286791 ^ _3088_/B (sg13g2_nor3_1)
     1    0.001430    0.020692    0.038050    0.324841 v _3088_/Y (sg13g2_nor3_1)
                                                         _0041_ (net)
                      0.020692    0.000000    0.324841 v u_ctrl.res_idx_r[2]$_SDFFE_PP0P_/D (sg13g2_dfrbpq_1)
                                              0.324841   data arrival time

                      0.150000    0.000000    0.000000   clock clk (rise edge)
                                  0.000000    0.000000   clock network delay (ideal)
                                  0.250000    0.250000   clock uncertainty
                                  0.000000    0.250000   clock reconvergence pessimism
                                              0.250000 ^ u_ctrl.res_idx_r[2]$_SDFFE_PP0P_/CLK (sg13g2_dfrbpq_1)
                                 -0.007483    0.242517   library hold time
                                              0.242517   data required time
---------------------------------------------------------------------------------------------
                                              0.242517   data required time
                                             -0.324841   data arrival time
---------------------------------------------------------------------------------------------
                                              0.082323   slack (MET)


Startpoint: ram_wrcnt[1]$_SDFFE_PP0P_
            (rising edge-triggered flip-flop clocked by clk)
Endpoint: ram_wrcnt[1]$_SDFFE_PP0P_
          (rising edge-triggered flip-flop clocked by clk)
Path Group: clk
Path Type: min

Fanout         Cap        Slew       Delay        Time   Description
---------------------------------------------------------------------------------------------
                      0.150000    0.000000    0.000000   clock clk (rise edge)
                                  0.000000    0.000000   clock network delay (ideal)
                      0.150000    0.000000    0.000000 ^ ram_wrcnt[1]$_SDFFE_PP0P_/CLK (sg13g2_dfrbpq_1)
     6    0.016561    0.059126    0.247503    0.247503 v ram_wrcnt[1]$_SDFFE_PP0P_/Q (sg13g2_dfrbpq_1)
                                                         ram_wrcnt[1] (net)
                      0.059126    0.000000    0.247503 v _5509_/B1 (sg13g2_a21oi_1)
     1    0.002993    0.040988    0.049988    0.297492 ^ _5509_/Y (sg13g2_a21oi_1)
                                                         _2506_ (net)
                      0.040988    0.000000    0.297492 ^ _5510_/B (sg13g2_nor2_1)
     1    0.001430    0.017000    0.029170    0.326662 v _5510_/Y (sg13g2_nor2_1)
                                                         _0008_ (net)
                      0.017000    0.000000    0.326662 v ram_wrcnt[1]$_SDFFE_PP0P_/D (sg13g2_dfrbpq_1)
                                              0.326662   data arrival time

                      0.150000    0.000000    0.000000   clock clk (rise edge)
                                  0.000000    0.000000   clock network delay (ideal)
                                  0.250000    0.250000   clock uncertainty
                                  0.000000    0.250000   clock reconvergence pessimism
                                              0.250000 ^ ram_wrcnt[1]$_SDFFE_PP0P_/CLK (sg13g2_dfrbpq_1)
                                 -0.006301    0.243699   library hold time
                                              0.243699   data required time
---------------------------------------------------------------------------------------------
                                              0.243699   data required time
                                             -0.326662   data arrival time
---------------------------------------------------------------------------------------------
                                              0.082963   slack (MET)


Startpoint: u_mac_3.temp_res[16]$_SDFF_PP0_
            (rising edge-triggered flip-flop clocked by clk)
Endpoint: u_mac_3.temp_res[16]$_SDFF_PP0_
          (rising edge-triggered flip-flop clocked by clk)
Path Group: clk
Path Type: min

Fanout         Cap        Slew       Delay        Time   Description
---------------------------------------------------------------------------------------------
                      0.150000    0.000000    0.000000   clock clk (rise edge)
                                  0.000000    0.000000   clock network delay (ideal)
                      0.150000    0.000000    0.000000 ^ u_mac_3.temp_res[16]$_SDFF_PP0_/CLK (sg13g2_dfrbpq_1)
     3    0.008837    0.037012    0.228558    0.228558 v u_mac_3.temp_res[16]$_SDFF_PP0_/Q (sg13g2_dfrbpq_1)
                                                         u_mac_3.temp_res[16] (net)
                      0.037012    0.000000    0.228558 v _4950_/A (sg13g2_nor2_1)
     1    0.003013    0.045353    0.059459    0.288018 ^ _4950_/Y (sg13g2_nor2_1)
                                                         _1994_ (net)
                      0.045353    0.000000    0.288018 ^ _4952_/B (sg13g2_nor3_1)
     1    0.001430    0.022868    0.038092    0.326110 v _4952_/Y (sg13g2_nor3_1)
                                                         _0347_ (net)
                      0.022868    0.000000    0.326110 v u_mac_3.temp_res[16]$_SDFF_PP0_/D (sg13g2_dfrbpq_1)
                                              0.326110   data arrival time

                      0.150000    0.000000    0.000000   clock clk (rise edge)
                                  0.000000    0.000000   clock network delay (ideal)
                                  0.250000    0.250000   clock uncertainty
                                  0.000000    0.250000   clock reconvergence pessimism
                                              0.250000 ^ u_mac_3.temp_res[16]$_SDFF_PP0_/CLK (sg13g2_dfrbpq_1)
                                 -0.008179    0.241821   library hold time
                                              0.241821   data required time
---------------------------------------------------------------------------------------------
                                              0.241821   data required time
                                             -0.326110   data arrival time
---------------------------------------------------------------------------------------------
                                              0.084289   slack (MET)


Startpoint: u_mac_4.temp_res[16]$_SDFF_PP0_
            (rising edge-triggered flip-flop clocked by clk)
Endpoint: u_mac_4.temp_res[16]$_SDFF_PP0_
          (rising edge-triggered flip-flop clocked by clk)
Path Group: clk
Path Type: min

Fanout         Cap        Slew       Delay        Time   Description
---------------------------------------------------------------------------------------------
                      0.150000    0.000000    0.000000   clock clk (rise edge)
                                  0.000000    0.000000   clock network delay (ideal)
                      0.150000    0.000000    0.000000 ^ u_mac_4.temp_res[16]$_SDFF_PP0_/CLK (sg13g2_dfrbpq_1)
     4    0.011527    0.044714    0.235156    0.235156 v u_mac_4.temp_res[16]$_SDFF_PP0_/Q (sg13g2_dfrbpq_1)
                                                         u_mac_4.temp_res[16] (net)
                      0.044714    0.000000    0.235156 v _5418_/A (sg13g2_inv_1)
     2    0.006450    0.039106    0.044559    0.279716 ^ _5418_/Y (sg13g2_inv_1)
                                                         _2433_ (net)
                      0.039106    0.000000    0.279716 ^ _5371_/A1 (sg13g2_a21oi_1)
     1    0.001430    0.022141    0.049033    0.328749 v _5371_/Y (sg13g2_a21oi_1)
                                                         _0365_ (net)
                      0.022141    0.000000    0.328749 v u_mac_4.temp_res[16]$_SDFF_PP0_/D (sg13g2_dfrbpq_1)
                                              0.328749   data arrival time

                      0.150000    0.000000    0.000000   clock clk (rise edge)
                                  0.000000    0.000000   clock network delay (ideal)
                                  0.250000    0.250000   clock uncertainty
                                  0.000000    0.250000   clock reconvergence pessimism
                                              0.250000 ^ u_mac_4.temp_res[16]$_SDFF_PP0_/CLK (sg13g2_dfrbpq_1)
                                 -0.007946    0.242054   library hold time
                                              0.242054   data required time
---------------------------------------------------------------------------------------------
                                              0.242054   data required time
                                             -0.328749   data arrival time
---------------------------------------------------------------------------------------------
                                              0.086695   slack (MET)


Startpoint: u_ctrl.state[1]$_DFF_P_
            (rising edge-triggered flip-flop clocked by clk)
Endpoint: u_ctrl.col_j[0]$_SDFFE_PP0P_
          (rising edge-triggered flip-flop clocked by clk)
Path Group: clk
Path Type: min

Fanout         Cap        Slew       Delay        Time   Description
---------------------------------------------------------------------------------------------
                      0.150000    0.000000    0.000000   clock clk (rise edge)
                                  0.000000    0.000000   clock network delay (ideal)
                      0.150000    0.000000    0.000000 ^ u_ctrl.state[1]$_DFF_P_/CLK (sg13g2_dfrbpq_1)
     4    0.011384    0.044304    0.234806    0.234806 v u_ctrl.state[1]$_DFF_P_/Q (sg13g2_dfrbpq_1)
                                                         u_ctrl.state[1] (net)
                      0.044304    0.000000    0.234806 v _5645_/A (sg13g2_nor2_1)
     1    0.002976    0.045861    0.061517    0.296323 ^ _5645_/Y (sg13g2_nor2_1)
                                                         _0420_ (net)
                      0.045861    0.000000    0.296323 ^ _5646_/C (sg13g2_nor3_1)
     1    0.001430    0.019777    0.033198    0.329521 v _5646_/Y (sg13g2_nor3_1)
                                                         _0028_ (net)
                      0.019777    0.000000    0.329521 v u_ctrl.col_j[0]$_SDFFE_PP0P_/D (sg13g2_dfrbpq_1)
                                              0.329521   data arrival time

                      0.150000    0.000000    0.000000   clock clk (rise edge)
                                  0.000000    0.000000   clock network delay (ideal)
                                  0.250000    0.250000   clock uncertainty
                                  0.000000    0.250000   clock reconvergence pessimism
                                              0.250000 ^ u_ctrl.col_j[0]$_SDFFE_PP0P_/CLK (sg13g2_dfrbpq_1)
                                 -0.007190    0.242810   library hold time
                                              0.242810   data required time
---------------------------------------------------------------------------------------------
                                              0.242810   data required time
                                             -0.329521   data arrival time
---------------------------------------------------------------------------------------------
                                              0.086711   slack (MET)


Startpoint: u_mac_1.temp_res[16]$_SDFF_PP0_
            (rising edge-triggered flip-flop clocked by clk)
Endpoint: u_mac_1.temp_res[16]$_SDFF_PP0_
          (rising edge-triggered flip-flop clocked by clk)
Path Group: clk
Path Type: min

Fanout         Cap        Slew       Delay        Time   Description
---------------------------------------------------------------------------------------------
                      0.150000    0.000000    0.000000   clock clk (rise edge)
                                  0.000000    0.000000   clock network delay (ideal)
                      0.150000    0.000000    0.000000 ^ u_mac_1.temp_res[16]$_SDFF_PP0_/CLK (sg13g2_dfrbpq_1)
     4    0.011679    0.045150    0.235530    0.235530 v u_mac_1.temp_res[16]$_SDFF_PP0_/Q (sg13g2_dfrbpq_1)
                                                         u_mac_1.temp_res[16] (net)
                      0.045150    0.000000    0.235530 v _5417_/A (sg13g2_inv_1)
     2    0.006450    0.039190    0.044698    0.280228 ^ _5417_/Y (sg13g2_inv_1)
                                                         _2432_ (net)
                      0.039190    0.000000    0.280228 ^ _4139_/A1 (sg13g2_a21oi_1)
     1    0.001430    0.022145    0.049064    0.329293 v _4139_/Y (sg13g2_a21oi_1)
                                                         _0311_ (net)
                      0.022145    0.000000    0.329293 v u_mac_1.temp_res[16]$_SDFF_PP0_/D (sg13g2_dfrbpq_1)
                                              0.329293   data arrival time

                      0.150000    0.000000    0.000000   clock clk (rise edge)
                                  0.000000    0.000000   clock network delay (ideal)
                                  0.250000    0.250000   clock uncertainty
                                  0.000000    0.250000   clock reconvergence pessimism
                                              0.250000 ^ u_mac_1.temp_res[16]$_SDFF_PP0_/CLK (sg13g2_dfrbpq_1)
                                 -0.007948    0.242052   library hold time
                                              0.242052   data required time
---------------------------------------------------------------------------------------------
                                              0.242052   data required time
                                             -0.329293   data arrival time
---------------------------------------------------------------------------------------------
                                              0.087240   slack (MET)


Startpoint: u_ctrl.input_cnt[1]$_SDFFE_PP0P_
            (rising edge-triggered flip-flop clocked by clk)
Endpoint: u_ctrl.input_cnt[1]$_SDFFE_PP0P_
          (rising edge-triggered flip-flop clocked by clk)
Path Group: clk
Path Type: min

Fanout         Cap        Slew       Delay        Time   Description
---------------------------------------------------------------------------------------------
                      0.150000    0.000000    0.000000   clock clk (rise edge)
                                  0.000000    0.000000   clock network delay (ideal)
                      0.150000    0.000000    0.000000 ^ u_ctrl.input_cnt[1]$_SDFFE_PP0P_/CLK (sg13g2_dfrbpq_1)
     6    0.017181    0.060901    0.249024    0.249024 v u_ctrl.input_cnt[1]$_SDFFE_PP0P_/Q (sg13g2_dfrbpq_1)
                                                         u_ctrl.input_cnt[1] (net)
                      0.060901    0.000000    0.249024 v _5652_/B1 (sg13g2_a21oi_1)
     1    0.002976    0.041256    0.050453    0.299477 ^ _5652_/Y (sg13g2_a21oi_1)
                                                         _0423_ (net)
                      0.041256    0.000000    0.299477 ^ _5653_/C (sg13g2_nor3_1)
     1    0.001430    0.018865    0.031781    0.331259 v _5653_/Y (sg13g2_nor3_1)
                                                         _0032_ (net)
                      0.018865    0.000000    0.331259 v u_ctrl.input_cnt[1]$_SDFFE_PP0P_/D (sg13g2_dfrbpq_1)
                                              0.331259   data arrival time

                      0.150000    0.000000    0.000000   clock clk (rise edge)
                                  0.000000    0.000000   clock network delay (ideal)
                                  0.250000    0.250000   clock uncertainty
                                  0.000000    0.250000   clock reconvergence pessimism
                                              0.250000 ^ u_ctrl.input_cnt[1]$_SDFFE_PP0P_/CLK (sg13g2_dfrbpq_1)
                                 -0.006898    0.243102   library hold time
                                              0.243102   data required time
---------------------------------------------------------------------------------------------
                                              0.243102   data required time
                                             -0.331259   data arrival time
---------------------------------------------------------------------------------------------
                                              0.088157   slack (MET)


Startpoint: u_mac_2.temp_res[15]$_SDFF_PP0_
            (rising edge-triggered flip-flop clocked by clk)
Endpoint: u_mac_2.temp_res[15]$_SDFF_PP0_
          (rising edge-triggered flip-flop clocked by clk)
Path Group: clk
Path Type: min

Fanout         Cap        Slew       Delay        Time   Description
---------------------------------------------------------------------------------------------
                      0.150000    0.000000    0.000000   clock clk (rise edge)
                                  0.000000    0.000000   clock network delay (ideal)
                      0.150000    0.000000    0.000000 ^ u_mac_2.temp_res[15]$_SDFF_PP0_/CLK (sg13g2_dfrbpq_1)
     4    0.011799    0.045493    0.235824    0.235824 v u_mac_2.temp_res[15]$_SDFF_PP0_/Q (sg13g2_dfrbpq_1)
                                                         u_mac_2.temp_res[15] (net)
                      0.045493    0.000000    0.235824 v _4539_/A (sg13g2_nor2_1)
     1    0.003012    0.046275    0.062102    0.297926 ^ _4539_/Y (sg13g2_nor2_1)
                                                         _1602_ (net)
                      0.046275    0.000000    0.297926 ^ _4542_/A (sg13g2_nor2_1)
     1    0.001430    0.015208    0.035601    0.333527 v _4542_/Y (sg13g2_nor2_1)
                                                         _0328_ (net)
                      0.015208    0.000000    0.333527 v u_mac_2.temp_res[15]$_SDFF_PP0_/D (sg13g2_dfrbpq_1)
                                              0.333527   data arrival time

                      0.150000    0.000000    0.000000   clock clk (rise edge)
                                  0.000000    0.000000   clock network delay (ideal)
                                  0.250000    0.250000   clock uncertainty
                                  0.000000    0.250000   clock reconvergence pessimism
                                              0.250000 ^ u_mac_2.temp_res[15]$_SDFF_PP0_/CLK (sg13g2_dfrbpq_1)
                                 -0.005727    0.244273   library hold time
                                              0.244273   data required time
---------------------------------------------------------------------------------------------
                                              0.244273   data required time
                                             -0.333527   data arrival time
---------------------------------------------------------------------------------------------
                                              0.089254   slack (MET)


Startpoint: read_index[2]$_SDFFE_PP0P_
            (rising edge-triggered flip-flop clocked by clk)
Endpoint: read_index[2]$_SDFFE_PP0P_
          (rising edge-triggered flip-flop clocked by clk)
Path Group: clk
Path Type: min

Fanout         Cap        Slew       Delay        Time   Description
---------------------------------------------------------------------------------------------
                      0.150000    0.000000    0.000000   clock clk (rise edge)
                                  0.000000    0.000000   clock network delay (ideal)
                      0.150000    0.000000    0.000000 ^ read_index[2]$_SDFFE_PP0P_/CLK (sg13g2_dfrbpq_1)
     5    0.016328    0.058459    0.246932    0.246932 v read_index[2]$_SDFFE_PP0P_/Q (sg13g2_dfrbpq_1)
                                                         read_index[2] (net)
                      0.058459    0.000000    0.246932 v _5554_/B1 (sg13g2_a21oi_1)
     1    0.003013    0.040965    0.049879    0.296811 ^ _5554_/Y (sg13g2_a21oi_1)
                                                         _2539_ (net)
                      0.040965    0.000000    0.296811 ^ _5556_/B (sg13g2_nor3_1)
     1    0.001430    0.020941    0.036488    0.333298 v _5556_/Y (sg13g2_nor3_1)
                                                         _0021_ (net)
                      0.020941    0.000000    0.333298 v read_index[2]$_SDFFE_PP0P_/D (sg13g2_dfrbpq_1)
                                              0.333298   data arrival time

                      0.150000    0.000000    0.000000   clock clk (rise edge)
                                  0.000000    0.000000   clock network delay (ideal)
                                  0.250000    0.250000   clock uncertainty
                                  0.000000    0.250000   clock reconvergence pessimism
                                              0.250000 ^ read_index[2]$_SDFFE_PP0P_/CLK (sg13g2_dfrbpq_1)
                                 -0.007562    0.242438   library hold time
                                              0.242438   data required time
---------------------------------------------------------------------------------------------
                                              0.242438   data required time
                                             -0.333298   data arrival time
---------------------------------------------------------------------------------------------
                                              0.090861   slack (MET)


Startpoint: u_mac_3.temp_res[0]$_SDFF_PP0_
            (rising edge-triggered flip-flop clocked by clk)
Endpoint: u_mac_3.temp_res[1]$_SDFF_PP0_
          (rising edge-triggered flip-flop clocked by clk)
Path Group: clk
Path Type: min

Fanout         Cap        Slew       Delay        Time   Description
---------------------------------------------------------------------------------------------
                      0.150000    0.000000    0.000000   clock clk (rise edge)
                                  0.000000    0.000000   clock network delay (ideal)
                      0.150000    0.000000    0.000000 ^ u_mac_3.temp_res[0]$_SDFF_PP0_/CLK (sg13g2_dfrbpq_1)
     3    0.008604    0.036344    0.227986    0.227986 v u_mac_3.temp_res[0]$_SDFF_PP0_/Q (sg13g2_dfrbpq_1)
                                                         u_mac_3.temp_res[0] (net)
                      0.036344    0.000000    0.227986 v _4576_/A (sg13g2_nand3_1)
     3    0.008541    0.050705    0.053952    0.281938 ^ _4576_/Y (sg13g2_nand3_1)
                                                         _1627_ (net)
                      0.050705    0.000000    0.281938 ^ _4956_/A1 (sg13g2_a21oi_1)
     1    0.001430    0.015107    0.053404    0.335341 v _4956_/Y (sg13g2_a21oi_1)
                                                         _0349_ (net)
                      0.015107    0.000000    0.335341 v u_mac_3.temp_res[1]$_SDFF_PP0_/D (sg13g2_dfrbpq_1)
                                              0.335341   data arrival time

                      0.150000    0.000000    0.000000   clock clk (rise edge)
                                  0.000000    0.000000   clock network delay (ideal)
                                  0.250000    0.250000   clock uncertainty
                                  0.000000    0.250000   clock reconvergence pessimism
                                              0.250000 ^ u_mac_3.temp_res[1]$_SDFF_PP0_/CLK (sg13g2_dfrbpq_1)
                                 -0.005695    0.244305   library hold time
                                              0.244305   data required time
---------------------------------------------------------------------------------------------
                                              0.244305   data required time
                                             -0.335341   data arrival time
---------------------------------------------------------------------------------------------
                                              0.091036   slack (MET)


Startpoint: u_mac_2.temp_res[0]$_SDFF_PP0_
            (rising edge-triggered flip-flop clocked by clk)
Endpoint: u_mac_2.temp_res[1]$_SDFF_PP0_
          (rising edge-triggered flip-flop clocked by clk)
Path Group: clk
Path Type: min

Fanout         Cap        Slew       Delay        Time   Description
---------------------------------------------------------------------------------------------
                      0.150000    0.000000    0.000000   clock clk (rise edge)
                                  0.000000    0.000000   clock network delay (ideal)
                      0.150000    0.000000    0.000000 ^ u_mac_2.temp_res[0]$_SDFF_PP0_/CLK (sg13g2_dfrbpq_1)
     3    0.008694    0.036602    0.228207    0.228207 v u_mac_2.temp_res[0]$_SDFF_PP0_/Q (sg13g2_dfrbpq_1)
                                                         u_mac_2.temp_res[0] (net)
                      0.036602    0.000000    0.228207 v _4171_/A (sg13g2_nand3_1)
     3    0.008541    0.050754    0.054051    0.282258 ^ _4171_/Y (sg13g2_nand3_1)
                                                         _1240_ (net)
                      0.050754    0.000000    0.282258 ^ _4549_/A1 (sg13g2_a21oi_1)
     1    0.001430    0.015107    0.053422    0.335680 v _4549_/Y (sg13g2_a21oi_1)
                                                         _0331_ (net)
                      0.015107    0.000000    0.335680 v u_mac_2.temp_res[1]$_SDFF_PP0_/D (sg13g2_dfrbpq_1)
                                              0.335680   data arrival time

                      0.150000    0.000000    0.000000   clock clk (rise edge)
                                  0.000000    0.000000   clock network delay (ideal)
                                  0.250000    0.250000   clock uncertainty
                                  0.000000    0.250000   clock reconvergence pessimism
                                              0.250000 ^ u_mac_2.temp_res[1]$_SDFF_PP0_/CLK (sg13g2_dfrbpq_1)
                                 -0.005695    0.244305   library hold time
                                              0.244305   data required time
---------------------------------------------------------------------------------------------
                                              0.244305   data required time
                                             -0.335680   data arrival time
---------------------------------------------------------------------------------------------
                                              0.091375   slack (MET)


Startpoint: u_mac_4.temp_res[0]$_SDFF_PP0_
            (rising edge-triggered flip-flop clocked by clk)
Endpoint: u_mac_4.temp_res[1]$_SDFF_PP0_
          (rising edge-triggered flip-flop clocked by clk)
Path Group: clk
Path Type: min

Fanout         Cap        Slew       Delay        Time   Description
---------------------------------------------------------------------------------------------
                      0.150000    0.000000    0.000000   clock clk (rise edge)
                                  0.000000    0.000000   clock network delay (ideal)
                      0.150000    0.000000    0.000000 ^ u_mac_4.temp_res[0]$_SDFF_PP0_/CLK (sg13g2_dfrbpq_1)
     3    0.008786    0.036867    0.228434    0.228434 v u_mac_4.temp_res[0]$_SDFF_PP0_/Q (sg13g2_dfrbpq_1)
                                                         u_mac_4.temp_res[0] (net)
                      0.036867    0.000000    0.228434 v _4983_/A (sg13g2_nand3_1)
     3    0.008541    0.050804    0.054154    0.282588 ^ _4983_/Y (sg13g2_nand3_1)
                                                         _2016_ (net)
                      0.050804    0.000000    0.282588 ^ _5376_/A1 (sg13g2_a21oi_1)
     1    0.001430    0.014789    0.053441    0.336028 v _5376_/Y (sg13g2_a21oi_1)
                                                         _0367_ (net)
                      0.014789    0.000000    0.336028 v u_mac_4.temp_res[1]$_SDFF_PP0_/D (sg13g2_dfrbpq_1)
                                              0.336028   data arrival time

                      0.150000    0.000000    0.000000   clock clk (rise edge)
                                  0.000000    0.000000   clock network delay (ideal)
                                  0.250000    0.250000   clock uncertainty
                                  0.000000    0.250000   clock reconvergence pessimism
                                              0.250000 ^ u_mac_4.temp_res[1]$_SDFF_PP0_/CLK (sg13g2_dfrbpq_1)
                                 -0.005593    0.244407   library hold time
                                              0.244407   data required time
---------------------------------------------------------------------------------------------
                                              0.244407   data required time
                                             -0.336028   data arrival time
---------------------------------------------------------------------------------------------
                                              0.091622   slack (MET)


Startpoint: u_mac_2.temp_res[17]$_SDFF_PP0_
            (rising edge-triggered flip-flop clocked by clk)
Endpoint: u_mac_2.temp_res[17]$_SDFF_PP0_
          (rising edge-triggered flip-flop clocked by clk)
Path Group: clk
Path Type: min

Fanout         Cap        Slew       Delay        Time   Description
---------------------------------------------------------------------------------------------
                      0.150000    0.000000    0.000000   clock clk (rise edge)
                                  0.000000    0.000000   clock network delay (ideal)
                      0.150000    0.000000    0.000000 ^ u_mac_2.temp_res[17]$_SDFF_PP0_/CLK (sg13g2_dfrbpq_1)
     2    0.008631    0.036423    0.228054    0.228054 v u_mac_2.temp_res[17]$_SDFF_PP0_/Q (sg13g2_dfrbpq_1)
                                                         u_mac_2.temp_res[17] (net)
                      0.036423    0.000000    0.228054 v _4546_/A (sg13g2_xor2_1)
     1    0.002993    0.046616    0.077093    0.305147 ^ _4546_/X (sg13g2_xor2_1)
                                                         _1607_ (net)
                      0.046616    0.000000    0.305147 ^ _4547_/B (sg13g2_nor2_1)
     1    0.001430    0.018086    0.030739    0.335885 v _4547_/Y (sg13g2_nor2_1)
                                                         _0330_ (net)
                      0.018086    0.000000    0.335885 v u_mac_2.temp_res[17]$_SDFF_PP0_/D (sg13g2_dfrbpq_1)
                                              0.335885   data arrival time

                      0.150000    0.000000    0.000000   clock clk (rise edge)
                                  0.000000    0.000000   clock network delay (ideal)
                                  0.250000    0.250000   clock uncertainty
                                  0.000000    0.250000   clock reconvergence pessimism
                                              0.250000 ^ u_mac_2.temp_res[17]$_SDFF_PP0_/CLK (sg13g2_dfrbpq_1)
                                 -0.006649    0.243351   library hold time
                                              0.243351   data required time
---------------------------------------------------------------------------------------------
                                              0.243351   data required time
                                             -0.335885   data arrival time
---------------------------------------------------------------------------------------------
                                              0.092534   slack (MET)


Startpoint: u_mac_1.temp_res[15]$_SDFF_PP0_
            (rising edge-triggered flip-flop clocked by clk)
Endpoint: u_mac_1.temp_res[15]$_SDFF_PP0_
          (rising edge-triggered flip-flop clocked by clk)
Path Group: clk
Path Type: min

Fanout         Cap        Slew       Delay        Time   Description
---------------------------------------------------------------------------------------------
                      0.150000    0.000000    0.000000   clock clk (rise edge)
                                  0.000000    0.000000   clock network delay (ideal)
                      0.150000    0.000000    0.000000 ^ u_mac_1.temp_res[15]$_SDFF_PP0_/CLK (sg13g2_dfrbpq_1)
     4    0.011733    0.045303    0.235662    0.235662 v u_mac_1.temp_res[15]$_SDFF_PP0_/Q (sg13g2_dfrbpq_1)
                                                         u_mac_1.temp_res[15] (net)
                      0.045303    0.000000    0.235662 v _4134_/A (sg13g2_nor2_1)
     1    0.003013    0.046258    0.062046    0.297708 ^ _4134_/Y (sg13g2_nor2_1)
                                                         _1215_ (net)
                      0.046258    0.000000    0.297708 ^ _4137_/B (sg13g2_nor3_1)
     1    0.001430    0.020377    0.038423    0.336131 v _4137_/Y (sg13g2_nor3_1)
                                                         _0310_ (net)
                      0.020377    0.000000    0.336131 v u_mac_1.temp_res[15]$_SDFF_PP0_/D (sg13g2_dfrbpq_1)
                                              0.336131   data arrival time

                      0.150000    0.000000    0.000000   clock clk (rise edge)
                                  0.000000    0.000000   clock network delay (ideal)
                                  0.250000    0.250000   clock uncertainty
                                  0.000000    0.250000   clock reconvergence pessimism
                                              0.250000 ^ u_mac_1.temp_res[15]$_SDFF_PP0_/CLK (sg13g2_dfrbpq_1)
                                 -0.007382    0.242618   library hold time
                                              0.242618   data required time
---------------------------------------------------------------------------------------------
                                              0.242618   data required time
                                             -0.336131   data arrival time
---------------------------------------------------------------------------------------------
                                              0.093513   slack (MET)


Startpoint: u_ctrl.res_idx_r[8]$_SDFFE_PP0P_
            (rising edge-triggered flip-flop clocked by clk)
Endpoint: u_ctrl.res_idx_r[8]$_SDFFE_PP0P_
          (rising edge-triggered flip-flop clocked by clk)
Path Group: clk
Path Type: min

Fanout         Cap        Slew       Delay        Time   Description
---------------------------------------------------------------------------------------------
                      0.150000    0.000000    0.000000   clock clk (rise edge)
                                  0.000000    0.000000   clock network delay (ideal)
                      0.150000    0.000000    0.000000 ^ u_ctrl.res_idx_r[8]$_SDFFE_PP0P_/CLK (sg13g2_dfrbpq_1)
     3    0.009165    0.037951    0.229363    0.229363 v u_ctrl.res_idx_r[8]$_SDFFE_PP0P_/Q (sg13g2_dfrbpq_1)
                                                         res_index[8] (net)
                      0.037951    0.000000    0.229363 v _3104_/A1 (sg13g2_o21ai_1)
     1    0.002919    0.027942    0.087430    0.316793 ^ _3104_/Y (sg13g2_o21ai_1)
                                                         _0448_ (net)
                      0.027942    0.000000    0.316793 ^ _3105_/A (sg13g2_inv_1)
     1    0.001430    0.013371    0.023318    0.340111 v _3105_/Y (sg13g2_inv_1)
                                                         _0047_ (net)
                      0.013371    0.000000    0.340111 v u_ctrl.res_idx_r[8]$_SDFFE_PP0P_/D (sg13g2_dfrbpq_1)
                                              0.340111   data arrival time

                      0.150000    0.000000    0.000000   clock clk (rise edge)
                                  0.000000    0.000000   clock network delay (ideal)
                                  0.250000    0.250000   clock uncertainty
                                  0.000000    0.250000   clock reconvergence pessimism
                                              0.250000 ^ u_ctrl.res_idx_r[8]$_SDFFE_PP0P_/CLK (sg13g2_dfrbpq_1)
                                 -0.005139    0.244861   library hold time
                                              0.244861   data required time
---------------------------------------------------------------------------------------------
                                              0.244861   data required time
                                             -0.340111   data arrival time
---------------------------------------------------------------------------------------------
                                              0.095250   slack (MET)


Startpoint: read_data_out[0]$_SDFFE_PP0P_
            (rising edge-triggered flip-flop clocked by clk)
Endpoint: read_data_out[0]$_SDFFE_PP0P_
          (rising edge-triggered flip-flop clocked by clk)
Path Group: clk
Path Type: min

Fanout         Cap        Slew       Delay        Time   Description
---------------------------------------------------------------------------------------------
                      0.150000    0.000000    0.000000   clock clk (rise edge)
                                  0.000000    0.000000   clock network delay (ideal)
                      0.150000    0.000000    0.000000 ^ read_data_out[0]$_SDFFE_PP0P_/CLK (sg13g2_dfrbpq_1)
     2    0.009154    0.037919    0.229335    0.229335 v read_data_out[0]$_SDFFE_PP0P_/Q (sg13g2_dfrbpq_1)
                                                         read_data_out[0] (net)
                      0.037919    0.000000    0.229335 v _5513_/A2 (sg13g2_o21ai_1)
     1    0.002949    0.044444    0.079638    0.308974 ^ _5513_/Y (sg13g2_o21ai_1)
                                                         _2509_ (net)
                      0.044444    0.000000    0.308974 ^ _5514_/B1 (sg13g2_a21oi_1)
     1    0.001430    0.017770    0.029986    0.338959 v _5514_/Y (sg13g2_a21oi_1)
                                                         _0010_ (net)
                      0.017770    0.000000    0.338959 v read_data_out[0]$_SDFFE_PP0P_/D (sg13g2_dfrbpq_1)
                                              0.338959   data arrival time

                      0.150000    0.000000    0.000000   clock clk (rise edge)
                                  0.000000    0.000000   clock network delay (ideal)
                                  0.250000    0.250000   clock uncertainty
                                  0.000000    0.250000   clock reconvergence pessimism
                                              0.250000 ^ read_data_out[0]$_SDFFE_PP0P_/CLK (sg13g2_dfrbpq_1)
                                 -0.006547    0.243453   library hold time
                                              0.243453   data required time
---------------------------------------------------------------------------------------------
                                              0.243453   data required time
                                             -0.338959   data arrival time
---------------------------------------------------------------------------------------------
                                              0.095507   slack (MET)


Startpoint: read_data_out[1]$_SDFFE_PP0P_
            (rising edge-triggered flip-flop clocked by clk)
Endpoint: read_data_out[1]$_SDFFE_PP0P_
          (rising edge-triggered flip-flop clocked by clk)
Path Group: clk
Path Type: min

Fanout         Cap        Slew       Delay        Time   Description
---------------------------------------------------------------------------------------------
                      0.150000    0.000000    0.000000   clock clk (rise edge)
                                  0.000000    0.000000   clock network delay (ideal)
                      0.150000    0.000000    0.000000 ^ read_data_out[1]$_SDFFE_PP0P_/CLK (sg13g2_dfrbpq_1)
     2    0.009154    0.037919    0.229335    0.229335 v read_data_out[1]$_SDFFE_PP0P_/Q (sg13g2_dfrbpq_1)
                                                         read_data_out[1] (net)
                      0.037919    0.000000    0.229335 v _5517_/A2 (sg13g2_o21ai_1)
     1    0.002949    0.044444    0.079638    0.308974 ^ _5517_/Y (sg13g2_o21ai_1)
                                                         _2512_ (net)
                      0.044444    0.000000    0.308974 ^ _5518_/B1 (sg13g2_a21oi_1)
     1    0.001430    0.017770    0.029986    0.338959 v _5518_/Y (sg13g2_a21oi_1)
                                                         _0011_ (net)
                      0.017770    0.000000    0.338959 v read_data_out[1]$_SDFFE_PP0P_/D (sg13g2_dfrbpq_1)
                                              0.338959   data arrival time

                      0.150000    0.000000    0.000000   clock clk (rise edge)
                                  0.000000    0.000000   clock network delay (ideal)
                                  0.250000    0.250000   clock uncertainty
                                  0.000000    0.250000   clock reconvergence pessimism
                                              0.250000 ^ read_data_out[1]$_SDFFE_PP0P_/CLK (sg13g2_dfrbpq_1)
                                 -0.006547    0.243453   library hold time
                                              0.243453   data required time
---------------------------------------------------------------------------------------------
                                              0.243453   data required time
                                             -0.338959   data arrival time
---------------------------------------------------------------------------------------------
                                              0.095507   slack (MET)


Startpoint: read_data_out[2]$_SDFFE_PP0P_
            (rising edge-triggered flip-flop clocked by clk)
Endpoint: read_data_out[2]$_SDFFE_PP0P_
          (rising edge-triggered flip-flop clocked by clk)
Path Group: clk
Path Type: min

Fanout         Cap        Slew       Delay        Time   Description
---------------------------------------------------------------------------------------------
                      0.150000    0.000000    0.000000   clock clk (rise edge)
                                  0.000000    0.000000   clock network delay (ideal)
                      0.150000    0.000000    0.000000 ^ read_data_out[2]$_SDFFE_PP0P_/CLK (sg13g2_dfrbpq_1)
     2    0.009154    0.037919    0.229335    0.229335 v read_data_out[2]$_SDFFE_PP0P_/Q (sg13g2_dfrbpq_1)
                                                         read_data_out[2] (net)
                      0.037919    0.000000    0.229335 v _5521_/A2 (sg13g2_o21ai_1)
     1    0.002949    0.044444    0.079638    0.308974 ^ _5521_/Y (sg13g2_o21ai_1)
                                                         _2515_ (net)
                      0.044444    0.000000    0.308974 ^ _5522_/B1 (sg13g2_a21oi_1)
     1    0.001430    0.017770    0.029986    0.338959 v _5522_/Y (sg13g2_a21oi_1)
                                                         _0012_ (net)
                      0.017770    0.000000    0.338959 v read_data_out[2]$_SDFFE_PP0P_/D (sg13g2_dfrbpq_1)
                                              0.338959   data arrival time

                      0.150000    0.000000    0.000000   clock clk (rise edge)
                                  0.000000    0.000000   clock network delay (ideal)
                                  0.250000    0.250000   clock uncertainty
                                  0.000000    0.250000   clock reconvergence pessimism
                                              0.250000 ^ read_data_out[2]$_SDFFE_PP0P_/CLK (sg13g2_dfrbpq_1)
                                 -0.006547    0.243453   library hold time
                                              0.243453   data required time
---------------------------------------------------------------------------------------------
                                              0.243453   data required time
                                             -0.338959   data arrival time
---------------------------------------------------------------------------------------------
                                              0.095507   slack (MET)


Startpoint: read_data_out[3]$_SDFFE_PP0P_
            (rising edge-triggered flip-flop clocked by clk)
Endpoint: read_data_out[3]$_SDFFE_PP0P_
          (rising edge-triggered flip-flop clocked by clk)
Path Group: clk
Path Type: min

Fanout         Cap        Slew       Delay        Time   Description
---------------------------------------------------------------------------------------------
                      0.150000    0.000000    0.000000   clock clk (rise edge)
                                  0.000000    0.000000   clock network delay (ideal)
                      0.150000    0.000000    0.000000 ^ read_data_out[3]$_SDFFE_PP0P_/CLK (sg13g2_dfrbpq_1)
     2    0.009154    0.037919    0.229335    0.229335 v read_data_out[3]$_SDFFE_PP0P_/Q (sg13g2_dfrbpq_1)
                                                         read_data_out[3] (net)
                      0.037919    0.000000    0.229335 v _5525_/A2 (sg13g2_o21ai_1)
     1    0.002949    0.044444    0.079638    0.308974 ^ _5525_/Y (sg13g2_o21ai_1)
                                                         _2518_ (net)
                      0.044444    0.000000    0.308974 ^ _5526_/B1 (sg13g2_a21oi_1)
     1    0.001430    0.017770    0.029986    0.338959 v _5526_/Y (sg13g2_a21oi_1)
                                                         _0013_ (net)
                      0.017770    0.000000    0.338959 v read_data_out[3]$_SDFFE_PP0P_/D (sg13g2_dfrbpq_1)
                                              0.338959   data arrival time

                      0.150000    0.000000    0.000000   clock clk (rise edge)
                                  0.000000    0.000000   clock network delay (ideal)
                                  0.250000    0.250000   clock uncertainty
                                  0.000000    0.250000   clock reconvergence pessimism
                                              0.250000 ^ read_data_out[3]$_SDFFE_PP0P_/CLK (sg13g2_dfrbpq_1)
                                 -0.006547    0.243453   library hold time
                                              0.243453   data required time
---------------------------------------------------------------------------------------------
                                              0.243453   data required time
                                             -0.338959   data arrival time
---------------------------------------------------------------------------------------------
                                              0.095507   slack (MET)


Startpoint: read_data_out[4]$_SDFFE_PP0P_
            (rising edge-triggered flip-flop clocked by clk)
Endpoint: read_data_out[4]$_SDFFE_PP0P_
          (rising edge-triggered flip-flop clocked by clk)
Path Group: clk
Path Type: min

Fanout         Cap        Slew       Delay        Time   Description
---------------------------------------------------------------------------------------------
                      0.150000    0.000000    0.000000   clock clk (rise edge)
                                  0.000000    0.000000   clock network delay (ideal)
                      0.150000    0.000000    0.000000 ^ read_data_out[4]$_SDFFE_PP0P_/CLK (sg13g2_dfrbpq_1)
     2    0.009154    0.037919    0.229335    0.229335 v read_data_out[4]$_SDFFE_PP0P_/Q (sg13g2_dfrbpq_1)
                                                         read_data_out[4] (net)
                      0.037919    0.000000    0.229335 v _5529_/A2 (sg13g2_o21ai_1)
     1    0.002949    0.044444    0.079638    0.308974 ^ _5529_/Y (sg13g2_o21ai_1)
                                                         _2521_ (net)
                      0.044444    0.000000    0.308974 ^ _5530_/B1 (sg13g2_a21oi_1)
     1    0.001430    0.017770    0.029986    0.338959 v _5530_/Y (sg13g2_a21oi_1)
                                                         _0014_ (net)
                      0.017770    0.000000    0.338959 v read_data_out[4]$_SDFFE_PP0P_/D (sg13g2_dfrbpq_1)
                                              0.338959   data arrival time

                      0.150000    0.000000    0.000000   clock clk (rise edge)
                                  0.000000    0.000000   clock network delay (ideal)
                                  0.250000    0.250000   clock uncertainty
                                  0.000000    0.250000   clock reconvergence pessimism
                                              0.250000 ^ read_data_out[4]$_SDFFE_PP0P_/CLK (sg13g2_dfrbpq_1)
                                 -0.006547    0.243453   library hold time
                                              0.243453   data required time
---------------------------------------------------------------------------------------------
                                              0.243453   data required time
                                             -0.338959   data arrival time
---------------------------------------------------------------------------------------------
                                              0.095507   slack (MET)


Startpoint: read_data_out[5]$_SDFFE_PP0P_
            (rising edge-triggered flip-flop clocked by clk)
Endpoint: read_data_out[5]$_SDFFE_PP0P_
          (rising edge-triggered flip-flop clocked by clk)
Path Group: clk
Path Type: min

Fanout         Cap        Slew       Delay        Time   Description
---------------------------------------------------------------------------------------------
                      0.150000    0.000000    0.000000   clock clk (rise edge)
                                  0.000000    0.000000   clock network delay (ideal)
                      0.150000    0.000000    0.000000 ^ read_data_out[5]$_SDFFE_PP0P_/CLK (sg13g2_dfrbpq_1)
     2    0.009154    0.037919    0.229335    0.229335 v read_data_out[5]$_SDFFE_PP0P_/Q (sg13g2_dfrbpq_1)
                                                         read_data_out[5] (net)
                      0.037919    0.000000    0.229335 v _5533_/A2 (sg13g2_o21ai_1)
     1    0.002949    0.044444    0.079638    0.308974 ^ _5533_/Y (sg13g2_o21ai_1)
                                                         _2524_ (net)
                      0.044444    0.000000    0.308974 ^ _5534_/B1 (sg13g2_a21oi_1)
     1    0.001430    0.017770    0.029986    0.338959 v _5534_/Y (sg13g2_a21oi_1)
                                                         _0015_ (net)
                      0.017770    0.000000    0.338959 v read_data_out[5]$_SDFFE_PP0P_/D (sg13g2_dfrbpq_1)
                                              0.338959   data arrival time

                      0.150000    0.000000    0.000000   clock clk (rise edge)
                                  0.000000    0.000000   clock network delay (ideal)
                                  0.250000    0.250000   clock uncertainty
                                  0.000000    0.250000   clock reconvergence pessimism
                                              0.250000 ^ read_data_out[5]$_SDFFE_PP0P_/CLK (sg13g2_dfrbpq_1)
                                 -0.006547    0.243453   library hold time
                                              0.243453   data required time
---------------------------------------------------------------------------------------------
                                              0.243453   data required time
                                             -0.338959   data arrival time
---------------------------------------------------------------------------------------------
                                              0.095507   slack (MET)


Startpoint: read_data_out[6]$_SDFFE_PP0P_
            (rising edge-triggered flip-flop clocked by clk)
Endpoint: read_data_out[6]$_SDFFE_PP0P_
          (rising edge-triggered flip-flop clocked by clk)
Path Group: clk
Path Type: min

Fanout         Cap        Slew       Delay        Time   Description
---------------------------------------------------------------------------------------------
                      0.150000    0.000000    0.000000   clock clk (rise edge)
                                  0.000000    0.000000   clock network delay (ideal)
                      0.150000    0.000000    0.000000 ^ read_data_out[6]$_SDFFE_PP0P_/CLK (sg13g2_dfrbpq_1)
     2    0.009154    0.037919    0.229335    0.229335 v read_data_out[6]$_SDFFE_PP0P_/Q (sg13g2_dfrbpq_1)
                                                         read_data_out[6] (net)
                      0.037919    0.000000    0.229335 v _5537_/A2 (sg13g2_o21ai_1)
     1    0.002949    0.044444    0.079638    0.308974 ^ _5537_/Y (sg13g2_o21ai_1)
                                                         _2527_ (net)
                      0.044444    0.000000    0.308974 ^ _5538_/B1 (sg13g2_a21oi_1)
     1    0.001430    0.017770    0.029986    0.338959 v _5538_/Y (sg13g2_a21oi_1)
                                                         _0016_ (net)
                      0.017770    0.000000    0.338959 v read_data_out[6]$_SDFFE_PP0P_/D (sg13g2_dfrbpq_1)
                                              0.338959   data arrival time

                      0.150000    0.000000    0.000000   clock clk (rise edge)
                                  0.000000    0.000000   clock network delay (ideal)
                                  0.250000    0.250000   clock uncertainty
                                  0.000000    0.250000   clock reconvergence pessimism
                                              0.250000 ^ read_data_out[6]$_SDFFE_PP0P_/CLK (sg13g2_dfrbpq_1)
                                 -0.006547    0.243453   library hold time
                                              0.243453   data required time
---------------------------------------------------------------------------------------------
                                              0.243453   data required time
                                             -0.338959   data arrival time
---------------------------------------------------------------------------------------------
                                              0.095507   slack (MET)


Startpoint: read_data_out[7]$_SDFFE_PP0P_
            (rising edge-triggered flip-flop clocked by clk)
Endpoint: read_data_out[7]$_SDFFE_PP0P_
          (rising edge-triggered flip-flop clocked by clk)
Path Group: clk
Path Type: min

Fanout         Cap        Slew       Delay        Time   Description
---------------------------------------------------------------------------------------------
                      0.150000    0.000000    0.000000   clock clk (rise edge)
                                  0.000000    0.000000   clock network delay (ideal)
                      0.150000    0.000000    0.000000 ^ read_data_out[7]$_SDFFE_PP0P_/CLK (sg13g2_dfrbpq_1)
     2    0.009154    0.037919    0.229335    0.229335 v read_data_out[7]$_SDFFE_PP0P_/Q (sg13g2_dfrbpq_1)
                                                         read_data_out[7] (net)
                      0.037919    0.000000    0.229335 v _5541_/A2 (sg13g2_o21ai_1)
     1    0.002949    0.044444    0.079638    0.308974 ^ _5541_/Y (sg13g2_o21ai_1)
                                                         _2530_ (net)
                      0.044444    0.000000    0.308974 ^ _5542_/B1 (sg13g2_a21oi_1)
     1    0.001430    0.017770    0.029986    0.338959 v _5542_/Y (sg13g2_a21oi_1)
                                                         _0017_ (net)
                      0.017770    0.000000    0.338959 v read_data_out[7]$_SDFFE_PP0P_/D (sg13g2_dfrbpq_1)
                                              0.338959   data arrival time

                      0.150000    0.000000    0.000000   clock clk (rise edge)
                                  0.000000    0.000000   clock network delay (ideal)
                                  0.250000    0.250000   clock uncertainty
                                  0.000000    0.250000   clock reconvergence pessimism
                                              0.250000 ^ read_data_out[7]$_SDFFE_PP0P_/CLK (sg13g2_dfrbpq_1)
                                 -0.006547    0.243453   library hold time
                                              0.243453   data required time
---------------------------------------------------------------------------------------------
                                              0.243453   data required time
                                             -0.338959   data arrival time
---------------------------------------------------------------------------------------------
                                              0.095507   slack (MET)


Startpoint: u_ctrl.state[0]$_DFF_P_
            (rising edge-triggered flip-flop clocked by clk)
Endpoint: u_ctrl.state[3]$_DFF_P_
          (rising edge-triggered flip-flop clocked by clk)
Path Group: clk
Path Type: min

Fanout         Cap        Slew       Delay        Time   Description
---------------------------------------------------------------------------------------------
                      0.150000    0.000000    0.000000   clock clk (rise edge)
                                  0.000000    0.000000   clock network delay (ideal)
                      0.150000    0.000000    0.000000 ^ u_ctrl.state[0]$_DFF_P_/CLK (sg13g2_dfrbpq_1)
     3    0.008601    0.036336    0.227979    0.227979 v u_ctrl.state[0]$_DFF_P_/Q (sg13g2_dfrbpq_1)
                                                         u_ctrl.state[0] (net)
                      0.036336    0.000000    0.227979 v _5431_/A2 (sg13g2_a22oi_1)
     1    0.002993    0.050426    0.079933    0.307913 ^ _5431_/Y (sg13g2_a22oi_1)
                                                         _2446_ (net)
                      0.050426    0.000000    0.307913 ^ _5432_/B (sg13g2_nor2_1)
     1    0.001430    0.018821    0.031800    0.339713 v _5432_/Y (sg13g2_nor2_1)
                                                         _0004_ (net)
                      0.018821    0.000000    0.339713 v u_ctrl.state[3]$_DFF_P_/D (sg13g2_dfrbpq_1)
                                              0.339713   data arrival time

                      0.150000    0.000000    0.000000   clock clk (rise edge)
                                  0.000000    0.000000   clock network delay (ideal)
                                  0.250000    0.250000   clock uncertainty
                                  0.000000    0.250000   clock reconvergence pessimism
                                              0.250000 ^ u_ctrl.state[3]$_DFF_P_/CLK (sg13g2_dfrbpq_1)
                                 -0.006884    0.243116   library hold time
                                              0.243116   data required time
---------------------------------------------------------------------------------------------
                                              0.243116   data required time
                                             -0.339713   data arrival time
---------------------------------------------------------------------------------------------
                                              0.096596   slack (MET)


Startpoint: read_index[3]$_SDFFE_PP0P_
            (rising edge-triggered flip-flop clocked by clk)
Endpoint: read_index[3]$_SDFFE_PP0P_
          (rising edge-triggered flip-flop clocked by clk)
Path Group: clk
Path Type: min

Fanout         Cap        Slew       Delay        Time   Description
---------------------------------------------------------------------------------------------
                      0.150000    0.000000    0.000000   clock clk (rise edge)
                                  0.000000    0.000000   clock network delay (ideal)
                      0.150000    0.000000    0.000000 ^ read_index[3]$_SDFFE_PP0P_/CLK (sg13g2_dfrbpq_1)
     3    0.013649    0.050787    0.240360    0.240360 v read_index[3]$_SDFFE_PP0P_/Q (sg13g2_dfrbpq_1)
                                                         read_index[3] (net)
                      0.050787    0.000000    0.240360 v _5557_/A (sg13g2_xnor2_1)
     1    0.002993    0.029296    0.077676    0.318036 ^ _5557_/Y (sg13g2_xnor2_1)
                                                         _2541_ (net)
                      0.029296    0.000000    0.318036 ^ _5558_/B (sg13g2_nor2_1)
     1    0.001430    0.014744    0.025913    0.343949 v _5558_/Y (sg13g2_nor2_1)
                                                         _0022_ (net)
                      0.014744    0.000000    0.343949 v read_index[3]$_SDFFE_PP0P_/D (sg13g2_dfrbpq_1)
                                              0.343949   data arrival time

                      0.150000    0.000000    0.000000   clock clk (rise edge)
                                  0.000000    0.000000   clock network delay (ideal)
                                  0.250000    0.250000   clock uncertainty
                                  0.000000    0.250000   clock reconvergence pessimism
                                              0.250000 ^ read_index[3]$_SDFFE_PP0P_/CLK (sg13g2_dfrbpq_1)
                                 -0.005579    0.244421   library hold time
                                              0.244421   data required time
---------------------------------------------------------------------------------------------
                                              0.244421   data required time
                                             -0.343949   data arrival time
---------------------------------------------------------------------------------------------
                                              0.099527   slack (MET)


Startpoint: u_ctrl.state[4]$_DFF_P_
            (rising edge-triggered flip-flop clocked by clk)
Endpoint: u_ctrl.k_cnt[1]$_SDFFE_PP0P_
          (rising edge-triggered flip-flop clocked by clk)
Path Group: clk
Path Type: min

Fanout         Cap        Slew       Delay        Time   Description
---------------------------------------------------------------------------------------------
                      0.150000    0.000000    0.000000   clock clk (rise edge)
                                  0.000000    0.000000   clock network delay (ideal)
                      0.150000    0.000000    0.000000 ^ u_ctrl.state[4]$_DFF_P_/CLK (sg13g2_dfrbpq_1)
     2    0.005289    0.033648    0.224179    0.224179 ^ u_ctrl.state[4]$_DFF_P_/Q (sg13g2_dfrbpq_1)
                                                         u_ctrl.state[4] (net)
                      0.033648    0.000000    0.224179 ^ _5442_/B (sg13g2_nor2_1)
     2    0.005964    0.028684    0.038579    0.262758 v _5442_/Y (sg13g2_nor2_1)
                                                         _2455_ (net)
                      0.028684    0.000000    0.262758 v _5661_/A (sg13g2_nand2_1)
     3    0.008974    0.047747    0.049262    0.312020 ^ _5661_/Y (sg13g2_nand2_1)
                                                         _0428_ (net)
                      0.047747    0.000000    0.312020 ^ _3078_/B1 (sg13g2_a21oi_1)
     1    0.001430    0.018406    0.030908    0.342928 v _3078_/Y (sg13g2_a21oi_1)
                                                         _0037_ (net)
                      0.018406    0.000000    0.342928 v u_ctrl.k_cnt[1]$_SDFFE_PP0P_/D (sg13g2_dfrbpq_1)
                                              0.342928   data arrival time

                      0.150000    0.000000    0.000000   clock clk (rise edge)
                                  0.000000    0.000000   clock network delay (ideal)
                                  0.250000    0.250000   clock uncertainty
                                  0.000000    0.250000   clock reconvergence pessimism
                                              0.250000 ^ u_ctrl.k_cnt[1]$_SDFFE_PP0P_/CLK (sg13g2_dfrbpq_1)
                                 -0.006751    0.243249   library hold time
                                              0.243249   data required time
---------------------------------------------------------------------------------------------
                                              0.243249   data required time
                                             -0.342928   data arrival time
---------------------------------------------------------------------------------------------
                                              0.099679   slack (MET)


Startpoint: u_ctrl.res_idx_r[5]$_SDFFE_PP0P_
            (rising edge-triggered flip-flop clocked by clk)
Endpoint: u_ctrl.res_idx_r[5]$_SDFFE_PP0P_
          (rising edge-triggered flip-flop clocked by clk)
Path Group: clk
Path Type: min

Fanout         Cap        Slew       Delay        Time   Description
---------------------------------------------------------------------------------------------
                      0.150000    0.000000    0.000000   clock clk (rise edge)
                                  0.000000    0.000000   clock network delay (ideal)
                      0.150000    0.000000    0.000000 ^ u_ctrl.res_idx_r[5]$_SDFFE_PP0P_/CLK (sg13g2_dfrbpq_1)
     4    0.013963    0.051688    0.241131    0.241131 v u_ctrl.res_idx_r[5]$_SDFFE_PP0P_/Q (sg13g2_dfrbpq_1)
                                                         res_index[5] (net)
                      0.051688    0.000000    0.241131 v _3095_/A (sg13g2_xnor2_1)
     1    0.002993    0.029333    0.077999    0.319129 ^ _3095_/Y (sg13g2_xnor2_1)
                                                         _0442_ (net)
                      0.029333    0.000000    0.319129 ^ _3096_/B (sg13g2_nor2_1)
     1    0.001430    0.014751    0.025923    0.345053 v _3096_/Y (sg13g2_nor2_1)
                                                         _0044_ (net)
                      0.014751    0.000000    0.345053 v u_ctrl.res_idx_r[5]$_SDFFE_PP0P_/D (sg13g2_dfrbpq_1)
                                              0.345053   data arrival time

                      0.150000    0.000000    0.000000   clock clk (rise edge)
                                  0.000000    0.000000   clock network delay (ideal)
                                  0.250000    0.250000   clock uncertainty
                                  0.000000    0.250000   clock reconvergence pessimism
                                              0.250000 ^ u_ctrl.res_idx_r[5]$_SDFFE_PP0P_/CLK (sg13g2_dfrbpq_1)
                                 -0.005581    0.244419   library hold time
                                              0.244419   data required time
---------------------------------------------------------------------------------------------
                                              0.244419   data required time
                                             -0.345053   data arrival time
---------------------------------------------------------------------------------------------
                                              0.100634   slack (MET)


Startpoint: read_data_out[8]$_SDFFE_PP0P_
            (rising edge-triggered flip-flop clocked by clk)
Endpoint: read_data_out[8]$_SDFFE_PP0P_
          (rising edge-triggered flip-flop clocked by clk)
Path Group: clk
Path Type: min

Fanout         Cap        Slew       Delay        Time   Description
---------------------------------------------------------------------------------------------
                      0.150000    0.000000    0.000000   clock clk (rise edge)
                                  0.000000    0.000000   clock network delay (ideal)
                      0.150000    0.000000    0.000000 ^ read_data_out[8]$_SDFFE_PP0P_/CLK (sg13g2_dfrbpq_1)
     2    0.009279    0.038277    0.229642    0.229642 v read_data_out[8]$_SDFFE_PP0P_/Q (sg13g2_dfrbpq_1)
                                                         read_data_out[8] (net)
                      0.038277    0.000000    0.229642 v _5545_/A1 (sg13g2_o21ai_1)
     1    0.002949    0.044444    0.087759    0.317401 ^ _5545_/Y (sg13g2_o21ai_1)
                                                         _2533_ (net)
                      0.044444    0.000000    0.317401 ^ _5546_/B1 (sg13g2_a21oi_1)
     1    0.001430    0.017770    0.029986    0.347387 v _5546_/Y (sg13g2_a21oi_1)
                                                         _0018_ (net)
                      0.017770    0.000000    0.347387 v read_data_out[8]$_SDFFE_PP0P_/D (sg13g2_dfrbpq_1)
                                              0.347387   data arrival time

                      0.150000    0.000000    0.000000   clock clk (rise edge)
                                  0.000000    0.000000   clock network delay (ideal)
                                  0.250000    0.250000   clock uncertainty
                                  0.000000    0.250000   clock reconvergence pessimism
                                              0.250000 ^ read_data_out[8]$_SDFFE_PP0P_/CLK (sg13g2_dfrbpq_1)
                                 -0.006547    0.243453   library hold time
                                              0.243453   data required time
---------------------------------------------------------------------------------------------
                                              0.243453   data required time
                                             -0.347387   data arrival time
---------------------------------------------------------------------------------------------
                                              0.103934   slack (MET)


Startpoint: u_ctrl.res_idx_r[1]$_SDFFE_PP0P_
            (rising edge-triggered flip-flop clocked by clk)
Endpoint: u_ctrl.res_idx_r[1]$_SDFFE_PP0P_
          (rising edge-triggered flip-flop clocked by clk)
Path Group: clk
Path Type: min

Fanout         Cap        Slew       Delay        Time   Description
---------------------------------------------------------------------------------------------
                      0.150000    0.000000    0.000000   clock clk (rise edge)
                                  0.000000    0.000000   clock network delay (ideal)
                      0.150000    0.000000    0.000000 ^ u_ctrl.res_idx_r[1]$_SDFFE_PP0P_/CLK (sg13g2_dfrbpq_1)
     3    0.008635    0.036435    0.228064    0.228064 v u_ctrl.res_idx_r[1]$_SDFFE_PP0P_/Q (sg13g2_dfrbpq_1)
                                                         res_index[1] (net)
                      0.036435    0.000000    0.228064 v _3084_/A1 (sg13g2_o21ai_1)
     1    0.002993    0.053526    0.087387    0.315451 ^ _3084_/Y (sg13g2_o21ai_1)
                                                         _0435_ (net)
                      0.053526    0.000000    0.315451 ^ _3085_/B (sg13g2_nor2_1)
     1    0.001430    0.019419    0.032664    0.348115 v _3085_/Y (sg13g2_nor2_1)
                                                         _0040_ (net)
                      0.019419    0.000000    0.348115 v u_ctrl.res_idx_r[1]$_SDFFE_PP0P_/D (sg13g2_dfrbpq_1)
                                              0.348115   data arrival time

                      0.150000    0.000000    0.000000   clock clk (rise edge)
                                  0.000000    0.000000   clock network delay (ideal)
                                  0.250000    0.250000   clock uncertainty
                                  0.000000    0.250000   clock reconvergence pessimism
                                              0.250000 ^ u_ctrl.res_idx_r[1]$_SDFFE_PP0P_/CLK (sg13g2_dfrbpq_1)
                                 -0.007075    0.242925   library hold time
                                              0.242925   data required time
---------------------------------------------------------------------------------------------
                                              0.242925   data required time
                                             -0.348115   data arrival time
---------------------------------------------------------------------------------------------
                                              0.105190   slack (MET)


Startpoint: u_ctrl.res_idx_r[3]$_SDFFE_PP0P_
            (rising edge-triggered flip-flop clocked by clk)
Endpoint: u_ctrl.res_idx_r[3]$_SDFFE_PP0P_
          (rising edge-triggered flip-flop clocked by clk)
Path Group: clk
Path Type: min

Fanout         Cap        Slew       Delay        Time   Description
---------------------------------------------------------------------------------------------
                      0.150000    0.000000    0.000000   clock clk (rise edge)
                                  0.000000    0.000000   clock network delay (ideal)
                      0.150000    0.000000    0.000000 ^ u_ctrl.res_idx_r[3]$_SDFFE_PP0P_/CLK (sg13g2_dfrbpq_1)
     3    0.008680    0.036562    0.228173    0.228173 v u_ctrl.res_idx_r[3]$_SDFFE_PP0P_/Q (sg13g2_dfrbpq_1)
                                                         res_index[3] (net)
                      0.036562    0.000000    0.228173 v _3090_/A1 (sg13g2_o21ai_1)
     1    0.002993    0.053526    0.087434    0.315607 ^ _3090_/Y (sg13g2_o21ai_1)
                                                         _0439_ (net)
                      0.053526    0.000000    0.315607 ^ _3091_/B (sg13g2_nor2_1)
     1    0.001430    0.019419    0.032664    0.348271 v _3091_/Y (sg13g2_nor2_1)
                                                         _0042_ (net)
                      0.019419    0.000000    0.348271 v u_ctrl.res_idx_r[3]$_SDFFE_PP0P_/D (sg13g2_dfrbpq_1)
                                              0.348271   data arrival time

                      0.150000    0.000000    0.000000   clock clk (rise edge)
                                  0.000000    0.000000   clock network delay (ideal)
                                  0.250000    0.250000   clock uncertainty
                                  0.000000    0.250000   clock reconvergence pessimism
                                              0.250000 ^ u_ctrl.res_idx_r[3]$_SDFFE_PP0P_/CLK (sg13g2_dfrbpq_1)
                                 -0.007075    0.242925   library hold time
                                              0.242925   data required time
---------------------------------------------------------------------------------------------
                                              0.242925   data required time
                                             -0.348271   data arrival time
---------------------------------------------------------------------------------------------
                                              0.105347   slack (MET)


Startpoint: u_ctrl.res_idx_r[4]$_SDFFE_PP0P_
            (rising edge-triggered flip-flop clocked by clk)
Endpoint: u_ctrl.res_idx_r[4]$_SDFFE_PP0P_
          (rising edge-triggered flip-flop clocked by clk)
Path Group: clk
Path Type: min

Fanout         Cap        Slew       Delay        Time   Description
---------------------------------------------------------------------------------------------
                      0.150000    0.000000    0.000000   clock clk (rise edge)
                                  0.000000    0.000000   clock network delay (ideal)
                      0.150000    0.000000    0.000000 ^ u_ctrl.res_idx_r[4]$_SDFFE_PP0P_/CLK (sg13g2_dfrbpq_1)
     3    0.008680    0.036562    0.228173    0.228173 v u_ctrl.res_idx_r[4]$_SDFFE_PP0P_/Q (sg13g2_dfrbpq_1)
                                                         res_index[4] (net)
                      0.036562    0.000000    0.228173 v _3093_/A1 (sg13g2_o21ai_1)
     1    0.002993    0.053526    0.087434    0.315607 ^ _3093_/Y (sg13g2_o21ai_1)
                                                         _0441_ (net)
                      0.053526    0.000000    0.315607 ^ _3094_/B (sg13g2_nor2_1)
     1    0.001430    0.019419    0.032664    0.348271 v _3094_/Y (sg13g2_nor2_1)
                                                         _0043_ (net)
                      0.019419    0.000000    0.348271 v u_ctrl.res_idx_r[4]$_SDFFE_PP0P_/D (sg13g2_dfrbpq_1)
                                              0.348271   data arrival time

                      0.150000    0.000000    0.000000   clock clk (rise edge)
                                  0.000000    0.000000   clock network delay (ideal)
                                  0.250000    0.250000   clock uncertainty
                                  0.000000    0.250000   clock reconvergence pessimism
                                              0.250000 ^ u_ctrl.res_idx_r[4]$_SDFFE_PP0P_/CLK (sg13g2_dfrbpq_1)
                                 -0.007075    0.242925   library hold time
                                              0.242925   data required time
---------------------------------------------------------------------------------------------
                                              0.242925   data required time
                                             -0.348271   data arrival time
---------------------------------------------------------------------------------------------
                                              0.105347   slack (MET)


Startpoint: u_ctrl.res_idx_r[7]$_SDFFE_PP0P_
            (rising edge-triggered flip-flop clocked by clk)
Endpoint: u_ctrl.res_idx_r[7]$_SDFFE_PP0P_
          (rising edge-triggered flip-flop clocked by clk)
Path Group: clk
Path Type: min

Fanout         Cap        Slew       Delay        Time   Description
---------------------------------------------------------------------------------------------
                      0.150000    0.000000    0.000000   clock clk (rise edge)
                                  0.000000    0.000000   clock network delay (ideal)
                      0.150000    0.000000    0.000000 ^ u_ctrl.res_idx_r[7]$_SDFFE_PP0P_/CLK (sg13g2_dfrbpq_1)
     3    0.008680    0.036562    0.228173    0.228173 v u_ctrl.res_idx_r[7]$_SDFFE_PP0P_/Q (sg13g2_dfrbpq_1)
                                                         res_index[7] (net)
                      0.036562    0.000000    0.228173 v _3101_/A1 (sg13g2_o21ai_1)
     1    0.002993    0.053526    0.087434    0.315607 ^ _3101_/Y (sg13g2_o21ai_1)
                                                         _0446_ (net)
                      0.053526    0.000000    0.315607 ^ _3102_/B (sg13g2_nor2_1)
     1    0.001430    0.019419    0.032664    0.348271 v _3102_/Y (sg13g2_nor2_1)
                                                         _0046_ (net)
                      0.019419    0.000000    0.348271 v u_ctrl.res_idx_r[7]$_SDFFE_PP0P_/D (sg13g2_dfrbpq_1)
                                              0.348271   data arrival time

                      0.150000    0.000000    0.000000   clock clk (rise edge)
                                  0.000000    0.000000   clock network delay (ideal)
                                  0.250000    0.250000   clock uncertainty
                                  0.000000    0.250000   clock reconvergence pessimism
                                              0.250000 ^ u_ctrl.res_idx_r[7]$_SDFFE_PP0P_/CLK (sg13g2_dfrbpq_1)
                                 -0.007075    0.242925   library hold time
                                              0.242925   data required time
---------------------------------------------------------------------------------------------
                                              0.242925   data required time
                                             -0.348271   data arrival time
---------------------------------------------------------------------------------------------
                                              0.105347   slack (MET)


Startpoint: read_index[7]$_SDFFE_PP0P_
            (rising edge-triggered flip-flop clocked by clk)
Endpoint: read_index[7]$_SDFFE_PP0P_
          (rising edge-triggered flip-flop clocked by clk)
Path Group: clk
Path Type: min

Fanout         Cap        Slew       Delay        Time   Description
---------------------------------------------------------------------------------------------
                      0.150000    0.000000    0.000000   clock clk (rise edge)
                                  0.000000    0.000000   clock network delay (ideal)
                      0.150000    0.000000    0.000000 ^ read_index[7]$_SDFFE_PP0P_/CLK (sg13g2_dfrbpq_1)
     3    0.009374    0.038548    0.229875    0.229875 v read_index[7]$_SDFFE_PP0P_/Q (sg13g2_dfrbpq_1)
                                                         read_index[7] (net)
                      0.038548    0.000000    0.229875 v _5565_/A1 (sg13g2_o21ai_1)
     1    0.002949    0.053330    0.087859    0.317734 ^ _5565_/Y (sg13g2_o21ai_1)
                                                         _2545_ (net)
                      0.053330    0.000000    0.317734 ^ _5566_/B1 (sg13g2_a21oi_1)
     1    0.001430    0.019481    0.032467    0.350200 v _5566_/Y (sg13g2_a21oi_1)
                                                         _0026_ (net)
                      0.019481    0.000000    0.350200 v read_index[7]$_SDFFE_PP0P_/D (sg13g2_dfrbpq_1)
                                              0.350200   data arrival time

                      0.150000    0.000000    0.000000   clock clk (rise edge)
                                  0.000000    0.000000   clock network delay (ideal)
                                  0.250000    0.250000   clock uncertainty
                                  0.000000    0.250000   clock reconvergence pessimism
                                              0.250000 ^ read_index[7]$_SDFFE_PP0P_/CLK (sg13g2_dfrbpq_1)
                                 -0.007095    0.242905   library hold time
                                              0.242905   data required time
---------------------------------------------------------------------------------------------
                                              0.242905   data required time
                                             -0.350200   data arrival time
---------------------------------------------------------------------------------------------
                                              0.107295   slack (MET)


Startpoint: u_ctrl.state[4]$_DFF_P_
            (rising edge-triggered flip-flop clocked by clk)
Endpoint: u_ctrl.k_cnt[0]$_SDFFE_PP0P_
          (rising edge-triggered flip-flop clocked by clk)
Path Group: clk
Path Type: min

Fanout         Cap        Slew       Delay        Time   Description
---------------------------------------------------------------------------------------------
                      0.150000    0.000000    0.000000   clock clk (rise edge)
                                  0.000000    0.000000   clock network delay (ideal)
                      0.150000    0.000000    0.000000 ^ u_ctrl.state[4]$_DFF_P_/CLK (sg13g2_dfrbpq_1)
     2    0.005289    0.033648    0.224179    0.224179 ^ u_ctrl.state[4]$_DFF_P_/Q (sg13g2_dfrbpq_1)
                                                         u_ctrl.state[4] (net)
                      0.033648    0.000000    0.224179 ^ _5442_/B (sg13g2_nor2_1)
     2    0.005964    0.028684    0.038579    0.262758 v _5442_/Y (sg13g2_nor2_1)
                                                         _2455_ (net)
                      0.028684    0.000000    0.262758 v _5661_/A (sg13g2_nand2_1)
     3    0.008974    0.047747    0.049262    0.312020 ^ _5661_/Y (sg13g2_nand2_1)
                                                         _0428_ (net)
                      0.047747    0.000000    0.312020 ^ _5663_/B (sg13g2_nor3_1)
     1    0.001430    0.021269    0.038968    0.350988 v _5663_/Y (sg13g2_nor3_1)
                                                         _0036_ (net)
                      0.021269    0.000000    0.350988 v u_ctrl.k_cnt[0]$_SDFFE_PP0P_/D (sg13g2_dfrbpq_1)
                                              0.350988   data arrival time

                      0.150000    0.000000    0.000000   clock clk (rise edge)
                                  0.000000    0.000000   clock network delay (ideal)
                                  0.250000    0.250000   clock uncertainty
                                  0.000000    0.250000   clock reconvergence pessimism
                                              0.250000 ^ u_ctrl.k_cnt[0]$_SDFFE_PP0P_/CLK (sg13g2_dfrbpq_1)
                                 -0.007667    0.242333   library hold time
                                              0.242333   data required time
---------------------------------------------------------------------------------------------
                                              0.242333   data required time
                                             -0.350988   data arrival time
---------------------------------------------------------------------------------------------
                                              0.108655   slack (MET)


Startpoint: u_ctrl.state[4]$_DFF_P_
            (rising edge-triggered flip-flop clocked by clk)
Endpoint: u_ctrl.k_cnt[2]$_SDFFE_PP0P_
          (rising edge-triggered flip-flop clocked by clk)
Path Group: clk
Path Type: min

Fanout         Cap        Slew       Delay        Time   Description
---------------------------------------------------------------------------------------------
                      0.150000    0.000000    0.000000   clock clk (rise edge)
                                  0.000000    0.000000   clock network delay (ideal)
                      0.150000    0.000000    0.000000 ^ u_ctrl.state[4]$_DFF_P_/CLK (sg13g2_dfrbpq_1)
     2    0.005289    0.033648    0.224179    0.224179 ^ u_ctrl.state[4]$_DFF_P_/Q (sg13g2_dfrbpq_1)
                                                         u_ctrl.state[4] (net)
                      0.033648    0.000000    0.224179 ^ _5442_/B (sg13g2_nor2_1)
     2    0.005964    0.028684    0.038579    0.262758 v _5442_/Y (sg13g2_nor2_1)
                                                         _2455_ (net)
                      0.028684    0.000000    0.262758 v _5661_/A (sg13g2_nand2_1)
     3    0.008974    0.047747    0.049262    0.312020 ^ _5661_/Y (sg13g2_nand2_1)
                                                         _0428_ (net)
                      0.047747    0.000000    0.312020 ^ _3080_/B (sg13g2_nor3_1)
     1    0.001430    0.021571    0.038968    0.350988 v _3080_/Y (sg13g2_nor3_1)
                                                         _0038_ (net)
                      0.021571    0.000000    0.350988 v u_ctrl.k_cnt[2]$_SDFFE_PP0P_/D (sg13g2_dfrbpq_1)
                                              0.350988   data arrival time

                      0.150000    0.000000    0.000000   clock clk (rise edge)
                                  0.000000    0.000000   clock network delay (ideal)
                                  0.250000    0.250000   clock uncertainty
                                  0.000000    0.250000   clock reconvergence pessimism
                                              0.250000 ^ u_ctrl.k_cnt[2]$_SDFFE_PP0P_/CLK (sg13g2_dfrbpq_1)
                                 -0.007764    0.242236   library hold time
                                              0.242236   data required time
---------------------------------------------------------------------------------------------
                                              0.242236   data required time
                                             -0.350988   data arrival time
---------------------------------------------------------------------------------------------
                                              0.108752   slack (MET)


Startpoint: ram_wrcnt[0]$_SDFFE_PP0P_
            (rising edge-triggered flip-flop clocked by clk)
Endpoint: ram_wrcnt[0]$_SDFFE_PP0P_
          (rising edge-triggered flip-flop clocked by clk)
Path Group: clk
Path Type: min

Fanout         Cap        Slew       Delay        Time   Description
---------------------------------------------------------------------------------------------
                      0.150000    0.000000    0.000000   clock clk (rise edge)
                                  0.000000    0.000000   clock network delay (ideal)
                      0.150000    0.000000    0.000000 ^ ram_wrcnt[0]$_SDFFE_PP0P_/CLK (sg13g2_dfrbpq_1)
     8    0.022939    0.101363    0.275976    0.275976 ^ ram_wrcnt[0]$_SDFFE_PP0P_/Q (sg13g2_dfrbpq_1)
                                                         ram_wrcnt[0] (net)
                      0.101363    0.000000    0.275976 ^ _5506_/A2 (sg13g2_a21oi_1)
     1    0.001430    0.019481    0.075683    0.351659 v _5506_/Y (sg13g2_a21oi_1)
                                                         _0007_ (net)
                      0.019481    0.000000    0.351659 v ram_wrcnt[0]$_SDFFE_PP0P_/D (sg13g2_dfrbpq_1)
                                              0.351659   data arrival time

                      0.150000    0.000000    0.000000   clock clk (rise edge)
                                  0.000000    0.000000   clock network delay (ideal)
                                  0.250000    0.250000   clock uncertainty
                                  0.000000    0.250000   clock reconvergence pessimism
                                              0.250000 ^ ram_wrcnt[0]$_SDFFE_PP0P_/CLK (sg13g2_dfrbpq_1)
                                 -0.007095    0.242905   library hold time
                                              0.242905   data required time
---------------------------------------------------------------------------------------------
                                              0.242905   data required time
                                             -0.351659   data arrival time
---------------------------------------------------------------------------------------------
                                              0.108754   slack (MET)


Startpoint: u_mac_1.temp_res[0]$_SDFF_PP0_
            (rising edge-triggered flip-flop clocked by clk)
Endpoint: u_mac_1.temp_res[0]$_SDFF_PP0_
          (rising edge-triggered flip-flop clocked by clk)
Path Group: clk
Path Type: min

Fanout         Cap        Slew       Delay        Time   Description
---------------------------------------------------------------------------------------------
                      0.150000    0.000000    0.000000   clock clk (rise edge)
                                  0.000000    0.000000   clock network delay (ideal)
                      0.150000    0.000000    0.000000 ^ u_mac_1.temp_res[0]$_SDFF_PP0_/CLK (sg13g2_dfrbpq_1)
     3    0.009402    0.038630    0.229944    0.229944 v u_mac_1.temp_res[0]$_SDFF_PP0_/Q (sg13g2_dfrbpq_1)
                                                         u_mac_1.temp_res[0] (net)
                      0.038630    0.000000    0.229944 v _3711_/A1 (sg13g2_o21ai_1)
     1    0.002997    0.068021    0.088232    0.318176 ^ _3711_/Y (sg13g2_o21ai_1)
                                                         _0798_ (net)
                      0.068021    0.000000    0.318176 ^ _3712_/A (sg13g2_nor2b_1)
     1    0.001430    0.020419    0.036603    0.354779 v _3712_/Y (sg13g2_nor2b_1)
                                                         _0304_ (net)
                      0.020419    0.000000    0.354779 v u_mac_1.temp_res[0]$_SDFF_PP0_/D (sg13g2_dfrbpq_1)
                                              0.354779   data arrival time

                      0.150000    0.000000    0.000000   clock clk (rise edge)
                                  0.000000    0.000000   clock network delay (ideal)
                                  0.250000    0.250000   clock uncertainty
                                  0.000000    0.250000   clock reconvergence pessimism
                                              0.250000 ^ u_mac_1.temp_res[0]$_SDFF_PP0_/CLK (sg13g2_dfrbpq_1)
                                 -0.007395    0.242605   library hold time
                                              0.242605   data required time
---------------------------------------------------------------------------------------------
                                              0.242605   data required time
                                             -0.354779   data arrival time
---------------------------------------------------------------------------------------------
                                              0.112175   slack (MET)


Startpoint: read_index[8]$_SDFFE_PP0P_
            (rising edge-triggered flip-flop clocked by clk)
Endpoint: read_index[8]$_SDFFE_PP0P_
          (rising edge-triggered flip-flop clocked by clk)
Path Group: clk
Path Type: min

Fanout         Cap        Slew       Delay        Time   Description
---------------------------------------------------------------------------------------------
                      0.150000    0.000000    0.000000   clock clk (rise edge)
                                  0.000000    0.000000   clock network delay (ideal)
                      0.150000    0.000000    0.000000 ^ read_index[8]$_SDFFE_PP0P_/CLK (sg13g2_dfrbpq_1)
     3    0.012146    0.046487    0.236675    0.236675 v read_index[8]$_SDFFE_PP0P_/Q (sg13g2_dfrbpq_1)
                                                         read_index[8] (net)
                      0.046487    0.000000    0.236675 v _5567_/A1 (sg13g2_o21ai_1)
     1    0.002949    0.053330    0.090795    0.327470 ^ _5567_/Y (sg13g2_o21ai_1)
                                                         _2546_ (net)
                      0.053330    0.000000    0.327470 ^ _5568_/B1 (sg13g2_a21oi_1)
     1    0.001430    0.019481    0.032467    0.359937 v _5568_/Y (sg13g2_a21oi_1)
                                                         _0027_ (net)
                      0.019481    0.000000    0.359937 v read_index[8]$_SDFFE_PP0P_/D (sg13g2_dfrbpq_1)
                                              0.359937   data arrival time

                      0.150000    0.000000    0.000000   clock clk (rise edge)
                                  0.000000    0.000000   clock network delay (ideal)
                                  0.250000    0.250000   clock uncertainty
                                  0.000000    0.250000   clock reconvergence pessimism
                                              0.250000 ^ read_index[8]$_SDFFE_PP0P_/CLK (sg13g2_dfrbpq_1)
                                 -0.007095    0.242905   library hold time
                                              0.242905   data required time
---------------------------------------------------------------------------------------------
                                              0.242905   data required time
                                             -0.359937   data arrival time
---------------------------------------------------------------------------------------------
                                              0.117032   slack (MET)


Startpoint: read_index[5]$_SDFFE_PP0P_
            (rising edge-triggered flip-flop clocked by clk)
Endpoint: read_index[5]$_SDFFE_PP0P_
          (rising edge-triggered flip-flop clocked by clk)
Path Group: clk
Path Type: min

Fanout         Cap        Slew       Delay        Time   Description
---------------------------------------------------------------------------------------------
                      0.150000    0.000000    0.000000   clock clk (rise edge)
                                  0.000000    0.000000   clock network delay (ideal)
                      0.150000    0.000000    0.000000 ^ read_index[5]$_SDFFE_PP0P_/CLK (sg13g2_dfrbpq_1)
     5    0.014883    0.054320    0.243386    0.243386 v read_index[5]$_SDFFE_PP0P_/Q (sg13g2_dfrbpq_1)
                                                         read_index[5] (net)
                      0.054320    0.000000    0.243386 v _5561_/A1 (sg13g2_o21ai_1)
     1    0.002949    0.053330    0.093692    0.337078 ^ _5561_/Y (sg13g2_o21ai_1)
                                                         _2543_ (net)
                      0.053330    0.000000    0.337078 ^ _5562_/B1 (sg13g2_a21oi_1)
     1    0.001430    0.019481    0.032467    0.369545 v _5562_/Y (sg13g2_a21oi_1)
                                                         _0024_ (net)
                      0.019481    0.000000    0.369545 v read_index[5]$_SDFFE_PP0P_/D (sg13g2_dfrbpq_1)
                                              0.369545   data arrival time

                      0.150000    0.000000    0.000000   clock clk (rise edge)
                                  0.000000    0.000000   clock network delay (ideal)
                                  0.250000    0.250000   clock uncertainty
                                  0.000000    0.250000   clock reconvergence pessimism
                                              0.250000 ^ read_index[5]$_SDFFE_PP0P_/CLK (sg13g2_dfrbpq_1)
                                 -0.007095    0.242905   library hold time
                                              0.242905   data required time
---------------------------------------------------------------------------------------------
                                              0.242905   data required time
                                             -0.369545   data arrival time
---------------------------------------------------------------------------------------------
                                              0.126640   slack (MET)


Startpoint: read_index[6]$_SDFFE_PP0P_
            (rising edge-triggered flip-flop clocked by clk)
Endpoint: read_index[6]$_SDFFE_PP0P_
          (rising edge-triggered flip-flop clocked by clk)
Path Group: clk
Path Type: min

Fanout         Cap        Slew       Delay        Time   Description
---------------------------------------------------------------------------------------------
                      0.150000    0.000000    0.000000   clock clk (rise edge)
                                  0.000000    0.000000   clock network delay (ideal)
                      0.150000    0.000000    0.000000 ^ read_index[6]$_SDFFE_PP0P_/CLK (sg13g2_dfrbpq_1)
     4    0.015074    0.054869    0.243856    0.243856 v read_index[6]$_SDFFE_PP0P_/Q (sg13g2_dfrbpq_1)
                                                         read_index[6] (net)
                      0.054869    0.000000    0.243856 v _5563_/A1 (sg13g2_o21ai_1)
     1    0.002949    0.053330    0.093895    0.337751 ^ _5563_/Y (sg13g2_o21ai_1)
                                                         _2544_ (net)
                      0.053330    0.000000    0.337751 ^ _5564_/B1 (sg13g2_a21oi_1)
     1    0.001430    0.019481    0.032467    0.370218 v _5564_/Y (sg13g2_a21oi_1)
                                                         _0025_ (net)
                      0.019481    0.000000    0.370218 v read_index[6]$_SDFFE_PP0P_/D (sg13g2_dfrbpq_1)
                                              0.370218   data arrival time

                      0.150000    0.000000    0.000000   clock clk (rise edge)
                                  0.000000    0.000000   clock network delay (ideal)
                                  0.250000    0.250000   clock uncertainty
                                  0.000000    0.250000   clock reconvergence pessimism
                                              0.250000 ^ read_index[6]$_SDFFE_PP0P_/CLK (sg13g2_dfrbpq_1)
                                 -0.007095    0.242905   library hold time
                                              0.242905   data required time
---------------------------------------------------------------------------------------------
                                              0.242905   data required time
                                             -0.370218   data arrival time
---------------------------------------------------------------------------------------------
                                              0.127313   slack (MET)


Startpoint: u_mac_3.temp_res[14]$_SDFF_PP0_
            (rising edge-triggered flip-flop clocked by clk)
Endpoint: u_mac_3.temp_res[14]$_SDFF_PP0_
          (rising edge-triggered flip-flop clocked by clk)
Path Group: clk
Path Type: min

Fanout         Cap        Slew       Delay        Time   Description
---------------------------------------------------------------------------------------------
                      0.150000    0.000000    0.000000   clock clk (rise edge)
                                  0.000000    0.000000   clock network delay (ideal)
                      0.150000    0.000000    0.000000 ^ u_mac_3.temp_res[14]$_SDFF_PP0_/CLK (sg13g2_dfrbpq_1)
     3    0.011256    0.043938    0.234491    0.234491 v u_mac_3.temp_res[14]$_SDFF_PP0_/Q (sg13g2_dfrbpq_1)
                                                         u_mac_3.temp_res[14] (net)
                      0.043938    0.000000    0.234491 v _4940_/A (sg13g2_xnor2_1)
     2    0.005919    0.040305    0.092666    0.327157 ^ _4940_/Y (sg13g2_xnor2_1)
                                                         _1986_ (net)
                      0.040305    0.000000    0.327157 ^ _4945_/A1 (sg13g2_a21oi_1)
     1    0.001430    0.014534    0.049485    0.376642 v _4945_/Y (sg13g2_a21oi_1)
                                                         _0345_ (net)
                      0.014534    0.000000    0.376642 v u_mac_3.temp_res[14]$_SDFF_PP0_/D (sg13g2_dfrbpq_1)
                                              0.376642   data arrival time

                      0.150000    0.000000    0.000000   clock clk (rise edge)
                                  0.000000    0.000000   clock network delay (ideal)
                                  0.250000    0.250000   clock uncertainty
                                  0.000000    0.250000   clock reconvergence pessimism
                                              0.250000 ^ u_mac_3.temp_res[14]$_SDFF_PP0_/CLK (sg13g2_dfrbpq_1)
                                 -0.005512    0.244488   library hold time
                                              0.244488   data required time
---------------------------------------------------------------------------------------------
                                              0.244488   data required time
                                             -0.376642   data arrival time
---------------------------------------------------------------------------------------------
                                              0.132153   slack (MET)


Startpoint: u_mac_2.temp_res[8]$_SDFF_PP0_
            (rising edge-triggered flip-flop clocked by clk)
Endpoint: u_mac_2.temp_res[8]$_SDFF_PP0_
          (rising edge-triggered flip-flop clocked by clk)
Path Group: clk
Path Type: min

Fanout         Cap        Slew       Delay        Time   Description
---------------------------------------------------------------------------------------------
                      0.150000    0.000000    0.000000   clock clk (rise edge)
                                  0.000000    0.000000   clock network delay (ideal)
                      0.150000    0.000000    0.000000 ^ u_mac_2.temp_res[8]$_SDFF_PP0_/CLK (sg13g2_dfrbpq_1)
     4    0.016809    0.059836    0.248112    0.248112 v u_mac_2.temp_res[8]$_SDFF_PP0_/Q (sg13g2_dfrbpq_1)
                                                         u_mac_2.temp_res[8] (net)
                      0.059836    0.000000    0.248112 v _4469_/A (sg13g2_xnor2_1)
     1    0.003096    0.029951    0.081538    0.329650 ^ _4469_/Y (sg13g2_xnor2_1)
                                                         _1537_ (net)
                      0.029951    0.000000    0.329650 ^ _4563_/A2 (sg13g2_a21oi_1)
     1    0.001430    0.015304    0.049754    0.379404 v _4563_/Y (sg13g2_a21oi_1)
                                                         _0338_ (net)
                      0.015304    0.000000    0.379404 v u_mac_2.temp_res[8]$_SDFF_PP0_/D (sg13g2_dfrbpq_1)
                                              0.379404   data arrival time

                      0.150000    0.000000    0.000000   clock clk (rise edge)
                                  0.000000    0.000000   clock network delay (ideal)
                                  0.250000    0.250000   clock uncertainty
                                  0.000000    0.250000   clock reconvergence pessimism
                                              0.250000 ^ u_mac_2.temp_res[8]$_SDFF_PP0_/CLK (sg13g2_dfrbpq_1)
                                 -0.005758    0.244242   library hold time
                                              0.244242   data required time
---------------------------------------------------------------------------------------------
                                              0.244242   data required time
                                             -0.379404   data arrival time
---------------------------------------------------------------------------------------------
                                              0.135162   slack (MET)


Startpoint: u_mac_3.temp_res[15]$_SDFF_PP0_
            (rising edge-triggered flip-flop clocked by clk)
Endpoint: u_mac_3.temp_res[15]$_SDFF_PP0_
          (rising edge-triggered flip-flop clocked by clk)
Path Group: clk
Path Type: min

Fanout         Cap        Slew       Delay        Time   Description
---------------------------------------------------------------------------------------------
                      0.150000    0.000000    0.000000   clock clk (rise edge)
                                  0.000000    0.000000   clock network delay (ideal)
                      0.150000    0.000000    0.000000 ^ u_mac_3.temp_res[15]$_SDFF_PP0_/CLK (sg13g2_dfrbpq_1)
     3    0.008820    0.036962    0.228516    0.228516 v u_mac_3.temp_res[15]$_SDFF_PP0_/Q (sg13g2_dfrbpq_1)
                                                         u_mac_3.temp_res[15] (net)
                      0.036962    0.000000    0.228516 v _4947_/A (sg13g2_nor3_1)
     1    0.003013    0.078432    0.100691    0.329206 ^ _4947_/Y (sg13g2_nor3_1)
                                                         _1992_ (net)
                      0.078432    0.000000    0.329206 ^ _4949_/B (sg13g2_nor3_1)
     1    0.001430    0.024212    0.050189    0.379395 v _4949_/Y (sg13g2_nor3_1)
                                                         _0346_ (net)
                      0.024212    0.000000    0.379395 v u_mac_3.temp_res[15]$_SDFF_PP0_/D (sg13g2_dfrbpq_1)
                                              0.379395   data arrival time

                      0.150000    0.000000    0.000000   clock clk (rise edge)
                                  0.000000    0.000000   clock network delay (ideal)
                                  0.250000    0.250000   clock uncertainty
                                  0.000000    0.250000   clock reconvergence pessimism
                                              0.250000 ^ u_mac_3.temp_res[15]$_SDFF_PP0_/CLK (sg13g2_dfrbpq_1)
                                 -0.008609    0.241391   library hold time
                                              0.241391   data required time
---------------------------------------------------------------------------------------------
                                              0.241391   data required time
                                             -0.379395   data arrival time
---------------------------------------------------------------------------------------------
                                              0.138004   slack (MET)


Startpoint: read_index[1]$_SDFFE_PP0P_
            (rising edge-triggered flip-flop clocked by clk)
Endpoint: read_index[1]$_SDFFE_PP0P_
          (rising edge-triggered flip-flop clocked by clk)
Path Group: clk
Path Type: min

Fanout         Cap        Slew       Delay        Time   Description
---------------------------------------------------------------------------------------------
                      0.150000    0.000000    0.000000   clock clk (rise edge)
                                  0.000000    0.000000   clock network delay (ideal)
                      0.150000    0.000000    0.000000 ^ read_index[1]$_SDFFE_PP0P_/CLK (sg13g2_dfrbpq_1)
     8    0.022607    0.076435    0.262332    0.262332 v read_index[1]$_SDFFE_PP0P_/Q (sg13g2_dfrbpq_1)
                                                         read_index[1] (net)
                      0.076435    0.000000    0.262332 v _5552_/A1 (sg13g2_o21ai_1)
     1    0.002919    0.027942    0.101659    0.363991 ^ _5552_/Y (sg13g2_o21ai_1)
                                                         _2538_ (net)
                      0.027942    0.000000    0.363991 ^ _5553_/A (sg13g2_inv_1)
     1    0.001430    0.013371    0.023318    0.387309 v _5553_/Y (sg13g2_inv_1)
                                                         _0020_ (net)
                      0.013371    0.000000    0.387309 v read_index[1]$_SDFFE_PP0P_/D (sg13g2_dfrbpq_1)
                                              0.387309   data arrival time

                      0.150000    0.000000    0.000000   clock clk (rise edge)
                                  0.000000    0.000000   clock network delay (ideal)
                                  0.250000    0.250000   clock uncertainty
                                  0.000000    0.250000   clock reconvergence pessimism
                                              0.250000 ^ read_index[1]$_SDFFE_PP0P_/CLK (sg13g2_dfrbpq_1)
                                 -0.005139    0.244861   library hold time
                                              0.244861   data required time
---------------------------------------------------------------------------------------------
                                              0.244861   data required time
                                             -0.387309   data arrival time
---------------------------------------------------------------------------------------------
                                              0.142448   slack (MET)


Startpoint: u_ctrl.input_cnt[0]$_SDFFE_PP0P_
            (rising edge-triggered flip-flop clocked by clk)
Endpoint: u_ctrl.input_cnt[0]$_SDFFE_PP0P_
          (rising edge-triggered flip-flop clocked by clk)
Path Group: clk
Path Type: min

Fanout         Cap        Slew       Delay        Time   Description
---------------------------------------------------------------------------------------------
                      0.150000    0.000000    0.000000   clock clk (rise edge)
                                  0.000000    0.000000   clock network delay (ideal)
                      0.150000    0.000000    0.000000 ^ u_ctrl.input_cnt[0]$_SDFFE_PP0P_/CLK (sg13g2_dfrbpq_1)
    11    0.031980    0.137482    0.301212    0.301212 ^ u_ctrl.input_cnt[0]$_SDFFE_PP0P_/Q (sg13g2_dfrbpq_1)
                                                         u_ctrl.input_cnt[0] (net)
                      0.137482    0.000000    0.301212 ^ _5651_/A2 (sg13g2_a21oi_1)
     1    0.001430    0.019481    0.084637    0.385849 v _5651_/Y (sg13g2_a21oi_1)
                                                         _0031_ (net)
                      0.019481    0.000000    0.385849 v u_ctrl.input_cnt[0]$_SDFFE_PP0P_/D (sg13g2_dfrbpq_1)
                                              0.385849   data arrival time

                      0.150000    0.000000    0.000000   clock clk (rise edge)
                                  0.000000    0.000000   clock network delay (ideal)
                                  0.250000    0.250000   clock uncertainty
                                  0.000000    0.250000   clock reconvergence pessimism
                                              0.250000 ^ u_ctrl.input_cnt[0]$_SDFFE_PP0P_/CLK (sg13g2_dfrbpq_1)
                                 -0.007095    0.242905   library hold time
                                              0.242905   data required time
---------------------------------------------------------------------------------------------
                                              0.242905   data required time
                                             -0.385849   data arrival time
---------------------------------------------------------------------------------------------
                                              0.142944   slack (MET)


Startpoint: u_mac_4.temp_res[15]$_SDFF_PP0_
            (rising edge-triggered flip-flop clocked by clk)
Endpoint: u_mac_4.temp_res[15]$_SDFF_PP0_
          (rising edge-triggered flip-flop clocked by clk)
Path Group: clk
Path Type: min

Fanout         Cap        Slew       Delay        Time   Description
---------------------------------------------------------------------------------------------
                      0.150000    0.000000    0.000000   clock clk (rise edge)
                                  0.000000    0.000000   clock network delay (ideal)
                      0.150000    0.000000    0.000000 ^ u_mac_4.temp_res[15]$_SDFF_PP0_/CLK (sg13g2_dfrbpq_1)
     4    0.012270    0.060429    0.244664    0.244664 ^ u_mac_4.temp_res[15]$_SDFF_PP0_/Q (sg13g2_dfrbpq_1)
                                                         u_mac_4.temp_res[15] (net)
                      0.060429    0.000000    0.244664 ^ _5415_/A (sg13g2_inv_1)
     1    0.002808    0.023453    0.035841    0.280506 v _5415_/Y (sg13g2_inv_1)
                                                         _2430_ (net)
                      0.023453    0.000000    0.280506 v _5367_/B1 (sg13g2_a21oi_1)
     3    0.008649    0.067512    0.064122    0.344627 ^ _5367_/Y (sg13g2_a21oi_1)
                                                         _2394_ (net)
                      0.067512    0.000000    0.344627 ^ _5369_/C (sg13g2_nor3_1)
     1    0.001430    0.024067    0.039858    0.384485 v _5369_/Y (sg13g2_nor3_1)
                                                         _0364_ (net)
                      0.024067    0.000000    0.384485 v u_mac_4.temp_res[15]$_SDFF_PP0_/D (sg13g2_dfrbpq_1)
                                              0.384485   data arrival time

                      0.150000    0.000000    0.000000   clock clk (rise edge)
                                  0.000000    0.000000   clock network delay (ideal)
                                  0.250000    0.250000   clock uncertainty
                                  0.000000    0.250000   clock reconvergence pessimism
                                              0.250000 ^ u_mac_4.temp_res[15]$_SDFF_PP0_/CLK (sg13g2_dfrbpq_1)
                                 -0.008563    0.241437   library hold time
                                              0.241437   data required time
---------------------------------------------------------------------------------------------
                                              0.241437   data required time
                                             -0.384485   data arrival time
---------------------------------------------------------------------------------------------
                                              0.143048   slack (MET)


Startpoint: read_index[4]$_SDFFE_PP0P_
            (rising edge-triggered flip-flop clocked by clk)
Endpoint: read_index[4]$_SDFFE_PP0P_
          (rising edge-triggered flip-flop clocked by clk)
Path Group: clk
Path Type: min

Fanout         Cap        Slew       Delay        Time   Description
---------------------------------------------------------------------------------------------
                      0.150000    0.000000    0.000000   clock clk (rise edge)
                                  0.000000    0.000000   clock network delay (ideal)
                      0.150000    0.000000    0.000000 ^ read_index[4]$_SDFFE_PP0P_/CLK (sg13g2_dfrbpq_1)
     6    0.020695    0.070962    0.257643    0.257643 v read_index[4]$_SDFFE_PP0P_/Q (sg13g2_dfrbpq_1)
                                                         read_index[4] (net)
                      0.070962    0.000000    0.257643 v _5559_/A1 (sg13g2_o21ai_1)
     1    0.002949    0.053330    0.099846    0.357489 ^ _5559_/Y (sg13g2_o21ai_1)
                                                         _2542_ (net)
                      0.053330    0.000000    0.357489 ^ _5560_/B1 (sg13g2_a21oi_1)
     1    0.001430    0.019481    0.032467    0.389956 v _5560_/Y (sg13g2_a21oi_1)
                                                         _0023_ (net)
                      0.019481    0.000000    0.389956 v read_index[4]$_SDFFE_PP0P_/D (sg13g2_dfrbpq_1)
                                              0.389956   data arrival time

                      0.150000    0.000000    0.000000   clock clk (rise edge)
                                  0.000000    0.000000   clock network delay (ideal)
                                  0.250000    0.250000   clock uncertainty
                                  0.000000    0.250000   clock reconvergence pessimism
                                              0.250000 ^ read_index[4]$_SDFFE_PP0P_/CLK (sg13g2_dfrbpq_1)
                                 -0.007095    0.242905   library hold time
                                              0.242905   data required time
---------------------------------------------------------------------------------------------
                                              0.242905   data required time
                                             -0.389956   data arrival time
---------------------------------------------------------------------------------------------
                                              0.147051   slack (MET)


Startpoint: u_mac_2.temp_res[12]$_SDFF_PP0_
            (rising edge-triggered flip-flop clocked by clk)
Endpoint: u_mac_2.temp_res[12]$_SDFF_PP0_
          (rising edge-triggered flip-flop clocked by clk)
Path Group: clk
Path Type: min

Fanout         Cap        Slew       Delay        Time   Description
---------------------------------------------------------------------------------------------
                      0.150000    0.000000    0.000000   clock clk (rise edge)
                                  0.000000    0.000000   clock network delay (ideal)
                      0.150000    0.000000    0.000000 ^ u_mac_2.temp_res[12]$_SDFF_PP0_/CLK (sg13g2_dfrbpq_1)
     3    0.011436    0.044453    0.234933    0.234933 v u_mac_2.temp_res[12]$_SDFF_PP0_/Q (sg13g2_dfrbpq_1)
                                                         u_mac_2.temp_res[12] (net)
                      0.044453    0.000000    0.234933 v _4511_/A (sg13g2_xnor2_1)
     3    0.008379    0.049753    0.107517    0.342450 ^ _4511_/Y (sg13g2_xnor2_1)
                                                         _1577_ (net)
                      0.049753    0.000000    0.342450 ^ _4517_/A1 (sg13g2_a21oi_1)
     1    0.001430    0.014778    0.053045    0.395495 v _4517_/Y (sg13g2_a21oi_1)
                                                         _0325_ (net)
                      0.014778    0.000000    0.395495 v u_mac_2.temp_res[12]$_SDFF_PP0_/D (sg13g2_dfrbpq_1)
                                              0.395495   data arrival time

                      0.150000    0.000000    0.000000   clock clk (rise edge)
                                  0.000000    0.000000   clock network delay (ideal)
                                  0.250000    0.250000   clock uncertainty
                                  0.000000    0.250000   clock reconvergence pessimism
                                              0.250000 ^ u_mac_2.temp_res[12]$_SDFF_PP0_/CLK (sg13g2_dfrbpq_1)
                                 -0.005589    0.244410   library hold time
                                              0.244410   data required time
---------------------------------------------------------------------------------------------
                                              0.244410   data required time
                                             -0.395495   data arrival time
---------------------------------------------------------------------------------------------
                                              0.151084   slack (MET)


Startpoint: u_mac_1.temp_res[12]$_SDFF_PP0_
            (rising edge-triggered flip-flop clocked by clk)
Endpoint: u_mac_1.temp_res[12]$_SDFF_PP0_
          (rising edge-triggered flip-flop clocked by clk)
Path Group: clk
Path Type: min

Fanout         Cap        Slew       Delay        Time   Description
---------------------------------------------------------------------------------------------
                      0.150000    0.000000    0.000000   clock clk (rise edge)
                                  0.000000    0.000000   clock network delay (ideal)
                      0.150000    0.000000    0.000000 ^ u_mac_1.temp_res[12]$_SDFF_PP0_/CLK (sg13g2_dfrbpq_1)
     3    0.011712    0.045242    0.235609    0.235609 v u_mac_1.temp_res[12]$_SDFF_PP0_/Q (sg13g2_dfrbpq_1)
                                                         u_mac_1.temp_res[12] (net)
                      0.045242    0.000000    0.235609 v _4104_/A (sg13g2_xnor2_1)
     3    0.008379    0.049776    0.107811    0.343421 ^ _4104_/Y (sg13g2_xnor2_1)
                                                         _1188_ (net)
                      0.049776    0.000000    0.343421 ^ _4111_/A1 (sg13g2_a21oi_1)
     1    0.001430    0.014786    0.053054    0.396474 v _4111_/Y (sg13g2_a21oi_1)
                                                         _0307_ (net)
                      0.014786    0.000000    0.396474 v u_mac_1.temp_res[12]$_SDFF_PP0_/D (sg13g2_dfrbpq_1)
                                              0.396474   data arrival time

                      0.150000    0.000000    0.000000   clock clk (rise edge)
                                  0.000000    0.000000   clock network delay (ideal)
                                  0.250000    0.250000   clock uncertainty
                                  0.000000    0.250000   clock reconvergence pessimism
                                              0.250000 ^ u_mac_1.temp_res[12]$_SDFF_PP0_/CLK (sg13g2_dfrbpq_1)
                                 -0.005592    0.244408   library hold time
                                              0.244408   data required time
---------------------------------------------------------------------------------------------
                                              0.244408   data required time
                                             -0.396474   data arrival time
---------------------------------------------------------------------------------------------
                                              0.152066   slack (MET)


Startpoint: read_index[0]$_SDFFE_PP0P_
            (rising edge-triggered flip-flop clocked by clk)
Endpoint: read_index[0]$_SDFFE_PP0P_
          (rising edge-triggered flip-flop clocked by clk)
Path Group: clk
Path Type: min

Fanout         Cap        Slew       Delay        Time   Description
---------------------------------------------------------------------------------------------
                      0.150000    0.000000    0.000000   clock clk (rise edge)
                                  0.000000    0.000000   clock network delay (ideal)
                      0.150000    0.000000    0.000000 ^ read_index[0]$_SDFFE_PP0P_/CLK (sg13g2_dfrbpq_1)
     8    0.023135    0.077947    0.263627    0.263627 v read_index[0]$_SDFFE_PP0P_/Q (sg13g2_dfrbpq_1)
                                                         read_index[0] (net)
                      0.077947    0.000000    0.263627 v _5549_/A1 (sg13g2_o21ai_1)
     1    0.002993    0.053526    0.102743    0.366371 ^ _5549_/Y (sg13g2_o21ai_1)
                                                         _2536_ (net)
                      0.053526    0.000000    0.366371 ^ _5550_/B (sg13g2_nor2_1)
     1    0.001430    0.019419    0.032664    0.399034 v _5550_/Y (sg13g2_nor2_1)
                                                         _0019_ (net)
                      0.019419    0.000000    0.399034 v read_index[0]$_SDFFE_PP0P_/D (sg13g2_dfrbpq_1)
                                              0.399034   data arrival time

                      0.150000    0.000000    0.000000   clock clk (rise edge)
                                  0.000000    0.000000   clock network delay (ideal)
                                  0.250000    0.250000   clock uncertainty
                                  0.000000    0.250000   clock reconvergence pessimism
                                              0.250000 ^ read_index[0]$_SDFFE_PP0P_/CLK (sg13g2_dfrbpq_1)
                                 -0.007075    0.242925   library hold time
                                              0.242925   data required time
---------------------------------------------------------------------------------------------
                                              0.242925   data required time
                                             -0.399034   data arrival time
---------------------------------------------------------------------------------------------
                                              0.156110   slack (MET)


Startpoint: u_mac_1.temp_res[9]$_SDFF_PP0_
            (rising edge-triggered flip-flop clocked by clk)
Endpoint: u_mac_1.temp_res[9]$_SDFF_PP0_
          (rising edge-triggered flip-flop clocked by clk)
Path Group: clk
Path Type: min

Fanout         Cap        Slew       Delay        Time   Description
---------------------------------------------------------------------------------------------
                      0.150000    0.000000    0.000000   clock clk (rise edge)
                                  0.000000    0.000000   clock network delay (ideal)
                      0.150000    0.000000    0.000000 ^ u_mac_1.temp_res[9]$_SDFF_PP0_/CLK (sg13g2_dfrbpq_1)
     4    0.014929    0.054452    0.243499    0.243499 v u_mac_1.temp_res[9]$_SDFF_PP0_/Q (sg13g2_dfrbpq_1)
                                                         u_mac_1.temp_res[9] (net)
                      0.054452    0.000000    0.243499 v _4160_/A (sg13g2_xnor2_1)
     2    0.006623    0.043263    0.100732    0.344230 ^ _4160_/Y (sg13g2_xnor2_1)
                                                         _1230_ (net)
                      0.043263    0.000000    0.344230 ^ _4162_/A2 (sg13g2_a21oi_1)
     1    0.001430    0.022109    0.054697    0.398928 v _4162_/Y (sg13g2_a21oi_1)
                                                         _0321_ (net)
                      0.022109    0.000000    0.398928 v u_mac_1.temp_res[9]$_SDFF_PP0_/D (sg13g2_dfrbpq_1)
                                              0.398928   data arrival time

                      0.150000    0.000000    0.000000   clock clk (rise edge)
                                  0.000000    0.000000   clock network delay (ideal)
                                  0.250000    0.250000   clock uncertainty
                                  0.000000    0.250000   clock reconvergence pessimism
                                              0.250000 ^ u_mac_1.temp_res[9]$_SDFF_PP0_/CLK (sg13g2_dfrbpq_1)
                                 -0.007936    0.242064   library hold time
                                              0.242064   data required time
---------------------------------------------------------------------------------------------
                                              0.242064   data required time
                                             -0.398928   data arrival time
---------------------------------------------------------------------------------------------
                                              0.156864   slack (MET)


Startpoint: u_mac_4.temp_res[5]$_SDFF_PP0_
            (rising edge-triggered flip-flop clocked by clk)
Endpoint: u_mac_4.temp_res[6]$_SDFF_PP0_
          (rising edge-triggered flip-flop clocked by clk)
Path Group: clk
Path Type: min

Fanout         Cap        Slew       Delay        Time   Description
---------------------------------------------------------------------------------------------
                      0.150000    0.000000    0.000000   clock clk (rise edge)
                                  0.000000    0.000000   clock network delay (ideal)
                      0.150000    0.000000    0.000000 ^ u_mac_4.temp_res[5]$_SDFF_PP0_/CLK (sg13g2_dfrbpq_1)
     3    0.011569    0.057740    0.242607    0.242607 ^ u_mac_4.temp_res[5]$_SDFF_PP0_/Q (sg13g2_dfrbpq_1)
                                                         u_mac_4.temp_res[5] (net)
                      0.057740    0.000000    0.242607 ^ _5267_/A (sg13g2_nand2_1)
     1    0.002844    0.036293    0.050091    0.292698 v _5267_/Y (sg13g2_nand2_1)
                                                         _2299_ (net)
                      0.036293    0.000000    0.292698 v _5288_/A (sg13g2_nand2_1)
     3    0.009436    0.050935    0.053486    0.346184 ^ _5288_/Y (sg13g2_nand2_1)
                                                         _2320_ (net)
                      0.050935    0.000000    0.346184 ^ _5386_/A1 (sg13g2_a21oi_1)
     1    0.001430    0.022601    0.053490    0.399675 v _5386_/Y (sg13g2_a21oi_1)
                                                         _0372_ (net)
                      0.022601    0.000000    0.399675 v u_mac_4.temp_res[6]$_SDFF_PP0_/D (sg13g2_dfrbpq_1)
                                              0.399675   data arrival time

                      0.150000    0.000000    0.000000   clock clk (rise edge)
                                  0.000000    0.000000   clock network delay (ideal)
                                  0.250000    0.250000   clock uncertainty
                                  0.000000    0.250000   clock reconvergence pessimism
                                              0.250000 ^ u_mac_4.temp_res[6]$_SDFF_PP0_/CLK (sg13g2_dfrbpq_1)
                                 -0.008094    0.241906   library hold time
                                              0.241906   data required time
---------------------------------------------------------------------------------------------
                                              0.241906   data required time
                                             -0.399675   data arrival time
---------------------------------------------------------------------------------------------
                                              0.157769   slack (MET)


Startpoint: u_mac_1.temp_res[3]$_SDFF_PP0_
            (rising edge-triggered flip-flop clocked by clk)
Endpoint: u_mac_1.temp_res[4]$_SDFF_PP0_
          (rising edge-triggered flip-flop clocked by clk)
Path Group: clk
Path Type: min

Fanout         Cap        Slew       Delay        Time   Description
---------------------------------------------------------------------------------------------
                      0.150000    0.000000    0.000000   clock clk (rise edge)
                                  0.000000    0.000000   clock network delay (ideal)
                      0.150000    0.000000    0.000000 ^ u_mac_1.temp_res[3]$_SDFF_PP0_/CLK (sg13g2_dfrbpq_1)
     3    0.012047    0.059574    0.244011    0.244011 ^ u_mac_1.temp_res[3]$_SDFF_PP0_/Q (sg13g2_dfrbpq_1)
                                                         u_mac_1.temp_res[3] (net)
                      0.059574    0.000000    0.244011 ^ _4033_/A (sg13g2_nand2_1)
     1    0.002844    0.031963    0.050663    0.294674 v _4033_/Y (sg13g2_nand2_1)
                                                         _1119_ (net)
                      0.031963    0.000000    0.294674 v _4046_/A (sg13g2_nand2_1)
     3    0.009436    0.050148    0.051868    0.346542 ^ _4046_/Y (sg13g2_nand2_1)
                                                         _1132_ (net)
                      0.050148    0.000000    0.346542 ^ _4151_/A1 (sg13g2_a21oi_1)
     1    0.001430    0.022598    0.053194    0.399735 v _4151_/Y (sg13g2_a21oi_1)
                                                         _0316_ (net)
                      0.022598    0.000000    0.399735 v u_mac_1.temp_res[4]$_SDFF_PP0_/D (sg13g2_dfrbpq_1)
                                              0.399735   data arrival time

                      0.150000    0.000000    0.000000   clock clk (rise edge)
                                  0.000000    0.000000   clock network delay (ideal)
                                  0.250000    0.250000   clock uncertainty
                                  0.000000    0.250000   clock reconvergence pessimism
                                              0.250000 ^ u_mac_1.temp_res[4]$_SDFF_PP0_/CLK (sg13g2_dfrbpq_1)
                                 -0.008093    0.241907   library hold time
                                              0.241907   data required time
---------------------------------------------------------------------------------------------
                                              0.241907   data required time
                                             -0.399735   data arrival time
---------------------------------------------------------------------------------------------
                                              0.157828   slack (MET)


Startpoint: u_mac_3.temp_res[2]$_SDFF_PP0_
            (rising edge-triggered flip-flop clocked by clk)
Endpoint: u_mac_3.temp_res[3]$_SDFF_PP0_
          (rising edge-triggered flip-flop clocked by clk)
Path Group: clk
Path Type: min

Fanout         Cap        Slew       Delay        Time   Description
---------------------------------------------------------------------------------------------
                      0.150000    0.000000    0.000000   clock clk (rise edge)
                                  0.000000    0.000000   clock network delay (ideal)
                      0.150000    0.000000    0.000000 ^ u_mac_3.temp_res[2]$_SDFF_PP0_/CLK (sg13g2_dfrbpq_1)
     3    0.011661    0.058096    0.242880    0.242880 ^ u_mac_3.temp_res[2]$_SDFF_PP0_/Q (sg13g2_dfrbpq_1)
                                                         u_mac_3.temp_res[2] (net)
                      0.058096    0.000000    0.242880 ^ _4853_/A (sg13g2_nand2_1)
     1    0.002844    0.036360    0.050202    0.293082 v _4853_/Y (sg13g2_nand2_1)
                                                         _1903_ (net)
                      0.036360    0.000000    0.293082 v _4860_/A (sg13g2_nand2_1)
     3    0.009436    0.050947    0.053511    0.346593 ^ _4860_/Y (sg13g2_nand2_1)
                                                         _1910_ (net)
                      0.050947    0.000000    0.346593 ^ _4960_/A1 (sg13g2_a21oi_1)
     1    0.001430    0.022598    0.053495    0.400088 v _4960_/Y (sg13g2_a21oi_1)
                                                         _0351_ (net)
                      0.022598    0.000000    0.400088 v u_mac_3.temp_res[3]$_SDFF_PP0_/D (sg13g2_dfrbpq_1)
                                              0.400088   data arrival time

                      0.150000    0.000000    0.000000   clock clk (rise edge)
                                  0.000000    0.000000   clock network delay (ideal)
                                  0.250000    0.250000   clock uncertainty
                                  0.000000    0.250000   clock reconvergence pessimism
                                              0.250000 ^ u_mac_3.temp_res[3]$_SDFF_PP0_/CLK (sg13g2_dfrbpq_1)
                                 -0.008093    0.241907   library hold time
                                              0.241907   data required time
---------------------------------------------------------------------------------------------
                                              0.241907   data required time
                                             -0.400088   data arrival time
---------------------------------------------------------------------------------------------
                                              0.158181   slack (MET)


Startpoint: u_mac_4.temp_res[1]$_SDFF_PP0_
            (rising edge-triggered flip-flop clocked by clk)
Endpoint: u_mac_4.temp_res[2]$_SDFF_PP0_
          (rising edge-triggered flip-flop clocked by clk)
Path Group: clk
Path Type: min

Fanout         Cap        Slew       Delay        Time   Description
---------------------------------------------------------------------------------------------
                      0.150000    0.000000    0.000000   clock clk (rise edge)
                                  0.000000    0.000000   clock network delay (ideal)
                      0.150000    0.000000    0.000000 ^ u_mac_4.temp_res[1]$_SDFF_PP0_/CLK (sg13g2_dfrbpq_1)
     3    0.011663    0.058103    0.242885    0.242885 ^ u_mac_4.temp_res[1]$_SDFF_PP0_/Q (sg13g2_dfrbpq_1)
                                                         u_mac_4.temp_res[1] (net)
                      0.058103    0.000000    0.242885 ^ _5275_/A (sg13g2_nand2_1)
     1    0.002844    0.036361    0.050204    0.293089 v _5275_/Y (sg13g2_nand2_1)
                                                         _2307_ (net)
                      0.036361    0.000000    0.293089 v _5278_/A (sg13g2_nand2_1)
     3    0.009436    0.050948    0.053512    0.346601 ^ _5278_/Y (sg13g2_nand2_1)
                                                         _2310_ (net)
                      0.050948    0.000000    0.346601 ^ _5378_/A1 (sg13g2_a21oi_1)
     1    0.001430    0.022601    0.053495    0.400096 v _5378_/Y (sg13g2_a21oi_1)
                                                         _0368_ (net)
                      0.022601    0.000000    0.400096 v u_mac_4.temp_res[2]$_SDFF_PP0_/D (sg13g2_dfrbpq_1)
                                              0.400096   data arrival time

                      0.150000    0.000000    0.000000   clock clk (rise edge)
                                  0.000000    0.000000   clock network delay (ideal)
                                  0.250000    0.250000   clock uncertainty
                                  0.000000    0.250000   clock reconvergence pessimism
                                              0.250000 ^ u_mac_4.temp_res[2]$_SDFF_PP0_/CLK (sg13g2_dfrbpq_1)
                                 -0.008094    0.241906   library hold time
                                              0.241906   data required time
---------------------------------------------------------------------------------------------
                                              0.241906   data required time
                                             -0.400096   data arrival time
---------------------------------------------------------------------------------------------
                                              0.158190   slack (MET)


Startpoint: u_mac_3.temp_res[10]$_SDFF_PP0_
            (rising edge-triggered flip-flop clocked by clk)
Endpoint: u_mac_3.temp_res[10]$_SDFF_PP0_
          (rising edge-triggered flip-flop clocked by clk)
Path Group: clk
Path Type: min

Fanout         Cap        Slew       Delay        Time   Description
---------------------------------------------------------------------------------------------
                      0.150000    0.000000    0.000000   clock clk (rise edge)
                                  0.000000    0.000000   clock network delay (ideal)
                      0.150000    0.000000    0.000000 ^ u_mac_3.temp_res[10]$_SDFF_PP0_/CLK (sg13g2_dfrbpq_1)
     4    0.011146    0.043624    0.234223    0.234223 v u_mac_3.temp_res[10]$_SDFF_PP0_/Q (sg13g2_dfrbpq_1)
                                                         u_mac_3.temp_res[10] (net)
                      0.043624    0.000000    0.234223 v _4832_/B1 (sg13g2_a21oi_1)
     2    0.004881    0.048832    0.053957    0.288180 ^ _4832_/Y (sg13g2_a21oi_1)
                                                         _1882_ (net)
                      0.048832    0.000000    0.288180 ^ _4833_/B (sg13g2_or2_1)
     1    0.002986    0.023929    0.071278    0.359458 ^ _4833_/X (sg13g2_or2_1)
                                                         _1883_ (net)
                      0.023929    0.000000    0.359458 ^ _4882_/A1 (sg13g2_a21oi_1)
     1    0.001430    0.015741    0.043314    0.402772 v _4882_/Y (sg13g2_a21oi_1)
                                                         _0341_ (net)
                      0.015741    0.000000    0.402772 v u_mac_3.temp_res[10]$_SDFF_PP0_/D (sg13g2_dfrbpq_1)
                                              0.402772   data arrival time

                      0.150000    0.000000    0.000000   clock clk (rise edge)
                                  0.000000    0.000000   clock network delay (ideal)
                                  0.250000    0.250000   clock uncertainty
                                  0.000000    0.250000   clock reconvergence pessimism
                                              0.250000 ^ u_mac_3.temp_res[10]$_SDFF_PP0_/CLK (sg13g2_dfrbpq_1)
                                 -0.005898    0.244102   library hold time
                                              0.244102   data required time
---------------------------------------------------------------------------------------------
                                              0.244102   data required time
                                             -0.402772   data arrival time
---------------------------------------------------------------------------------------------
                                              0.158670   slack (MET)


Startpoint: u_mac_2.temp_res[7]$_SDFF_PP0_
            (rising edge-triggered flip-flop clocked by clk)
Endpoint: u_mac_2.temp_res[7]$_SDFF_PP0_
          (rising edge-triggered flip-flop clocked by clk)
Path Group: clk
Path Type: min

Fanout         Cap        Slew       Delay        Time   Description
---------------------------------------------------------------------------------------------
                      0.150000    0.000000    0.000000   clock clk (rise edge)
                                  0.000000    0.000000   clock network delay (ideal)
                      0.150000    0.000000    0.000000 ^ u_mac_2.temp_res[7]$_SDFF_PP0_/CLK (sg13g2_dfrbpq_1)
     3    0.011436    0.044453    0.234933    0.234933 v u_mac_2.temp_res[7]$_SDFF_PP0_/Q (sg13g2_dfrbpq_1)
                                                         u_mac_2.temp_res[7] (net)
                      0.044453    0.000000    0.234933 v _4464_/A (sg13g2_xnor2_1)
     3    0.008972    0.052027    0.111057    0.345990 ^ _4464_/Y (sg13g2_xnor2_1)
                                                         _1532_ (net)
                      0.052027    0.000000    0.345990 ^ _4561_/A2 (sg13g2_a21oi_1)
     1    0.001430    0.014733    0.057952    0.403941 v _4561_/Y (sg13g2_a21oi_1)
                                                         _0337_ (net)
                      0.014733    0.000000    0.403941 v u_mac_2.temp_res[7]$_SDFF_PP0_/D (sg13g2_dfrbpq_1)
                                              0.403941   data arrival time

                      0.150000    0.000000    0.000000   clock clk (rise edge)
                                  0.000000    0.000000   clock network delay (ideal)
                                  0.250000    0.250000   clock uncertainty
                                  0.000000    0.250000   clock reconvergence pessimism
                                              0.250000 ^ u_mac_2.temp_res[7]$_SDFF_PP0_/CLK (sg13g2_dfrbpq_1)
                                 -0.005575    0.244425   library hold time
                                              0.244425   data required time
---------------------------------------------------------------------------------------------
                                              0.244425   data required time
                                             -0.403941   data arrival time
---------------------------------------------------------------------------------------------
                                              0.159517   slack (MET)


Startpoint: u_mac_2.temp_res[13]$_SDFF_PP0_
            (rising edge-triggered flip-flop clocked by clk)
Endpoint: u_mac_2.temp_res[13]$_SDFF_PP0_
          (rising edge-triggered flip-flop clocked by clk)
Path Group: clk
Path Type: min

Fanout         Cap        Slew       Delay        Time   Description
---------------------------------------------------------------------------------------------
                      0.150000    0.000000    0.000000   clock clk (rise edge)
                                  0.000000    0.000000   clock network delay (ideal)
                      0.150000    0.000000    0.000000 ^ u_mac_2.temp_res[13]$_SDFF_PP0_/CLK (sg13g2_dfrbpq_1)
     3    0.011358    0.044231    0.234743    0.234743 v u_mac_2.temp_res[13]$_SDFF_PP0_/Q (sg13g2_dfrbpq_1)
                                                         u_mac_2.temp_res[13] (net)
                      0.044231    0.000000    0.234743 v _4526_/A (sg13g2_xnor2_1)
     1    0.005067    0.045572    0.075659    0.310402 v _4526_/Y (sg13g2_xnor2_1)
                                                         _1591_ (net)
                      0.045572    0.000000    0.310402 v _4527_/B (sg13g2_xnor2_1)
     1    0.002993    0.028722    0.069001    0.379404 ^ _4527_/Y (sg13g2_xnor2_1)
                                                         _1592_ (net)
                      0.028722    0.000000    0.379404 ^ _4528_/B (sg13g2_nor2_1)
     1    0.001430    0.014633    0.025753    0.405156 v _4528_/Y (sg13g2_nor2_1)
                                                         _0326_ (net)
                      0.014633    0.000000    0.405156 v u_mac_2.temp_res[13]$_SDFF_PP0_/D (sg13g2_dfrbpq_1)
                                              0.405156   data arrival time

                      0.150000    0.000000    0.000000   clock clk (rise edge)
                                  0.000000    0.000000   clock network delay (ideal)
                                  0.250000    0.250000   clock uncertainty
                                  0.000000    0.250000   clock reconvergence pessimism
                                              0.250000 ^ u_mac_2.temp_res[13]$_SDFF_PP0_/CLK (sg13g2_dfrbpq_1)
                                 -0.005543    0.244457   library hold time
                                              0.244457   data required time
---------------------------------------------------------------------------------------------
                                              0.244457   data required time
                                             -0.405156   data arrival time
---------------------------------------------------------------------------------------------
                                              0.160700   slack (MET)


Startpoint: u_mac_2.temp_res[14]$_SDFF_PP0_
            (rising edge-triggered flip-flop clocked by clk)
Endpoint: u_mac_2.temp_res[14]$_SDFF_PP0_
          (rising edge-triggered flip-flop clocked by clk)
Path Group: clk
Path Type: min

Fanout         Cap        Slew       Delay        Time   Description
---------------------------------------------------------------------------------------------
                      0.150000    0.000000    0.000000   clock clk (rise edge)
                                  0.000000    0.000000   clock network delay (ideal)
                      0.150000    0.000000    0.000000 ^ u_mac_2.temp_res[14]$_SDFF_PP0_/CLK (sg13g2_dfrbpq_1)
     3    0.010776    0.042564    0.233315    0.233315 v u_mac_2.temp_res[14]$_SDFF_PP0_/Q (sg13g2_dfrbpq_1)
                                                         u_mac_2.temp_res[14] (net)
                      0.042564    0.000000    0.233315 v _4532_/A (sg13g2_xnor2_1)
     1    0.002816    0.032789    0.065190    0.298505 v _4532_/Y (sg13g2_xnor2_1)
                                                         _1596_ (net)
                      0.032789    0.000000    0.298505 v _4533_/A (sg13g2_inv_1)
     3    0.009914    0.050252    0.051352    0.349857 ^ _4533_/Y (sg13g2_inv_1)
                                                         _1597_ (net)
                      0.050252    0.000000    0.349857 ^ _4537_/A1 (sg13g2_a21oi_1)
     1    0.001430    0.022199    0.053233    0.403090 v _4537_/Y (sg13g2_a21oi_1)
                                                         _0327_ (net)
                      0.022199    0.000000    0.403090 v u_mac_2.temp_res[14]$_SDFF_PP0_/D (sg13g2_dfrbpq_1)
                                              0.403090   data arrival time

                      0.150000    0.000000    0.000000   clock clk (rise edge)
                                  0.000000    0.000000   clock network delay (ideal)
                                  0.250000    0.250000   clock uncertainty
                                  0.000000    0.250000   clock reconvergence pessimism
                                              0.250000 ^ u_mac_2.temp_res[14]$_SDFF_PP0_/CLK (sg13g2_dfrbpq_1)
                                 -0.007965    0.242035   library hold time
                                              0.242035   data required time
---------------------------------------------------------------------------------------------
                                              0.242035   data required time
                                             -0.403090   data arrival time
---------------------------------------------------------------------------------------------
                                              0.161055   slack (MET)


Startpoint: u_mac_1.temp_res[0]$_SDFF_PP0_
            (rising edge-triggered flip-flop clocked by clk)
Endpoint: u_mac_1.temp_res[1]$_SDFF_PP0_
          (rising edge-triggered flip-flop clocked by clk)
Path Group: clk
Path Type: min

Fanout         Cap        Slew       Delay        Time   Description
---------------------------------------------------------------------------------------------
                      0.150000    0.000000    0.000000   clock clk (rise edge)
                                  0.000000    0.000000   clock network delay (ideal)
                      0.150000    0.000000    0.000000 ^ u_mac_1.temp_res[0]$_SDFF_PP0_/CLK (sg13g2_dfrbpq_1)
     3    0.009402    0.038630    0.229944    0.229944 v u_mac_1.temp_res[0]$_SDFF_PP0_/Q (sg13g2_dfrbpq_1)
                                                         u_mac_1.temp_res[0] (net)
                      0.038630    0.000000    0.229944 v _3710_/A (sg13g2_nand2_1)
     3    0.008294    0.046956    0.050806    0.280751 ^ _3710_/Y (sg13g2_nand2_1)
                                                         _0797_ (net)
                      0.046956    0.000000    0.280751 ^ _4143_/A1 (sg13g2_a21oi_1)
     1    0.002236    0.036437    0.055570    0.336321 v _4143_/Y (sg13g2_a21oi_1)
                                                         _1221_ (net)
                      0.036437    0.000000    0.336321 v _4144_/B_N (sg13g2_nor2b_1)
     1    0.001430    0.019662    0.067606    0.403927 v _4144_/Y (sg13g2_nor2b_1)
                                                         _0313_ (net)
                      0.019662    0.000000    0.403927 v u_mac_1.temp_res[1]$_SDFF_PP0_/D (sg13g2_dfrbpq_1)
                                              0.403927   data arrival time

                      0.150000    0.000000    0.000000   clock clk (rise edge)
                                  0.000000    0.000000   clock network delay (ideal)
                                  0.250000    0.250000   clock uncertainty
                                  0.000000    0.250000   clock reconvergence pessimism
                                              0.250000 ^ u_mac_1.temp_res[1]$_SDFF_PP0_/CLK (sg13g2_dfrbpq_1)
                                 -0.007153    0.242847   library hold time
                                              0.242847   data required time
---------------------------------------------------------------------------------------------
                                              0.242847   data required time
                                             -0.403927   data arrival time
---------------------------------------------------------------------------------------------
                                              0.161080   slack (MET)


Startpoint: u_mac_1.temp_res[13]$_SDFF_PP0_
            (rising edge-triggered flip-flop clocked by clk)
Endpoint: u_mac_1.temp_res[13]$_SDFF_PP0_
          (rising edge-triggered flip-flop clocked by clk)
Path Group: clk
Path Type: min

Fanout         Cap        Slew       Delay        Time   Description
---------------------------------------------------------------------------------------------
                      0.150000    0.000000    0.000000   clock clk (rise edge)
                                  0.000000    0.000000   clock network delay (ideal)
                      0.150000    0.000000    0.000000 ^ u_mac_1.temp_res[13]$_SDFF_PP0_/CLK (sg13g2_dfrbpq_1)
     3    0.011683    0.045161    0.235539    0.235539 v u_mac_1.temp_res[13]$_SDFF_PP0_/Q (sg13g2_dfrbpq_1)
                                                         u_mac_1.temp_res[13] (net)
                      0.045161    0.000000    0.235539 v _4121_/A (sg13g2_xnor2_1)
     1    0.005067    0.045588    0.076019    0.311559 v _4121_/Y (sg13g2_xnor2_1)
                                                         _1204_ (net)
                      0.045588    0.000000    0.311559 v _4122_/B (sg13g2_xnor2_1)
     1    0.002993    0.028722    0.069007    0.380566 ^ _4122_/Y (sg13g2_xnor2_1)
                                                         _1205_ (net)
                      0.028722    0.000000    0.380566 ^ _4123_/B (sg13g2_nor2_1)
     1    0.001430    0.014633    0.025753    0.406319 v _4123_/Y (sg13g2_nor2_1)
                                                         _0308_ (net)
                      0.014633    0.000000    0.406319 v u_mac_1.temp_res[13]$_SDFF_PP0_/D (sg13g2_dfrbpq_1)
                                              0.406319   data arrival time

                      0.150000    0.000000    0.000000   clock clk (rise edge)
                                  0.000000    0.000000   clock network delay (ideal)
                                  0.250000    0.250000   clock uncertainty
                                  0.000000    0.250000   clock reconvergence pessimism
                                              0.250000 ^ u_mac_1.temp_res[13]$_SDFF_PP0_/CLK (sg13g2_dfrbpq_1)
                                 -0.005543    0.244457   library hold time
                                              0.244457   data required time
---------------------------------------------------------------------------------------------
                                              0.244457   data required time
                                             -0.406319   data arrival time
---------------------------------------------------------------------------------------------
                                              0.161862   slack (MET)


Startpoint: u_mac_4.temp_res[12]$_SDFF_PP0_
            (rising edge-triggered flip-flop clocked by clk)
Endpoint: u_mac_4.temp_res[12]$_SDFF_PP0_
          (rising edge-triggered flip-flop clocked by clk)
Path Group: clk
Path Type: min

Fanout         Cap        Slew       Delay        Time   Description
---------------------------------------------------------------------------------------------
                      0.150000    0.000000    0.000000   clock clk (rise edge)
                                  0.000000    0.000000   clock network delay (ideal)
                      0.150000    0.000000    0.000000 ^ u_mac_4.temp_res[12]$_SDFF_PP0_/CLK (sg13g2_dfrbpq_1)
     2    0.006000    0.036375    0.226265    0.226265 ^ u_mac_4.temp_res[12]$_SDFF_PP0_/Q (sg13g2_dfrbpq_1)
                                                         u_mac_4.temp_res[12] (net)
                      0.036375    0.000000    0.226265 ^ _5411_/A (sg13g2_inv_1)
     2    0.008658    0.035780    0.044281    0.270546 v _5411_/Y (sg13g2_inv_1)
                                                         _2426_ (net)
                      0.035780    0.000000    0.270546 v _5337_/A (sg13g2_xnor2_1)
     2    0.005919    0.040085    0.089679    0.360225 ^ _5337_/Y (sg13g2_xnor2_1)
                                                         _2367_ (net)
                      0.040085    0.000000    0.360225 ^ _5343_/A1 (sg13g2_a21oi_1)
     1    0.001430    0.014568    0.049402    0.409627 v _5343_/Y (sg13g2_a21oi_1)
                                                         _0361_ (net)
                      0.014568    0.000000    0.409627 v u_mac_4.temp_res[12]$_SDFF_PP0_/D (sg13g2_dfrbpq_1)
                                              0.409627   data arrival time

                      0.150000    0.000000    0.000000   clock clk (rise edge)
                                  0.000000    0.000000   clock network delay (ideal)
                                  0.250000    0.250000   clock uncertainty
                                  0.000000    0.250000   clock reconvergence pessimism
                                              0.250000 ^ u_mac_4.temp_res[12]$_SDFF_PP0_/CLK (sg13g2_dfrbpq_1)
                                 -0.005523    0.244477   library hold time
                                              0.244477   data required time
---------------------------------------------------------------------------------------------
                                              0.244477   data required time
                                             -0.409627   data arrival time
---------------------------------------------------------------------------------------------
                                              0.165150   slack (MET)


Startpoint: u_ctrl.state[1]$_DFF_P_
            (rising edge-triggered flip-flop clocked by clk)
Endpoint: u_ctrl.state[4]$_DFF_P_
          (rising edge-triggered flip-flop clocked by clk)
Path Group: clk
Path Type: min

Fanout         Cap        Slew       Delay        Time   Description
---------------------------------------------------------------------------------------------
                      0.150000    0.000000    0.000000   clock clk (rise edge)
                                  0.000000    0.000000   clock network delay (ideal)
                      0.150000    0.000000    0.000000 ^ u_ctrl.state[1]$_DFF_P_/CLK (sg13g2_dfrbpq_1)
     4    0.011384    0.044304    0.234806    0.234806 v u_ctrl.state[1]$_DFF_P_/Q (sg13g2_dfrbpq_1)
                                                         u_ctrl.state[1] (net)
                      0.044304    0.000000    0.234806 v _5455_/A (sg13g2_and2_1)
     3    0.010567    0.043111    0.091518    0.326324 v _5455_/X (sg13g2_and2_1)
                                                         _2465_ (net)
                      0.043111    0.000000    0.326324 v _5456_/C (sg13g2_and3_1)
     1    0.001430    0.018497    0.082345    0.408669 v _5456_/X (sg13g2_and3_1)
                                                         _0001_ (net)
                      0.018497    0.000000    0.408669 v u_ctrl.state[4]$_DFF_P_/D (sg13g2_dfrbpq_1)
                                              0.408669   data arrival time

                      0.150000    0.000000    0.000000   clock clk (rise edge)
                                  0.000000    0.000000   clock network delay (ideal)
                                  0.250000    0.250000   clock uncertainty
                                  0.000000    0.250000   clock reconvergence pessimism
                                              0.250000 ^ u_ctrl.state[4]$_DFF_P_/CLK (sg13g2_dfrbpq_1)
                                 -0.006780    0.243220   library hold time
                                              0.243220   data required time
---------------------------------------------------------------------------------------------
                                              0.243220   data required time
                                             -0.408669   data arrival time
---------------------------------------------------------------------------------------------
                                              0.165449   slack (MET)


Startpoint: u_mac_1.temp_res[14]$_SDFF_PP0_
            (rising edge-triggered flip-flop clocked by clk)
Endpoint: u_mac_1.temp_res[14]$_SDFF_PP0_
          (rising edge-triggered flip-flop clocked by clk)
Path Group: clk
Path Type: min

Fanout         Cap        Slew       Delay        Time   Description
---------------------------------------------------------------------------------------------
                      0.150000    0.000000    0.000000   clock clk (rise edge)
                                  0.000000    0.000000   clock network delay (ideal)
                      0.150000    0.000000    0.000000 ^ u_mac_1.temp_res[14]$_SDFF_PP0_/CLK (sg13g2_dfrbpq_1)
     3    0.011712    0.045242    0.235609    0.235609 v u_mac_1.temp_res[14]$_SDFF_PP0_/Q (sg13g2_dfrbpq_1)
                                                         u_mac_1.temp_res[14] (net)
                      0.045242    0.000000    0.235609 v _4128_/A (sg13g2_xnor2_1)
     3    0.009914    0.055656    0.116970    0.352580 ^ _4128_/Y (sg13g2_xnor2_1)
                                                         _1210_ (net)
                      0.055656    0.000000    0.352580 ^ _4132_/A1 (sg13g2_a21oi_1)
     1    0.001430    0.022665    0.055269    0.407849 v _4132_/Y (sg13g2_a21oi_1)
                                                         _0309_ (net)
                      0.022665    0.000000    0.407849 v u_mac_1.temp_res[14]$_SDFF_PP0_/D (sg13g2_dfrbpq_1)
                                              0.407849   data arrival time

                      0.150000    0.000000    0.000000   clock clk (rise edge)
                                  0.000000    0.000000   clock network delay (ideal)
                                  0.250000    0.250000   clock uncertainty
                                  0.000000    0.250000   clock reconvergence pessimism
                                              0.250000 ^ u_mac_1.temp_res[14]$_SDFF_PP0_/CLK (sg13g2_dfrbpq_1)
                                 -0.008114    0.241886   library hold time
                                              0.241886   data required time
---------------------------------------------------------------------------------------------
                                              0.241886   data required time
                                             -0.407849   data arrival time
---------------------------------------------------------------------------------------------
                                              0.165963   slack (MET)


Startpoint: u_mac_3.temp_res[4]$_SDFF_PP0_
            (rising edge-triggered flip-flop clocked by clk)
Endpoint: u_mac_3.temp_res[5]$_SDFF_PP0_
          (rising edge-triggered flip-flop clocked by clk)
Path Group: clk
Path Type: min

Fanout         Cap        Slew       Delay        Time   Description
---------------------------------------------------------------------------------------------
                      0.150000    0.000000    0.000000   clock clk (rise edge)
                                  0.000000    0.000000   clock network delay (ideal)
                      0.150000    0.000000    0.000000 ^ u_mac_3.temp_res[4]$_SDFF_PP0_/CLK (sg13g2_dfrbpq_1)
     3    0.011385    0.044306    0.234807    0.234807 v u_mac_3.temp_res[4]$_SDFF_PP0_/Q (sg13g2_dfrbpq_1)
                                                         u_mac_3.temp_res[4] (net)
                      0.044306    0.000000    0.234807 v _4849_/A (sg13g2_nand2_1)
     1    0.003300    0.028893    0.036953    0.271760 ^ _4849_/Y (sg13g2_nand2_1)
                                                         _1899_ (net)
                      0.028893    0.000000    0.271760 ^ _4864_/B1 (sg13g2_o21ai_1)
     2    0.005085    0.043651    0.051031    0.322792 v _4864_/Y (sg13g2_o21ai_1)
                                                         _1914_ (net)
                      0.043651    0.000000    0.322792 v _4963_/A (sg13g2_nor2b_1)
     1    0.002976    0.043931    0.054750    0.377541 ^ _4963_/Y (sg13g2_nor2b_1)
                                                         _2001_ (net)
                      0.043931    0.000000    0.377541 ^ _4964_/C (sg13g2_nor3_1)
     1    0.001430    0.019395    0.032604    0.410145 v _4964_/Y (sg13g2_nor3_1)
                                                         _0353_ (net)
                      0.019395    0.000000    0.410145 v u_mac_3.temp_res[5]$_SDFF_PP0_/D (sg13g2_dfrbpq_1)
                                              0.410145   data arrival time

                      0.150000    0.000000    0.000000   clock clk (rise edge)
                                  0.000000    0.000000   clock network delay (ideal)
                                  0.250000    0.250000   clock uncertainty
                                  0.000000    0.250000   clock reconvergence pessimism
                                              0.250000 ^ u_mac_3.temp_res[5]$_SDFF_PP0_/CLK (sg13g2_dfrbpq_1)
                                 -0.007068    0.242932   library hold time
                                              0.242932   data required time
---------------------------------------------------------------------------------------------
                                              0.242932   data required time
                                             -0.410145   data arrival time
---------------------------------------------------------------------------------------------
                                              0.167213   slack (MET)


Startpoint: u_ctrl.input_cnt[4]$_SDFFE_PP0P_
            (rising edge-triggered flip-flop clocked by clk)
Endpoint: u_ctrl.input_cnt[4]$_SDFFE_PP0P_
          (rising edge-triggered flip-flop clocked by clk)
Path Group: clk
Path Type: min

Fanout         Cap        Slew       Delay        Time   Description
---------------------------------------------------------------------------------------------
                      0.150000    0.000000    0.000000   clock clk (rise edge)
                                  0.000000    0.000000   clock network delay (ideal)
                      0.150000    0.000000    0.000000 ^ u_ctrl.input_cnt[4]$_SDFFE_PP0P_/CLK (sg13g2_dfrbpq_1)
    14    0.040371    0.171085    0.324552    0.324552 ^ u_ctrl.input_cnt[4]$_SDFFE_PP0P_/Q (sg13g2_dfrbpq_1)
                                                         u_ctrl.input_cnt[4] (net)
                      0.171085    0.000000    0.324552 ^ _5659_/A1 (sg13g2_a21oi_1)
     1    0.001430    0.019481    0.088590    0.413143 v _5659_/Y (sg13g2_a21oi_1)
                                                         _0035_ (net)
                      0.019481    0.000000    0.413143 v u_ctrl.input_cnt[4]$_SDFFE_PP0P_/D (sg13g2_dfrbpq_1)
                                              0.413143   data arrival time

                      0.150000    0.000000    0.000000   clock clk (rise edge)
                                  0.000000    0.000000   clock network delay (ideal)
                                  0.250000    0.250000   clock uncertainty
                                  0.000000    0.250000   clock reconvergence pessimism
                                              0.250000 ^ u_ctrl.input_cnt[4]$_SDFFE_PP0P_/CLK (sg13g2_dfrbpq_1)
                                 -0.007095    0.242905   library hold time
                                              0.242905   data required time
---------------------------------------------------------------------------------------------
                                              0.242905   data required time
                                             -0.413143   data arrival time
---------------------------------------------------------------------------------------------
                                              0.170238   slack (MET)


Startpoint: u_mac_3.temp_res[4]$_SDFF_PP0_
            (rising edge-triggered flip-flop clocked by clk)
Endpoint: u_mac_3.temp_res[4]$_SDFF_PP0_
          (rising edge-triggered flip-flop clocked by clk)
Path Group: clk
Path Type: min

Fanout         Cap        Slew       Delay        Time   Description
---------------------------------------------------------------------------------------------
                      0.150000    0.000000    0.000000   clock clk (rise edge)
                                  0.000000    0.000000   clock network delay (ideal)
                      0.150000    0.000000    0.000000 ^ u_mac_3.temp_res[4]$_SDFF_PP0_/CLK (sg13g2_dfrbpq_1)
     3    0.011385    0.044306    0.234807    0.234807 v u_mac_3.temp_res[4]$_SDFF_PP0_/Q (sg13g2_dfrbpq_1)
                                                         u_mac_3.temp_res[4] (net)
                      0.044306    0.000000    0.234807 v _4863_/A (sg13g2_xnor2_1)
     3    0.010151    0.056540    0.118029    0.352836 ^ _4863_/Y (sg13g2_xnor2_1)
                                                         _1913_ (net)
                      0.056540    0.000000    0.352836 ^ _4962_/A2 (sg13g2_a21oi_1)
     1    0.001430    0.022214    0.059627    0.412463 v _4962_/Y (sg13g2_a21oi_1)
                                                         _0352_ (net)
                      0.022214    0.000000    0.412463 v u_mac_3.temp_res[4]$_SDFF_PP0_/D (sg13g2_dfrbpq_1)
                                              0.412463   data arrival time

                      0.150000    0.000000    0.000000   clock clk (rise edge)
                                  0.000000    0.000000   clock network delay (ideal)
                                  0.250000    0.250000   clock uncertainty
                                  0.000000    0.250000   clock reconvergence pessimism
                                              0.250000 ^ u_mac_3.temp_res[4]$_SDFF_PP0_/CLK (sg13g2_dfrbpq_1)
                                 -0.007970    0.242030   library hold time
                                              0.242030   data required time
---------------------------------------------------------------------------------------------
                                              0.242030   data required time
                                             -0.412463   data arrival time
---------------------------------------------------------------------------------------------
                                              0.170433   slack (MET)


Startpoint: u_mac_3.temp_res[7]$_SDFF_PP0_
            (rising edge-triggered flip-flop clocked by clk)
Endpoint: u_mac_3.temp_res[7]$_SDFF_PP0_
          (rising edge-triggered flip-flop clocked by clk)
Path Group: clk
Path Type: min

Fanout         Cap        Slew       Delay        Time   Description
---------------------------------------------------------------------------------------------
                      0.150000    0.000000    0.000000   clock clk (rise edge)
                                  0.000000    0.000000   clock network delay (ideal)
                      0.150000    0.000000    0.000000 ^ u_mac_3.temp_res[7]$_SDFF_PP0_/CLK (sg13g2_dfrbpq_1)
     3    0.011385    0.044306    0.234807    0.234807 v u_mac_3.temp_res[7]$_SDFF_PP0_/Q (sg13g2_dfrbpq_1)
                                                         u_mac_3.temp_res[7] (net)
                      0.044306    0.000000    0.234807 v _4872_/A (sg13g2_xnor2_1)
     3    0.010151    0.056540    0.118029    0.352836 ^ _4872_/Y (sg13g2_xnor2_1)
                                                         _1922_ (net)
                      0.056540    0.000000    0.352836 ^ _4968_/A2 (sg13g2_a21oi_1)
     1    0.001430    0.022238    0.059627    0.412463 v _4968_/Y (sg13g2_a21oi_1)
                                                         _0355_ (net)
                      0.022238    0.000000    0.412463 v u_mac_3.temp_res[7]$_SDFF_PP0_/D (sg13g2_dfrbpq_1)
                                              0.412463   data arrival time

                      0.150000    0.000000    0.000000   clock clk (rise edge)
                                  0.000000    0.000000   clock network delay (ideal)
                                  0.250000    0.250000   clock uncertainty
                                  0.000000    0.250000   clock reconvergence pessimism
                                              0.250000 ^ u_mac_3.temp_res[7]$_SDFF_PP0_/CLK (sg13g2_dfrbpq_1)
                                 -0.007977    0.242023   library hold time
                                              0.242023   data required time
---------------------------------------------------------------------------------------------
                                              0.242023   data required time
                                             -0.412463   data arrival time
---------------------------------------------------------------------------------------------
                                              0.170441   slack (MET)


Startpoint: u_mac_2.temp_res[3]$_SDFF_PP0_
            (rising edge-triggered flip-flop clocked by clk)
Endpoint: u_mac_2.temp_res[3]$_SDFF_PP0_
          (rising edge-triggered flip-flop clocked by clk)
Path Group: clk
Path Type: min

Fanout         Cap        Slew       Delay        Time   Description
---------------------------------------------------------------------------------------------
                      0.150000    0.000000    0.000000   clock clk (rise edge)
                                  0.000000    0.000000   clock network delay (ideal)
                      0.150000    0.000000    0.000000 ^ u_mac_2.temp_res[3]$_SDFF_PP0_/CLK (sg13g2_dfrbpq_1)
     3    0.011475    0.044564    0.235028    0.235028 v u_mac_2.temp_res[3]$_SDFF_PP0_/Q (sg13g2_dfrbpq_1)
                                                         u_mac_2.temp_res[3] (net)
                      0.044564    0.000000    0.235028 v _4452_/A (sg13g2_xnor2_1)
     3    0.010151    0.056534    0.118126    0.353154 ^ _4452_/Y (sg13g2_xnor2_1)
                                                         _1520_ (net)
                      0.056534    0.000000    0.353154 ^ _4553_/A2 (sg13g2_a21oi_1)
     1    0.001430    0.022242    0.059625    0.412779 v _4553_/Y (sg13g2_a21oi_1)
                                                         _0333_ (net)
                      0.022242    0.000000    0.412779 v u_mac_2.temp_res[3]$_SDFF_PP0_/D (sg13g2_dfrbpq_1)
                                              0.412779   data arrival time

                      0.150000    0.000000    0.000000   clock clk (rise edge)
                                  0.000000    0.000000   clock network delay (ideal)
                                  0.250000    0.250000   clock uncertainty
                                  0.000000    0.250000   clock reconvergence pessimism
                                              0.250000 ^ u_mac_2.temp_res[3]$_SDFF_PP0_/CLK (sg13g2_dfrbpq_1)
                                 -0.007979    0.242021   library hold time
                                              0.242021   data required time
---------------------------------------------------------------------------------------------
                                              0.242021   data required time
                                             -0.412779   data arrival time
---------------------------------------------------------------------------------------------
                                              0.170758   slack (MET)


Startpoint: u_mac_4.temp_res[3]$_SDFF_PP0_
            (rising edge-triggered flip-flop clocked by clk)
Endpoint: u_mac_4.temp_res[3]$_SDFF_PP0_
          (rising edge-triggered flip-flop clocked by clk)
Path Group: clk
Path Type: min

Fanout         Cap        Slew       Delay        Time   Description
---------------------------------------------------------------------------------------------
                      0.150000    0.000000    0.000000   clock clk (rise edge)
                                  0.000000    0.000000   clock network delay (ideal)
                      0.150000    0.000000    0.000000 ^ u_mac_4.temp_res[3]$_SDFF_PP0_/CLK (sg13g2_dfrbpq_1)
     3    0.011559    0.044806    0.235236    0.235236 v u_mac_4.temp_res[3]$_SDFF_PP0_/Q (sg13g2_dfrbpq_1)
                                                         u_mac_4.temp_res[3] (net)
                      0.044806    0.000000    0.235236 v _5281_/A (sg13g2_xnor2_1)
     3    0.010151    0.056540    0.118217    0.353453 ^ _5281_/Y (sg13g2_xnor2_1)
                                                         _2313_ (net)
                      0.056540    0.000000    0.353453 ^ _5380_/A2 (sg13g2_a21oi_1)
     1    0.001430    0.022257    0.059627    0.413080 v _5380_/Y (sg13g2_a21oi_1)
                                                         _0369_ (net)
                      0.022257    0.000000    0.413080 v u_mac_4.temp_res[3]$_SDFF_PP0_/D (sg13g2_dfrbpq_1)
                                              0.413080   data arrival time

                      0.150000    0.000000    0.000000   clock clk (rise edge)
                                  0.000000    0.000000   clock network delay (ideal)
                                  0.250000    0.250000   clock uncertainty
                                  0.000000    0.250000   clock reconvergence pessimism
                                              0.250000 ^ u_mac_4.temp_res[3]$_SDFF_PP0_/CLK (sg13g2_dfrbpq_1)
                                 -0.007984    0.242016   library hold time
                                              0.242016   data required time
---------------------------------------------------------------------------------------------
                                              0.242016   data required time
                                             -0.413080   data arrival time
---------------------------------------------------------------------------------------------
                                              0.171064   slack (MET)


Startpoint: u_mac_1.temp_res[5]$_SDFF_PP0_
            (rising edge-triggered flip-flop clocked by clk)
Endpoint: u_mac_1.temp_res[5]$_SDFF_PP0_
          (rising edge-triggered flip-flop clocked by clk)
Path Group: clk
Path Type: min

Fanout         Cap        Slew       Delay        Time   Description
---------------------------------------------------------------------------------------------
                      0.150000    0.000000    0.000000   clock clk (rise edge)
                                  0.000000    0.000000   clock network delay (ideal)
                      0.150000    0.000000    0.000000 ^ u_mac_1.temp_res[5]$_SDFF_PP0_/CLK (sg13g2_dfrbpq_1)
     3    0.011712    0.045242    0.235609    0.235609 v u_mac_1.temp_res[5]$_SDFF_PP0_/Q (sg13g2_dfrbpq_1)
                                                         u_mac_1.temp_res[5] (net)
                      0.045242    0.000000    0.235609 v _4049_/A (sg13g2_xnor2_1)
     3    0.010151    0.056562    0.118382    0.353991 ^ _4049_/Y (sg13g2_xnor2_1)
                                                         _1135_ (net)
                      0.056562    0.000000    0.353991 ^ _4153_/A2 (sg13g2_a21oi_1)
     1    0.001430    0.022216    0.059636    0.413627 v _4153_/Y (sg13g2_a21oi_1)
                                                         _0317_ (net)
                      0.022216    0.000000    0.413627 v u_mac_1.temp_res[5]$_SDFF_PP0_/D (sg13g2_dfrbpq_1)
                                              0.413627   data arrival time

                      0.150000    0.000000    0.000000   clock clk (rise edge)
                                  0.000000    0.000000   clock network delay (ideal)
                                  0.250000    0.250000   clock uncertainty
                                  0.000000    0.250000   clock reconvergence pessimism
                                              0.250000 ^ u_mac_1.temp_res[5]$_SDFF_PP0_/CLK (sg13g2_dfrbpq_1)
                                 -0.007970    0.242030   library hold time
                                              0.242030   data required time
---------------------------------------------------------------------------------------------
                                              0.242030   data required time
                                             -0.413627   data arrival time
---------------------------------------------------------------------------------------------
                                              0.171597   slack (MET)


Startpoint: u_mac_1.temp_res[7]$_SDFF_PP0_
            (rising edge-triggered flip-flop clocked by clk)
Endpoint: u_mac_1.temp_res[7]$_SDFF_PP0_
          (rising edge-triggered flip-flop clocked by clk)
Path Group: clk
Path Type: min

Fanout         Cap        Slew       Delay        Time   Description
---------------------------------------------------------------------------------------------
                      0.150000    0.000000    0.000000   clock clk (rise edge)
                                  0.000000    0.000000   clock network delay (ideal)
                      0.150000    0.000000    0.000000 ^ u_mac_1.temp_res[7]$_SDFF_PP0_/CLK (sg13g2_dfrbpq_1)
     3    0.011712    0.045242    0.235609    0.235609 v u_mac_1.temp_res[7]$_SDFF_PP0_/Q (sg13g2_dfrbpq_1)
                                                         u_mac_1.temp_res[7] (net)
                      0.045242    0.000000    0.235609 v _4053_/A (sg13g2_xnor2_1)
     3    0.010151    0.056562    0.118382    0.353991 ^ _4053_/Y (sg13g2_xnor2_1)
                                                         _1139_ (net)
                      0.056562    0.000000    0.353991 ^ _4157_/A2 (sg13g2_a21oi_1)
     1    0.001430    0.022216    0.059636    0.413627 v _4157_/Y (sg13g2_a21oi_1)
                                                         _0319_ (net)
                      0.022216    0.000000    0.413627 v u_mac_1.temp_res[7]$_SDFF_PP0_/D (sg13g2_dfrbpq_1)
                                              0.413627   data arrival time

                      0.150000    0.000000    0.000000   clock clk (rise edge)
                                  0.000000    0.000000   clock network delay (ideal)
                                  0.250000    0.250000   clock uncertainty
                                  0.000000    0.250000   clock reconvergence pessimism
                                              0.250000 ^ u_mac_1.temp_res[7]$_SDFF_PP0_/CLK (sg13g2_dfrbpq_1)
                                 -0.007970    0.242030   library hold time
                                              0.242030   data required time
---------------------------------------------------------------------------------------------
                                              0.242030   data required time
                                             -0.413627   data arrival time
---------------------------------------------------------------------------------------------
                                              0.171597   slack (MET)


Startpoint: u_mac_1.temp_res[5]$_SDFF_PP0_
            (rising edge-triggered flip-flop clocked by clk)
Endpoint: u_mac_1.temp_res[6]$_SDFF_PP0_
          (rising edge-triggered flip-flop clocked by clk)
Path Group: clk
Path Type: min

Fanout         Cap        Slew       Delay        Time   Description
---------------------------------------------------------------------------------------------
                      0.150000    0.000000    0.000000   clock clk (rise edge)
                                  0.000000    0.000000   clock network delay (ideal)
                      0.150000    0.000000    0.000000 ^ u_mac_1.temp_res[5]$_SDFF_PP0_/CLK (sg13g2_dfrbpq_1)
     3    0.012047    0.059574    0.244011    0.244011 ^ u_mac_1.temp_res[5]$_SDFF_PP0_/Q (sg13g2_dfrbpq_1)
                                                         u_mac_1.temp_res[5] (net)
                      0.059574    0.000000    0.244011 ^ _4029_/A (sg13g2_nand2_1)
     1    0.003120    0.033399    0.051939    0.295950 v _4029_/Y (sg13g2_nand2_1)
                                                         _1115_ (net)
                      0.033399    0.000000    0.295950 v _4050_/B1 (sg13g2_o21ai_1)
     3    0.009436    0.059140    0.061369    0.357319 ^ _4050_/Y (sg13g2_o21ai_1)
                                                         _1136_ (net)
                      0.059140    0.000000    0.357319 ^ _4155_/A1 (sg13g2_a21oi_1)
     1    0.001430    0.022623    0.056582    0.413901 v _4155_/Y (sg13g2_a21oi_1)
                                                         _0318_ (net)
                      0.022623    0.000000    0.413901 v u_mac_1.temp_res[6]$_SDFF_PP0_/D (sg13g2_dfrbpq_1)
                                              0.413901   data arrival time

                      0.150000    0.000000    0.000000   clock clk (rise edge)
                                  0.000000    0.000000   clock network delay (ideal)
                                  0.250000    0.250000   clock uncertainty
                                  0.000000    0.250000   clock reconvergence pessimism
                                              0.250000 ^ u_mac_1.temp_res[6]$_SDFF_PP0_/CLK (sg13g2_dfrbpq_1)
                                 -0.008101    0.241899   library hold time
                                              0.241899   data required time
---------------------------------------------------------------------------------------------
                                              0.241899   data required time
                                             -0.413901   data arrival time
---------------------------------------------------------------------------------------------
                                              0.172002   slack (MET)


Startpoint: u_mac_3.temp_res[9]$_SDFF_PP0_
            (rising edge-triggered flip-flop clocked by clk)
Endpoint: u_mac_3.temp_res[9]$_SDFF_PP0_
          (rising edge-triggered flip-flop clocked by clk)
Path Group: clk
Path Type: min

Fanout         Cap        Slew       Delay        Time   Description
---------------------------------------------------------------------------------------------
                      0.150000    0.000000    0.000000   clock clk (rise edge)
                                  0.000000    0.000000   clock network delay (ideal)
                      0.150000    0.000000    0.000000 ^ u_mac_3.temp_res[9]$_SDFF_PP0_/CLK (sg13g2_dfrbpq_1)
     4    0.014602    0.053516    0.242697    0.242697 v u_mac_3.temp_res[9]$_SDFF_PP0_/Q (sg13g2_dfrbpq_1)
                                                         u_mac_3.temp_res[9] (net)
                      0.053516    0.000000    0.242697 v _4971_/A (sg13g2_xnor2_1)
     1    0.005067    0.045738    0.079253    0.321950 v _4971_/Y (sg13g2_xnor2_1)
                                                         _2005_ (net)
                      0.045738    0.000000    0.321950 v _4972_/B (sg13g2_xnor2_1)
     1    0.002993    0.028930    0.069063    0.391013 ^ _4972_/Y (sg13g2_xnor2_1)
                                                         _2006_ (net)
                      0.028930    0.000000    0.391013 ^ _4973_/B (sg13g2_nor2_1)
     1    0.001430    0.014673    0.025811    0.416823 v _4973_/Y (sg13g2_nor2_1)
                                                         _0357_ (net)
                      0.014673    0.000000    0.416823 v u_mac_3.temp_res[9]$_SDFF_PP0_/D (sg13g2_dfrbpq_1)
                                              0.416823   data arrival time

                      0.150000    0.000000    0.000000   clock clk (rise edge)
                                  0.000000    0.000000   clock network delay (ideal)
                                  0.250000    0.250000   clock uncertainty
                                  0.000000    0.250000   clock reconvergence pessimism
                                              0.250000 ^ u_mac_3.temp_res[9]$_SDFF_PP0_/CLK (sg13g2_dfrbpq_1)
                                 -0.005556    0.244444   library hold time
                                              0.244444   data required time
---------------------------------------------------------------------------------------------
                                              0.244444   data required time
                                             -0.416823   data arrival time
---------------------------------------------------------------------------------------------
                                              0.172379   slack (MET)


Startpoint: u_mac_3.temp_res[12]$_SDFF_PP0_
            (rising edge-triggered flip-flop clocked by clk)
Endpoint: u_mac_3.temp_res[13]$_SDFF_PP0_
          (rising edge-triggered flip-flop clocked by clk)
Path Group: clk
Path Type: min

Fanout         Cap        Slew       Delay        Time   Description
---------------------------------------------------------------------------------------------
                      0.150000    0.000000    0.000000   clock clk (rise edge)
                                  0.000000    0.000000   clock network delay (ideal)
                      0.150000    0.000000    0.000000 ^ u_mac_3.temp_res[12]$_SDFF_PP0_/CLK (sg13g2_dfrbpq_1)
     4    0.014901    0.070523    0.252386    0.252386 ^ u_mac_3.temp_res[12]$_SDFF_PP0_/Q (sg13g2_dfrbpq_1)
                                                         u_mac_3.temp_res[12] (net)
                      0.070523    0.000000    0.252386 ^ _4917_/A (sg13g2_nand2_1)
     1    0.002844    0.038688    0.054077    0.306463 v _4917_/Y (sg13g2_nand2_1)
                                                         _1965_ (net)
                      0.038688    0.000000    0.306463 v _4923_/A (sg13g2_nand2_1)
     3    0.009436    0.051371    0.054381    0.360844 ^ _4923_/Y (sg13g2_nand2_1)
                                                         _1970_ (net)
                      0.051371    0.000000    0.360844 ^ _4937_/A1 (sg13g2_a21oi_1)
     1    0.001430    0.022246    0.053654    0.414498 v _4937_/Y (sg13g2_a21oi_1)
                                                         _0344_ (net)
                      0.022246    0.000000    0.414498 v u_mac_3.temp_res[13]$_SDFF_PP0_/D (sg13g2_dfrbpq_1)
                                              0.414498   data arrival time

                      0.150000    0.000000    0.000000   clock clk (rise edge)
                                  0.000000    0.000000   clock network delay (ideal)
                                  0.250000    0.250000   clock uncertainty
                                  0.000000    0.250000   clock reconvergence pessimism
                                              0.250000 ^ u_mac_3.temp_res[13]$_SDFF_PP0_/CLK (sg13g2_dfrbpq_1)
                                 -0.007980    0.242020   library hold time
                                              0.242020   data required time
---------------------------------------------------------------------------------------------
                                              0.242020   data required time
                                             -0.414498   data arrival time
---------------------------------------------------------------------------------------------
                                              0.172478   slack (MET)


Startpoint: u_mac_4.temp_res[9]$_SDFF_PP0_
            (rising edge-triggered flip-flop clocked by clk)
Endpoint: u_mac_4.temp_res[9]$_SDFF_PP0_
          (rising edge-triggered flip-flop clocked by clk)
Path Group: clk
Path Type: min

Fanout         Cap        Slew       Delay        Time   Description
---------------------------------------------------------------------------------------------
                      0.150000    0.000000    0.000000   clock clk (rise edge)
                                  0.000000    0.000000   clock network delay (ideal)
                      0.150000    0.000000    0.000000 ^ u_mac_4.temp_res[9]$_SDFF_PP0_/CLK (sg13g2_dfrbpq_1)
     4    0.014865    0.054269    0.243342    0.243342 v u_mac_4.temp_res[9]$_SDFF_PP0_/Q (sg13g2_dfrbpq_1)
                                                         u_mac_4.temp_res[9] (net)
                      0.054269    0.000000    0.243342 v _5391_/A (sg13g2_xor2_1)
     2    0.006623    0.076039    0.105449    0.348791 ^ _5391_/X (sg13g2_xor2_1)
                                                         _2407_ (net)
                      0.076039    0.000000    0.348791 ^ _5393_/A2 (sg13g2_a21oi_1)
     1    0.001430    0.022404    0.066868    0.415658 v _5393_/Y (sg13g2_a21oi_1)
                                                         _0375_ (net)
                      0.022404    0.000000    0.415658 v u_mac_4.temp_res[9]$_SDFF_PP0_/D (sg13g2_dfrbpq_1)
                                              0.415658   data arrival time

                      0.150000    0.000000    0.000000   clock clk (rise edge)
                                  0.000000    0.000000   clock network delay (ideal)
                                  0.250000    0.250000   clock uncertainty
                                  0.000000    0.250000   clock reconvergence pessimism
                                              0.250000 ^ u_mac_4.temp_res[9]$_SDFF_PP0_/CLK (sg13g2_dfrbpq_1)
                                 -0.008031    0.241969   library hold time
                                              0.241969   data required time
---------------------------------------------------------------------------------------------
                                              0.241969   data required time
                                             -0.415658   data arrival time
---------------------------------------------------------------------------------------------
                                              0.173689   slack (MET)


Startpoint: u_ctrl.state[1]$_DFF_P_
            (rising edge-triggered flip-flop clocked by clk)
Endpoint: u_ctrl.state[2]$_DFF_P_
          (rising edge-triggered flip-flop clocked by clk)
Path Group: clk
Path Type: min

Fanout         Cap        Slew       Delay        Time   Description
---------------------------------------------------------------------------------------------
                      0.150000    0.000000    0.000000   clock clk (rise edge)
                                  0.000000    0.000000   clock network delay (ideal)
                      0.150000    0.000000    0.000000 ^ u_ctrl.state[1]$_DFF_P_/CLK (sg13g2_dfrbpq_1)
     4    0.011384    0.044304    0.234806    0.234806 v u_ctrl.state[1]$_DFF_P_/Q (sg13g2_dfrbpq_1)
                                                         u_ctrl.state[1] (net)
                      0.044304    0.000000    0.234806 v _5399_/A (sg13g2_inv_1)
     1    0.003464    0.027596    0.034833    0.269639 ^ _5399_/Y (sg13g2_inv_1)
                                                         _2414_ (net)
                      0.027596    0.000000    0.269639 ^ _5450_/A1 (sg13g2_o21ai_1)
     1    0.002778    0.031376    0.057063    0.326702 v _5450_/Y (sg13g2_o21ai_1)
                                                         _2462_ (net)
                      0.031376    0.000000    0.326702 v _5451_/C1 (sg13g2_a221oi_1)
     1    0.002993    0.055119    0.056873    0.383575 ^ _5451_/Y (sg13g2_a221oi_1)
                                                         _2463_ (net)
                      0.055119    0.000000    0.383575 ^ _5452_/B (sg13g2_nor2_1)
     1    0.001430    0.019727    0.033108    0.416683 v _5452_/Y (sg13g2_nor2_1)
                                                         _0003_ (net)
                      0.019727    0.000000    0.416683 v u_ctrl.state[2]$_DFF_P_/D (sg13g2_dfrbpq_1)
                                              0.416683   data arrival time

                      0.150000    0.000000    0.000000   clock clk (rise edge)
                                  0.000000    0.000000   clock network delay (ideal)
                                  0.250000    0.250000   clock uncertainty
                                  0.000000    0.250000   clock reconvergence pessimism
                                              0.250000 ^ u_ctrl.state[2]$_DFF_P_/CLK (sg13g2_dfrbpq_1)
                                 -0.007174    0.242826   library hold time
                                              0.242826   data required time
---------------------------------------------------------------------------------------------
                                              0.242826   data required time
                                             -0.416683   data arrival time
---------------------------------------------------------------------------------------------
                                              0.173857   slack (MET)


Startpoint: u_ctrl.input_cnt[3]$_SDFFE_PP0P_
            (rising edge-triggered flip-flop clocked by clk)
Endpoint: u_ctrl.input_cnt[3]$_SDFFE_PP0P_
          (rising edge-triggered flip-flop clocked by clk)
Path Group: clk
Path Type: min

Fanout         Cap        Slew       Delay        Time   Description
---------------------------------------------------------------------------------------------
                      0.150000    0.000000    0.000000   clock clk (rise edge)
                                  0.000000    0.000000   clock network delay (ideal)
                      0.150000    0.000000    0.000000 ^ u_ctrl.input_cnt[3]$_SDFFE_PP0P_/CLK (sg13g2_dfrbpq_1)
    10    0.028755    0.094617    0.276196    0.276196 v u_ctrl.input_cnt[3]$_SDFFE_PP0P_/Q (sg13g2_dfrbpq_1)
                                                         u_ctrl.input_cnt[3] (net)
                      0.094617    0.000000    0.276196 v _5656_/A1 (sg13g2_o21ai_1)
     1    0.002993    0.053526    0.108910    0.385105 ^ _5656_/Y (sg13g2_o21ai_1)
                                                         _0425_ (net)
                      0.053526    0.000000    0.385105 ^ _5657_/B (sg13g2_nor2_1)
     1    0.001430    0.019419    0.032664    0.417769 v _5657_/Y (sg13g2_nor2_1)
                                                         _0034_ (net)
                      0.019419    0.000000    0.417769 v u_ctrl.input_cnt[3]$_SDFFE_PP0P_/D (sg13g2_dfrbpq_1)
                                              0.417769   data arrival time

                      0.150000    0.000000    0.000000   clock clk (rise edge)
                                  0.000000    0.000000   clock network delay (ideal)
                                  0.250000    0.250000   clock uncertainty
                                  0.000000    0.250000   clock reconvergence pessimism
                                              0.250000 ^ u_ctrl.input_cnt[3]$_SDFFE_PP0P_/CLK (sg13g2_dfrbpq_1)
                                 -0.007075    0.242925   library hold time
                                              0.242925   data required time
---------------------------------------------------------------------------------------------
                                              0.242925   data required time
                                             -0.417769   data arrival time
---------------------------------------------------------------------------------------------
                                              0.174844   slack (MET)


Startpoint: u_ctrl.state[1]$_DFF_P_
            (rising edge-triggered flip-flop clocked by clk)
Endpoint: u_ctrl.col_j[1]$_SDFFE_PP0P_
          (rising edge-triggered flip-flop clocked by clk)
Path Group: clk
Path Type: min

Fanout         Cap        Slew       Delay        Time   Description
---------------------------------------------------------------------------------------------
                      0.150000    0.000000    0.000000   clock clk (rise edge)
                                  0.000000    0.000000   clock network delay (ideal)
                      0.150000    0.000000    0.000000 ^ u_ctrl.state[1]$_DFF_P_/CLK (sg13g2_dfrbpq_1)
     4    0.011384    0.044304    0.234806    0.234806 v u_ctrl.state[1]$_DFF_P_/Q (sg13g2_dfrbpq_1)
                                                         u_ctrl.state[1] (net)
                      0.044304    0.000000    0.234806 v _5455_/A (sg13g2_and2_1)
     3    0.010567    0.043111    0.091518    0.326324 v _5455_/X (sg13g2_and2_1)
                                                         _2465_ (net)
                      0.043111    0.000000    0.326324 v _5647_/B (sg13g2_xnor2_1)
     1    0.002993    0.029552    0.068087    0.394410 ^ _5647_/Y (sg13g2_xnor2_1)
                                                         _0421_ (net)
                      0.029552    0.000000    0.394410 ^ _5648_/B (sg13g2_nor2_1)
     1    0.001430    0.014793    0.025984    0.420395 v _5648_/Y (sg13g2_nor2_1)
                                                         _0029_ (net)
                      0.014793    0.000000    0.420395 v u_ctrl.col_j[1]$_SDFFE_PP0P_/D (sg13g2_dfrbpq_1)
                                              0.420395   data arrival time

                      0.150000    0.000000    0.000000   clock clk (rise edge)
                                  0.000000    0.000000   clock network delay (ideal)
                                  0.250000    0.250000   clock uncertainty
                                  0.000000    0.250000   clock reconvergence pessimism
                                              0.250000 ^ u_ctrl.col_j[1]$_SDFFE_PP0P_/CLK (sg13g2_dfrbpq_1)
                                 -0.005595    0.244405   library hold time
                                              0.244405   data required time
---------------------------------------------------------------------------------------------
                                              0.244405   data required time
                                             -0.420395   data arrival time
---------------------------------------------------------------------------------------------
                                              0.175989   slack (MET)


Startpoint: u_mac_3.temp_res[1]$_SDFF_PP0_
            (rising edge-triggered flip-flop clocked by clk)
Endpoint: u_mac_3.temp_res[2]$_SDFF_PP0_
          (rising edge-triggered flip-flop clocked by clk)
Path Group: clk
Path Type: min

Fanout         Cap        Slew       Delay        Time   Description
---------------------------------------------------------------------------------------------
                      0.150000    0.000000    0.000000   clock clk (rise edge)
                                  0.000000    0.000000   clock network delay (ideal)
                      0.150000    0.000000    0.000000 ^ u_mac_3.temp_res[1]$_SDFF_PP0_/CLK (sg13g2_dfrbpq_1)
     3    0.011385    0.044306    0.234807    0.234807 v u_mac_3.temp_res[1]$_SDFF_PP0_/Q (sg13g2_dfrbpq_1)
                                                         u_mac_3.temp_res[1] (net)
                      0.044306    0.000000    0.234807 v _4855_/A (sg13g2_nand2_1)
     2    0.005626    0.037801    0.044355    0.279163 ^ _4855_/Y (sg13g2_nand2_1)
                                                         _1905_ (net)
                      0.037801    0.000000    0.279163 ^ _4957_/A (sg13g2_nand3_1)
     1    0.002468    0.046845    0.059323    0.338486 v _4957_/Y (sg13g2_nand3_1)
                                                         _1998_ (net)
                      0.046845    0.000000    0.338486 v _4958_/C (sg13g2_and3_1)
     1    0.001430    0.017609    0.084187    0.422673 v _4958_/X (sg13g2_and3_1)
                                                         _0350_ (net)
                      0.017609    0.000000    0.422673 v u_mac_3.temp_res[2]$_SDFF_PP0_/D (sg13g2_dfrbpq_1)
                                              0.422673   data arrival time

                      0.150000    0.000000    0.000000   clock clk (rise edge)
                                  0.000000    0.000000   clock network delay (ideal)
                                  0.250000    0.250000   clock uncertainty
                                  0.000000    0.250000   clock reconvergence pessimism
                                              0.250000 ^ u_mac_3.temp_res[2]$_SDFF_PP0_/CLK (sg13g2_dfrbpq_1)
                                 -0.006496    0.243504   library hold time
                                              0.243504   data required time
---------------------------------------------------------------------------------------------
                                              0.243504   data required time
                                             -0.422673   data arrival time
---------------------------------------------------------------------------------------------
                                              0.179169   slack (MET)


Startpoint: u_mac_2.temp_res[1]$_SDFF_PP0_
            (rising edge-triggered flip-flop clocked by clk)
Endpoint: u_mac_2.temp_res[2]$_SDFF_PP0_
          (rising edge-triggered flip-flop clocked by clk)
Path Group: clk
Path Type: min

Fanout         Cap        Slew       Delay        Time   Description
---------------------------------------------------------------------------------------------
                      0.150000    0.000000    0.000000   clock clk (rise edge)
                                  0.000000    0.000000   clock network delay (ideal)
                      0.150000    0.000000    0.000000 ^ u_mac_2.temp_res[1]$_SDFF_PP0_/CLK (sg13g2_dfrbpq_1)
     3    0.011436    0.044453    0.234933    0.234933 v u_mac_2.temp_res[1]$_SDFF_PP0_/Q (sg13g2_dfrbpq_1)
                                                         u_mac_2.temp_res[1] (net)
                      0.044453    0.000000    0.234933 v _4446_/A (sg13g2_nand2_1)
     2    0.005626    0.037830    0.044403    0.279336 ^ _4446_/Y (sg13g2_nand2_1)
                                                         _1514_ (net)
                      0.037830    0.000000    0.279336 ^ _4550_/A (sg13g2_nand3_1)
     1    0.002468    0.046844    0.059333    0.338669 v _4550_/Y (sg13g2_nand3_1)
                                                         _1609_ (net)
                      0.046844    0.000000    0.338669 v _4551_/C (sg13g2_and3_1)
     1    0.001430    0.017581    0.084187    0.422856 v _4551_/X (sg13g2_and3_1)
                                                         _0332_ (net)
                      0.017581    0.000000    0.422856 v u_mac_2.temp_res[2]$_SDFF_PP0_/D (sg13g2_dfrbpq_1)
                                              0.422856   data arrival time

                      0.150000    0.000000    0.000000   clock clk (rise edge)
                                  0.000000    0.000000   clock network delay (ideal)
                                  0.250000    0.250000   clock uncertainty
                                  0.000000    0.250000   clock reconvergence pessimism
                                              0.250000 ^ u_mac_2.temp_res[2]$_SDFF_PP0_/CLK (sg13g2_dfrbpq_1)
                                 -0.006487    0.243513   library hold time
                                              0.243513   data required time
---------------------------------------------------------------------------------------------
                                              0.243513   data required time
                                             -0.422856   data arrival time
---------------------------------------------------------------------------------------------
                                              0.179343   slack (MET)


Startpoint: u_mac_3.temp_res[7]$_SDFF_PP0_
            (rising edge-triggered flip-flop clocked by clk)
Endpoint: u_mac_3.temp_res[8]$_SDFF_PP0_
          (rising edge-triggered flip-flop clocked by clk)
Path Group: clk
Path Type: min

Fanout         Cap        Slew       Delay        Time   Description
---------------------------------------------------------------------------------------------
                      0.150000    0.000000    0.000000   clock clk (rise edge)
                                  0.000000    0.000000   clock network delay (ideal)
                      0.150000    0.000000    0.000000 ^ u_mac_3.temp_res[7]$_SDFF_PP0_/CLK (sg13g2_dfrbpq_1)
     3    0.011385    0.044306    0.234807    0.234807 v u_mac_3.temp_res[7]$_SDFF_PP0_/Q (sg13g2_dfrbpq_1)
                                                         u_mac_3.temp_res[7] (net)
                      0.044306    0.000000    0.234807 v _4844_/A (sg13g2_nand2_1)
     1    0.003300    0.028893    0.036953    0.271760 ^ _4844_/Y (sg13g2_nand2_1)
                                                         _1894_ (net)
                      0.028893    0.000000    0.271760 ^ _4873_/B1 (sg13g2_o21ai_1)
     3    0.008018    0.059584    0.063778    0.335538 v _4873_/Y (sg13g2_o21ai_1)
                                                         _1923_ (net)
                      0.059584    0.000000    0.335538 v _4969_/A (sg13g2_nor2b_1)
     1    0.002976    0.043903    0.059656    0.395195 ^ _4969_/Y (sg13g2_nor2b_1)
                                                         _2004_ (net)
                      0.043903    0.000000    0.395195 ^ _4970_/C (sg13g2_nor3_1)
     1    0.001430    0.019390    0.032596    0.427791 v _4970_/Y (sg13g2_nor3_1)
                                                         _0356_ (net)
                      0.019390    0.000000    0.427791 v u_mac_3.temp_res[8]$_SDFF_PP0_/D (sg13g2_dfrbpq_1)
                                              0.427791   data arrival time

                      0.150000    0.000000    0.000000   clock clk (rise edge)
                                  0.000000    0.000000   clock network delay (ideal)
                                  0.250000    0.250000   clock uncertainty
                                  0.000000    0.250000   clock reconvergence pessimism
                                              0.250000 ^ u_mac_3.temp_res[8]$_SDFF_PP0_/CLK (sg13g2_dfrbpq_1)
                                 -0.007066    0.242934   library hold time
                                              0.242934   data required time
---------------------------------------------------------------------------------------------
                                              0.242934   data required time
                                             -0.427791   data arrival time
---------------------------------------------------------------------------------------------
                                              0.184856   slack (MET)


Startpoint: u_mac_1.temp_res[2]$_SDFF_PP0_
            (rising edge-triggered flip-flop clocked by clk)
Endpoint: u_mac_1.temp_res[3]$_SDFF_PP0_
          (rising edge-triggered flip-flop clocked by clk)
Path Group: clk
Path Type: min

Fanout         Cap        Slew       Delay        Time   Description
---------------------------------------------------------------------------------------------
                      0.150000    0.000000    0.000000   clock clk (rise edge)
                                  0.000000    0.000000   clock network delay (ideal)
                      0.150000    0.000000    0.000000 ^ u_mac_1.temp_res[2]$_SDFF_PP0_/CLK (sg13g2_dfrbpq_1)
     3    0.011775    0.045422    0.235763    0.235763 v u_mac_1.temp_res[2]$_SDFF_PP0_/Q (sg13g2_dfrbpq_1)
                                                         u_mac_1.temp_res[2] (net)
                      0.045422    0.000000    0.235763 v _4036_/B (sg13g2_nand2b_1)
     2    0.005626    0.036210    0.049663    0.285427 ^ _4036_/Y (sg13g2_nand2b_1)
                                                         _1122_ (net)
                      0.036210    0.000000    0.285427 ^ _4148_/A (sg13g2_nand3_1)
     1    0.002468    0.046847    0.058788    0.344215 v _4148_/Y (sg13g2_nand3_1)
                                                         _1224_ (net)
                      0.046847    0.000000    0.344215 v _4149_/C (sg13g2_and3_1)
     1    0.001430    0.017609    0.084188    0.428403 v _4149_/X (sg13g2_and3_1)
                                                         _0315_ (net)
                      0.017609    0.000000    0.428403 v u_mac_1.temp_res[3]$_SDFF_PP0_/D (sg13g2_dfrbpq_1)
                                              0.428403   data arrival time

                      0.150000    0.000000    0.000000   clock clk (rise edge)
                                  0.000000    0.000000   clock network delay (ideal)
                                  0.250000    0.250000   clock uncertainty
                                  0.000000    0.250000   clock reconvergence pessimism
                                              0.250000 ^ u_mac_1.temp_res[3]$_SDFF_PP0_/CLK (sg13g2_dfrbpq_1)
                                 -0.006496    0.243504   library hold time
                                              0.243504   data required time
---------------------------------------------------------------------------------------------
                                              0.243504   data required time
                                             -0.428403   data arrival time
---------------------------------------------------------------------------------------------
                                              0.184899   slack (MET)


Startpoint: u_mac_4.temp_res[13]$_SDFF_PP0_
            (rising edge-triggered flip-flop clocked by clk)
Endpoint: u_mac_4.temp_res[14]$_SDFF_PP0_
          (rising edge-triggered flip-flop clocked by clk)
Path Group: clk
Path Type: min

Fanout         Cap        Slew       Delay        Time   Description
---------------------------------------------------------------------------------------------
                      0.150000    0.000000    0.000000   clock clk (rise edge)
                                  0.000000    0.000000   clock network delay (ideal)
                      0.150000    0.000000    0.000000 ^ u_mac_4.temp_res[13]$_SDFF_PP0_/CLK (sg13g2_dfrbpq_1)
     3    0.008278    0.035413    0.227188    0.227188 v u_mac_4.temp_res[13]$_SDFF_PP0_/Q (sg13g2_dfrbpq_1)
                                                         u_mac_4.temp_res[13] (net)
                      0.035413    0.000000    0.227188 v _5352_/A (sg13g2_nand2_1)
     4    0.011152    0.057422    0.058429    0.285617 ^ _5352_/Y (sg13g2_nand2_1)
                                                         _2381_ (net)
                      0.057422    0.000000    0.285617 ^ _5362_/A (sg13g2_and3_1)
     1    0.003013    0.032462    0.112544    0.398161 ^ _5362_/X (sg13g2_and3_1)
                                                         _2390_ (net)
                      0.032462    0.000000    0.398161 ^ _5365_/B (sg13g2_nor3_1)
     1    0.001430    0.020326    0.033378    0.431539 v _5365_/Y (sg13g2_nor3_1)
                                                         _0363_ (net)
                      0.020326    0.000000    0.431539 v u_mac_4.temp_res[14]$_SDFF_PP0_/D (sg13g2_dfrbpq_1)
                                              0.431539   data arrival time

                      0.150000    0.000000    0.000000   clock clk (rise edge)
                                  0.000000    0.000000   clock network delay (ideal)
                                  0.250000    0.250000   clock uncertainty
                                  0.000000    0.250000   clock reconvergence pessimism
                                              0.250000 ^ u_mac_4.temp_res[14]$_SDFF_PP0_/CLK (sg13g2_dfrbpq_1)
                                 -0.007366    0.242634   library hold time
                                              0.242634   data required time
---------------------------------------------------------------------------------------------
                                              0.242634   data required time
                                             -0.431539   data arrival time
---------------------------------------------------------------------------------------------
                                              0.188905   slack (MET)


Startpoint: u_mac_1.temp_res[7]$_SDFF_PP0_
            (rising edge-triggered flip-flop clocked by clk)
Endpoint: u_mac_1.temp_res[8]$_SDFF_PP0_
          (rising edge-triggered flip-flop clocked by clk)
Path Group: clk
Path Type: min

Fanout         Cap        Slew       Delay        Time   Description
---------------------------------------------------------------------------------------------
                      0.150000    0.000000    0.000000   clock clk (rise edge)
                                  0.000000    0.000000   clock network delay (ideal)
                      0.150000    0.000000    0.000000 ^ u_mac_1.temp_res[7]$_SDFF_PP0_/CLK (sg13g2_dfrbpq_1)
     3    0.012047    0.059574    0.244011    0.244011 ^ u_mac_1.temp_res[7]$_SDFF_PP0_/Q (sg13g2_dfrbpq_1)
                                                         u_mac_1.temp_res[7] (net)
                      0.059574    0.000000    0.244011 ^ _4025_/A (sg13g2_nand2_1)
     1    0.003120    0.038029    0.051939    0.295950 v _4025_/Y (sg13g2_nand2_1)
                                                         _1111_ (net)
                      0.038029    0.000000    0.295950 v _4054_/B1 (sg13g2_o21ai_1)
     4    0.012352    0.073444    0.073964    0.369914 ^ _4054_/Y (sg13g2_o21ai_1)
                                                         _1140_ (net)
                      0.073444    0.000000    0.369914 ^ _4159_/A1 (sg13g2_a21oi_1)
     1    0.001430    0.022849    0.061972    0.431887 v _4159_/Y (sg13g2_a21oi_1)
                                                         _0320_ (net)
                      0.022849    0.000000    0.431887 v u_mac_1.temp_res[8]$_SDFF_PP0_/D (sg13g2_dfrbpq_1)
                                              0.431887   data arrival time

                      0.150000    0.000000    0.000000   clock clk (rise edge)
                                  0.000000    0.000000   clock network delay (ideal)
                                  0.250000    0.250000   clock uncertainty
                                  0.000000    0.250000   clock reconvergence pessimism
                                              0.250000 ^ u_mac_1.temp_res[8]$_SDFF_PP0_/CLK (sg13g2_dfrbpq_1)
                                 -0.008173    0.241827   library hold time
                                              0.241827   data required time
---------------------------------------------------------------------------------------------
                                              0.241827   data required time
                                             -0.431887   data arrival time
---------------------------------------------------------------------------------------------
                                              0.190060   slack (MET)


Startpoint: u_mac_2.temp_res[9]$_SDFF_PP0_
            (rising edge-triggered flip-flop clocked by clk)
Endpoint: u_mac_2.temp_res[9]$_SDFF_PP0_
          (rising edge-triggered flip-flop clocked by clk)
Path Group: clk
Path Type: min

Fanout         Cap        Slew       Delay        Time   Description
---------------------------------------------------------------------------------------------
                      0.150000    0.000000    0.000000   clock clk (rise edge)
                                  0.000000    0.000000   clock network delay (ideal)
                      0.150000    0.000000    0.000000 ^ u_mac_2.temp_res[9]$_SDFF_PP0_/CLK (sg13g2_dfrbpq_1)
     4    0.011317    0.044113    0.234642    0.234642 v u_mac_2.temp_res[9]$_SDFF_PP0_/Q (sg13g2_dfrbpq_1)
                                                         u_mac_2.temp_res[9] (net)
                      0.044113    0.000000    0.234642 v _4427_/A (sg13g2_nand2_1)
     3    0.009354    0.052045    0.056149    0.290791 ^ _4427_/Y (sg13g2_nand2_1)
                                                         _1495_ (net)
                      0.052045    0.000000    0.290791 ^ _4564_/B (sg13g2_nand3_1)
     1    0.002860    0.050376    0.075996    0.366787 v _4564_/Y (sg13g2_nand3_1)
                                                         _1616_ (net)
                      0.050376    0.000000    0.366787 v _4566_/B (sg13g2_nand2_1)
     1    0.002993    0.032028    0.043278    0.410065 ^ _4566_/Y (sg13g2_nand2_1)
                                                         _1618_ (net)
                      0.032028    0.000000    0.410065 ^ _4567_/B (sg13g2_nor2_1)
     1    0.001430    0.015271    0.026674    0.436739 v _4567_/Y (sg13g2_nor2_1)
                                                         _0339_ (net)
                      0.015271    0.000000    0.436739 v u_mac_2.temp_res[9]$_SDFF_PP0_/D (sg13g2_dfrbpq_1)
                                              0.436739   data arrival time

                      0.150000    0.000000    0.000000   clock clk (rise edge)
                                  0.000000    0.000000   clock network delay (ideal)
                                  0.250000    0.250000   clock uncertainty
                                  0.000000    0.250000   clock reconvergence pessimism
                                              0.250000 ^ u_mac_2.temp_res[9]$_SDFF_PP0_/CLK (sg13g2_dfrbpq_1)
                                 -0.005748    0.244252   library hold time
                                              0.244252   data required time
---------------------------------------------------------------------------------------------
                                              0.244252   data required time
                                             -0.436739   data arrival time
---------------------------------------------------------------------------------------------
                                              0.192486   slack (MET)


Startpoint: u_mac_2.temp_res[11]$_SDFF_PP0_
            (rising edge-triggered flip-flop clocked by clk)
Endpoint: u_mac_2.temp_res[11]$_SDFF_PP0_
          (rising edge-triggered flip-flop clocked by clk)
Path Group: clk
Path Type: min

Fanout         Cap        Slew       Delay        Time   Description
---------------------------------------------------------------------------------------------
                      0.150000    0.000000    0.000000   clock clk (rise edge)
                                  0.000000    0.000000   clock network delay (ideal)
                      0.150000    0.000000    0.000000 ^ u_mac_2.temp_res[11]$_SDFF_PP0_/CLK (sg13g2_dfrbpq_1)
     5    0.017519    0.061867    0.249851    0.249851 v u_mac_2.temp_res[11]$_SDFF_PP0_/Q (sg13g2_dfrbpq_1)
                                                         u_mac_2.temp_res[11] (net)
                      0.061867    0.000000    0.249851 v _4497_/A (sg13g2_xnor2_1)
     1    0.005589    0.048400    0.084807    0.334659 v _4497_/Y (sg13g2_xnor2_1)
                                                         _1564_ (net)
                      0.048400    0.000000    0.334659 v _4499_/A (sg13g2_xnor2_1)
     1    0.002993    0.028742    0.076820    0.411479 ^ _4499_/Y (sg13g2_xnor2_1)
                                                         _1566_ (net)
                      0.028742    0.000000    0.411479 ^ _4500_/B (sg13g2_nor2_1)
     1    0.001430    0.014637    0.025758    0.437237 v _4500_/Y (sg13g2_nor2_1)
                                                         _0324_ (net)
                      0.014637    0.000000    0.437237 v u_mac_2.temp_res[11]$_SDFF_PP0_/D (sg13g2_dfrbpq_1)
                                              0.437237   data arrival time

                      0.150000    0.000000    0.000000   clock clk (rise edge)
                                  0.000000    0.000000   clock network delay (ideal)
                                  0.250000    0.250000   clock uncertainty
                                  0.000000    0.250000   clock reconvergence pessimism
                                              0.250000 ^ u_mac_2.temp_res[11]$_SDFF_PP0_/CLK (sg13g2_dfrbpq_1)
                                 -0.005545    0.244455   library hold time
                                              0.244455   data required time
---------------------------------------------------------------------------------------------
                                              0.244455   data required time
                                             -0.437237   data arrival time
---------------------------------------------------------------------------------------------
                                              0.192782   slack (MET)


Startpoint: u_mac_4.temp_res[11]$_SDFF_PP0_
            (rising edge-triggered flip-flop clocked by clk)
Endpoint: u_mac_4.temp_res[11]$_SDFF_PP0_
          (rising edge-triggered flip-flop clocked by clk)
Path Group: clk
Path Type: min

Fanout         Cap        Slew       Delay        Time   Description
---------------------------------------------------------------------------------------------
                      0.150000    0.000000    0.000000   clock clk (rise edge)
                                  0.000000    0.000000   clock network delay (ideal)
                      0.150000    0.000000    0.000000 ^ u_mac_4.temp_res[11]$_SDFF_PP0_/CLK (sg13g2_dfrbpq_1)
     4    0.014399    0.052937    0.242201    0.242201 v u_mac_4.temp_res[11]$_SDFF_PP0_/Q (sg13g2_dfrbpq_1)
                                                         u_mac_4.temp_res[11] (net)
                      0.052937    0.000000    0.242201 v _5322_/A (sg13g2_xnor2_1)
     1    0.005677    0.048996    0.081719    0.323921 v _5322_/Y (sg13g2_xnor2_1)
                                                         _2353_ (net)
                      0.048996    0.000000    0.323921 v _5324_/A (sg13g2_xor2_1)
     1    0.002993    0.046422    0.081770    0.405691 ^ _5324_/X (sg13g2_xor2_1)
                                                         _2355_ (net)
                      0.046422    0.000000    0.405691 ^ _5325_/B (sg13g2_nor2_1)
     1    0.001430    0.018049    0.030684    0.436375 v _5325_/Y (sg13g2_nor2_1)
                                                         _0360_ (net)
                      0.018049    0.000000    0.436375 v u_mac_4.temp_res[11]$_SDFF_PP0_/D (sg13g2_dfrbpq_1)
                                              0.436375   data arrival time

                      0.150000    0.000000    0.000000   clock clk (rise edge)
                                  0.000000    0.000000   clock network delay (ideal)
                                  0.250000    0.250000   clock uncertainty
                                  0.000000    0.250000   clock reconvergence pessimism
                                              0.250000 ^ u_mac_4.temp_res[11]$_SDFF_PP0_/CLK (sg13g2_dfrbpq_1)
                                 -0.006637    0.243363   library hold time
                                              0.243363   data required time
---------------------------------------------------------------------------------------------
                                              0.243363   data required time
                                             -0.436375   data arrival time
---------------------------------------------------------------------------------------------
                                              0.193012   slack (MET)


Startpoint: u_mac_4.temp_res[7]$_SDFF_PP0_
            (rising edge-triggered flip-flop clocked by clk)
Endpoint: u_mac_4.temp_res[7]$_SDFF_PP0_
          (rising edge-triggered flip-flop clocked by clk)
Path Group: clk
Path Type: min

Fanout         Cap        Slew       Delay        Time   Description
---------------------------------------------------------------------------------------------
                      0.150000    0.000000    0.000000   clock clk (rise edge)
                                  0.000000    0.000000   clock network delay (ideal)
                      0.150000    0.000000    0.000000 ^ u_mac_4.temp_res[7]$_SDFF_PP0_/CLK (sg13g2_dfrbpq_1)
     2    0.005942    0.028725    0.221459    0.221459 v u_mac_4.temp_res[7]$_SDFF_PP0_/Q (sg13g2_dfrbpq_1)
                                                         u_mac_4.temp_res[7] (net)
                      0.028725    0.000000    0.221459 v _5406_/A (sg13g2_inv_1)
     2    0.008114    0.042521    0.044455    0.265914 ^ _5406_/Y (sg13g2_inv_1)
                                                         _2421_ (net)
                      0.042521    0.000000    0.265914 ^ _5291_/A (sg13g2_xnor2_1)
     3    0.010151    0.056305    0.110321    0.376236 ^ _5291_/Y (sg13g2_xnor2_1)
                                                         _2323_ (net)
                      0.056305    0.000000    0.376236 ^ _5388_/A2 (sg13g2_a21oi_1)
     1    0.001430    0.022216    0.059540    0.435776 v _5388_/Y (sg13g2_a21oi_1)
                                                         _0373_ (net)
                      0.022216    0.000000    0.435776 v u_mac_4.temp_res[7]$_SDFF_PP0_/D (sg13g2_dfrbpq_1)
                                              0.435776   data arrival time

                      0.150000    0.000000    0.000000   clock clk (rise edge)
                                  0.000000    0.000000   clock network delay (ideal)
                                  0.250000    0.250000   clock uncertainty
                                  0.000000    0.250000   clock reconvergence pessimism
                                              0.250000 ^ u_mac_4.temp_res[7]$_SDFF_PP0_/CLK (sg13g2_dfrbpq_1)
                                 -0.007970    0.242030   library hold time
                                              0.242030   data required time
---------------------------------------------------------------------------------------------
                                              0.242030   data required time
                                             -0.435776   data arrival time
---------------------------------------------------------------------------------------------
                                              0.193746   slack (MET)


Startpoint: u_mac_4.temp_res[13]$_SDFF_PP0_
            (rising edge-triggered flip-flop clocked by clk)
Endpoint: u_mac_4.temp_res[13]$_SDFF_PP0_
          (rising edge-triggered flip-flop clocked by clk)
Path Group: clk
Path Type: min

Fanout         Cap        Slew       Delay        Time   Description
---------------------------------------------------------------------------------------------
                      0.150000    0.000000    0.000000   clock clk (rise edge)
                                  0.000000    0.000000   clock network delay (ideal)
                      0.150000    0.000000    0.000000 ^ u_mac_4.temp_res[13]$_SDFF_PP0_/CLK (sg13g2_dfrbpq_1)
     3    0.008278    0.035413    0.227188    0.227188 v u_mac_4.temp_res[13]$_SDFF_PP0_/Q (sg13g2_dfrbpq_1)
                                                         u_mac_4.temp_res[13] (net)
                      0.035413    0.000000    0.227188 v _5352_/A (sg13g2_nand2_1)
     4    0.011152    0.057422    0.058429    0.285617 ^ _5352_/Y (sg13g2_nand2_1)
                                                         _2381_ (net)
                      0.057422    0.000000    0.285617 ^ _5354_/A (sg13g2_nand2_1)
     1    0.005067    0.042501    0.060241    0.345859 v _5354_/Y (sg13g2_nand2_1)
                                                         _2383_ (net)
                      0.042501    0.000000    0.345859 v _5356_/B (sg13g2_xnor2_1)
     1    0.002993    0.028931    0.067860    0.413719 ^ _5356_/Y (sg13g2_xnor2_1)
                                                         _2385_ (net)
                      0.028931    0.000000    0.413719 ^ _5357_/B (sg13g2_nor2_1)
     1    0.001430    0.014674    0.025811    0.439530 v _5357_/Y (sg13g2_nor2_1)
                                                         _0362_ (net)
                      0.014674    0.000000    0.439530 v u_mac_4.temp_res[13]$_SDFF_PP0_/D (sg13g2_dfrbpq_1)
                                              0.439530   data arrival time

                      0.150000    0.000000    0.000000   clock clk (rise edge)
                                  0.000000    0.000000   clock network delay (ideal)
                                  0.250000    0.250000   clock uncertainty
                                  0.000000    0.250000   clock reconvergence pessimism
                                              0.250000 ^ u_mac_4.temp_res[13]$_SDFF_PP0_/CLK (sg13g2_dfrbpq_1)
                                 -0.005556    0.244444   library hold time
                                              0.244444   data required time
---------------------------------------------------------------------------------------------
                                              0.244444   data required time
                                             -0.439530   data arrival time
---------------------------------------------------------------------------------------------
                                              0.195086   slack (MET)


Startpoint: u_mac_4.temp_res[10]$_SDFF_PP0_
            (rising edge-triggered flip-flop clocked by clk)
Endpoint: u_mac_4.temp_res[10]$_SDFF_PP0_
          (rising edge-triggered flip-flop clocked by clk)
Path Group: clk
Path Type: min

Fanout         Cap        Slew       Delay        Time   Description
---------------------------------------------------------------------------------------------
                      0.150000    0.000000    0.000000   clock clk (rise edge)
                                  0.000000    0.000000   clock network delay (ideal)
                      0.150000    0.000000    0.000000 ^ u_mac_4.temp_res[10]$_SDFF_PP0_/CLK (sg13g2_dfrbpq_1)
     3    0.011256    0.043938    0.234491    0.234491 v u_mac_4.temp_res[10]$_SDFF_PP0_/Q (sg13g2_dfrbpq_1)
                                                         u_mac_4.temp_res[10] (net)
                      0.043938    0.000000    0.234491 v _5250_/A (sg13g2_xnor2_1)
     2    0.005904    0.040248    0.092577    0.327069 ^ _5250_/Y (sg13g2_xnor2_1)
                                                         _2282_ (net)
                      0.040248    0.000000    0.327069 ^ _5297_/B1 (sg13g2_o21ai_1)
     1    0.002472    0.031521    0.042879    0.369948 v _5297_/Y (sg13g2_o21ai_1)
                                                         _2329_ (net)
                      0.031521    0.000000    0.369948 v _5299_/B (sg13g2_and3_1)
     1    0.001430    0.017637    0.072870    0.442818 v _5299_/X (sg13g2_and3_1)
                                                         _0359_ (net)
                      0.017637    0.000000    0.442818 v u_mac_4.temp_res[10]$_SDFF_PP0_/D (sg13g2_dfrbpq_1)
                                              0.442818   data arrival time

                      0.150000    0.000000    0.000000   clock clk (rise edge)
                                  0.000000    0.000000   clock network delay (ideal)
                                  0.250000    0.250000   clock uncertainty
                                  0.000000    0.250000   clock reconvergence pessimism
                                              0.250000 ^ u_mac_4.temp_res[10]$_SDFF_PP0_/CLK (sg13g2_dfrbpq_1)
                                 -0.006505    0.243495   library hold time
                                              0.243495   data required time
---------------------------------------------------------------------------------------------
                                              0.243495   data required time
                                             -0.442818   data arrival time
---------------------------------------------------------------------------------------------
                                              0.199322   slack (MET)


Startpoint: u_mac_1.temp_res[10]$_SDFF_PP0_
            (rising edge-triggered flip-flop clocked by clk)
Endpoint: u_mac_1.temp_res[10]$_SDFF_PP0_
          (rising edge-triggered flip-flop clocked by clk)
Path Group: clk
Path Type: min

Fanout         Cap        Slew       Delay        Time   Description
---------------------------------------------------------------------------------------------
                      0.150000    0.000000    0.000000   clock clk (rise edge)
                                  0.000000    0.000000   clock network delay (ideal)
                      0.150000    0.000000    0.000000 ^ u_mac_1.temp_res[10]$_SDFF_PP0_/CLK (sg13g2_dfrbpq_1)
     3    0.011408    0.044374    0.234865    0.234865 v u_mac_1.temp_res[10]$_SDFF_PP0_/Q (sg13g2_dfrbpq_1)
                                                         u_mac_1.temp_res[10] (net)
                      0.044374    0.000000    0.234865 v _4010_/A (sg13g2_xnor2_1)
     2    0.005904    0.040276    0.092737    0.327602 ^ _4010_/Y (sg13g2_xnor2_1)
                                                         _1096_ (net)
                      0.040276    0.000000    0.327602 ^ _4058_/B1 (sg13g2_o21ai_1)
     1    0.002472    0.031526    0.042887    0.370489 v _4058_/Y (sg13g2_o21ai_1)
                                                         _1144_ (net)
                      0.031526    0.000000    0.370489 v _4060_/B (sg13g2_and3_1)
     1    0.001430    0.017637    0.072872    0.443361 v _4060_/X (sg13g2_and3_1)
                                                         _0305_ (net)
                      0.017637    0.000000    0.443361 v u_mac_1.temp_res[10]$_SDFF_PP0_/D (sg13g2_dfrbpq_1)
                                              0.443361   data arrival time

                      0.150000    0.000000    0.000000   clock clk (rise edge)
                                  0.000000    0.000000   clock network delay (ideal)
                                  0.250000    0.250000   clock uncertainty
                                  0.000000    0.250000   clock reconvergence pessimism
                                              0.250000 ^ u_mac_1.temp_res[10]$_SDFF_PP0_/CLK (sg13g2_dfrbpq_1)
                                 -0.006505    0.243495   library hold time
                                              0.243495   data required time
---------------------------------------------------------------------------------------------
                                              0.243495   data required time
                                             -0.443361   data arrival time
---------------------------------------------------------------------------------------------
                                              0.199865   slack (MET)


Startpoint: u_mac_3.temp_res[5]$_SDFF_PP0_
            (rising edge-triggered flip-flop clocked by clk)
Endpoint: u_mac_3.temp_res[6]$_SDFF_PP0_
          (rising edge-triggered flip-flop clocked by clk)
Path Group: clk
Path Type: min

Fanout         Cap        Slew       Delay        Time   Description
---------------------------------------------------------------------------------------------
                      0.150000    0.000000    0.000000   clock clk (rise edge)
                                  0.000000    0.000000   clock network delay (ideal)
                      0.150000    0.000000    0.000000 ^ u_mac_3.temp_res[5]$_SDFF_PP0_/CLK (sg13g2_dfrbpq_1)
     3    0.011440    0.044466    0.234944    0.234944 v u_mac_3.temp_res[5]$_SDFF_PP0_/Q (sg13g2_dfrbpq_1)
                                                         u_mac_3.temp_res[5] (net)
                      0.044466    0.000000    0.234944 v _4867_/A1 (sg13g2_a21o_1)
     3    0.008127    0.038040    0.122261    0.357205 v _4867_/X (sg13g2_a21o_1)
                                                         _1917_ (net)
                      0.038040    0.000000    0.357205 v _4965_/A (sg13g2_nor2b_1)
     1    0.002976    0.043899    0.053022    0.410226 ^ _4965_/Y (sg13g2_nor2b_1)
                                                         _2002_ (net)
                      0.043899    0.000000    0.410226 ^ _4966_/C (sg13g2_nor3_1)
     1    0.001430    0.019389    0.032595    0.442821 v _4966_/Y (sg13g2_nor3_1)
                                                         _0354_ (net)
                      0.019389    0.000000    0.442821 v u_mac_3.temp_res[6]$_SDFF_PP0_/D (sg13g2_dfrbpq_1)
                                              0.442821   data arrival time

                      0.150000    0.000000    0.000000   clock clk (rise edge)
                                  0.000000    0.000000   clock network delay (ideal)
                                  0.250000    0.250000   clock uncertainty
                                  0.000000    0.250000   clock reconvergence pessimism
                                              0.250000 ^ u_mac_3.temp_res[6]$_SDFF_PP0_/CLK (sg13g2_dfrbpq_1)
                                 -0.007066    0.242934   library hold time
                                              0.242934   data required time
---------------------------------------------------------------------------------------------
                                              0.242934   data required time
                                             -0.442821   data arrival time
---------------------------------------------------------------------------------------------
                                              0.199886   slack (MET)


Startpoint: u_mac_4.temp_res[8]$_SDFF_PP0_
            (rising edge-triggered flip-flop clocked by clk)
Endpoint: u_mac_4.temp_res[8]$_SDFF_PP0_
          (rising edge-triggered flip-flop clocked by clk)
Path Group: clk
Path Type: min

Fanout         Cap        Slew       Delay        Time   Description
---------------------------------------------------------------------------------------------
                      0.150000    0.000000    0.000000   clock clk (rise edge)
                                  0.000000    0.000000   clock network delay (ideal)
                      0.150000    0.000000    0.000000 ^ u_mac_4.temp_res[8]$_SDFF_PP0_/CLK (sg13g2_dfrbpq_1)
     3    0.011344    0.044190    0.234708    0.234708 v u_mac_4.temp_res[8]$_SDFF_PP0_/Q (sg13g2_dfrbpq_1)
                                                         u_mac_4.temp_res[8] (net)
                      0.044190    0.000000    0.234708 v _5293_/A (sg13g2_xor2_1)
     3    0.008970    0.045019    0.088453    0.323161 v _5293_/X (sg13g2_xor2_1)
                                                         _2325_ (net)
                      0.045019    0.000000    0.323161 v _5389_/A2 (sg13g2_o21ai_1)
     1    0.002997    0.069936    0.082712    0.405874 ^ _5389_/Y (sg13g2_o21ai_1)
                                                         _2406_ (net)
                      0.069936    0.000000    0.405874 ^ _5390_/A (sg13g2_nor2b_1)
     1    0.001430    0.019988    0.037136    0.443009 v _5390_/Y (sg13g2_nor2b_1)
                                                         _0374_ (net)
                      0.019988    0.000000    0.443009 v u_mac_4.temp_res[8]$_SDFF_PP0_/D (sg13g2_dfrbpq_1)
                                              0.443009   data arrival time

                      0.150000    0.000000    0.000000   clock clk (rise edge)
                                  0.000000    0.000000   clock network delay (ideal)
                                  0.250000    0.250000   clock uncertainty
                                  0.000000    0.250000   clock reconvergence pessimism
                                              0.250000 ^ u_mac_4.temp_res[8]$_SDFF_PP0_/CLK (sg13g2_dfrbpq_1)
                                 -0.007257    0.242743   library hold time
                                              0.242743   data required time
---------------------------------------------------------------------------------------------
                                              0.242743   data required time
                                             -0.443009   data arrival time
---------------------------------------------------------------------------------------------
                                              0.200267   slack (MET)


Startpoint: u_mac_1.temp_res[2]$_SDFF_PP0_
            (rising edge-triggered flip-flop clocked by clk)
Endpoint: u_mac_1.temp_res[2]$_SDFF_PP0_
          (rising edge-triggered flip-flop clocked by clk)
Path Group: clk
Path Type: min

Fanout         Cap        Slew       Delay        Time   Description
---------------------------------------------------------------------------------------------
                      0.150000    0.000000    0.000000   clock clk (rise edge)
                                  0.000000    0.000000   clock network delay (ideal)
                      0.150000    0.000000    0.000000 ^ u_mac_1.temp_res[2]$_SDFF_PP0_/CLK (sg13g2_dfrbpq_1)
     3    0.011775    0.045422    0.235763    0.235763 v u_mac_1.temp_res[2]$_SDFF_PP0_/Q (sg13g2_dfrbpq_1)
                                                         u_mac_1.temp_res[2] (net)
                      0.045422    0.000000    0.235763 v _4042_/A (sg13g2_xnor2_1)
     2    0.005941    0.050224    0.079946    0.315709 v _4042_/Y (sg13g2_xnor2_1)
                                                         _1128_ (net)
                      0.050224    0.000000    0.315709 v _4145_/C (sg13g2_nor3_1)
     1    0.003012    0.078134    0.083301    0.399010 ^ _4145_/Y (sg13g2_nor3_1)
                                                         _1222_ (net)
                      0.078134    0.000000    0.399010 ^ _4147_/A (sg13g2_nor2_1)
     1    0.001430    0.015823    0.046498    0.445508 v _4147_/Y (sg13g2_nor2_1)
                                                         _0314_ (net)
                      0.015823    0.000000    0.445508 v u_mac_1.temp_res[2]$_SDFF_PP0_/D (sg13g2_dfrbpq_1)
                                              0.445508   data arrival time

                      0.150000    0.000000    0.000000   clock clk (rise edge)
                                  0.000000    0.000000   clock network delay (ideal)
                                  0.250000    0.250000   clock uncertainty
                                  0.000000    0.250000   clock reconvergence pessimism
                                              0.250000 ^ u_mac_1.temp_res[2]$_SDFF_PP0_/CLK (sg13g2_dfrbpq_1)
                                 -0.005924    0.244076   library hold time
                                              0.244076   data required time
---------------------------------------------------------------------------------------------
                                              0.244076   data required time
                                             -0.445508   data arrival time
---------------------------------------------------------------------------------------------
                                              0.201432   slack (MET)


Startpoint: u_mac_2.temp_res[5]$_SDFF_PP0_
            (rising edge-triggered flip-flop clocked by clk)
Endpoint: u_mac_2.temp_res[5]$_SDFF_PP0_
          (rising edge-triggered flip-flop clocked by clk)
Path Group: clk
Path Type: min

Fanout         Cap        Slew       Delay        Time   Description
---------------------------------------------------------------------------------------------
                      0.150000    0.000000    0.000000   clock clk (rise edge)
                                  0.000000    0.000000   clock network delay (ideal)
                      0.150000    0.000000    0.000000 ^ u_mac_2.temp_res[5]$_SDFF_PP0_/CLK (sg13g2_dfrbpq_1)
     3    0.011385    0.044306    0.234807    0.234807 v u_mac_2.temp_res[5]$_SDFF_PP0_/Q (sg13g2_dfrbpq_1)
                                                         u_mac_2.temp_res[5] (net)
                      0.044306    0.000000    0.234807 v _4457_/A (sg13g2_xnor2_1)
     2    0.005416    0.038404    0.089799    0.324607 ^ _4457_/Y (sg13g2_xnor2_1)
                                                         _1525_ (net)
                      0.038404    0.000000    0.324607 ^ _4556_/B (sg13g2_nand2b_1)
     1    0.002468    0.031084    0.050181    0.374788 v _4556_/Y (sg13g2_nand2b_1)
                                                         _1612_ (net)
                      0.031084    0.000000    0.374788 v _4557_/C (sg13g2_and3_1)
     1    0.001430    0.018025    0.076411    0.451198 v _4557_/X (sg13g2_and3_1)
                                                         _0335_ (net)
                      0.018025    0.000000    0.451198 v u_mac_2.temp_res[5]$_SDFF_PP0_/D (sg13g2_dfrbpq_1)
                                              0.451198   data arrival time

                      0.150000    0.000000    0.000000   clock clk (rise edge)
                                  0.000000    0.000000   clock network delay (ideal)
                                  0.250000    0.250000   clock uncertainty
                                  0.000000    0.250000   clock reconvergence pessimism
                                              0.250000 ^ u_mac_2.temp_res[5]$_SDFF_PP0_/CLK (sg13g2_dfrbpq_1)
                                 -0.006629    0.243371   library hold time
                                              0.243371   data required time
---------------------------------------------------------------------------------------------
                                              0.243371   data required time
                                             -0.451198   data arrival time
---------------------------------------------------------------------------------------------
                                              0.207827   slack (MET)


Startpoint: u_mac_4.temp_res[5]$_SDFF_PP0_
            (rising edge-triggered flip-flop clocked by clk)
Endpoint: u_mac_4.temp_res[5]$_SDFF_PP0_
          (rising edge-triggered flip-flop clocked by clk)
Path Group: clk
Path Type: min

Fanout         Cap        Slew       Delay        Time   Description
---------------------------------------------------------------------------------------------
                      0.150000    0.000000    0.000000   clock clk (rise edge)
                                  0.000000    0.000000   clock network delay (ideal)
                      0.150000    0.000000    0.000000 ^ u_mac_4.temp_res[5]$_SDFF_PP0_/CLK (sg13g2_dfrbpq_1)
     3    0.011475    0.044564    0.235028    0.235028 v u_mac_4.temp_res[5]$_SDFF_PP0_/Q (sg13g2_dfrbpq_1)
                                                         u_mac_4.temp_res[5] (net)
                      0.044564    0.000000    0.235028 v _5286_/A (sg13g2_xnor2_1)
     2    0.005416    0.038397    0.089893    0.324921 ^ _5286_/Y (sg13g2_xnor2_1)
                                                         _2318_ (net)
                      0.038397    0.000000    0.324921 ^ _5383_/B (sg13g2_nand2b_1)
     1    0.002468    0.031084    0.050179    0.375100 v _5383_/Y (sg13g2_nand2b_1)
                                                         _2403_ (net)
                      0.031084    0.000000    0.375100 v _5384_/C (sg13g2_and3_1)
     1    0.001430    0.018024    0.076411    0.451511 v _5384_/X (sg13g2_and3_1)
                                                         _0371_ (net)
                      0.018024    0.000000    0.451511 v u_mac_4.temp_res[5]$_SDFF_PP0_/D (sg13g2_dfrbpq_1)
                                              0.451511   data arrival time

                      0.150000    0.000000    0.000000   clock clk (rise edge)
                                  0.000000    0.000000   clock network delay (ideal)
                                  0.250000    0.250000   clock uncertainty
                                  0.000000    0.250000   clock reconvergence pessimism
                                              0.250000 ^ u_mac_4.temp_res[5]$_SDFF_PP0_/CLK (sg13g2_dfrbpq_1)
                                 -0.006629    0.243371   library hold time
                                              0.243371   data required time
---------------------------------------------------------------------------------------------
                                              0.243371   data required time
                                             -0.451511   data arrival time
---------------------------------------------------------------------------------------------
                                              0.208139   slack (MET)


Startpoint: u_mac_2.temp_res[4]$_SDFF_PP0_
            (rising edge-triggered flip-flop clocked by clk)
Endpoint: u_mac_2.temp_res[4]$_SDFF_PP0_
          (rising edge-triggered flip-flop clocked by clk)
Path Group: clk
Path Type: min

Fanout         Cap        Slew       Delay        Time   Description
---------------------------------------------------------------------------------------------
                      0.150000    0.000000    0.000000   clock clk (rise edge)
                                  0.000000    0.000000   clock network delay (ideal)
                      0.150000    0.000000    0.000000 ^ u_mac_2.temp_res[4]$_SDFF_PP0_/CLK (sg13g2_dfrbpq_1)
     3    0.011475    0.044564    0.235028    0.235028 v u_mac_2.temp_res[4]$_SDFF_PP0_/Q (sg13g2_dfrbpq_1)
                                                         u_mac_2.temp_res[4] (net)
                      0.044564    0.000000    0.235028 v _4454_/A (sg13g2_xnor2_1)
     2    0.005416    0.038397    0.089893    0.324921 ^ _4454_/Y (sg13g2_xnor2_1)
                                                         _1522_ (net)
                      0.038397    0.000000    0.324921 ^ _4554_/B (sg13g2_nand2b_1)
     1    0.002468    0.031115    0.050179    0.375100 v _4554_/Y (sg13g2_nand2b_1)
                                                         _1611_ (net)
                      0.031115    0.000000    0.375100 v _4555_/C (sg13g2_and3_1)
     1    0.001430    0.018025    0.076426    0.451526 v _4555_/X (sg13g2_and3_1)
                                                         _0334_ (net)
                      0.018025    0.000000    0.451526 v u_mac_2.temp_res[4]$_SDFF_PP0_/D (sg13g2_dfrbpq_1)
                                              0.451526   data arrival time

                      0.150000    0.000000    0.000000   clock clk (rise edge)
                                  0.000000    0.000000   clock network delay (ideal)
                                  0.250000    0.250000   clock uncertainty
                                  0.000000    0.250000   clock reconvergence pessimism
                                              0.250000 ^ u_mac_2.temp_res[4]$_SDFF_PP0_/CLK (sg13g2_dfrbpq_1)
                                 -0.006629    0.243371   library hold time
                                              0.243371   data required time
---------------------------------------------------------------------------------------------
                                              0.243371   data required time
                                             -0.451526   data arrival time
---------------------------------------------------------------------------------------------
                                              0.208155   slack (MET)


Startpoint: u_mac_4.temp_res[4]$_SDFF_PP0_
            (rising edge-triggered flip-flop clocked by clk)
Endpoint: u_mac_4.temp_res[4]$_SDFF_PP0_
          (rising edge-triggered flip-flop clocked by clk)
Path Group: clk
Path Type: min

Fanout         Cap        Slew       Delay        Time   Description
---------------------------------------------------------------------------------------------
                      0.150000    0.000000    0.000000   clock clk (rise edge)
                                  0.000000    0.000000   clock network delay (ideal)
                      0.150000    0.000000    0.000000 ^ u_mac_4.temp_res[4]$_SDFF_PP0_/CLK (sg13g2_dfrbpq_1)
     3    0.011559    0.044806    0.235236    0.235236 v u_mac_4.temp_res[4]$_SDFF_PP0_/Q (sg13g2_dfrbpq_1)
                                                         u_mac_4.temp_res[4] (net)
                      0.044806    0.000000    0.235236 v _5283_/A (sg13g2_xnor2_1)
     2    0.005416    0.038404    0.089981    0.325217 ^ _5283_/Y (sg13g2_xnor2_1)
                                                         _2315_ (net)
                      0.038404    0.000000    0.325217 ^ _5381_/B (sg13g2_nand2b_1)
     1    0.002468    0.031115    0.050181    0.375399 v _5381_/Y (sg13g2_nand2b_1)
                                                         _2402_ (net)
                      0.031115    0.000000    0.375399 v _5382_/C (sg13g2_and3_1)
     1    0.001430    0.018025    0.076426    0.451824 v _5382_/X (sg13g2_and3_1)
                                                         _0370_ (net)
                      0.018025    0.000000    0.451824 v u_mac_4.temp_res[4]$_SDFF_PP0_/D (sg13g2_dfrbpq_1)
                                              0.451824   data arrival time

                      0.150000    0.000000    0.000000   clock clk (rise edge)
                                  0.000000    0.000000   clock network delay (ideal)
                                  0.250000    0.250000   clock uncertainty
                                  0.000000    0.250000   clock reconvergence pessimism
                                              0.250000 ^ u_mac_4.temp_res[4]$_SDFF_PP0_/CLK (sg13g2_dfrbpq_1)
                                 -0.006629    0.243371   library hold time
                                              0.243371   data required time
---------------------------------------------------------------------------------------------
                                              0.243371   data required time
                                             -0.451824   data arrival time
---------------------------------------------------------------------------------------------
                                              0.208453   slack (MET)


Startpoint: u_mac_2.temp_res[10]$_SDFF_PP0_
            (rising edge-triggered flip-flop clocked by clk)
Endpoint: u_mac_2.temp_res[10]$_SDFF_PP0_
          (rising edge-triggered flip-flop clocked by clk)
Path Group: clk
Path Type: min

Fanout         Cap        Slew       Delay        Time   Description
---------------------------------------------------------------------------------------------
                      0.150000    0.000000    0.000000   clock clk (rise edge)
                                  0.000000    0.000000   clock network delay (ideal)
                      0.150000    0.000000    0.000000 ^ u_mac_2.temp_res[10]$_SDFF_PP0_/CLK (sg13g2_dfrbpq_1)
     3    0.011260    0.043948    0.234500    0.234500 v u_mac_2.temp_res[10]$_SDFF_PP0_/Q (sg13g2_dfrbpq_1)
                                                         u_mac_2.temp_res[10] (net)
                      0.043948    0.000000    0.234500 v _4423_/A (sg13g2_xor2_1)
     2    0.005435    0.034896    0.072980    0.307480 v _4423_/X (sg13g2_xor2_1)
                                                         _1491_ (net)
                      0.034896    0.000000    0.307480 v _4474_/B1 (sg13g2_a21o_1)
     1    0.002472    0.021911    0.076625    0.384105 v _4474_/X (sg13g2_a21o_1)
                                                         _1542_ (net)
                      0.021911    0.000000    0.384105 v _4476_/B (sg13g2_and3_1)
     1    0.001430    0.017389    0.068328    0.452433 v _4476_/X (sg13g2_and3_1)
                                                         _0323_ (net)
                      0.017389    0.000000    0.452433 v u_mac_2.temp_res[10]$_SDFF_PP0_/D (sg13g2_dfrbpq_1)
                                              0.452433   data arrival time

                      0.150000    0.000000    0.000000   clock clk (rise edge)
                                  0.000000    0.000000   clock network delay (ideal)
                                  0.250000    0.250000   clock uncertainty
                                  0.000000    0.250000   clock reconvergence pessimism
                                              0.250000 ^ u_mac_2.temp_res[10]$_SDFF_PP0_/CLK (sg13g2_dfrbpq_1)
                                 -0.006425    0.243575   library hold time
                                              0.243575   data required time
---------------------------------------------------------------------------------------------
                                              0.243575   data required time
                                             -0.452433   data arrival time
---------------------------------------------------------------------------------------------
                                              0.208858   slack (MET)


Startpoint: u_mac_3.temp_res[10]$_SDFF_PP0_
            (rising edge-triggered flip-flop clocked by clk)
Endpoint: u_mac_3.temp_res[11]$_SDFF_PP0_
          (rising edge-triggered flip-flop clocked by clk)
Path Group: clk
Path Type: min

Fanout         Cap        Slew       Delay        Time   Description
---------------------------------------------------------------------------------------------
                      0.150000    0.000000    0.000000   clock clk (rise edge)
                                  0.000000    0.000000   clock network delay (ideal)
                      0.150000    0.000000    0.000000 ^ u_mac_3.temp_res[10]$_SDFF_PP0_/CLK (sg13g2_dfrbpq_1)
     4    0.011146    0.043624    0.234223    0.234223 v u_mac_3.temp_res[10]$_SDFF_PP0_/Q (sg13g2_dfrbpq_1)
                                                         u_mac_3.temp_res[10] (net)
                      0.043624    0.000000    0.234223 v _4831_/A (sg13g2_nand3_1)
     2    0.006008    0.042347    0.048856    0.283079 ^ _4831_/Y (sg13g2_nand3_1)
                                                         _1881_ (net)
                      0.042347    0.000000    0.283079 ^ _4883_/A (sg13g2_nand2_1)
     1    0.005677    0.047091    0.057897    0.340976 v _4883_/Y (sg13g2_nand2_1)
                                                         _1932_ (net)
                      0.047091    0.000000    0.340976 v _4904_/A (sg13g2_xor2_1)
     1    0.002993    0.046576    0.081061    0.422038 ^ _4904_/X (sg13g2_xor2_1)
                                                         _1953_ (net)
                      0.046576    0.000000    0.422038 ^ _4905_/B (sg13g2_nor2_1)
     1    0.001430    0.018078    0.030727    0.452765 v _4905_/Y (sg13g2_nor2_1)
                                                         _0342_ (net)
                      0.018078    0.000000    0.452765 v u_mac_3.temp_res[11]$_SDFF_PP0_/D (sg13g2_dfrbpq_1)
                                              0.452765   data arrival time

                      0.150000    0.000000    0.000000   clock clk (rise edge)
                                  0.000000    0.000000   clock network delay (ideal)
                                  0.250000    0.250000   clock uncertainty
                                  0.000000    0.250000   clock reconvergence pessimism
                                              0.250000 ^ u_mac_3.temp_res[11]$_SDFF_PP0_/CLK (sg13g2_dfrbpq_1)
                                 -0.006646    0.243354   library hold time
                                              0.243354   data required time
---------------------------------------------------------------------------------------------
                                              0.243354   data required time
                                             -0.452765   data arrival time
---------------------------------------------------------------------------------------------
                                              0.209411   slack (MET)


Startpoint: u_ctrl.input_cnt[2]$_SDFFE_PP0P_
            (rising edge-triggered flip-flop clocked by clk)
Endpoint: u_ctrl.input_cnt[2]$_SDFFE_PP0P_
          (rising edge-triggered flip-flop clocked by clk)
Path Group: clk
Path Type: min

Fanout         Cap        Slew       Delay        Time   Description
---------------------------------------------------------------------------------------------
                      0.150000    0.000000    0.000000   clock clk (rise edge)
                                  0.000000    0.000000   clock network delay (ideal)
                      0.150000    0.000000    0.000000 ^ u_ctrl.input_cnt[2]$_SDFFE_PP0P_/CLK (sg13g2_dfrbpq_1)
    15    0.042304    0.134919    0.306311    0.306311 v u_ctrl.input_cnt[2]$_SDFFE_PP0P_/Q (sg13g2_dfrbpq_1)
                                                         u_ctrl.input_cnt[2] (net)
                      0.134919    0.000000    0.306311 v _5654_/A1 (sg13g2_o21ai_1)
     1    0.002993    0.053526    0.119225    0.425536 ^ _5654_/Y (sg13g2_o21ai_1)
                                                         _0424_ (net)
                      0.053526    0.000000    0.425536 ^ _5655_/B (sg13g2_nor2_1)
     1    0.001430    0.019419    0.032664    0.458199 v _5655_/Y (sg13g2_nor2_1)
                                                         _0033_ (net)
                      0.019419    0.000000    0.458199 v u_ctrl.input_cnt[2]$_SDFFE_PP0P_/D (sg13g2_dfrbpq_1)
                                              0.458199   data arrival time

                      0.150000    0.000000    0.000000   clock clk (rise edge)
                                  0.000000    0.000000   clock network delay (ideal)
                                  0.250000    0.250000   clock uncertainty
                                  0.000000    0.250000   clock reconvergence pessimism
                                              0.250000 ^ u_ctrl.input_cnt[2]$_SDFFE_PP0P_/CLK (sg13g2_dfrbpq_1)
                                 -0.007075    0.242925   library hold time
                                              0.242925   data required time
---------------------------------------------------------------------------------------------
                                              0.242925   data required time
                                             -0.458199   data arrival time
---------------------------------------------------------------------------------------------
                                              0.215275   slack (MET)


Startpoint: u_mac_1.temp_res[11]$_SDFF_PP0_
            (rising edge-triggered flip-flop clocked by clk)
Endpoint: u_mac_1.temp_res[11]$_SDFF_PP0_
          (rising edge-triggered flip-flop clocked by clk)
Path Group: clk
Path Type: min

Fanout         Cap        Slew       Delay        Time   Description
---------------------------------------------------------------------------------------------
                      0.150000    0.000000    0.000000   clock clk (rise edge)
                                  0.000000    0.000000   clock network delay (ideal)
                      0.150000    0.000000    0.000000 ^ u_mac_1.temp_res[11]$_SDFF_PP0_/CLK (sg13g2_dfrbpq_1)
     3    0.008478    0.035984    0.227678    0.227678 v u_mac_1.temp_res[11]$_SDFF_PP0_/Q (sg13g2_dfrbpq_1)
                                                         u_mac_1.temp_res[11] (net)
                      0.035984    0.000000    0.227678 v _5410_/A (sg13g2_inv_1)
     2    0.005869    0.035185    0.039967    0.267644 ^ _5410_/Y (sg13g2_inv_1)
                                                         _2425_ (net)
                      0.035185    0.000000    0.267644 ^ _4084_/A (sg13g2_nand2_1)
     2    0.005688    0.046446    0.055498    0.323142 v _4084_/Y (sg13g2_nand2_1)
                                                         _1169_ (net)
                      0.046446    0.000000    0.323142 v _4087_/A (sg13g2_nand2_1)
     1    0.005655    0.036709    0.045147    0.368290 ^ _4087_/Y (sg13g2_nand2_1)
                                                         _1172_ (net)
                      0.036709    0.000000    0.368290 ^ _4089_/A (sg13g2_xnor2_1)
     1    0.002993    0.028679    0.072631    0.440921 ^ _4089_/Y (sg13g2_xnor2_1)
                                                         _1174_ (net)
                      0.028679    0.000000    0.440921 ^ _4090_/B (sg13g2_nor2_1)
     1    0.001430    0.014625    0.025741    0.466661 v _4090_/Y (sg13g2_nor2_1)
                                                         _0306_ (net)
                      0.014625    0.000000    0.466661 v u_mac_1.temp_res[11]$_SDFF_PP0_/D (sg13g2_dfrbpq_1)
                                              0.466661   data arrival time

                      0.150000    0.000000    0.000000   clock clk (rise edge)
                                  0.000000    0.000000   clock network delay (ideal)
                                  0.250000    0.250000   clock uncertainty
                                  0.000000    0.250000   clock reconvergence pessimism
                                              0.250000 ^ u_mac_1.temp_res[11]$_SDFF_PP0_/CLK (sg13g2_dfrbpq_1)
                                 -0.005541    0.244459   library hold time
                                              0.244459   data required time
---------------------------------------------------------------------------------------------
                                              0.244459   data required time
                                             -0.466661   data arrival time
---------------------------------------------------------------------------------------------
                                              0.222202   slack (MET)


Startpoint: u_mac_2.temp_res[5]$_SDFF_PP0_
            (rising edge-triggered flip-flop clocked by clk)
Endpoint: u_mac_2.temp_res[6]$_SDFF_PP0_
          (rising edge-triggered flip-flop clocked by clk)
Path Group: clk
Path Type: min

Fanout         Cap        Slew       Delay        Time   Description
---------------------------------------------------------------------------------------------
                      0.150000    0.000000    0.000000   clock clk (rise edge)
                                  0.000000    0.000000   clock network delay (ideal)
                      0.150000    0.000000    0.000000 ^ u_mac_2.temp_res[5]$_SDFF_PP0_/CLK (sg13g2_dfrbpq_1)
     3    0.011661    0.058096    0.242880    0.242880 ^ u_mac_2.temp_res[5]$_SDFF_PP0_/Q (sg13g2_dfrbpq_1)
                                                         u_mac_2.temp_res[5] (net)
                      0.058096    0.000000    0.242880 ^ _4438_/A (sg13g2_nand2_1)
     1    0.002844    0.036360    0.050202    0.293082 v _4438_/Y (sg13g2_nand2_1)
                                                         _1506_ (net)
                      0.036360    0.000000    0.293082 v _4459_/A (sg13g2_nand2_1)
     3    0.008402    0.046946    0.050322    0.343404 ^ _4459_/Y (sg13g2_nand2_1)
                                                         _1527_ (net)
                      0.046946    0.000000    0.343404 ^ _4462_/B (sg13g2_nand2b_1)
     1    0.002472    0.031165    0.052839    0.396243 v _4462_/Y (sg13g2_nand2b_1)
                                                         _1530_ (net)
                      0.031165    0.000000    0.396243 v _4559_/B (sg13g2_and3_1)
     1    0.001430    0.017627    0.072701    0.468944 v _4559_/X (sg13g2_and3_1)
                                                         _0336_ (net)
                      0.017627    0.000000    0.468944 v u_mac_2.temp_res[6]$_SDFF_PP0_/D (sg13g2_dfrbpq_1)
                                              0.468944   data arrival time

                      0.150000    0.000000    0.000000   clock clk (rise edge)
                                  0.000000    0.000000   clock network delay (ideal)
                                  0.250000    0.250000   clock uncertainty
                                  0.000000    0.250000   clock reconvergence pessimism
                                              0.250000 ^ u_mac_2.temp_res[6]$_SDFF_PP0_/CLK (sg13g2_dfrbpq_1)
                                 -0.006502    0.243498   library hold time
                                              0.243498   data required time
---------------------------------------------------------------------------------------------
                                              0.243498   data required time
                                             -0.468944   data arrival time
---------------------------------------------------------------------------------------------
                                              0.225446   slack (MET)


Startpoint: read_count$_SDFF_PP0_
            (rising edge-triggered flip-flop clocked by clk)
Endpoint: half_sel$_SDFFE_PP0P_ (rising edge-triggered flip-flop clocked by clk)
Path Group: clk
Path Type: min

Fanout         Cap        Slew       Delay        Time   Description
---------------------------------------------------------------------------------------------
                      0.150000    0.000000    0.000000   clock clk (rise edge)
                                  0.000000    0.000000   clock network delay (ideal)
                      0.150000    0.000000    0.000000 ^ read_count$_SDFF_PP0_/CLK (sg13g2_dfrbpq_1)
    21    0.065626    0.204506    0.357910    0.357910 v read_count$_SDFF_PP0_/Q (sg13g2_dfrbpq_1)
                                                         read_count (net)
                      0.204506    0.000000    0.357910 v _5459_/A1 (sg13g2_a21oi_1)
     1    0.001410    0.033811    0.093056    0.450967 ^ _5459_/Y (sg13g2_a21oi_1)
                                                         _0006_ (net)
                      0.033811    0.000000    0.450967 ^ half_sel$_SDFFE_PP0P_/D (sg13g2_dfrbpq_1)
                                              0.450967   data arrival time

                      0.150000    0.000000    0.000000   clock clk (rise edge)
                                  0.000000    0.000000   clock network delay (ideal)
                                  0.250000    0.250000   clock uncertainty
                                  0.000000    0.250000   clock reconvergence pessimism
                                              0.250000 ^ half_sel$_SDFFE_PP0P_/CLK (sg13g2_dfrbpq_1)
                                 -0.048716    0.201284   library hold time
                                              0.201284   data required time
---------------------------------------------------------------------------------------------
                                              0.201284   data required time
                                             -0.450967   data arrival time
---------------------------------------------------------------------------------------------
                                              0.249683   slack (MET)


Startpoint: u_mac_3.temp_res[12]$_SDFF_PP0_
            (rising edge-triggered flip-flop clocked by clk)
Endpoint: u_mac_3.temp_res[12]$_SDFF_PP0_
          (rising edge-triggered flip-flop clocked by clk)
Path Group: clk
Path Type: min

Fanout         Cap        Slew       Delay        Time   Description
---------------------------------------------------------------------------------------------
                      0.150000    0.000000    0.000000   clock clk (rise edge)
                                  0.000000    0.000000   clock network delay (ideal)
                      0.150000    0.000000    0.000000 ^ u_mac_3.temp_res[12]$_SDFF_PP0_/CLK (sg13g2_dfrbpq_1)
     4    0.014600    0.053510    0.242693    0.242693 v u_mac_3.temp_res[12]$_SDFF_PP0_/Q (sg13g2_dfrbpq_1)
                                                         u_mac_3.temp_res[12] (net)
                      0.053510    0.000000    0.242693 v _4918_/A (sg13g2_xor2_1)
     2    0.005864    0.069957    0.100619    0.343311 ^ _4918_/X (sg13g2_xor2_1)
                                                         _1966_ (net)
                      0.069957    0.000000    0.343311 ^ _4921_/B1 (sg13g2_o21ai_1)
     3    0.008284    0.064506    0.079080    0.422391 v _4921_/Y (sg13g2_o21ai_1)
                                                         _1969_ (net)
                      0.064506    0.000000    0.422391 v _4922_/C (sg13g2_and3_1)
     1    0.001430    0.017664    0.092902    0.515293 v _4922_/X (sg13g2_and3_1)
                                                         _0343_ (net)
                      0.017664    0.000000    0.515293 v u_mac_3.temp_res[12]$_SDFF_PP0_/D (sg13g2_dfrbpq_1)
                                              0.515293   data arrival time

                      0.150000    0.000000    0.000000   clock clk (rise edge)
                                  0.000000    0.000000   clock network delay (ideal)
                                  0.250000    0.250000   clock uncertainty
                                  0.000000    0.250000   clock reconvergence pessimism
                                              0.250000 ^ u_mac_3.temp_res[12]$_SDFF_PP0_/CLK (sg13g2_dfrbpq_1)
                                 -0.006513    0.243487   library hold time
                                              0.243487   data required time
---------------------------------------------------------------------------------------------
                                              0.243487   data required time
                                             -0.515293   data arrival time
---------------------------------------------------------------------------------------------
                                              0.271806   slack (MET)


Startpoint: u_ctrl.state[2]$_DFF_P_
            (rising edge-triggered flip-flop clocked by clk)
Endpoint: u_ctrl.state[5]$_DFF_P_
          (rising edge-triggered flip-flop clocked by clk)
Path Group: clk
Path Type: min

Fanout         Cap        Slew       Delay        Time   Description
---------------------------------------------------------------------------------------------
                      0.150000    0.000000    0.000000   clock clk (rise edge)
                                  0.000000    0.000000   clock network delay (ideal)
                      0.150000    0.000000    0.000000 ^ u_ctrl.state[2]$_DFF_P_/CLK (sg13g2_dfrbpq_1)
    12    0.034258    0.110969    0.288444    0.288444 v u_ctrl.state[2]$_DFF_P_/Q (sg13g2_dfrbpq_1)
                                                         mac_en (net)
                      0.110969    0.000000    0.288444 v _5434_/A (sg13g2_nand2_1)
     6    0.017952    0.095424    0.113864    0.402308 ^ _5434_/Y (sg13g2_nand2_1)
                                                         _2448_ (net)
                      0.095424    0.000000    0.402308 ^ _5437_/A (sg13g2_nor2_1)
     2    0.005860    0.043495    0.066553    0.468860 v _5437_/Y (sg13g2_nor2_1)
                                                         _2451_ (net)
                      0.043495    0.000000    0.468860 v _5440_/B1 (sg13g2_a21oi_1)
     1    0.002993    0.037794    0.045196    0.514056 ^ _5440_/Y (sg13g2_a21oi_1)
                                                         _2454_ (net)
                      0.037794    0.000000    0.514056 ^ _5441_/B (sg13g2_nor2_1)
     1    0.001430    0.016384    0.028281    0.542337 v _5441_/Y (sg13g2_nor2_1)
                                                         _0005_ (net)
                      0.016384    0.000000    0.542337 v u_ctrl.state[5]$_DFF_P_/D (sg13g2_dfrbpq_1)
                                              0.542337   data arrival time

                      0.150000    0.000000    0.000000   clock clk (rise edge)
                                  0.000000    0.000000   clock network delay (ideal)
                                  0.250000    0.250000   clock uncertainty
                                  0.000000    0.250000   clock reconvergence pessimism
                                              0.250000 ^ u_ctrl.state[5]$_DFF_P_/CLK (sg13g2_dfrbpq_1)
                                 -0.006104    0.243896   library hold time
                                              0.243896   data required time
---------------------------------------------------------------------------------------------
                                              0.243896   data required time
                                             -0.542337   data arrival time
---------------------------------------------------------------------------------------------
                                              0.298441   slack (MET)


Startpoint: ram_wrcnt[1]$_SDFFE_PP0P_
            (rising edge-triggered flip-flop clocked by clk)
Endpoint: u_ctrl.state[1]$_DFF_P_
          (rising edge-triggered flip-flop clocked by clk)
Path Group: clk
Path Type: min

Fanout         Cap        Slew       Delay        Time   Description
---------------------------------------------------------------------------------------------
                      0.150000    0.000000    0.000000   clock clk (rise edge)
                                  0.000000    0.000000   clock network delay (ideal)
                      0.150000    0.000000    0.000000 ^ ram_wrcnt[1]$_SDFFE_PP0P_/CLK (sg13g2_dfrbpq_1)
     6    0.016561    0.059126    0.247503    0.247503 v ram_wrcnt[1]$_SDFFE_PP0P_/Q (sg13g2_dfrbpq_1)
                                                         ram_wrcnt[1] (net)
                      0.059126    0.000000    0.247503 v _5438_/A (sg13g2_and2_1)
    21    0.063099    0.198786    0.219099    0.466602 v _5438_/X (sg13g2_and2_1)
                                                         _2452_ (net)
                      0.198786    0.000000    0.466602 v _5453_/B (sg13g2_nand2_1)
     2    0.006089    0.070612    0.093346    0.559948 ^ _5453_/Y (sg13g2_nand2_1)
                                                         _2464_ (net)
                      0.070612    0.000000    0.559948 ^ _5454_/B (sg13g2_nor2_1)
     1    0.001430    0.022716    0.037425    0.597372 v _5454_/Y (sg13g2_nor2_1)
                                                         _0000_ (net)
                      0.022716    0.000000    0.597372 v u_ctrl.state[1]$_DFF_P_/D (sg13g2_dfrbpq_1)
                                              0.597372   data arrival time

                      0.150000    0.000000    0.000000   clock clk (rise edge)
                                  0.000000    0.000000   clock network delay (ideal)
                                  0.250000    0.250000   clock uncertainty
                                  0.000000    0.250000   clock reconvergence pessimism
                                              0.250000 ^ u_ctrl.state[1]$_DFF_P_/CLK (sg13g2_dfrbpq_1)
                                 -0.008131    0.241869   library hold time
                                              0.241869   data required time
---------------------------------------------------------------------------------------------
                                              0.241869   data required time
                                             -0.597372   data arrival time
---------------------------------------------------------------------------------------------
                                              0.355503   slack (MET)


Startpoint: read_ram (input port clocked by clk)
Endpoint: read_count$_SDFF_PP0_ (rising edge-triggered flip-flop clocked by clk)
Path Group: clk
Path Type: min

Fanout         Cap        Slew       Delay        Time   Description
---------------------------------------------------------------------------------------------
                      0.150000    0.000000    0.000000   clock clk (rise edge)
                                  0.000000    0.000000   clock network delay (ideal)
                                  2.000000    2.000000 v input external delay
     3    0.004704    0.018451    0.003249    2.003249 v read_ram (in)
                                                         read_ram (net)
                      0.018451    0.000000    2.003249 v _5457_/B_N (sg13g2_nor2b_1)
    11    0.032626    0.111646    0.133550    2.136800 v _5457_/Y (sg13g2_nor2b_1)
                                                         _0009_ (net)
                      0.111646    0.000000    2.136800 v read_count$_SDFF_PP0_/D (sg13g2_dfrbpq_1)
                                              2.136800   data arrival time

                      0.150000    0.000000    0.000000   clock clk (rise edge)
                                  0.000000    0.000000   clock network delay (ideal)
                                  0.250000    0.250000   clock uncertainty
                                  0.000000    0.250000   clock reconvergence pessimism
                                              0.250000 ^ read_count$_SDFF_PP0_/CLK (sg13g2_dfrbpq_1)
                                 -0.036596    0.213404   library hold time
                                              0.213404   data required time
---------------------------------------------------------------------------------------------
                                              0.213404   data required time
                                             -2.136800   data arrival time
---------------------------------------------------------------------------------------------
                                              1.923395   slack (MET)


Startpoint: u_ctrl.finish$_SDFF_PP0_
            (rising edge-triggered flip-flop clocked by clk)
Endpoint: finish (output port clocked by clk)
Path Group: clk
Path Type: min

Fanout         Cap        Slew       Delay        Time   Description
---------------------------------------------------------------------------------------------
                      0.150000    0.000000    0.000000   clock clk (rise edge)
                                  0.000000    0.000000   clock network delay (ideal)
                      0.150000    0.000000    0.000000 ^ u_ctrl.finish$_SDFF_PP0_/CLK (sg13g2_dfrbpq_1)
     1    0.006000    0.028890    0.221600    0.221600 v u_ctrl.finish$_SDFF_PP0_/Q (sg13g2_dfrbpq_1)
                                                         finish (net)
                      0.028890    0.000000    0.221600 v finish (out)
                                              0.221600   data arrival time

                      0.150000    0.000000    0.000000   clock clk (rise edge)
                                  0.000000    0.000000   clock network delay (ideal)
                                  0.250000    0.250000   clock uncertainty
                                  0.000000    0.250000   clock reconvergence pessimism
                                 -2.000000   -1.750000   output external delay
                                             -1.750000   data required time
---------------------------------------------------------------------------------------------
                                             -1.750000   data required time
                                             -0.221600   data arrival time
---------------------------------------------------------------------------------------------
                                              1.971601   slack (MET)


Startpoint: read_data_out[0]$_SDFFE_PP0P_
            (rising edge-triggered flip-flop clocked by clk)
Endpoint: read_data_out[0] (output port clocked by clk)
Path Group: clk
Path Type: min

Fanout         Cap        Slew       Delay        Time   Description
---------------------------------------------------------------------------------------------
                      0.150000    0.000000    0.000000   clock clk (rise edge)
                                  0.000000    0.000000   clock network delay (ideal)
                      0.150000    0.000000    0.000000 ^ read_data_out[0]$_SDFFE_PP0P_/CLK (sg13g2_dfrbpq_1)
     2    0.009154    0.037919    0.229335    0.229335 v read_data_out[0]$_SDFFE_PP0P_/Q (sg13g2_dfrbpq_1)
                                                         read_data_out[0] (net)
                      0.037919    0.000000    0.229335 v read_data_out[0] (out)
                                              0.229335   data arrival time

                      0.150000    0.000000    0.000000   clock clk (rise edge)
                                  0.000000    0.000000   clock network delay (ideal)
                                  0.250000    0.250000   clock uncertainty
                                  0.000000    0.250000   clock reconvergence pessimism
                                 -2.000000   -1.750000   output external delay
                                             -1.750000   data required time
---------------------------------------------------------------------------------------------
                                             -1.750000   data required time
                                             -0.229335   data arrival time
---------------------------------------------------------------------------------------------
                                              1.979335   slack (MET)


Startpoint: read_data_out[1]$_SDFFE_PP0P_
            (rising edge-triggered flip-flop clocked by clk)
Endpoint: read_data_out[1] (output port clocked by clk)
Path Group: clk
Path Type: min

Fanout         Cap        Slew       Delay        Time   Description
---------------------------------------------------------------------------------------------
                      0.150000    0.000000    0.000000   clock clk (rise edge)
                                  0.000000    0.000000   clock network delay (ideal)
                      0.150000    0.000000    0.000000 ^ read_data_out[1]$_SDFFE_PP0P_/CLK (sg13g2_dfrbpq_1)
     2    0.009154    0.037919    0.229335    0.229335 v read_data_out[1]$_SDFFE_PP0P_/Q (sg13g2_dfrbpq_1)
                                                         read_data_out[1] (net)
                      0.037919    0.000000    0.229335 v read_data_out[1] (out)
                                              0.229335   data arrival time

                      0.150000    0.000000    0.000000   clock clk (rise edge)
                                  0.000000    0.000000   clock network delay (ideal)
                                  0.250000    0.250000   clock uncertainty
                                  0.000000    0.250000   clock reconvergence pessimism
                                 -2.000000   -1.750000   output external delay
                                             -1.750000   data required time
---------------------------------------------------------------------------------------------
                                             -1.750000   data required time
                                             -0.229335   data arrival time
---------------------------------------------------------------------------------------------
                                              1.979335   slack (MET)


Startpoint: read_data_out[2]$_SDFFE_PP0P_
            (rising edge-triggered flip-flop clocked by clk)
Endpoint: read_data_out[2] (output port clocked by clk)
Path Group: clk
Path Type: min

Fanout         Cap        Slew       Delay        Time   Description
---------------------------------------------------------------------------------------------
                      0.150000    0.000000    0.000000   clock clk (rise edge)
                                  0.000000    0.000000   clock network delay (ideal)
                      0.150000    0.000000    0.000000 ^ read_data_out[2]$_SDFFE_PP0P_/CLK (sg13g2_dfrbpq_1)
     2    0.009154    0.037919    0.229335    0.229335 v read_data_out[2]$_SDFFE_PP0P_/Q (sg13g2_dfrbpq_1)
                                                         read_data_out[2] (net)
                      0.037919    0.000000    0.229335 v read_data_out[2] (out)
                                              0.229335   data arrival time

                      0.150000    0.000000    0.000000   clock clk (rise edge)
                                  0.000000    0.000000   clock network delay (ideal)
                                  0.250000    0.250000   clock uncertainty
                                  0.000000    0.250000   clock reconvergence pessimism
                                 -2.000000   -1.750000   output external delay
                                             -1.750000   data required time
---------------------------------------------------------------------------------------------
                                             -1.750000   data required time
                                             -0.229335   data arrival time
---------------------------------------------------------------------------------------------
                                              1.979335   slack (MET)


Startpoint: read_data_out[3]$_SDFFE_PP0P_
            (rising edge-triggered flip-flop clocked by clk)
Endpoint: read_data_out[3] (output port clocked by clk)
Path Group: clk
Path Type: min

Fanout         Cap        Slew       Delay        Time   Description
---------------------------------------------------------------------------------------------
                      0.150000    0.000000    0.000000   clock clk (rise edge)
                                  0.000000    0.000000   clock network delay (ideal)
                      0.150000    0.000000    0.000000 ^ read_data_out[3]$_SDFFE_PP0P_/CLK (sg13g2_dfrbpq_1)
     2    0.009154    0.037919    0.229335    0.229335 v read_data_out[3]$_SDFFE_PP0P_/Q (sg13g2_dfrbpq_1)
                                                         read_data_out[3] (net)
                      0.037919    0.000000    0.229335 v read_data_out[3] (out)
                                              0.229335   data arrival time

                      0.150000    0.000000    0.000000   clock clk (rise edge)
                                  0.000000    0.000000   clock network delay (ideal)
                                  0.250000    0.250000   clock uncertainty
                                  0.000000    0.250000   clock reconvergence pessimism
                                 -2.000000   -1.750000   output external delay
                                             -1.750000   data required time
---------------------------------------------------------------------------------------------
                                             -1.750000   data required time
                                             -0.229335   data arrival time
---------------------------------------------------------------------------------------------
                                              1.979335   slack (MET)


Startpoint: read_data_out[4]$_SDFFE_PP0P_
            (rising edge-triggered flip-flop clocked by clk)
Endpoint: read_data_out[4] (output port clocked by clk)
Path Group: clk
Path Type: min

Fanout         Cap        Slew       Delay        Time   Description
---------------------------------------------------------------------------------------------
                      0.150000    0.000000    0.000000   clock clk (rise edge)
                                  0.000000    0.000000   clock network delay (ideal)
                      0.150000    0.000000    0.000000 ^ read_data_out[4]$_SDFFE_PP0P_/CLK (sg13g2_dfrbpq_1)
     2    0.009154    0.037919    0.229335    0.229335 v read_data_out[4]$_SDFFE_PP0P_/Q (sg13g2_dfrbpq_1)
                                                         read_data_out[4] (net)
                      0.037919    0.000000    0.229335 v read_data_out[4] (out)
                                              0.229335   data arrival time

                      0.150000    0.000000    0.000000   clock clk (rise edge)
                                  0.000000    0.000000   clock network delay (ideal)
                                  0.250000    0.250000   clock uncertainty
                                  0.000000    0.250000   clock reconvergence pessimism
                                 -2.000000   -1.750000   output external delay
                                             -1.750000   data required time
---------------------------------------------------------------------------------------------
                                             -1.750000   data required time
                                             -0.229335   data arrival time
---------------------------------------------------------------------------------------------
                                              1.979335   slack (MET)


Startpoint: read_data_out[5]$_SDFFE_PP0P_
            (rising edge-triggered flip-flop clocked by clk)
Endpoint: read_data_out[5] (output port clocked by clk)
Path Group: clk
Path Type: min

Fanout         Cap        Slew       Delay        Time   Description
---------------------------------------------------------------------------------------------
                      0.150000    0.000000    0.000000   clock clk (rise edge)
                                  0.000000    0.000000   clock network delay (ideal)
                      0.150000    0.000000    0.000000 ^ read_data_out[5]$_SDFFE_PP0P_/CLK (sg13g2_dfrbpq_1)
     2    0.009154    0.037919    0.229335    0.229335 v read_data_out[5]$_SDFFE_PP0P_/Q (sg13g2_dfrbpq_1)
                                                         read_data_out[5] (net)
                      0.037919    0.000000    0.229335 v read_data_out[5] (out)
                                              0.229335   data arrival time

                      0.150000    0.000000    0.000000   clock clk (rise edge)
                                  0.000000    0.000000   clock network delay (ideal)
                                  0.250000    0.250000   clock uncertainty
                                  0.000000    0.250000   clock reconvergence pessimism
                                 -2.000000   -1.750000   output external delay
                                             -1.750000   data required time
---------------------------------------------------------------------------------------------
                                             -1.750000   data required time
                                             -0.229335   data arrival time
---------------------------------------------------------------------------------------------
                                              1.979335   slack (MET)


Startpoint: read_data_out[6]$_SDFFE_PP0P_
            (rising edge-triggered flip-flop clocked by clk)
Endpoint: read_data_out[6] (output port clocked by clk)
Path Group: clk
Path Type: min

Fanout         Cap        Slew       Delay        Time   Description
---------------------------------------------------------------------------------------------
                      0.150000    0.000000    0.000000   clock clk (rise edge)
                                  0.000000    0.000000   clock network delay (ideal)
                      0.150000    0.000000    0.000000 ^ read_data_out[6]$_SDFFE_PP0P_/CLK (sg13g2_dfrbpq_1)
     2    0.009154    0.037919    0.229335    0.229335 v read_data_out[6]$_SDFFE_PP0P_/Q (sg13g2_dfrbpq_1)
                                                         read_data_out[6] (net)
                      0.037919    0.000000    0.229335 v read_data_out[6] (out)
                                              0.229335   data arrival time

                      0.150000    0.000000    0.000000   clock clk (rise edge)
                                  0.000000    0.000000   clock network delay (ideal)
                                  0.250000    0.250000   clock uncertainty
                                  0.000000    0.250000   clock reconvergence pessimism
                                 -2.000000   -1.750000   output external delay
                                             -1.750000   data required time
---------------------------------------------------------------------------------------------
                                             -1.750000   data required time
                                             -0.229335   data arrival time
---------------------------------------------------------------------------------------------
                                              1.979335   slack (MET)


Startpoint: read_data_out[7]$_SDFFE_PP0P_
            (rising edge-triggered flip-flop clocked by clk)
Endpoint: read_data_out[7] (output port clocked by clk)
Path Group: clk
Path Type: min

Fanout         Cap        Slew       Delay        Time   Description
---------------------------------------------------------------------------------------------
                      0.150000    0.000000    0.000000   clock clk (rise edge)
                                  0.000000    0.000000   clock network delay (ideal)
                      0.150000    0.000000    0.000000 ^ read_data_out[7]$_SDFFE_PP0P_/CLK (sg13g2_dfrbpq_1)
     2    0.009154    0.037919    0.229335    0.229335 v read_data_out[7]$_SDFFE_PP0P_/Q (sg13g2_dfrbpq_1)
                                                         read_data_out[7] (net)
                      0.037919    0.000000    0.229335 v read_data_out[7] (out)
                                              0.229335   data arrival time

                      0.150000    0.000000    0.000000   clock clk (rise edge)
                                  0.000000    0.000000   clock network delay (ideal)
                                  0.250000    0.250000   clock uncertainty
                                  0.000000    0.250000   clock reconvergence pessimism
                                 -2.000000   -1.750000   output external delay
                                             -1.750000   data required time
---------------------------------------------------------------------------------------------
                                             -1.750000   data required time
                                             -0.229335   data arrival time
---------------------------------------------------------------------------------------------
                                              1.979335   slack (MET)


Startpoint: read_data_out[8]$_SDFFE_PP0P_
            (rising edge-triggered flip-flop clocked by clk)
Endpoint: read_data_out[8] (output port clocked by clk)
Path Group: clk
Path Type: min

Fanout         Cap        Slew       Delay        Time   Description
---------------------------------------------------------------------------------------------
                      0.150000    0.000000    0.000000   clock clk (rise edge)
                                  0.000000    0.000000   clock network delay (ideal)
                      0.150000    0.000000    0.000000 ^ read_data_out[8]$_SDFFE_PP0P_/CLK (sg13g2_dfrbpq_1)
     2    0.009279    0.038277    0.229642    0.229642 v read_data_out[8]$_SDFFE_PP0P_/Q (sg13g2_dfrbpq_1)
                                                         read_data_out[8] (net)
                      0.038277    0.000000    0.229642 v read_data_out[8] (out)
                                              0.229642   data arrival time

                      0.150000    0.000000    0.000000   clock clk (rise edge)
                                  0.000000    0.000000   clock network delay (ideal)
                                  0.250000    0.250000   clock uncertainty
                                  0.000000    0.250000   clock reconvergence pessimism
                                 -2.000000   -1.750000   output external delay
                                             -1.750000   data required time
---------------------------------------------------------------------------------------------
                                             -1.750000   data required time
                                             -0.229642   data arrival time
---------------------------------------------------------------------------------------------
                                              1.979643   slack (MET)



