
===========================================================================
report_checks -path_delay min (Hold)
============================================================================
======================= nom_slow_1p08V_125C Corner ===================================

Startpoint: u_ctrl.state[4]$_DFF_P_
            (rising edge-triggered flip-flop clocked by clk)
Endpoint: u_ctrl.finish$_SDFF_PP0_
          (rising edge-triggered flip-flop clocked by clk)
Path Group: clk
Path Type: min

Fanout         Cap        Slew       Delay        Time   Description
---------------------------------------------------------------------------------------------
                      0.150000    0.000000    0.000000   clock clk (rise edge)
                                  0.000000    0.000000   clock network delay (ideal)
                      0.150000    0.000000    0.000000 ^ u_ctrl.state[4]$_DFF_P_/CLK (sg13g2_dfrbpq_1)
     2    0.004775    0.041260    0.323564    0.323564 v u_ctrl.state[4]$_DFF_P_/Q (sg13g2_dfrbpq_1)
                                                         u_ctrl.state[4] (net)
                      0.041260    0.000000    0.323564 v _5649_/B_N (sg13g2_nor2b_1)
     1    0.001355    0.030247    0.100589    0.424153 v _5649_/Y (sg13g2_nor2b_1)
                                                         _0030_ (net)
                      0.030247    0.000000    0.424153 v u_ctrl.finish$_SDFF_PP0_/D (sg13g2_dfrbpq_1)
                                              0.424153   data arrival time

                      0.150000    0.000000    0.000000   clock clk (rise edge)
                                  0.000000    0.000000   clock network delay (ideal)
                                  0.250000    0.250000   clock uncertainty
                                  0.000000    0.250000   clock reconvergence pessimism
                                              0.250000 ^ u_ctrl.finish$_SDFF_PP0_/CLK (sg13g2_dfrbpq_1)
                                 -0.015719    0.234281   library hold time
                                              0.234281   data required time
---------------------------------------------------------------------------------------------
                                              0.234281   data required time
                                             -0.424153   data arrival time
---------------------------------------------------------------------------------------------
                                              0.189872   slack (MET)


Startpoint: u_input_buffer.mem[31][1]$_DFFE_PP_
            (rising edge-triggered flip-flop clocked by clk)
Endpoint: u_input_buffer.mem[31][1]$_DFFE_PP_
          (rising edge-triggered flip-flop clocked by clk)
Path Group: clk
Path Type: min

Fanout         Cap        Slew       Delay        Time   Description
---------------------------------------------------------------------------------------------
                      0.150000    0.000000    0.000000   clock clk (rise edge)
                                  0.000000    0.000000   clock network delay (ideal)
                      0.150000    0.000000    0.000000 ^ u_input_buffer.mem[31][1]$_DFFE_PP_/CLK (sg13g2_dfrbpq_1)
     2    0.004729    0.041041    0.323379    0.323379 v u_input_buffer.mem[31][1]$_DFFE_PP_/Q (sg13g2_dfrbpq_1)
                                                         u_input_buffer.mem[31][1] (net)
                      0.041041    0.000000    0.323379 v _3539_/A (sg13g2_nand2_1)
     1    0.003115    0.038443    0.049591    0.372970 ^ _3539_/Y (sg13g2_nand2_1)
                                                         _0689_ (net)
                      0.038443    0.000000    0.372970 ^ _3540_/B1 (sg13g2_o21ai_1)
     1    0.001355    0.038474    0.055023    0.427993 v _3540_/Y (sg13g2_o21ai_1)
                                                         _0241_ (net)
                      0.038474    0.000000    0.427993 v u_input_buffer.mem[31][1]$_DFFE_PP_/D (sg13g2_dfrbpq_1)
                                              0.427993   data arrival time

                      0.150000    0.000000    0.000000   clock clk (rise edge)
                                  0.000000    0.000000   clock network delay (ideal)
                                  0.250000    0.250000   clock uncertainty
                                  0.000000    0.250000   clock reconvergence pessimism
                                              0.250000 ^ u_input_buffer.mem[31][1]$_DFFE_PP_/CLK (sg13g2_dfrbpq_1)
                                 -0.019037    0.230963   library hold time
                                              0.230963   data required time
---------------------------------------------------------------------------------------------
                                              0.230963   data required time
                                             -0.427993   data arrival time
---------------------------------------------------------------------------------------------
                                              0.197030   slack (MET)


Startpoint: u_input_buffer.mem[16][0]$_DFFE_PP_
            (rising edge-triggered flip-flop clocked by clk)
Endpoint: u_input_buffer.mem[16][0]$_DFFE_PP_
          (rising edge-triggered flip-flop clocked by clk)
Path Group: clk
Path Type: min

Fanout         Cap        Slew       Delay        Time   Description
---------------------------------------------------------------------------------------------
                      0.150000    0.000000    0.000000   clock clk (rise edge)
                                  0.000000    0.000000   clock network delay (ideal)
                      0.150000    0.000000    0.000000 ^ u_input_buffer.mem[16][0]$_DFFE_PP_/CLK (sg13g2_dfrbpq_1)
     2    0.005232    0.043433    0.325406    0.325406 v u_input_buffer.mem[16][0]$_DFFE_PP_/Q (sg13g2_dfrbpq_1)
                                                         u_input_buffer.mem[16][0] (net)
                      0.043433    0.000000    0.325406 v _3246_/A (sg13g2_nand2_1)
     1    0.003115    0.038918    0.050524    0.375930 ^ _3246_/Y (sg13g2_nand2_1)
                                                         _0533_ (net)
                      0.038918    0.000000    0.375930 ^ _3247_/B1 (sg13g2_o21ai_1)
     1    0.001355    0.038561    0.055187    0.431116 v _3247_/Y (sg13g2_o21ai_1)
                                                         _0104_ (net)
                      0.038561    0.000000    0.431116 v u_input_buffer.mem[16][0]$_DFFE_PP_/D (sg13g2_dfrbpq_1)
                                              0.431116   data arrival time

                      0.150000    0.000000    0.000000   clock clk (rise edge)
                                  0.000000    0.000000   clock network delay (ideal)
                                  0.250000    0.250000   clock uncertainty
                                  0.000000    0.250000   clock reconvergence pessimism
                                              0.250000 ^ u_input_buffer.mem[16][0]$_DFFE_PP_/CLK (sg13g2_dfrbpq_1)
                                 -0.019072    0.230928   library hold time
                                              0.230928   data required time
---------------------------------------------------------------------------------------------
                                              0.230928   data required time
                                             -0.431116   data arrival time
---------------------------------------------------------------------------------------------
                                              0.200188   slack (MET)


Startpoint: u_input_buffer.mem[16][1]$_DFFE_PP_
            (rising edge-triggered flip-flop clocked by clk)
Endpoint: u_input_buffer.mem[16][1]$_DFFE_PP_
          (rising edge-triggered flip-flop clocked by clk)
Path Group: clk
Path Type: min

Fanout         Cap        Slew       Delay        Time   Description
---------------------------------------------------------------------------------------------
                      0.150000    0.000000    0.000000   clock clk (rise edge)
                                  0.000000    0.000000   clock network delay (ideal)
                      0.150000    0.000000    0.000000 ^ u_input_buffer.mem[16][1]$_DFFE_PP_/CLK (sg13g2_dfrbpq_1)
     2    0.005232    0.043433    0.325406    0.325406 v u_input_buffer.mem[16][1]$_DFFE_PP_/Q (sg13g2_dfrbpq_1)
                                                         u_input_buffer.mem[16][1] (net)
                      0.043433    0.000000    0.325406 v _3248_/A (sg13g2_nand2_1)
     1    0.003115    0.038918    0.050524    0.375930 ^ _3248_/Y (sg13g2_nand2_1)
                                                         _0534_ (net)
                      0.038918    0.000000    0.375930 ^ _3249_/B1 (sg13g2_o21ai_1)
     1    0.001355    0.038561    0.055187    0.431116 v _3249_/Y (sg13g2_o21ai_1)
                                                         _0105_ (net)
                      0.038561    0.000000    0.431116 v u_input_buffer.mem[16][1]$_DFFE_PP_/D (sg13g2_dfrbpq_1)
                                              0.431116   data arrival time

                      0.150000    0.000000    0.000000   clock clk (rise edge)
                                  0.000000    0.000000   clock network delay (ideal)
                                  0.250000    0.250000   clock uncertainty
                                  0.000000    0.250000   clock reconvergence pessimism
                                              0.250000 ^ u_input_buffer.mem[16][1]$_DFFE_PP_/CLK (sg13g2_dfrbpq_1)
                                 -0.019072    0.230928   library hold time
                                              0.230928   data required time
---------------------------------------------------------------------------------------------
                                              0.230928   data required time
                                             -0.431116   data arrival time
---------------------------------------------------------------------------------------------
                                              0.200188   slack (MET)


Startpoint: u_input_buffer.mem[16][2]$_DFFE_PP_
            (rising edge-triggered flip-flop clocked by clk)
Endpoint: u_input_buffer.mem[16][2]$_DFFE_PP_
          (rising edge-triggered flip-flop clocked by clk)
Path Group: clk
Path Type: min

Fanout         Cap        Slew       Delay        Time   Description
---------------------------------------------------------------------------------------------
                      0.150000    0.000000    0.000000   clock clk (rise edge)
                                  0.000000    0.000000   clock network delay (ideal)
                      0.150000    0.000000    0.000000 ^ u_input_buffer.mem[16][2]$_DFFE_PP_/CLK (sg13g2_dfrbpq_1)
     2    0.005232    0.043433    0.325406    0.325406 v u_input_buffer.mem[16][2]$_DFFE_PP_/Q (sg13g2_dfrbpq_1)
                                                         u_input_buffer.mem[16][2] (net)
                      0.043433    0.000000    0.325406 v _3250_/A (sg13g2_nand2_1)
     1    0.003115    0.038918    0.050524    0.375930 ^ _3250_/Y (sg13g2_nand2_1)
                                                         _0535_ (net)
                      0.038918    0.000000    0.375930 ^ _3251_/B1 (sg13g2_o21ai_1)
     1    0.001355    0.038561    0.055187    0.431116 v _3251_/Y (sg13g2_o21ai_1)
                                                         _0106_ (net)
                      0.038561    0.000000    0.431116 v u_input_buffer.mem[16][2]$_DFFE_PP_/D (sg13g2_dfrbpq_1)
                                              0.431116   data arrival time

                      0.150000    0.000000    0.000000   clock clk (rise edge)
                                  0.000000    0.000000   clock network delay (ideal)
                                  0.250000    0.250000   clock uncertainty
                                  0.000000    0.250000   clock reconvergence pessimism
                                              0.250000 ^ u_input_buffer.mem[16][2]$_DFFE_PP_/CLK (sg13g2_dfrbpq_1)
                                 -0.019072    0.230928   library hold time
                                              0.230928   data required time
---------------------------------------------------------------------------------------------
                                              0.230928   data required time
                                             -0.431116   data arrival time
---------------------------------------------------------------------------------------------
                                              0.200188   slack (MET)


Startpoint: u_input_buffer.mem[16][3]$_DFFE_PP_
            (rising edge-triggered flip-flop clocked by clk)
Endpoint: u_input_buffer.mem[16][3]$_DFFE_PP_
          (rising edge-triggered flip-flop clocked by clk)
Path Group: clk
Path Type: min

Fanout         Cap        Slew       Delay        Time   Description
---------------------------------------------------------------------------------------------
                      0.150000    0.000000    0.000000   clock clk (rise edge)
                                  0.000000    0.000000   clock network delay (ideal)
                      0.150000    0.000000    0.000000 ^ u_input_buffer.mem[16][3]$_DFFE_PP_/CLK (sg13g2_dfrbpq_1)
     2    0.005232    0.043433    0.325406    0.325406 v u_input_buffer.mem[16][3]$_DFFE_PP_/Q (sg13g2_dfrbpq_1)
                                                         u_input_buffer.mem[16][3] (net)
                      0.043433    0.000000    0.325406 v _3252_/A (sg13g2_nand2_1)
     1    0.003115    0.038918    0.050524    0.375930 ^ _3252_/Y (sg13g2_nand2_1)
                                                         _0536_ (net)
                      0.038918    0.000000    0.375930 ^ _3253_/B1 (sg13g2_o21ai_1)
     1    0.001355    0.038561    0.055187    0.431116 v _3253_/Y (sg13g2_o21ai_1)
                                                         _0107_ (net)
                      0.038561    0.000000    0.431116 v u_input_buffer.mem[16][3]$_DFFE_PP_/D (sg13g2_dfrbpq_1)
                                              0.431116   data arrival time

                      0.150000    0.000000    0.000000   clock clk (rise edge)
                                  0.000000    0.000000   clock network delay (ideal)
                                  0.250000    0.250000   clock uncertainty
                                  0.000000    0.250000   clock reconvergence pessimism
                                              0.250000 ^ u_input_buffer.mem[16][3]$_DFFE_PP_/CLK (sg13g2_dfrbpq_1)
                                 -0.019072    0.230928   library hold time
                                              0.230928   data required time
---------------------------------------------------------------------------------------------
                                              0.230928   data required time
                                             -0.431116   data arrival time
---------------------------------------------------------------------------------------------
                                              0.200188   slack (MET)


Startpoint: u_input_buffer.mem[16][4]$_DFFE_PP_
            (rising edge-triggered flip-flop clocked by clk)
Endpoint: u_input_buffer.mem[16][4]$_DFFE_PP_
          (rising edge-triggered flip-flop clocked by clk)
Path Group: clk
Path Type: min

Fanout         Cap        Slew       Delay        Time   Description
---------------------------------------------------------------------------------------------
                      0.150000    0.000000    0.000000   clock clk (rise edge)
                                  0.000000    0.000000   clock network delay (ideal)
                      0.150000    0.000000    0.000000 ^ u_input_buffer.mem[16][4]$_DFFE_PP_/CLK (sg13g2_dfrbpq_1)
     2    0.005232    0.043433    0.325406    0.325406 v u_input_buffer.mem[16][4]$_DFFE_PP_/Q (sg13g2_dfrbpq_1)
                                                         u_input_buffer.mem[16][4] (net)
                      0.043433    0.000000    0.325406 v _3254_/A (sg13g2_nand2_1)
     1    0.003115    0.038918    0.050524    0.375930 ^ _3254_/Y (sg13g2_nand2_1)
                                                         _0537_ (net)
                      0.038918    0.000000    0.375930 ^ _3255_/B1 (sg13g2_o21ai_1)
     1    0.001355    0.038561    0.055187    0.431116 v _3255_/Y (sg13g2_o21ai_1)
                                                         _0108_ (net)
                      0.038561    0.000000    0.431116 v u_input_buffer.mem[16][4]$_DFFE_PP_/D (sg13g2_dfrbpq_1)
                                              0.431116   data arrival time

                      0.150000    0.000000    0.000000   clock clk (rise edge)
                                  0.000000    0.000000   clock network delay (ideal)
                                  0.250000    0.250000   clock uncertainty
                                  0.000000    0.250000   clock reconvergence pessimism
                                              0.250000 ^ u_input_buffer.mem[16][4]$_DFFE_PP_/CLK (sg13g2_dfrbpq_1)
                                 -0.019072    0.230928   library hold time
                                              0.230928   data required time
---------------------------------------------------------------------------------------------
                                              0.230928   data required time
                                             -0.431116   data arrival time
---------------------------------------------------------------------------------------------
                                              0.200188   slack (MET)


Startpoint: u_input_buffer.mem[16][5]$_DFFE_PP_
            (rising edge-triggered flip-flop clocked by clk)
Endpoint: u_input_buffer.mem[16][5]$_DFFE_PP_
          (rising edge-triggered flip-flop clocked by clk)
Path Group: clk
Path Type: min

Fanout         Cap        Slew       Delay        Time   Description
---------------------------------------------------------------------------------------------
                      0.150000    0.000000    0.000000   clock clk (rise edge)
                                  0.000000    0.000000   clock network delay (ideal)
                      0.150000    0.000000    0.000000 ^ u_input_buffer.mem[16][5]$_DFFE_PP_/CLK (sg13g2_dfrbpq_1)
     2    0.005232    0.043433    0.325406    0.325406 v u_input_buffer.mem[16][5]$_DFFE_PP_/Q (sg13g2_dfrbpq_1)
                                                         u_input_buffer.mem[16][5] (net)
                      0.043433    0.000000    0.325406 v _3256_/A (sg13g2_nand2_1)
     1    0.003115    0.038918    0.050524    0.375930 ^ _3256_/Y (sg13g2_nand2_1)
                                                         _0538_ (net)
                      0.038918    0.000000    0.375930 ^ _3257_/B1 (sg13g2_o21ai_1)
     1    0.001355    0.038561    0.055187    0.431116 v _3257_/Y (sg13g2_o21ai_1)
                                                         _0109_ (net)
                      0.038561    0.000000    0.431116 v u_input_buffer.mem[16][5]$_DFFE_PP_/D (sg13g2_dfrbpq_1)
                                              0.431116   data arrival time

                      0.150000    0.000000    0.000000   clock clk (rise edge)
                                  0.000000    0.000000   clock network delay (ideal)
                                  0.250000    0.250000   clock uncertainty
                                  0.000000    0.250000   clock reconvergence pessimism
                                              0.250000 ^ u_input_buffer.mem[16][5]$_DFFE_PP_/CLK (sg13g2_dfrbpq_1)
                                 -0.019072    0.230928   library hold time
                                              0.230928   data required time
---------------------------------------------------------------------------------------------
                                              0.230928   data required time
                                             -0.431116   data arrival time
---------------------------------------------------------------------------------------------
                                              0.200188   slack (MET)


Startpoint: u_input_buffer.mem[16][6]$_DFFE_PP_
            (rising edge-triggered flip-flop clocked by clk)
Endpoint: u_input_buffer.mem[16][6]$_DFFE_PP_
          (rising edge-triggered flip-flop clocked by clk)
Path Group: clk
Path Type: min

Fanout         Cap        Slew       Delay        Time   Description
---------------------------------------------------------------------------------------------
                      0.150000    0.000000    0.000000   clock clk (rise edge)
                                  0.000000    0.000000   clock network delay (ideal)
                      0.150000    0.000000    0.000000 ^ u_input_buffer.mem[16][6]$_DFFE_PP_/CLK (sg13g2_dfrbpq_1)
     2    0.005232    0.043433    0.325406    0.325406 v u_input_buffer.mem[16][6]$_DFFE_PP_/Q (sg13g2_dfrbpq_1)
                                                         u_input_buffer.mem[16][6] (net)
                      0.043433    0.000000    0.325406 v _3258_/A (sg13g2_nand2_1)
     1    0.003115    0.038918    0.050524    0.375930 ^ _3258_/Y (sg13g2_nand2_1)
                                                         _0539_ (net)
                      0.038918    0.000000    0.375930 ^ _3259_/B1 (sg13g2_o21ai_1)
     1    0.001355    0.038561    0.055187    0.431116 v _3259_/Y (sg13g2_o21ai_1)
                                                         _0110_ (net)
                      0.038561    0.000000    0.431116 v u_input_buffer.mem[16][6]$_DFFE_PP_/D (sg13g2_dfrbpq_1)
                                              0.431116   data arrival time

                      0.150000    0.000000    0.000000   clock clk (rise edge)
                                  0.000000    0.000000   clock network delay (ideal)
                                  0.250000    0.250000   clock uncertainty
                                  0.000000    0.250000   clock reconvergence pessimism
                                              0.250000 ^ u_input_buffer.mem[16][6]$_DFFE_PP_/CLK (sg13g2_dfrbpq_1)
                                 -0.019072    0.230928   library hold time
                                              0.230928   data required time
---------------------------------------------------------------------------------------------
                                              0.230928   data required time
                                             -0.431116   data arrival time
---------------------------------------------------------------------------------------------
                                              0.200188   slack (MET)


Startpoint: u_input_buffer.mem[16][7]$_DFFE_PP_
            (rising edge-triggered flip-flop clocked by clk)
Endpoint: u_input_buffer.mem[16][7]$_DFFE_PP_
          (rising edge-triggered flip-flop clocked by clk)
Path Group: clk
Path Type: min

Fanout         Cap        Slew       Delay        Time   Description
---------------------------------------------------------------------------------------------
                      0.150000    0.000000    0.000000   clock clk (rise edge)
                                  0.000000    0.000000   clock network delay (ideal)
                      0.150000    0.000000    0.000000 ^ u_input_buffer.mem[16][7]$_DFFE_PP_/CLK (sg13g2_dfrbpq_1)
     2    0.005232    0.043433    0.325406    0.325406 v u_input_buffer.mem[16][7]$_DFFE_PP_/Q (sg13g2_dfrbpq_1)
                                                         u_input_buffer.mem[16][7] (net)
                      0.043433    0.000000    0.325406 v _3260_/A (sg13g2_nand2_1)
     1    0.003115    0.038918    0.050524    0.375930 ^ _3260_/Y (sg13g2_nand2_1)
                                                         _0540_ (net)
                      0.038918    0.000000    0.375930 ^ _3261_/B1 (sg13g2_o21ai_1)
     1    0.001355    0.038561    0.055187    0.431116 v _3261_/Y (sg13g2_o21ai_1)
                                                         _0111_ (net)
                      0.038561    0.000000    0.431116 v u_input_buffer.mem[16][7]$_DFFE_PP_/D (sg13g2_dfrbpq_1)
                                              0.431116   data arrival time

                      0.150000    0.000000    0.000000   clock clk (rise edge)
                                  0.000000    0.000000   clock network delay (ideal)
                                  0.250000    0.250000   clock uncertainty
                                  0.000000    0.250000   clock reconvergence pessimism
                                              0.250000 ^ u_input_buffer.mem[16][7]$_DFFE_PP_/CLK (sg13g2_dfrbpq_1)
                                 -0.019072    0.230928   library hold time
                                              0.230928   data required time
---------------------------------------------------------------------------------------------
                                              0.230928   data required time
                                             -0.431116   data arrival time
---------------------------------------------------------------------------------------------
                                              0.200188   slack (MET)


Startpoint: u_input_buffer.mem[17][0]$_DFFE_PP_
            (rising edge-triggered flip-flop clocked by clk)
Endpoint: u_input_buffer.mem[17][0]$_DFFE_PP_
          (rising edge-triggered flip-flop clocked by clk)
Path Group: clk
Path Type: min

Fanout         Cap        Slew       Delay        Time   Description
---------------------------------------------------------------------------------------------
                      0.150000    0.000000    0.000000   clock clk (rise edge)
                                  0.000000    0.000000   clock network delay (ideal)
                      0.150000    0.000000    0.000000 ^ u_input_buffer.mem[17][0]$_DFFE_PP_/CLK (sg13g2_dfrbpq_1)
     2    0.005232    0.043433    0.325406    0.325406 v u_input_buffer.mem[17][0]$_DFFE_PP_/Q (sg13g2_dfrbpq_1)
                                                         u_input_buffer.mem[17][0] (net)
                      0.043433    0.000000    0.325406 v _3263_/A (sg13g2_nand2_1)
     1    0.003115    0.038918    0.050524    0.375930 ^ _3263_/Y (sg13g2_nand2_1)
                                                         _0542_ (net)
                      0.038918    0.000000    0.375930 ^ _3264_/B1 (sg13g2_o21ai_1)
     1    0.001355    0.038561    0.055187    0.431116 v _3264_/Y (sg13g2_o21ai_1)
                                                         _0112_ (net)
                      0.038561    0.000000    0.431116 v u_input_buffer.mem[17][0]$_DFFE_PP_/D (sg13g2_dfrbpq_1)
                                              0.431116   data arrival time

                      0.150000    0.000000    0.000000   clock clk (rise edge)
                                  0.000000    0.000000   clock network delay (ideal)
                                  0.250000    0.250000   clock uncertainty
                                  0.000000    0.250000   clock reconvergence pessimism
                                              0.250000 ^ u_input_buffer.mem[17][0]$_DFFE_PP_/CLK (sg13g2_dfrbpq_1)
                                 -0.019072    0.230928   library hold time
                                              0.230928   data required time
---------------------------------------------------------------------------------------------
                                              0.230928   data required time
                                             -0.431116   data arrival time
---------------------------------------------------------------------------------------------
                                              0.200188   slack (MET)


Startpoint: u_input_buffer.mem[17][1]$_DFFE_PP_
            (rising edge-triggered flip-flop clocked by clk)
Endpoint: u_input_buffer.mem[17][1]$_DFFE_PP_
          (rising edge-triggered flip-flop clocked by clk)
Path Group: clk
Path Type: min

Fanout         Cap        Slew       Delay        Time   Description
---------------------------------------------------------------------------------------------
                      0.150000    0.000000    0.000000   clock clk (rise edge)
                                  0.000000    0.000000   clock network delay (ideal)
                      0.150000    0.000000    0.000000 ^ u_input_buffer.mem[17][1]$_DFFE_PP_/CLK (sg13g2_dfrbpq_1)
     2    0.005232    0.043433    0.325406    0.325406 v u_input_buffer.mem[17][1]$_DFFE_PP_/Q (sg13g2_dfrbpq_1)
                                                         u_input_buffer.mem[17][1] (net)
                      0.043433    0.000000    0.325406 v _3265_/A (sg13g2_nand2_1)
     1    0.003115    0.038918    0.050524    0.375930 ^ _3265_/Y (sg13g2_nand2_1)
                                                         _0543_ (net)
                      0.038918    0.000000    0.375930 ^ _3266_/B1 (sg13g2_o21ai_1)
     1    0.001355    0.038561    0.055187    0.431116 v _3266_/Y (sg13g2_o21ai_1)
                                                         _0113_ (net)
                      0.038561    0.000000    0.431116 v u_input_buffer.mem[17][1]$_DFFE_PP_/D (sg13g2_dfrbpq_1)
                                              0.431116   data arrival time

                      0.150000    0.000000    0.000000   clock clk (rise edge)
                                  0.000000    0.000000   clock network delay (ideal)
                                  0.250000    0.250000   clock uncertainty
                                  0.000000    0.250000   clock reconvergence pessimism
                                              0.250000 ^ u_input_buffer.mem[17][1]$_DFFE_PP_/CLK (sg13g2_dfrbpq_1)
                                 -0.019072    0.230928   library hold time
                                              0.230928   data required time
---------------------------------------------------------------------------------------------
                                              0.230928   data required time
                                             -0.431116   data arrival time
---------------------------------------------------------------------------------------------
                                              0.200188   slack (MET)


Startpoint: u_input_buffer.mem[17][2]$_DFFE_PP_
            (rising edge-triggered flip-flop clocked by clk)
Endpoint: u_input_buffer.mem[17][2]$_DFFE_PP_
          (rising edge-triggered flip-flop clocked by clk)
Path Group: clk
Path Type: min

Fanout         Cap        Slew       Delay        Time   Description
---------------------------------------------------------------------------------------------
                      0.150000    0.000000    0.000000   clock clk (rise edge)
                                  0.000000    0.000000   clock network delay (ideal)
                      0.150000    0.000000    0.000000 ^ u_input_buffer.mem[17][2]$_DFFE_PP_/CLK (sg13g2_dfrbpq_1)
     2    0.005232    0.043433    0.325406    0.325406 v u_input_buffer.mem[17][2]$_DFFE_PP_/Q (sg13g2_dfrbpq_1)
                                                         u_input_buffer.mem[17][2] (net)
                      0.043433    0.000000    0.325406 v _3267_/A (sg13g2_nand2_1)
     1    0.003115    0.038918    0.050524    0.375930 ^ _3267_/Y (sg13g2_nand2_1)
                                                         _0544_ (net)
                      0.038918    0.000000    0.375930 ^ _3268_/B1 (sg13g2_o21ai_1)
     1    0.001355    0.038561    0.055187    0.431116 v _3268_/Y (sg13g2_o21ai_1)
                                                         _0114_ (net)
                      0.038561    0.000000    0.431116 v u_input_buffer.mem[17][2]$_DFFE_PP_/D (sg13g2_dfrbpq_1)
                                              0.431116   data arrival time

                      0.150000    0.000000    0.000000   clock clk (rise edge)
                                  0.000000    0.000000   clock network delay (ideal)
                                  0.250000    0.250000   clock uncertainty
                                  0.000000    0.250000   clock reconvergence pessimism
                                              0.250000 ^ u_input_buffer.mem[17][2]$_DFFE_PP_/CLK (sg13g2_dfrbpq_1)
                                 -0.019072    0.230928   library hold time
                                              0.230928   data required time
---------------------------------------------------------------------------------------------
                                              0.230928   data required time
                                             -0.431116   data arrival time
---------------------------------------------------------------------------------------------
                                              0.200188   slack (MET)


Startpoint: u_input_buffer.mem[17][3]$_DFFE_PP_
            (rising edge-triggered flip-flop clocked by clk)
Endpoint: u_input_buffer.mem[17][3]$_DFFE_PP_
          (rising edge-triggered flip-flop clocked by clk)
Path Group: clk
Path Type: min

Fanout         Cap        Slew       Delay        Time   Description
---------------------------------------------------------------------------------------------
                      0.150000    0.000000    0.000000   clock clk (rise edge)
                                  0.000000    0.000000   clock network delay (ideal)
                      0.150000    0.000000    0.000000 ^ u_input_buffer.mem[17][3]$_DFFE_PP_/CLK (sg13g2_dfrbpq_1)
     2    0.005232    0.043433    0.325406    0.325406 v u_input_buffer.mem[17][3]$_DFFE_PP_/Q (sg13g2_dfrbpq_1)
                                                         u_input_buffer.mem[17][3] (net)
                      0.043433    0.000000    0.325406 v _3269_/A (sg13g2_nand2_1)
     1    0.003115    0.038918    0.050524    0.375930 ^ _3269_/Y (sg13g2_nand2_1)
                                                         _0545_ (net)
                      0.038918    0.000000    0.375930 ^ _3270_/B1 (sg13g2_o21ai_1)
     1    0.001355    0.038561    0.055187    0.431116 v _3270_/Y (sg13g2_o21ai_1)
                                                         _0115_ (net)
                      0.038561    0.000000    0.431116 v u_input_buffer.mem[17][3]$_DFFE_PP_/D (sg13g2_dfrbpq_1)
                                              0.431116   data arrival time

                      0.150000    0.000000    0.000000   clock clk (rise edge)
                                  0.000000    0.000000   clock network delay (ideal)
                                  0.250000    0.250000   clock uncertainty
                                  0.000000    0.250000   clock reconvergence pessimism
                                              0.250000 ^ u_input_buffer.mem[17][3]$_DFFE_PP_/CLK (sg13g2_dfrbpq_1)
                                 -0.019072    0.230928   library hold time
                                              0.230928   data required time
---------------------------------------------------------------------------------------------
                                              0.230928   data required time
                                             -0.431116   data arrival time
---------------------------------------------------------------------------------------------
                                              0.200188   slack (MET)


Startpoint: u_input_buffer.mem[17][4]$_DFFE_PP_
            (rising edge-triggered flip-flop clocked by clk)
Endpoint: u_input_buffer.mem[17][4]$_DFFE_PP_
          (rising edge-triggered flip-flop clocked by clk)
Path Group: clk
Path Type: min

Fanout         Cap        Slew       Delay        Time   Description
---------------------------------------------------------------------------------------------
                      0.150000    0.000000    0.000000   clock clk (rise edge)
                                  0.000000    0.000000   clock network delay (ideal)
                      0.150000    0.000000    0.000000 ^ u_input_buffer.mem[17][4]$_DFFE_PP_/CLK (sg13g2_dfrbpq_1)
     2    0.005232    0.043433    0.325406    0.325406 v u_input_buffer.mem[17][4]$_DFFE_PP_/Q (sg13g2_dfrbpq_1)
                                                         u_input_buffer.mem[17][4] (net)
                      0.043433    0.000000    0.325406 v _3271_/A (sg13g2_nand2_1)
     1    0.003115    0.038918    0.050524    0.375930 ^ _3271_/Y (sg13g2_nand2_1)
                                                         _0546_ (net)
                      0.038918    0.000000    0.375930 ^ _3272_/B1 (sg13g2_o21ai_1)
     1    0.001355    0.038561    0.055187    0.431116 v _3272_/Y (sg13g2_o21ai_1)
                                                         _0116_ (net)
                      0.038561    0.000000    0.431116 v u_input_buffer.mem[17][4]$_DFFE_PP_/D (sg13g2_dfrbpq_1)
                                              0.431116   data arrival time

                      0.150000    0.000000    0.000000   clock clk (rise edge)
                                  0.000000    0.000000   clock network delay (ideal)
                                  0.250000    0.250000   clock uncertainty
                                  0.000000    0.250000   clock reconvergence pessimism
                                              0.250000 ^ u_input_buffer.mem[17][4]$_DFFE_PP_/CLK (sg13g2_dfrbpq_1)
                                 -0.019072    0.230928   library hold time
                                              0.230928   data required time
---------------------------------------------------------------------------------------------
                                              0.230928   data required time
                                             -0.431116   data arrival time
---------------------------------------------------------------------------------------------
                                              0.200188   slack (MET)


Startpoint: u_input_buffer.mem[17][5]$_DFFE_PP_
            (rising edge-triggered flip-flop clocked by clk)
Endpoint: u_input_buffer.mem[17][5]$_DFFE_PP_
          (rising edge-triggered flip-flop clocked by clk)
Path Group: clk
Path Type: min

Fanout         Cap        Slew       Delay        Time   Description
---------------------------------------------------------------------------------------------
                      0.150000    0.000000    0.000000   clock clk (rise edge)
                                  0.000000    0.000000   clock network delay (ideal)
                      0.150000    0.000000    0.000000 ^ u_input_buffer.mem[17][5]$_DFFE_PP_/CLK (sg13g2_dfrbpq_1)
     2    0.005232    0.043433    0.325406    0.325406 v u_input_buffer.mem[17][5]$_DFFE_PP_/Q (sg13g2_dfrbpq_1)
                                                         u_input_buffer.mem[17][5] (net)
                      0.043433    0.000000    0.325406 v _3273_/A (sg13g2_nand2_1)
     1    0.003115    0.038918    0.050524    0.375930 ^ _3273_/Y (sg13g2_nand2_1)
                                                         _0547_ (net)
                      0.038918    0.000000    0.375930 ^ _3274_/B1 (sg13g2_o21ai_1)
     1    0.001355    0.038561    0.055187    0.431116 v _3274_/Y (sg13g2_o21ai_1)
                                                         _0117_ (net)
                      0.038561    0.000000    0.431116 v u_input_buffer.mem[17][5]$_DFFE_PP_/D (sg13g2_dfrbpq_1)
                                              0.431116   data arrival time

                      0.150000    0.000000    0.000000   clock clk (rise edge)
                                  0.000000    0.000000   clock network delay (ideal)
                                  0.250000    0.250000   clock uncertainty
                                  0.000000    0.250000   clock reconvergence pessimism
                                              0.250000 ^ u_input_buffer.mem[17][5]$_DFFE_PP_/CLK (sg13g2_dfrbpq_1)
                                 -0.019072    0.230928   library hold time
                                              0.230928   data required time
---------------------------------------------------------------------------------------------
                                              0.230928   data required time
                                             -0.431116   data arrival time
---------------------------------------------------------------------------------------------
                                              0.200188   slack (MET)


Startpoint: u_input_buffer.mem[17][6]$_DFFE_PP_
            (rising edge-triggered flip-flop clocked by clk)
Endpoint: u_input_buffer.mem[17][6]$_DFFE_PP_
          (rising edge-triggered flip-flop clocked by clk)
Path Group: clk
Path Type: min

Fanout         Cap        Slew       Delay        Time   Description
---------------------------------------------------------------------------------------------
                      0.150000    0.000000    0.000000   clock clk (rise edge)
                                  0.000000    0.000000   clock network delay (ideal)
                      0.150000    0.000000    0.000000 ^ u_input_buffer.mem[17][6]$_DFFE_PP_/CLK (sg13g2_dfrbpq_1)
     2    0.005232    0.043433    0.325406    0.325406 v u_input_buffer.mem[17][6]$_DFFE_PP_/Q (sg13g2_dfrbpq_1)
                                                         u_input_buffer.mem[17][6] (net)
                      0.043433    0.000000    0.325406 v _3275_/A (sg13g2_nand2_1)
     1    0.003115    0.038918    0.050524    0.375930 ^ _3275_/Y (sg13g2_nand2_1)
                                                         _0548_ (net)
                      0.038918    0.000000    0.375930 ^ _3276_/B1 (sg13g2_o21ai_1)
     1    0.001355    0.038561    0.055187    0.431116 v _3276_/Y (sg13g2_o21ai_1)
                                                         _0118_ (net)
                      0.038561    0.000000    0.431116 v u_input_buffer.mem[17][6]$_DFFE_PP_/D (sg13g2_dfrbpq_1)
                                              0.431116   data arrival time

                      0.150000    0.000000    0.000000   clock clk (rise edge)
                                  0.000000    0.000000   clock network delay (ideal)
                                  0.250000    0.250000   clock uncertainty
                                  0.000000    0.250000   clock reconvergence pessimism
                                              0.250000 ^ u_input_buffer.mem[17][6]$_DFFE_PP_/CLK (sg13g2_dfrbpq_1)
                                 -0.019072    0.230928   library hold time
                                              0.230928   data required time
---------------------------------------------------------------------------------------------
                                              0.230928   data required time
                                             -0.431116   data arrival time
---------------------------------------------------------------------------------------------
                                              0.200188   slack (MET)


Startpoint: u_input_buffer.mem[17][7]$_DFFE_PP_
            (rising edge-triggered flip-flop clocked by clk)
Endpoint: u_input_buffer.mem[17][7]$_DFFE_PP_
          (rising edge-triggered flip-flop clocked by clk)
Path Group: clk
Path Type: min

Fanout         Cap        Slew       Delay        Time   Description
---------------------------------------------------------------------------------------------
                      0.150000    0.000000    0.000000   clock clk (rise edge)
                                  0.000000    0.000000   clock network delay (ideal)
                      0.150000    0.000000    0.000000 ^ u_input_buffer.mem[17][7]$_DFFE_PP_/CLK (sg13g2_dfrbpq_1)
     2    0.005232    0.043433    0.325406    0.325406 v u_input_buffer.mem[17][7]$_DFFE_PP_/Q (sg13g2_dfrbpq_1)
                                                         u_input_buffer.mem[17][7] (net)
                      0.043433    0.000000    0.325406 v _3277_/A (sg13g2_nand2_1)
     1    0.003115    0.038918    0.050524    0.375930 ^ _3277_/Y (sg13g2_nand2_1)
                                                         _0549_ (net)
                      0.038918    0.000000    0.375930 ^ _3278_/B1 (sg13g2_o21ai_1)
     1    0.001355    0.038561    0.055187    0.431116 v _3278_/Y (sg13g2_o21ai_1)
                                                         _0119_ (net)
                      0.038561    0.000000    0.431116 v u_input_buffer.mem[17][7]$_DFFE_PP_/D (sg13g2_dfrbpq_1)
                                              0.431116   data arrival time

                      0.150000    0.000000    0.000000   clock clk (rise edge)
                                  0.000000    0.000000   clock network delay (ideal)
                                  0.250000    0.250000   clock uncertainty
                                  0.000000    0.250000   clock reconvergence pessimism
                                              0.250000 ^ u_input_buffer.mem[17][7]$_DFFE_PP_/CLK (sg13g2_dfrbpq_1)
                                 -0.019072    0.230928   library hold time
                                              0.230928   data required time
---------------------------------------------------------------------------------------------
                                              0.230928   data required time
                                             -0.431116   data arrival time
---------------------------------------------------------------------------------------------
                                              0.200188   slack (MET)


Startpoint: u_input_buffer.mem[1][0]$_DFFE_PP_
            (rising edge-triggered flip-flop clocked by clk)
Endpoint: u_input_buffer.mem[1][0]$_DFFE_PP_
          (rising edge-triggered flip-flop clocked by clk)
Path Group: clk
Path Type: min

Fanout         Cap        Slew       Delay        Time   Description
---------------------------------------------------------------------------------------------
                      0.150000    0.000000    0.000000   clock clk (rise edge)
                                  0.000000    0.000000   clock network delay (ideal)
                      0.150000    0.000000    0.000000 ^ u_input_buffer.mem[1][0]$_DFFE_PP_/CLK (sg13g2_dfrbpq_1)
     2    0.005232    0.043433    0.325406    0.325406 v u_input_buffer.mem[1][0]$_DFFE_PP_/Q (sg13g2_dfrbpq_1)
                                                         u_input_buffer.mem[1][0] (net)
                      0.043433    0.000000    0.325406 v _3314_/A (sg13g2_nand2_1)
     1    0.003115    0.038918    0.050524    0.375930 ^ _3314_/Y (sg13g2_nand2_1)
                                                         _0569_ (net)
                      0.038918    0.000000    0.375930 ^ _3315_/B1 (sg13g2_o21ai_1)
     1    0.001355    0.038561    0.055187    0.431116 v _3315_/Y (sg13g2_o21ai_1)
                                                         _0136_ (net)
                      0.038561    0.000000    0.431116 v u_input_buffer.mem[1][0]$_DFFE_PP_/D (sg13g2_dfrbpq_1)
                                              0.431116   data arrival time

                      0.150000    0.000000    0.000000   clock clk (rise edge)
                                  0.000000    0.000000   clock network delay (ideal)
                                  0.250000    0.250000   clock uncertainty
                                  0.000000    0.250000   clock reconvergence pessimism
                                              0.250000 ^ u_input_buffer.mem[1][0]$_DFFE_PP_/CLK (sg13g2_dfrbpq_1)
                                 -0.019072    0.230928   library hold time
                                              0.230928   data required time
---------------------------------------------------------------------------------------------
                                              0.230928   data required time
                                             -0.431116   data arrival time
---------------------------------------------------------------------------------------------
                                              0.200188   slack (MET)


Startpoint: u_input_buffer.mem[1][1]$_DFFE_PP_
            (rising edge-triggered flip-flop clocked by clk)
Endpoint: u_input_buffer.mem[1][1]$_DFFE_PP_
          (rising edge-triggered flip-flop clocked by clk)
Path Group: clk
Path Type: min

Fanout         Cap        Slew       Delay        Time   Description
---------------------------------------------------------------------------------------------
                      0.150000    0.000000    0.000000   clock clk (rise edge)
                                  0.000000    0.000000   clock network delay (ideal)
                      0.150000    0.000000    0.000000 ^ u_input_buffer.mem[1][1]$_DFFE_PP_/CLK (sg13g2_dfrbpq_1)
     2    0.005232    0.043433    0.325406    0.325406 v u_input_buffer.mem[1][1]$_DFFE_PP_/Q (sg13g2_dfrbpq_1)
                                                         u_input_buffer.mem[1][1] (net)
                      0.043433    0.000000    0.325406 v _3316_/A (sg13g2_nand2_1)
     1    0.003115    0.038918    0.050524    0.375930 ^ _3316_/Y (sg13g2_nand2_1)
                                                         _0570_ (net)
                      0.038918    0.000000    0.375930 ^ _3317_/B1 (sg13g2_o21ai_1)
     1    0.001355    0.038561    0.055187    0.431116 v _3317_/Y (sg13g2_o21ai_1)
                                                         _0137_ (net)
                      0.038561    0.000000    0.431116 v u_input_buffer.mem[1][1]$_DFFE_PP_/D (sg13g2_dfrbpq_1)
                                              0.431116   data arrival time

                      0.150000    0.000000    0.000000   clock clk (rise edge)
                                  0.000000    0.000000   clock network delay (ideal)
                                  0.250000    0.250000   clock uncertainty
                                  0.000000    0.250000   clock reconvergence pessimism
                                              0.250000 ^ u_input_buffer.mem[1][1]$_DFFE_PP_/CLK (sg13g2_dfrbpq_1)
                                 -0.019072    0.230928   library hold time
                                              0.230928   data required time
---------------------------------------------------------------------------------------------
                                              0.230928   data required time
                                             -0.431116   data arrival time
---------------------------------------------------------------------------------------------
                                              0.200188   slack (MET)


Startpoint: u_input_buffer.mem[1][2]$_DFFE_PP_
            (rising edge-triggered flip-flop clocked by clk)
Endpoint: u_input_buffer.mem[1][2]$_DFFE_PP_
          (rising edge-triggered flip-flop clocked by clk)
Path Group: clk
Path Type: min

Fanout         Cap        Slew       Delay        Time   Description
---------------------------------------------------------------------------------------------
                      0.150000    0.000000    0.000000   clock clk (rise edge)
                                  0.000000    0.000000   clock network delay (ideal)
                      0.150000    0.000000    0.000000 ^ u_input_buffer.mem[1][2]$_DFFE_PP_/CLK (sg13g2_dfrbpq_1)
     2    0.005232    0.043433    0.325406    0.325406 v u_input_buffer.mem[1][2]$_DFFE_PP_/Q (sg13g2_dfrbpq_1)
                                                         u_input_buffer.mem[1][2] (net)
                      0.043433    0.000000    0.325406 v _3318_/A (sg13g2_nand2_1)
     1    0.003115    0.038918    0.050524    0.375930 ^ _3318_/Y (sg13g2_nand2_1)
                                                         _0571_ (net)
                      0.038918    0.000000    0.375930 ^ _3319_/B1 (sg13g2_o21ai_1)
     1    0.001355    0.038561    0.055187    0.431116 v _3319_/Y (sg13g2_o21ai_1)
                                                         _0138_ (net)
                      0.038561    0.000000    0.431116 v u_input_buffer.mem[1][2]$_DFFE_PP_/D (sg13g2_dfrbpq_1)
                                              0.431116   data arrival time

                      0.150000    0.000000    0.000000   clock clk (rise edge)
                                  0.000000    0.000000   clock network delay (ideal)
                                  0.250000    0.250000   clock uncertainty
                                  0.000000    0.250000   clock reconvergence pessimism
                                              0.250000 ^ u_input_buffer.mem[1][2]$_DFFE_PP_/CLK (sg13g2_dfrbpq_1)
                                 -0.019072    0.230928   library hold time
                                              0.230928   data required time
---------------------------------------------------------------------------------------------
                                              0.230928   data required time
                                             -0.431116   data arrival time
---------------------------------------------------------------------------------------------
                                              0.200188   slack (MET)


Startpoint: u_input_buffer.mem[1][3]$_DFFE_PP_
            (rising edge-triggered flip-flop clocked by clk)
Endpoint: u_input_buffer.mem[1][3]$_DFFE_PP_
          (rising edge-triggered flip-flop clocked by clk)
Path Group: clk
Path Type: min

Fanout         Cap        Slew       Delay        Time   Description
---------------------------------------------------------------------------------------------
                      0.150000    0.000000    0.000000   clock clk (rise edge)
                                  0.000000    0.000000   clock network delay (ideal)
                      0.150000    0.000000    0.000000 ^ u_input_buffer.mem[1][3]$_DFFE_PP_/CLK (sg13g2_dfrbpq_1)
     2    0.005232    0.043433    0.325406    0.325406 v u_input_buffer.mem[1][3]$_DFFE_PP_/Q (sg13g2_dfrbpq_1)
                                                         u_input_buffer.mem[1][3] (net)
                      0.043433    0.000000    0.325406 v _3320_/A (sg13g2_nand2_1)
     1    0.003115    0.038918    0.050524    0.375930 ^ _3320_/Y (sg13g2_nand2_1)
                                                         _0572_ (net)
                      0.038918    0.000000    0.375930 ^ _3321_/B1 (sg13g2_o21ai_1)
     1    0.001355    0.038561    0.055187    0.431116 v _3321_/Y (sg13g2_o21ai_1)
                                                         _0139_ (net)
                      0.038561    0.000000    0.431116 v u_input_buffer.mem[1][3]$_DFFE_PP_/D (sg13g2_dfrbpq_1)
                                              0.431116   data arrival time

                      0.150000    0.000000    0.000000   clock clk (rise edge)
                                  0.000000    0.000000   clock network delay (ideal)
                                  0.250000    0.250000   clock uncertainty
                                  0.000000    0.250000   clock reconvergence pessimism
                                              0.250000 ^ u_input_buffer.mem[1][3]$_DFFE_PP_/CLK (sg13g2_dfrbpq_1)
                                 -0.019072    0.230928   library hold time
                                              0.230928   data required time
---------------------------------------------------------------------------------------------
                                              0.230928   data required time
                                             -0.431116   data arrival time
---------------------------------------------------------------------------------------------
                                              0.200188   slack (MET)


Startpoint: u_input_buffer.mem[1][4]$_DFFE_PP_
            (rising edge-triggered flip-flop clocked by clk)
Endpoint: u_input_buffer.mem[1][4]$_DFFE_PP_
          (rising edge-triggered flip-flop clocked by clk)
Path Group: clk
Path Type: min

Fanout         Cap        Slew       Delay        Time   Description
---------------------------------------------------------------------------------------------
                      0.150000    0.000000    0.000000   clock clk (rise edge)
                                  0.000000    0.000000   clock network delay (ideal)
                      0.150000    0.000000    0.000000 ^ u_input_buffer.mem[1][4]$_DFFE_PP_/CLK (sg13g2_dfrbpq_1)
     2    0.005232    0.043433    0.325406    0.325406 v u_input_buffer.mem[1][4]$_DFFE_PP_/Q (sg13g2_dfrbpq_1)
                                                         u_input_buffer.mem[1][4] (net)
                      0.043433    0.000000    0.325406 v _3322_/A (sg13g2_nand2_1)
     1    0.003115    0.038918    0.050524    0.375930 ^ _3322_/Y (sg13g2_nand2_1)
                                                         _0573_ (net)
                      0.038918    0.000000    0.375930 ^ _3323_/B1 (sg13g2_o21ai_1)
     1    0.001355    0.038561    0.055187    0.431116 v _3323_/Y (sg13g2_o21ai_1)
                                                         _0140_ (net)
                      0.038561    0.000000    0.431116 v u_input_buffer.mem[1][4]$_DFFE_PP_/D (sg13g2_dfrbpq_1)
                                              0.431116   data arrival time

                      0.150000    0.000000    0.000000   clock clk (rise edge)
                                  0.000000    0.000000   clock network delay (ideal)
                                  0.250000    0.250000   clock uncertainty
                                  0.000000    0.250000   clock reconvergence pessimism
                                              0.250000 ^ u_input_buffer.mem[1][4]$_DFFE_PP_/CLK (sg13g2_dfrbpq_1)
                                 -0.019072    0.230928   library hold time
                                              0.230928   data required time
---------------------------------------------------------------------------------------------
                                              0.230928   data required time
                                             -0.431116   data arrival time
---------------------------------------------------------------------------------------------
                                              0.200188   slack (MET)


Startpoint: u_input_buffer.mem[1][5]$_DFFE_PP_
            (rising edge-triggered flip-flop clocked by clk)
Endpoint: u_input_buffer.mem[1][5]$_DFFE_PP_
          (rising edge-triggered flip-flop clocked by clk)
Path Group: clk
Path Type: min

Fanout         Cap        Slew       Delay        Time   Description
---------------------------------------------------------------------------------------------
                      0.150000    0.000000    0.000000   clock clk (rise edge)
                                  0.000000    0.000000   clock network delay (ideal)
                      0.150000    0.000000    0.000000 ^ u_input_buffer.mem[1][5]$_DFFE_PP_/CLK (sg13g2_dfrbpq_1)
     2    0.005232    0.043433    0.325406    0.325406 v u_input_buffer.mem[1][5]$_DFFE_PP_/Q (sg13g2_dfrbpq_1)
                                                         u_input_buffer.mem[1][5] (net)
                      0.043433    0.000000    0.325406 v _3324_/A (sg13g2_nand2_1)
     1    0.003115    0.038918    0.050524    0.375930 ^ _3324_/Y (sg13g2_nand2_1)
                                                         _0574_ (net)
                      0.038918    0.000000    0.375930 ^ _3325_/B1 (sg13g2_o21ai_1)
     1    0.001355    0.038561    0.055187    0.431116 v _3325_/Y (sg13g2_o21ai_1)
                                                         _0141_ (net)
                      0.038561    0.000000    0.431116 v u_input_buffer.mem[1][5]$_DFFE_PP_/D (sg13g2_dfrbpq_1)
                                              0.431116   data arrival time

                      0.150000    0.000000    0.000000   clock clk (rise edge)
                                  0.000000    0.000000   clock network delay (ideal)
                                  0.250000    0.250000   clock uncertainty
                                  0.000000    0.250000   clock reconvergence pessimism
                                              0.250000 ^ u_input_buffer.mem[1][5]$_DFFE_PP_/CLK (sg13g2_dfrbpq_1)
                                 -0.019072    0.230928   library hold time
                                              0.230928   data required time
---------------------------------------------------------------------------------------------
                                              0.230928   data required time
                                             -0.431116   data arrival time
---------------------------------------------------------------------------------------------
                                              0.200188   slack (MET)


Startpoint: u_input_buffer.mem[1][6]$_DFFE_PP_
            (rising edge-triggered flip-flop clocked by clk)
Endpoint: u_input_buffer.mem[1][6]$_DFFE_PP_
          (rising edge-triggered flip-flop clocked by clk)
Path Group: clk
Path Type: min

Fanout         Cap        Slew       Delay        Time   Description
---------------------------------------------------------------------------------------------
                      0.150000    0.000000    0.000000   clock clk (rise edge)
                                  0.000000    0.000000   clock network delay (ideal)
                      0.150000    0.000000    0.000000 ^ u_input_buffer.mem[1][6]$_DFFE_PP_/CLK (sg13g2_dfrbpq_1)
     2    0.005232    0.043433    0.325406    0.325406 v u_input_buffer.mem[1][6]$_DFFE_PP_/Q (sg13g2_dfrbpq_1)
                                                         u_input_buffer.mem[1][6] (net)
                      0.043433    0.000000    0.325406 v _3326_/A (sg13g2_nand2_1)
     1    0.003115    0.038918    0.050524    0.375930 ^ _3326_/Y (sg13g2_nand2_1)
                                                         _0575_ (net)
                      0.038918    0.000000    0.375930 ^ _3327_/B1 (sg13g2_o21ai_1)
     1    0.001355    0.038561    0.055187    0.431116 v _3327_/Y (sg13g2_o21ai_1)
                                                         _0142_ (net)
                      0.038561    0.000000    0.431116 v u_input_buffer.mem[1][6]$_DFFE_PP_/D (sg13g2_dfrbpq_1)
                                              0.431116   data arrival time

                      0.150000    0.000000    0.000000   clock clk (rise edge)
                                  0.000000    0.000000   clock network delay (ideal)
                                  0.250000    0.250000   clock uncertainty
                                  0.000000    0.250000   clock reconvergence pessimism
                                              0.250000 ^ u_input_buffer.mem[1][6]$_DFFE_PP_/CLK (sg13g2_dfrbpq_1)
                                 -0.019072    0.230928   library hold time
                                              0.230928   data required time
---------------------------------------------------------------------------------------------
                                              0.230928   data required time
                                             -0.431116   data arrival time
---------------------------------------------------------------------------------------------
                                              0.200188   slack (MET)


Startpoint: u_input_buffer.mem[1][7]$_DFFE_PP_
            (rising edge-triggered flip-flop clocked by clk)
Endpoint: u_input_buffer.mem[1][7]$_DFFE_PP_
          (rising edge-triggered flip-flop clocked by clk)
Path Group: clk
Path Type: min

Fanout         Cap        Slew       Delay        Time   Description
---------------------------------------------------------------------------------------------
                      0.150000    0.000000    0.000000   clock clk (rise edge)
                                  0.000000    0.000000   clock network delay (ideal)
                      0.150000    0.000000    0.000000 ^ u_input_buffer.mem[1][7]$_DFFE_PP_/CLK (sg13g2_dfrbpq_1)
     2    0.005232    0.043433    0.325406    0.325406 v u_input_buffer.mem[1][7]$_DFFE_PP_/Q (sg13g2_dfrbpq_1)
                                                         u_input_buffer.mem[1][7] (net)
                      0.043433    0.000000    0.325406 v _3328_/A (sg13g2_nand2_1)
     1    0.003115    0.038918    0.050524    0.375930 ^ _3328_/Y (sg13g2_nand2_1)
                                                         _0576_ (net)
                      0.038918    0.000000    0.375930 ^ _3329_/B1 (sg13g2_o21ai_1)
     1    0.001355    0.038561    0.055187    0.431116 v _3329_/Y (sg13g2_o21ai_1)
                                                         _0143_ (net)
                      0.038561    0.000000    0.431116 v u_input_buffer.mem[1][7]$_DFFE_PP_/D (sg13g2_dfrbpq_1)
                                              0.431116   data arrival time

                      0.150000    0.000000    0.000000   clock clk (rise edge)
                                  0.000000    0.000000   clock network delay (ideal)
                                  0.250000    0.250000   clock uncertainty
                                  0.000000    0.250000   clock reconvergence pessimism
                                              0.250000 ^ u_input_buffer.mem[1][7]$_DFFE_PP_/CLK (sg13g2_dfrbpq_1)
                                 -0.019072    0.230928   library hold time
                                              0.230928   data required time
---------------------------------------------------------------------------------------------
                                              0.230928   data required time
                                             -0.431116   data arrival time
---------------------------------------------------------------------------------------------
                                              0.200188   slack (MET)


Startpoint: u_input_buffer.mem[8][0]$_DFFE_PP_
            (rising edge-triggered flip-flop clocked by clk)
Endpoint: u_input_buffer.mem[8][0]$_DFFE_PP_
          (rising edge-triggered flip-flop clocked by clk)
Path Group: clk
Path Type: min

Fanout         Cap        Slew       Delay        Time   Description
---------------------------------------------------------------------------------------------
                      0.150000    0.000000    0.000000   clock clk (rise edge)
                                  0.000000    0.000000   clock network delay (ideal)
                      0.150000    0.000000    0.000000 ^ u_input_buffer.mem[8][0]$_DFFE_PP_/CLK (sg13g2_dfrbpq_1)
     2    0.005232    0.043433    0.325406    0.325406 v u_input_buffer.mem[8][0]$_DFFE_PP_/Q (sg13g2_dfrbpq_1)
                                                         u_input_buffer.mem[8][0] (net)
                      0.043433    0.000000    0.325406 v _3640_/A (sg13g2_nand2_1)
     1    0.003115    0.038918    0.050524    0.375930 ^ _3640_/Y (sg13g2_nand2_1)
                                                         _0743_ (net)
                      0.038918    0.000000    0.375930 ^ _3641_/B1 (sg13g2_o21ai_1)
     1    0.001355    0.038561    0.055187    0.431116 v _3641_/Y (sg13g2_o21ai_1)
                                                         _0288_ (net)
                      0.038561    0.000000    0.431116 v u_input_buffer.mem[8][0]$_DFFE_PP_/D (sg13g2_dfrbpq_1)
                                              0.431116   data arrival time

                      0.150000    0.000000    0.000000   clock clk (rise edge)
                                  0.000000    0.000000   clock network delay (ideal)
                                  0.250000    0.250000   clock uncertainty
                                  0.000000    0.250000   clock reconvergence pessimism
                                              0.250000 ^ u_input_buffer.mem[8][0]$_DFFE_PP_/CLK (sg13g2_dfrbpq_1)
                                 -0.019072    0.230928   library hold time
                                              0.230928   data required time
---------------------------------------------------------------------------------------------
                                              0.230928   data required time
                                             -0.431116   data arrival time
---------------------------------------------------------------------------------------------
                                              0.200188   slack (MET)


Startpoint: u_input_buffer.mem[8][1]$_DFFE_PP_
            (rising edge-triggered flip-flop clocked by clk)
Endpoint: u_input_buffer.mem[8][1]$_DFFE_PP_
          (rising edge-triggered flip-flop clocked by clk)
Path Group: clk
Path Type: min

Fanout         Cap        Slew       Delay        Time   Description
---------------------------------------------------------------------------------------------
                      0.150000    0.000000    0.000000   clock clk (rise edge)
                                  0.000000    0.000000   clock network delay (ideal)
                      0.150000    0.000000    0.000000 ^ u_input_buffer.mem[8][1]$_DFFE_PP_/CLK (sg13g2_dfrbpq_1)
     2    0.005232    0.043433    0.325406    0.325406 v u_input_buffer.mem[8][1]$_DFFE_PP_/Q (sg13g2_dfrbpq_1)
                                                         u_input_buffer.mem[8][1] (net)
                      0.043433    0.000000    0.325406 v _3642_/A (sg13g2_nand2_1)
     1    0.003115    0.038918    0.050524    0.375930 ^ _3642_/Y (sg13g2_nand2_1)
                                                         _0744_ (net)
                      0.038918    0.000000    0.375930 ^ _3643_/B1 (sg13g2_o21ai_1)
     1    0.001355    0.038561    0.055187    0.431116 v _3643_/Y (sg13g2_o21ai_1)
                                                         _0289_ (net)
                      0.038561    0.000000    0.431116 v u_input_buffer.mem[8][1]$_DFFE_PP_/D (sg13g2_dfrbpq_1)
                                              0.431116   data arrival time

                      0.150000    0.000000    0.000000   clock clk (rise edge)
                                  0.000000    0.000000   clock network delay (ideal)
                                  0.250000    0.250000   clock uncertainty
                                  0.000000    0.250000   clock reconvergence pessimism
                                              0.250000 ^ u_input_buffer.mem[8][1]$_DFFE_PP_/CLK (sg13g2_dfrbpq_1)
                                 -0.019072    0.230928   library hold time
                                              0.230928   data required time
---------------------------------------------------------------------------------------------
                                              0.230928   data required time
                                             -0.431116   data arrival time
---------------------------------------------------------------------------------------------
                                              0.200188   slack (MET)


Startpoint: u_input_buffer.mem[8][2]$_DFFE_PP_
            (rising edge-triggered flip-flop clocked by clk)
Endpoint: u_input_buffer.mem[8][2]$_DFFE_PP_
          (rising edge-triggered flip-flop clocked by clk)
Path Group: clk
Path Type: min

Fanout         Cap        Slew       Delay        Time   Description
---------------------------------------------------------------------------------------------
                      0.150000    0.000000    0.000000   clock clk (rise edge)
                                  0.000000    0.000000   clock network delay (ideal)
                      0.150000    0.000000    0.000000 ^ u_input_buffer.mem[8][2]$_DFFE_PP_/CLK (sg13g2_dfrbpq_1)
     2    0.005232    0.043433    0.325406    0.325406 v u_input_buffer.mem[8][2]$_DFFE_PP_/Q (sg13g2_dfrbpq_1)
                                                         u_input_buffer.mem[8][2] (net)
                      0.043433    0.000000    0.325406 v _3644_/A (sg13g2_nand2_1)
     1    0.003115    0.038918    0.050524    0.375930 ^ _3644_/Y (sg13g2_nand2_1)
                                                         _0745_ (net)
                      0.038918    0.000000    0.375930 ^ _3645_/B1 (sg13g2_o21ai_1)
     1    0.001355    0.038561    0.055187    0.431116 v _3645_/Y (sg13g2_o21ai_1)
                                                         _0290_ (net)
                      0.038561    0.000000    0.431116 v u_input_buffer.mem[8][2]$_DFFE_PP_/D (sg13g2_dfrbpq_1)
                                              0.431116   data arrival time

                      0.150000    0.000000    0.000000   clock clk (rise edge)
                                  0.000000    0.000000   clock network delay (ideal)
                                  0.250000    0.250000   clock uncertainty
                                  0.000000    0.250000   clock reconvergence pessimism
                                              0.250000 ^ u_input_buffer.mem[8][2]$_DFFE_PP_/CLK (sg13g2_dfrbpq_1)
                                 -0.019072    0.230928   library hold time
                                              0.230928   data required time
---------------------------------------------------------------------------------------------
                                              0.230928   data required time
                                             -0.431116   data arrival time
---------------------------------------------------------------------------------------------
                                              0.200188   slack (MET)


Startpoint: u_input_buffer.mem[8][3]$_DFFE_PP_
            (rising edge-triggered flip-flop clocked by clk)
Endpoint: u_input_buffer.mem[8][3]$_DFFE_PP_
          (rising edge-triggered flip-flop clocked by clk)
Path Group: clk
Path Type: min

Fanout         Cap        Slew       Delay        Time   Description
---------------------------------------------------------------------------------------------
                      0.150000    0.000000    0.000000   clock clk (rise edge)
                                  0.000000    0.000000   clock network delay (ideal)
                      0.150000    0.000000    0.000000 ^ u_input_buffer.mem[8][3]$_DFFE_PP_/CLK (sg13g2_dfrbpq_1)
     2    0.005232    0.043433    0.325406    0.325406 v u_input_buffer.mem[8][3]$_DFFE_PP_/Q (sg13g2_dfrbpq_1)
                                                         u_input_buffer.mem[8][3] (net)
                      0.043433    0.000000    0.325406 v _3646_/A (sg13g2_nand2_1)
     1    0.003115    0.038918    0.050524    0.375930 ^ _3646_/Y (sg13g2_nand2_1)
                                                         _0746_ (net)
                      0.038918    0.000000    0.375930 ^ _3647_/B1 (sg13g2_o21ai_1)
     1    0.001355    0.038561    0.055187    0.431116 v _3647_/Y (sg13g2_o21ai_1)
                                                         _0291_ (net)
                      0.038561    0.000000    0.431116 v u_input_buffer.mem[8][3]$_DFFE_PP_/D (sg13g2_dfrbpq_1)
                                              0.431116   data arrival time

                      0.150000    0.000000    0.000000   clock clk (rise edge)
                                  0.000000    0.000000   clock network delay (ideal)
                                  0.250000    0.250000   clock uncertainty
                                  0.000000    0.250000   clock reconvergence pessimism
                                              0.250000 ^ u_input_buffer.mem[8][3]$_DFFE_PP_/CLK (sg13g2_dfrbpq_1)
                                 -0.019072    0.230928   library hold time
                                              0.230928   data required time
---------------------------------------------------------------------------------------------
                                              0.230928   data required time
                                             -0.431116   data arrival time
---------------------------------------------------------------------------------------------
                                              0.200188   slack (MET)


Startpoint: u_input_buffer.mem[8][4]$_DFFE_PP_
            (rising edge-triggered flip-flop clocked by clk)
Endpoint: u_input_buffer.mem[8][4]$_DFFE_PP_
          (rising edge-triggered flip-flop clocked by clk)
Path Group: clk
Path Type: min

Fanout         Cap        Slew       Delay        Time   Description
---------------------------------------------------------------------------------------------
                      0.150000    0.000000    0.000000   clock clk (rise edge)
                                  0.000000    0.000000   clock network delay (ideal)
                      0.150000    0.000000    0.000000 ^ u_input_buffer.mem[8][4]$_DFFE_PP_/CLK (sg13g2_dfrbpq_1)
     2    0.005232    0.043433    0.325406    0.325406 v u_input_buffer.mem[8][4]$_DFFE_PP_/Q (sg13g2_dfrbpq_1)
                                                         u_input_buffer.mem[8][4] (net)
                      0.043433    0.000000    0.325406 v _3648_/A (sg13g2_nand2_1)
     1    0.003115    0.038918    0.050524    0.375930 ^ _3648_/Y (sg13g2_nand2_1)
                                                         _0747_ (net)
                      0.038918    0.000000    0.375930 ^ _3649_/B1 (sg13g2_o21ai_1)
     1    0.001355    0.038561    0.055187    0.431116 v _3649_/Y (sg13g2_o21ai_1)
                                                         _0292_ (net)
                      0.038561    0.000000    0.431116 v u_input_buffer.mem[8][4]$_DFFE_PP_/D (sg13g2_dfrbpq_1)
                                              0.431116   data arrival time

                      0.150000    0.000000    0.000000   clock clk (rise edge)
                                  0.000000    0.000000   clock network delay (ideal)
                                  0.250000    0.250000   clock uncertainty
                                  0.000000    0.250000   clock reconvergence pessimism
                                              0.250000 ^ u_input_buffer.mem[8][4]$_DFFE_PP_/CLK (sg13g2_dfrbpq_1)
                                 -0.019072    0.230928   library hold time
                                              0.230928   data required time
---------------------------------------------------------------------------------------------
                                              0.230928   data required time
                                             -0.431116   data arrival time
---------------------------------------------------------------------------------------------
                                              0.200188   slack (MET)


Startpoint: u_input_buffer.mem[8][5]$_DFFE_PP_
            (rising edge-triggered flip-flop clocked by clk)
Endpoint: u_input_buffer.mem[8][5]$_DFFE_PP_
          (rising edge-triggered flip-flop clocked by clk)
Path Group: clk
Path Type: min

Fanout         Cap        Slew       Delay        Time   Description
---------------------------------------------------------------------------------------------
                      0.150000    0.000000    0.000000   clock clk (rise edge)
                                  0.000000    0.000000   clock network delay (ideal)
                      0.150000    0.000000    0.000000 ^ u_input_buffer.mem[8][5]$_DFFE_PP_/CLK (sg13g2_dfrbpq_1)
     2    0.005232    0.043433    0.325406    0.325406 v u_input_buffer.mem[8][5]$_DFFE_PP_/Q (sg13g2_dfrbpq_1)
                                                         u_input_buffer.mem[8][5] (net)
                      0.043433    0.000000    0.325406 v _3650_/A (sg13g2_nand2_1)
     1    0.003115    0.038918    0.050524    0.375930 ^ _3650_/Y (sg13g2_nand2_1)
                                                         _0748_ (net)
                      0.038918    0.000000    0.375930 ^ _3651_/B1 (sg13g2_o21ai_1)
     1    0.001355    0.038561    0.055187    0.431116 v _3651_/Y (sg13g2_o21ai_1)
                                                         _0293_ (net)
                      0.038561    0.000000    0.431116 v u_input_buffer.mem[8][5]$_DFFE_PP_/D (sg13g2_dfrbpq_1)
                                              0.431116   data arrival time

                      0.150000    0.000000    0.000000   clock clk (rise edge)
                                  0.000000    0.000000   clock network delay (ideal)
                                  0.250000    0.250000   clock uncertainty
                                  0.000000    0.250000   clock reconvergence pessimism
                                              0.250000 ^ u_input_buffer.mem[8][5]$_DFFE_PP_/CLK (sg13g2_dfrbpq_1)
                                 -0.019072    0.230928   library hold time
                                              0.230928   data required time
---------------------------------------------------------------------------------------------
                                              0.230928   data required time
                                             -0.431116   data arrival time
---------------------------------------------------------------------------------------------
                                              0.200188   slack (MET)


Startpoint: u_input_buffer.mem[8][6]$_DFFE_PP_
            (rising edge-triggered flip-flop clocked by clk)
Endpoint: u_input_buffer.mem[8][6]$_DFFE_PP_
          (rising edge-triggered flip-flop clocked by clk)
Path Group: clk
Path Type: min

Fanout         Cap        Slew       Delay        Time   Description
---------------------------------------------------------------------------------------------
                      0.150000    0.000000    0.000000   clock clk (rise edge)
                                  0.000000    0.000000   clock network delay (ideal)
                      0.150000    0.000000    0.000000 ^ u_input_buffer.mem[8][6]$_DFFE_PP_/CLK (sg13g2_dfrbpq_1)
     2    0.005232    0.043433    0.325406    0.325406 v u_input_buffer.mem[8][6]$_DFFE_PP_/Q (sg13g2_dfrbpq_1)
                                                         u_input_buffer.mem[8][6] (net)
                      0.043433    0.000000    0.325406 v _3652_/A (sg13g2_nand2_1)
     1    0.003115    0.038918    0.050524    0.375930 ^ _3652_/Y (sg13g2_nand2_1)
                                                         _0749_ (net)
                      0.038918    0.000000    0.375930 ^ _3653_/B1 (sg13g2_o21ai_1)
     1    0.001355    0.038561    0.055187    0.431116 v _3653_/Y (sg13g2_o21ai_1)
                                                         _0294_ (net)
                      0.038561    0.000000    0.431116 v u_input_buffer.mem[8][6]$_DFFE_PP_/D (sg13g2_dfrbpq_1)
                                              0.431116   data arrival time

                      0.150000    0.000000    0.000000   clock clk (rise edge)
                                  0.000000    0.000000   clock network delay (ideal)
                                  0.250000    0.250000   clock uncertainty
                                  0.000000    0.250000   clock reconvergence pessimism
                                              0.250000 ^ u_input_buffer.mem[8][6]$_DFFE_PP_/CLK (sg13g2_dfrbpq_1)
                                 -0.019072    0.230928   library hold time
                                              0.230928   data required time
---------------------------------------------------------------------------------------------
                                              0.230928   data required time
                                             -0.431116   data arrival time
---------------------------------------------------------------------------------------------
                                              0.200188   slack (MET)


Startpoint: u_input_buffer.mem[8][7]$_DFFE_PP_
            (rising edge-triggered flip-flop clocked by clk)
Endpoint: u_input_buffer.mem[8][7]$_DFFE_PP_
          (rising edge-triggered flip-flop clocked by clk)
Path Group: clk
Path Type: min

Fanout         Cap        Slew       Delay        Time   Description
---------------------------------------------------------------------------------------------
                      0.150000    0.000000    0.000000   clock clk (rise edge)
                                  0.000000    0.000000   clock network delay (ideal)
                      0.150000    0.000000    0.000000 ^ u_input_buffer.mem[8][7]$_DFFE_PP_/CLK (sg13g2_dfrbpq_1)
     2    0.005232    0.043433    0.325406    0.325406 v u_input_buffer.mem[8][7]$_DFFE_PP_/Q (sg13g2_dfrbpq_1)
                                                         u_input_buffer.mem[8][7] (net)
                      0.043433    0.000000    0.325406 v _3654_/A (sg13g2_nand2_1)
     1    0.003115    0.038918    0.050524    0.375930 ^ _3654_/Y (sg13g2_nand2_1)
                                                         _0750_ (net)
                      0.038918    0.000000    0.375930 ^ _3655_/B1 (sg13g2_o21ai_1)
     1    0.001355    0.038561    0.055187    0.431116 v _3655_/Y (sg13g2_o21ai_1)
                                                         _0295_ (net)
                      0.038561    0.000000    0.431116 v u_input_buffer.mem[8][7]$_DFFE_PP_/D (sg13g2_dfrbpq_1)
                                              0.431116   data arrival time

                      0.150000    0.000000    0.000000   clock clk (rise edge)
                                  0.000000    0.000000   clock network delay (ideal)
                                  0.250000    0.250000   clock uncertainty
                                  0.000000    0.250000   clock reconvergence pessimism
                                              0.250000 ^ u_input_buffer.mem[8][7]$_DFFE_PP_/CLK (sg13g2_dfrbpq_1)
                                 -0.019072    0.230928   library hold time
                                              0.230928   data required time
---------------------------------------------------------------------------------------------
                                              0.230928   data required time
                                             -0.431116   data arrival time
---------------------------------------------------------------------------------------------
                                              0.200188   slack (MET)


Startpoint: u_input_buffer.mem[9][0]$_DFFE_PP_
            (rising edge-triggered flip-flop clocked by clk)
Endpoint: u_input_buffer.mem[9][0]$_DFFE_PP_
          (rising edge-triggered flip-flop clocked by clk)
Path Group: clk
Path Type: min

Fanout         Cap        Slew       Delay        Time   Description
---------------------------------------------------------------------------------------------
                      0.150000    0.000000    0.000000   clock clk (rise edge)
                                  0.000000    0.000000   clock network delay (ideal)
                      0.150000    0.000000    0.000000 ^ u_input_buffer.mem[9][0]$_DFFE_PP_/CLK (sg13g2_dfrbpq_1)
     2    0.005232    0.043433    0.325406    0.325406 v u_input_buffer.mem[9][0]$_DFFE_PP_/Q (sg13g2_dfrbpq_1)
                                                         u_input_buffer.mem[9][0] (net)
                      0.043433    0.000000    0.325406 v _3657_/A (sg13g2_nand2_1)
     1    0.003115    0.038918    0.050524    0.375930 ^ _3657_/Y (sg13g2_nand2_1)
                                                         _0752_ (net)
                      0.038918    0.000000    0.375930 ^ _3658_/B1 (sg13g2_o21ai_1)
     1    0.001355    0.038561    0.055187    0.431116 v _3658_/Y (sg13g2_o21ai_1)
                                                         _0296_ (net)
                      0.038561    0.000000    0.431116 v u_input_buffer.mem[9][0]$_DFFE_PP_/D (sg13g2_dfrbpq_1)
                                              0.431116   data arrival time

                      0.150000    0.000000    0.000000   clock clk (rise edge)
                                  0.000000    0.000000   clock network delay (ideal)
                                  0.250000    0.250000   clock uncertainty
                                  0.000000    0.250000   clock reconvergence pessimism
                                              0.250000 ^ u_input_buffer.mem[9][0]$_DFFE_PP_/CLK (sg13g2_dfrbpq_1)
                                 -0.019072    0.230928   library hold time
                                              0.230928   data required time
---------------------------------------------------------------------------------------------
                                              0.230928   data required time
                                             -0.431116   data arrival time
---------------------------------------------------------------------------------------------
                                              0.200188   slack (MET)


Startpoint: u_input_buffer.mem[9][1]$_DFFE_PP_
            (rising edge-triggered flip-flop clocked by clk)
Endpoint: u_input_buffer.mem[9][1]$_DFFE_PP_
          (rising edge-triggered flip-flop clocked by clk)
Path Group: clk
Path Type: min

Fanout         Cap        Slew       Delay        Time   Description
---------------------------------------------------------------------------------------------
                      0.150000    0.000000    0.000000   clock clk (rise edge)
                                  0.000000    0.000000   clock network delay (ideal)
                      0.150000    0.000000    0.000000 ^ u_input_buffer.mem[9][1]$_DFFE_PP_/CLK (sg13g2_dfrbpq_1)
     2    0.005232    0.043433    0.325406    0.325406 v u_input_buffer.mem[9][1]$_DFFE_PP_/Q (sg13g2_dfrbpq_1)
                                                         u_input_buffer.mem[9][1] (net)
                      0.043433    0.000000    0.325406 v _3659_/A (sg13g2_nand2_1)
     1    0.003115    0.038918    0.050524    0.375930 ^ _3659_/Y (sg13g2_nand2_1)
                                                         _0753_ (net)
                      0.038918    0.000000    0.375930 ^ _3660_/B1 (sg13g2_o21ai_1)
     1    0.001355    0.038561    0.055187    0.431116 v _3660_/Y (sg13g2_o21ai_1)
                                                         _0297_ (net)
                      0.038561    0.000000    0.431116 v u_input_buffer.mem[9][1]$_DFFE_PP_/D (sg13g2_dfrbpq_1)
                                              0.431116   data arrival time

                      0.150000    0.000000    0.000000   clock clk (rise edge)
                                  0.000000    0.000000   clock network delay (ideal)
                                  0.250000    0.250000   clock uncertainty
                                  0.000000    0.250000   clock reconvergence pessimism
                                              0.250000 ^ u_input_buffer.mem[9][1]$_DFFE_PP_/CLK (sg13g2_dfrbpq_1)
                                 -0.019072    0.230928   library hold time
                                              0.230928   data required time
---------------------------------------------------------------------------------------------
                                              0.230928   data required time
                                             -0.431116   data arrival time
---------------------------------------------------------------------------------------------
                                              0.200188   slack (MET)


Startpoint: u_input_buffer.mem[9][2]$_DFFE_PP_
            (rising edge-triggered flip-flop clocked by clk)
Endpoint: u_input_buffer.mem[9][2]$_DFFE_PP_
          (rising edge-triggered flip-flop clocked by clk)
Path Group: clk
Path Type: min

Fanout         Cap        Slew       Delay        Time   Description
---------------------------------------------------------------------------------------------
                      0.150000    0.000000    0.000000   clock clk (rise edge)
                                  0.000000    0.000000   clock network delay (ideal)
                      0.150000    0.000000    0.000000 ^ u_input_buffer.mem[9][2]$_DFFE_PP_/CLK (sg13g2_dfrbpq_1)
     2    0.005232    0.043433    0.325406    0.325406 v u_input_buffer.mem[9][2]$_DFFE_PP_/Q (sg13g2_dfrbpq_1)
                                                         u_input_buffer.mem[9][2] (net)
                      0.043433    0.000000    0.325406 v _3661_/A (sg13g2_nand2_1)
     1    0.003115    0.038918    0.050524    0.375930 ^ _3661_/Y (sg13g2_nand2_1)
                                                         _0754_ (net)
                      0.038918    0.000000    0.375930 ^ _3662_/B1 (sg13g2_o21ai_1)
     1    0.001355    0.038561    0.055187    0.431116 v _3662_/Y (sg13g2_o21ai_1)
                                                         _0298_ (net)
                      0.038561    0.000000    0.431116 v u_input_buffer.mem[9][2]$_DFFE_PP_/D (sg13g2_dfrbpq_1)
                                              0.431116   data arrival time

                      0.150000    0.000000    0.000000   clock clk (rise edge)
                                  0.000000    0.000000   clock network delay (ideal)
                                  0.250000    0.250000   clock uncertainty
                                  0.000000    0.250000   clock reconvergence pessimism
                                              0.250000 ^ u_input_buffer.mem[9][2]$_DFFE_PP_/CLK (sg13g2_dfrbpq_1)
                                 -0.019072    0.230928   library hold time
                                              0.230928   data required time
---------------------------------------------------------------------------------------------
                                              0.230928   data required time
                                             -0.431116   data arrival time
---------------------------------------------------------------------------------------------
                                              0.200188   slack (MET)


Startpoint: u_input_buffer.mem[9][3]$_DFFE_PP_
            (rising edge-triggered flip-flop clocked by clk)
Endpoint: u_input_buffer.mem[9][3]$_DFFE_PP_
          (rising edge-triggered flip-flop clocked by clk)
Path Group: clk
Path Type: min

Fanout         Cap        Slew       Delay        Time   Description
---------------------------------------------------------------------------------------------
                      0.150000    0.000000    0.000000   clock clk (rise edge)
                                  0.000000    0.000000   clock network delay (ideal)
                      0.150000    0.000000    0.000000 ^ u_input_buffer.mem[9][3]$_DFFE_PP_/CLK (sg13g2_dfrbpq_1)
     2    0.005232    0.043433    0.325406    0.325406 v u_input_buffer.mem[9][3]$_DFFE_PP_/Q (sg13g2_dfrbpq_1)
                                                         u_input_buffer.mem[9][3] (net)
                      0.043433    0.000000    0.325406 v _3663_/A (sg13g2_nand2_1)
     1    0.003115    0.038918    0.050524    0.375930 ^ _3663_/Y (sg13g2_nand2_1)
                                                         _0755_ (net)
                      0.038918    0.000000    0.375930 ^ _3664_/B1 (sg13g2_o21ai_1)
     1    0.001355    0.038561    0.055187    0.431116 v _3664_/Y (sg13g2_o21ai_1)
                                                         _0299_ (net)
                      0.038561    0.000000    0.431116 v u_input_buffer.mem[9][3]$_DFFE_PP_/D (sg13g2_dfrbpq_1)
                                              0.431116   data arrival time

                      0.150000    0.000000    0.000000   clock clk (rise edge)
                                  0.000000    0.000000   clock network delay (ideal)
                                  0.250000    0.250000   clock uncertainty
                                  0.000000    0.250000   clock reconvergence pessimism
                                              0.250000 ^ u_input_buffer.mem[9][3]$_DFFE_PP_/CLK (sg13g2_dfrbpq_1)
                                 -0.019072    0.230928   library hold time
                                              0.230928   data required time
---------------------------------------------------------------------------------------------
                                              0.230928   data required time
                                             -0.431116   data arrival time
---------------------------------------------------------------------------------------------
                                              0.200188   slack (MET)


Startpoint: u_input_buffer.mem[9][4]$_DFFE_PP_
            (rising edge-triggered flip-flop clocked by clk)
Endpoint: u_input_buffer.mem[9][4]$_DFFE_PP_
          (rising edge-triggered flip-flop clocked by clk)
Path Group: clk
Path Type: min

Fanout         Cap        Slew       Delay        Time   Description
---------------------------------------------------------------------------------------------
                      0.150000    0.000000    0.000000   clock clk (rise edge)
                                  0.000000    0.000000   clock network delay (ideal)
                      0.150000    0.000000    0.000000 ^ u_input_buffer.mem[9][4]$_DFFE_PP_/CLK (sg13g2_dfrbpq_1)
     2    0.005232    0.043433    0.325406    0.325406 v u_input_buffer.mem[9][4]$_DFFE_PP_/Q (sg13g2_dfrbpq_1)
                                                         u_input_buffer.mem[9][4] (net)
                      0.043433    0.000000    0.325406 v _3665_/A (sg13g2_nand2_1)
     1    0.003115    0.038918    0.050524    0.375930 ^ _3665_/Y (sg13g2_nand2_1)
                                                         _0756_ (net)
                      0.038918    0.000000    0.375930 ^ _3666_/B1 (sg13g2_o21ai_1)
     1    0.001355    0.038561    0.055187    0.431116 v _3666_/Y (sg13g2_o21ai_1)
                                                         _0300_ (net)
                      0.038561    0.000000    0.431116 v u_input_buffer.mem[9][4]$_DFFE_PP_/D (sg13g2_dfrbpq_1)
                                              0.431116   data arrival time

                      0.150000    0.000000    0.000000   clock clk (rise edge)
                                  0.000000    0.000000   clock network delay (ideal)
                                  0.250000    0.250000   clock uncertainty
                                  0.000000    0.250000   clock reconvergence pessimism
                                              0.250000 ^ u_input_buffer.mem[9][4]$_DFFE_PP_/CLK (sg13g2_dfrbpq_1)
                                 -0.019072    0.230928   library hold time
                                              0.230928   data required time
---------------------------------------------------------------------------------------------
                                              0.230928   data required time
                                             -0.431116   data arrival time
---------------------------------------------------------------------------------------------
                                              0.200188   slack (MET)


Startpoint: u_input_buffer.mem[9][5]$_DFFE_PP_
            (rising edge-triggered flip-flop clocked by clk)
Endpoint: u_input_buffer.mem[9][5]$_DFFE_PP_
          (rising edge-triggered flip-flop clocked by clk)
Path Group: clk
Path Type: min

Fanout         Cap        Slew       Delay        Time   Description
---------------------------------------------------------------------------------------------
                      0.150000    0.000000    0.000000   clock clk (rise edge)
                                  0.000000    0.000000   clock network delay (ideal)
                      0.150000    0.000000    0.000000 ^ u_input_buffer.mem[9][5]$_DFFE_PP_/CLK (sg13g2_dfrbpq_1)
     2    0.005232    0.043433    0.325406    0.325406 v u_input_buffer.mem[9][5]$_DFFE_PP_/Q (sg13g2_dfrbpq_1)
                                                         u_input_buffer.mem[9][5] (net)
                      0.043433    0.000000    0.325406 v _3667_/A (sg13g2_nand2_1)
     1    0.003115    0.038918    0.050524    0.375930 ^ _3667_/Y (sg13g2_nand2_1)
                                                         _0757_ (net)
                      0.038918    0.000000    0.375930 ^ _3668_/B1 (sg13g2_o21ai_1)
     1    0.001355    0.038561    0.055187    0.431116 v _3668_/Y (sg13g2_o21ai_1)
                                                         _0301_ (net)
                      0.038561    0.000000    0.431116 v u_input_buffer.mem[9][5]$_DFFE_PP_/D (sg13g2_dfrbpq_1)
                                              0.431116   data arrival time

                      0.150000    0.000000    0.000000   clock clk (rise edge)
                                  0.000000    0.000000   clock network delay (ideal)
                                  0.250000    0.250000   clock uncertainty
                                  0.000000    0.250000   clock reconvergence pessimism
                                              0.250000 ^ u_input_buffer.mem[9][5]$_DFFE_PP_/CLK (sg13g2_dfrbpq_1)
                                 -0.019072    0.230928   library hold time
                                              0.230928   data required time
---------------------------------------------------------------------------------------------
                                              0.230928   data required time
                                             -0.431116   data arrival time
---------------------------------------------------------------------------------------------
                                              0.200188   slack (MET)


Startpoint: u_input_buffer.mem[9][6]$_DFFE_PP_
            (rising edge-triggered flip-flop clocked by clk)
Endpoint: u_input_buffer.mem[9][6]$_DFFE_PP_
          (rising edge-triggered flip-flop clocked by clk)
Path Group: clk
Path Type: min

Fanout         Cap        Slew       Delay        Time   Description
---------------------------------------------------------------------------------------------
                      0.150000    0.000000    0.000000   clock clk (rise edge)
                                  0.000000    0.000000   clock network delay (ideal)
                      0.150000    0.000000    0.000000 ^ u_input_buffer.mem[9][6]$_DFFE_PP_/CLK (sg13g2_dfrbpq_1)
     2    0.005232    0.043433    0.325406    0.325406 v u_input_buffer.mem[9][6]$_DFFE_PP_/Q (sg13g2_dfrbpq_1)
                                                         u_input_buffer.mem[9][6] (net)
                      0.043433    0.000000    0.325406 v _3669_/A (sg13g2_nand2_1)
     1    0.003115    0.038918    0.050524    0.375930 ^ _3669_/Y (sg13g2_nand2_1)
                                                         _0758_ (net)
                      0.038918    0.000000    0.375930 ^ _3670_/B1 (sg13g2_o21ai_1)
     1    0.001355    0.038561    0.055187    0.431116 v _3670_/Y (sg13g2_o21ai_1)
                                                         _0302_ (net)
                      0.038561    0.000000    0.431116 v u_input_buffer.mem[9][6]$_DFFE_PP_/D (sg13g2_dfrbpq_1)
                                              0.431116   data arrival time

                      0.150000    0.000000    0.000000   clock clk (rise edge)
                                  0.000000    0.000000   clock network delay (ideal)
                                  0.250000    0.250000   clock uncertainty
                                  0.000000    0.250000   clock reconvergence pessimism
                                              0.250000 ^ u_input_buffer.mem[9][6]$_DFFE_PP_/CLK (sg13g2_dfrbpq_1)
                                 -0.019072    0.230928   library hold time
                                              0.230928   data required time
---------------------------------------------------------------------------------------------
                                              0.230928   data required time
                                             -0.431116   data arrival time
---------------------------------------------------------------------------------------------
                                              0.200188   slack (MET)


Startpoint: u_input_buffer.mem[9][7]$_DFFE_PP_
            (rising edge-triggered flip-flop clocked by clk)
Endpoint: u_input_buffer.mem[9][7]$_DFFE_PP_
          (rising edge-triggered flip-flop clocked by clk)
Path Group: clk
Path Type: min

Fanout         Cap        Slew       Delay        Time   Description
---------------------------------------------------------------------------------------------
                      0.150000    0.000000    0.000000   clock clk (rise edge)
                                  0.000000    0.000000   clock network delay (ideal)
                      0.150000    0.000000    0.000000 ^ u_input_buffer.mem[9][7]$_DFFE_PP_/CLK (sg13g2_dfrbpq_1)
     2    0.005232    0.043433    0.325406    0.325406 v u_input_buffer.mem[9][7]$_DFFE_PP_/Q (sg13g2_dfrbpq_1)
                                                         u_input_buffer.mem[9][7] (net)
                      0.043433    0.000000    0.325406 v _3671_/A (sg13g2_nand2_1)
     1    0.003115    0.038918    0.050524    0.375930 ^ _3671_/Y (sg13g2_nand2_1)
                                                         _0759_ (net)
                      0.038918    0.000000    0.375930 ^ _3672_/B1 (sg13g2_o21ai_1)
     1    0.001355    0.038561    0.055187    0.431116 v _3672_/Y (sg13g2_o21ai_1)
                                                         _0303_ (net)
                      0.038561    0.000000    0.431116 v u_input_buffer.mem[9][7]$_DFFE_PP_/D (sg13g2_dfrbpq_1)
                                              0.431116   data arrival time

                      0.150000    0.000000    0.000000   clock clk (rise edge)
                                  0.000000    0.000000   clock network delay (ideal)
                                  0.250000    0.250000   clock uncertainty
                                  0.000000    0.250000   clock reconvergence pessimism
                                              0.250000 ^ u_input_buffer.mem[9][7]$_DFFE_PP_/CLK (sg13g2_dfrbpq_1)
                                 -0.019072    0.230928   library hold time
                                              0.230928   data required time
---------------------------------------------------------------------------------------------
                                              0.230928   data required time
                                             -0.431116   data arrival time
---------------------------------------------------------------------------------------------
                                              0.200188   slack (MET)


Startpoint: u_input_buffer.mem[31][0]$_DFFE_PP_
            (rising edge-triggered flip-flop clocked by clk)
Endpoint: u_input_buffer.mem[31][0]$_DFFE_PP_
          (rising edge-triggered flip-flop clocked by clk)
Path Group: clk
Path Type: min

Fanout         Cap        Slew       Delay        Time   Description
---------------------------------------------------------------------------------------------
                      0.150000    0.000000    0.000000   clock clk (rise edge)
                                  0.000000    0.000000   clock network delay (ideal)
                      0.150000    0.000000    0.000000 ^ u_input_buffer.mem[31][0]$_DFFE_PP_/CLK (sg13g2_dfrbpq_1)
     2    0.005316    0.043832    0.325744    0.325744 v u_input_buffer.mem[31][0]$_DFFE_PP_/Q (sg13g2_dfrbpq_1)
                                                         u_input_buffer.mem[31][0] (net)
                      0.043832    0.000000    0.325744 v _3537_/A (sg13g2_nand2_1)
     1    0.003115    0.038997    0.050679    0.376423 ^ _3537_/Y (sg13g2_nand2_1)
                                                         _0688_ (net)
                      0.038997    0.000000    0.376423 ^ _3538_/B1 (sg13g2_o21ai_1)
     1    0.001355    0.038576    0.055214    0.431637 v _3538_/Y (sg13g2_o21ai_1)
                                                         _0240_ (net)
                      0.038576    0.000000    0.431637 v u_input_buffer.mem[31][0]$_DFFE_PP_/D (sg13g2_dfrbpq_1)
                                              0.431637   data arrival time

                      0.150000    0.000000    0.000000   clock clk (rise edge)
                                  0.000000    0.000000   clock network delay (ideal)
                                  0.250000    0.250000   clock uncertainty
                                  0.000000    0.250000   clock reconvergence pessimism
                                              0.250000 ^ u_input_buffer.mem[31][0]$_DFFE_PP_/CLK (sg13g2_dfrbpq_1)
                                 -0.019078    0.230922   library hold time
                                              0.230922   data required time
---------------------------------------------------------------------------------------------
                                              0.230922   data required time
                                             -0.431637   data arrival time
---------------------------------------------------------------------------------------------
                                              0.200715   slack (MET)


Startpoint: u_input_buffer.mem[31][2]$_DFFE_PP_
            (rising edge-triggered flip-flop clocked by clk)
Endpoint: u_input_buffer.mem[31][2]$_DFFE_PP_
          (rising edge-triggered flip-flop clocked by clk)
Path Group: clk
Path Type: min

Fanout         Cap        Slew       Delay        Time   Description
---------------------------------------------------------------------------------------------
                      0.150000    0.000000    0.000000   clock clk (rise edge)
                                  0.000000    0.000000   clock network delay (ideal)
                      0.150000    0.000000    0.000000 ^ u_input_buffer.mem[31][2]$_DFFE_PP_/CLK (sg13g2_dfrbpq_1)
     2    0.005366    0.044068    0.325944    0.325944 v u_input_buffer.mem[31][2]$_DFFE_PP_/Q (sg13g2_dfrbpq_1)
                                                         u_input_buffer.mem[31][2] (net)
                      0.044068    0.000000    0.325944 v _3541_/A (sg13g2_nand2_1)
     1    0.003115    0.039044    0.050771    0.376716 ^ _3541_/Y (sg13g2_nand2_1)
                                                         _0690_ (net)
                      0.039044    0.000000    0.376716 ^ _3542_/B1 (sg13g2_o21ai_1)
     1    0.001355    0.038584    0.055230    0.431946 v _3542_/Y (sg13g2_o21ai_1)
                                                         _0242_ (net)
                      0.038584    0.000000    0.431946 v u_input_buffer.mem[31][2]$_DFFE_PP_/D (sg13g2_dfrbpq_1)
                                              0.431946   data arrival time

                      0.150000    0.000000    0.000000   clock clk (rise edge)
                                  0.000000    0.000000   clock network delay (ideal)
                                  0.250000    0.250000   clock uncertainty
                                  0.000000    0.250000   clock reconvergence pessimism
                                              0.250000 ^ u_input_buffer.mem[31][2]$_DFFE_PP_/CLK (sg13g2_dfrbpq_1)
                                 -0.019081    0.230919   library hold time
                                              0.230919   data required time
---------------------------------------------------------------------------------------------
                                              0.230919   data required time
                                             -0.431946   data arrival time
---------------------------------------------------------------------------------------------
                                              0.201027   slack (MET)


Startpoint: u_input_buffer.mem[31][4]$_DFFE_PP_
            (rising edge-triggered flip-flop clocked by clk)
Endpoint: u_input_buffer.mem[31][4]$_DFFE_PP_
          (rising edge-triggered flip-flop clocked by clk)
Path Group: clk
Path Type: min

Fanout         Cap        Slew       Delay        Time   Description
---------------------------------------------------------------------------------------------
                      0.150000    0.000000    0.000000   clock clk (rise edge)
                                  0.000000    0.000000   clock network delay (ideal)
                      0.150000    0.000000    0.000000 ^ u_input_buffer.mem[31][4]$_DFFE_PP_/CLK (sg13g2_dfrbpq_1)
     2    0.005366    0.044068    0.325944    0.325944 v u_input_buffer.mem[31][4]$_DFFE_PP_/Q (sg13g2_dfrbpq_1)
                                                         u_input_buffer.mem[31][4] (net)
                      0.044068    0.000000    0.325944 v _3545_/A (sg13g2_nand2_1)
     1    0.003115    0.039044    0.050771    0.376716 ^ _3545_/Y (sg13g2_nand2_1)
                                                         _0692_ (net)
                      0.039044    0.000000    0.376716 ^ _3546_/B1 (sg13g2_o21ai_1)
     1    0.001355    0.038584    0.055230    0.431946 v _3546_/Y (sg13g2_o21ai_1)
                                                         _0244_ (net)
                      0.038584    0.000000    0.431946 v u_input_buffer.mem[31][4]$_DFFE_PP_/D (sg13g2_dfrbpq_1)
                                              0.431946   data arrival time

                      0.150000    0.000000    0.000000   clock clk (rise edge)
                                  0.000000    0.000000   clock network delay (ideal)
                                  0.250000    0.250000   clock uncertainty
                                  0.000000    0.250000   clock reconvergence pessimism
                                              0.250000 ^ u_input_buffer.mem[31][4]$_DFFE_PP_/CLK (sg13g2_dfrbpq_1)
                                 -0.019081    0.230919   library hold time
                                              0.230919   data required time
---------------------------------------------------------------------------------------------
                                              0.230919   data required time
                                             -0.431946   data arrival time
---------------------------------------------------------------------------------------------
                                              0.201027   slack (MET)


Startpoint: u_input_buffer.mem[31][5]$_DFFE_PP_
            (rising edge-triggered flip-flop clocked by clk)
Endpoint: u_input_buffer.mem[31][5]$_DFFE_PP_
          (rising edge-triggered flip-flop clocked by clk)
Path Group: clk
Path Type: min

Fanout         Cap        Slew       Delay        Time   Description
---------------------------------------------------------------------------------------------
                      0.150000    0.000000    0.000000   clock clk (rise edge)
                                  0.000000    0.000000   clock network delay (ideal)
                      0.150000    0.000000    0.000000 ^ u_input_buffer.mem[31][5]$_DFFE_PP_/CLK (sg13g2_dfrbpq_1)
     2    0.005366    0.044068    0.325944    0.325944 v u_input_buffer.mem[31][5]$_DFFE_PP_/Q (sg13g2_dfrbpq_1)
                                                         u_input_buffer.mem[31][5] (net)
                      0.044068    0.000000    0.325944 v _3547_/A (sg13g2_nand2_1)
     1    0.003115    0.039044    0.050771    0.376716 ^ _3547_/Y (sg13g2_nand2_1)
                                                         _0693_ (net)
                      0.039044    0.000000    0.376716 ^ _3548_/B1 (sg13g2_o21ai_1)
     1    0.001355    0.038584    0.055230    0.431946 v _3548_/Y (sg13g2_o21ai_1)
                                                         _0245_ (net)
                      0.038584    0.000000    0.431946 v u_input_buffer.mem[31][5]$_DFFE_PP_/D (sg13g2_dfrbpq_1)
                                              0.431946   data arrival time

                      0.150000    0.000000    0.000000   clock clk (rise edge)
                                  0.000000    0.000000   clock network delay (ideal)
                                  0.250000    0.250000   clock uncertainty
                                  0.000000    0.250000   clock reconvergence pessimism
                                              0.250000 ^ u_input_buffer.mem[31][5]$_DFFE_PP_/CLK (sg13g2_dfrbpq_1)
                                 -0.019081    0.230919   library hold time
                                              0.230919   data required time
---------------------------------------------------------------------------------------------
                                              0.230919   data required time
                                             -0.431946   data arrival time
---------------------------------------------------------------------------------------------
                                              0.201027   slack (MET)


Startpoint: u_input_buffer.mem[31][6]$_DFFE_PP_
            (rising edge-triggered flip-flop clocked by clk)
Endpoint: u_input_buffer.mem[31][6]$_DFFE_PP_
          (rising edge-triggered flip-flop clocked by clk)
Path Group: clk
Path Type: min

Fanout         Cap        Slew       Delay        Time   Description
---------------------------------------------------------------------------------------------
                      0.150000    0.000000    0.000000   clock clk (rise edge)
                                  0.000000    0.000000   clock network delay (ideal)
                      0.150000    0.000000    0.000000 ^ u_input_buffer.mem[31][6]$_DFFE_PP_/CLK (sg13g2_dfrbpq_1)
     2    0.005366    0.044068    0.325944    0.325944 v u_input_buffer.mem[31][6]$_DFFE_PP_/Q (sg13g2_dfrbpq_1)
                                                         u_input_buffer.mem[31][6] (net)
                      0.044068    0.000000    0.325944 v _3549_/A (sg13g2_nand2_1)
     1    0.003115    0.039044    0.050771    0.376716 ^ _3549_/Y (sg13g2_nand2_1)
                                                         _0694_ (net)
                      0.039044    0.000000    0.376716 ^ _3550_/B1 (sg13g2_o21ai_1)
     1    0.001355    0.038584    0.055230    0.431946 v _3550_/Y (sg13g2_o21ai_1)
                                                         _0246_ (net)
                      0.038584    0.000000    0.431946 v u_input_buffer.mem[31][6]$_DFFE_PP_/D (sg13g2_dfrbpq_1)
                                              0.431946   data arrival time

                      0.150000    0.000000    0.000000   clock clk (rise edge)
                                  0.000000    0.000000   clock network delay (ideal)
                                  0.250000    0.250000   clock uncertainty
                                  0.000000    0.250000   clock reconvergence pessimism
                                              0.250000 ^ u_input_buffer.mem[31][6]$_DFFE_PP_/CLK (sg13g2_dfrbpq_1)
                                 -0.019081    0.230919   library hold time
                                              0.230919   data required time
---------------------------------------------------------------------------------------------
                                              0.230919   data required time
                                             -0.431946   data arrival time
---------------------------------------------------------------------------------------------
                                              0.201027   slack (MET)


Startpoint: u_input_buffer.mem[31][7]$_DFFE_PP_
            (rising edge-triggered flip-flop clocked by clk)
Endpoint: u_input_buffer.mem[31][7]$_DFFE_PP_
          (rising edge-triggered flip-flop clocked by clk)
Path Group: clk
Path Type: min

Fanout         Cap        Slew       Delay        Time   Description
---------------------------------------------------------------------------------------------
                      0.150000    0.000000    0.000000   clock clk (rise edge)
                                  0.000000    0.000000   clock network delay (ideal)
                      0.150000    0.000000    0.000000 ^ u_input_buffer.mem[31][7]$_DFFE_PP_/CLK (sg13g2_dfrbpq_1)
     2    0.005366    0.044068    0.325944    0.325944 v u_input_buffer.mem[31][7]$_DFFE_PP_/Q (sg13g2_dfrbpq_1)
                                                         u_input_buffer.mem[31][7] (net)
                      0.044068    0.000000    0.325944 v _3551_/A (sg13g2_nand2_1)
     1    0.003115    0.039044    0.050771    0.376716 ^ _3551_/Y (sg13g2_nand2_1)
                                                         _0695_ (net)
                      0.039044    0.000000    0.376716 ^ _3552_/B1 (sg13g2_o21ai_1)
     1    0.001355    0.038584    0.055230    0.431946 v _3552_/Y (sg13g2_o21ai_1)
                                                         _0247_ (net)
                      0.038584    0.000000    0.431946 v u_input_buffer.mem[31][7]$_DFFE_PP_/D (sg13g2_dfrbpq_1)
                                              0.431946   data arrival time

                      0.150000    0.000000    0.000000   clock clk (rise edge)
                                  0.000000    0.000000   clock network delay (ideal)
                                  0.250000    0.250000   clock uncertainty
                                  0.000000    0.250000   clock reconvergence pessimism
                                              0.250000 ^ u_input_buffer.mem[31][7]$_DFFE_PP_/CLK (sg13g2_dfrbpq_1)
                                 -0.019081    0.230919   library hold time
                                              0.230919   data required time
---------------------------------------------------------------------------------------------
                                              0.230919   data required time
                                             -0.431946   data arrival time
---------------------------------------------------------------------------------------------
                                              0.201027   slack (MET)


Startpoint: u_input_buffer.mem[31][3]$_DFFE_PP_
            (rising edge-triggered flip-flop clocked by clk)
Endpoint: u_input_buffer.mem[31][3]$_DFFE_PP_
          (rising edge-triggered flip-flop clocked by clk)
Path Group: clk
Path Type: min

Fanout         Cap        Slew       Delay        Time   Description
---------------------------------------------------------------------------------------------
                      0.150000    0.000000    0.000000   clock clk (rise edge)
                                  0.000000    0.000000   clock network delay (ideal)
                      0.150000    0.000000    0.000000 ^ u_input_buffer.mem[31][3]$_DFFE_PP_/CLK (sg13g2_dfrbpq_1)
     2    0.005657    0.045448    0.327114    0.327114 v u_input_buffer.mem[31][3]$_DFFE_PP_/Q (sg13g2_dfrbpq_1)
                                                         u_input_buffer.mem[31][3] (net)
                      0.045448    0.000000    0.327114 v _3543_/A (sg13g2_nand2_1)
     1    0.003115    0.039317    0.051309    0.378423 ^ _3543_/Y (sg13g2_nand2_1)
                                                         _0691_ (net)
                      0.039317    0.000000    0.378423 ^ _3544_/B1 (sg13g2_o21ai_1)
     1    0.001355    0.038634    0.055325    0.433747 v _3544_/Y (sg13g2_o21ai_1)
                                                         _0243_ (net)
                      0.038634    0.000000    0.433747 v u_input_buffer.mem[31][3]$_DFFE_PP_/D (sg13g2_dfrbpq_1)
                                              0.433747   data arrival time

                      0.150000    0.000000    0.000000   clock clk (rise edge)
                                  0.000000    0.000000   clock network delay (ideal)
                                  0.250000    0.250000   clock uncertainty
                                  0.000000    0.250000   clock reconvergence pessimism
                                              0.250000 ^ u_input_buffer.mem[31][3]$_DFFE_PP_/CLK (sg13g2_dfrbpq_1)
                                 -0.019102    0.230898   library hold time
                                              0.230898   data required time
---------------------------------------------------------------------------------------------
                                              0.230898   data required time
                                             -0.433747   data arrival time
---------------------------------------------------------------------------------------------
                                              0.202849   slack (MET)


Startpoint: u_mac_2.temp_res[16]$_SDFF_PP0_
            (rising edge-triggered flip-flop clocked by clk)
Endpoint: u_mac_2.temp_res[16]$_SDFF_PP0_
          (rising edge-triggered flip-flop clocked by clk)
Path Group: clk
Path Type: min

Fanout         Cap        Slew       Delay        Time   Description
---------------------------------------------------------------------------------------------
                      0.150000    0.000000    0.000000   clock clk (rise edge)
                                  0.000000    0.000000   clock network delay (ideal)
                      0.150000    0.000000    0.000000 ^ u_mac_2.temp_res[16]$_SDFF_PP0_/CLK (sg13g2_dfrbpq_1)
     3    0.008191    0.057481    0.337312    0.337312 v u_mac_2.temp_res[16]$_SDFF_PP0_/Q (sg13g2_dfrbpq_1)
                                                         u_mac_2.temp_res[16] (net)
                      0.057481    0.000000    0.337312 v _5420_/A (sg13g2_inv_1)
     1    0.002833    0.037207    0.050691    0.388003 ^ _5420_/Y (sg13g2_inv_1)
                                                         _2435_ (net)
                      0.037207    0.000000    0.388003 ^ _4545_/A1 (sg13g2_a21oi_1)
     1    0.001355    0.027540    0.070277    0.458280 v _4545_/Y (sg13g2_a21oi_1)
                                                         _0329_ (net)
                      0.027540    0.000000    0.458280 v u_mac_2.temp_res[16]$_SDFF_PP0_/D (sg13g2_dfrbpq_1)
                                              0.458280   data arrival time

                      0.150000    0.000000    0.000000   clock clk (rise edge)
                                  0.000000    0.000000   clock network delay (ideal)
                                  0.250000    0.250000   clock uncertainty
                                  0.000000    0.250000   clock reconvergence pessimism
                                              0.250000 ^ u_mac_2.temp_res[16]$_SDFF_PP0_/CLK (sg13g2_dfrbpq_1)
                                 -0.014628    0.235372   library hold time
                                              0.235372   data required time
---------------------------------------------------------------------------------------------
                                              0.235372   data required time
                                             -0.458280   data arrival time
---------------------------------------------------------------------------------------------
                                              0.222908   slack (MET)


Startpoint: u_mac_4.temp_res[0]$_SDFF_PP0_
            (rising edge-triggered flip-flop clocked by clk)
Endpoint: u_mac_4.temp_res[0]$_SDFF_PP0_
          (rising edge-triggered flip-flop clocked by clk)
Path Group: clk
Path Type: min

Fanout         Cap        Slew       Delay        Time   Description
---------------------------------------------------------------------------------------------
                      0.150000    0.000000    0.000000   clock clk (rise edge)
                                  0.000000    0.000000   clock network delay (ideal)
                      0.150000    0.000000    0.000000 ^ u_mac_4.temp_res[0]$_SDFF_PP0_/CLK (sg13g2_dfrbpq_1)
     3    0.008217    0.057606    0.337418    0.337418 v u_mac_4.temp_res[0]$_SDFF_PP0_/Q (sg13g2_dfrbpq_1)
                                                         u_mac_4.temp_res[0] (net)
                      0.057606    0.000000    0.337418 v _5404_/A (sg13g2_inv_1)
     1    0.002833    0.037233    0.050737    0.388155 ^ _5404_/Y (sg13g2_inv_1)
                                                         _2419_ (net)
                      0.037233    0.000000    0.388155 ^ _4985_/A1 (sg13g2_a21oi_1)
     1    0.001355    0.027880    0.070289    0.458444 v _4985_/Y (sg13g2_a21oi_1)
                                                         _0358_ (net)
                      0.027880    0.000000    0.458444 v u_mac_4.temp_res[0]$_SDFF_PP0_/D (sg13g2_dfrbpq_1)
                                              0.458444   data arrival time

                      0.150000    0.000000    0.000000   clock clk (rise edge)
                                  0.000000    0.000000   clock network delay (ideal)
                                  0.250000    0.250000   clock uncertainty
                                  0.000000    0.250000   clock reconvergence pessimism
                                              0.250000 ^ u_mac_4.temp_res[0]$_SDFF_PP0_/CLK (sg13g2_dfrbpq_1)
                                 -0.014765    0.235235   library hold time
                                              0.235235   data required time
---------------------------------------------------------------------------------------------
                                              0.235235   data required time
                                             -0.458444   data arrival time
---------------------------------------------------------------------------------------------
                                              0.223209   slack (MET)


Startpoint: u_mac_3.temp_res[0]$_SDFF_PP0_
            (rising edge-triggered flip-flop clocked by clk)
Endpoint: u_mac_3.temp_res[0]$_SDFF_PP0_
          (rising edge-triggered flip-flop clocked by clk)
Path Group: clk
Path Type: min

Fanout         Cap        Slew       Delay        Time   Description
---------------------------------------------------------------------------------------------
                      0.150000    0.000000    0.000000   clock clk (rise edge)
                                  0.000000    0.000000   clock network delay (ideal)
                      0.150000    0.000000    0.000000 ^ u_mac_3.temp_res[0]$_SDFF_PP0_/CLK (sg13g2_dfrbpq_1)
     3    0.008117    0.057131    0.337016    0.337016 v u_mac_3.temp_res[0]$_SDFF_PP0_/Q (sg13g2_dfrbpq_1)
                                                         u_mac_3.temp_res[0] (net)
                      0.057131    0.000000    0.337016 v _4575_/B1 (sg13g2_a21oi_1)
     1    0.002853    0.055717    0.068819    0.405835 ^ _4575_/Y (sg13g2_a21oi_1)
                                                         _1626_ (net)
                      0.055717    0.000000    0.405835 ^ _4578_/A (sg13g2_nor2_1)
     1    0.001355    0.027770    0.052855    0.458690 v _4578_/Y (sg13g2_nor2_1)
                                                         _0340_ (net)
                      0.027770    0.000000    0.458690 v u_mac_3.temp_res[0]$_SDFF_PP0_/D (sg13g2_dfrbpq_1)
                                              0.458690   data arrival time

                      0.150000    0.000000    0.000000   clock clk (rise edge)
                                  0.000000    0.000000   clock network delay (ideal)
                                  0.250000    0.250000   clock uncertainty
                                  0.000000    0.250000   clock reconvergence pessimism
                                              0.250000 ^ u_mac_3.temp_res[0]$_SDFF_PP0_/CLK (sg13g2_dfrbpq_1)
                                 -0.014721    0.235279   library hold time
                                              0.235279   data required time
---------------------------------------------------------------------------------------------
                                              0.235279   data required time
                                             -0.458690   data arrival time
---------------------------------------------------------------------------------------------
                                              0.223411   slack (MET)


Startpoint: u_mac_2.temp_res[0]$_SDFF_PP0_
            (rising edge-triggered flip-flop clocked by clk)
Endpoint: u_mac_2.temp_res[0]$_SDFF_PP0_
          (rising edge-triggered flip-flop clocked by clk)
Path Group: clk
Path Type: min

Fanout         Cap        Slew       Delay        Time   Description
---------------------------------------------------------------------------------------------
                      0.150000    0.000000    0.000000   clock clk (rise edge)
                                  0.000000    0.000000   clock network delay (ideal)
                      0.150000    0.000000    0.000000 ^ u_mac_2.temp_res[0]$_SDFF_PP0_/CLK (sg13g2_dfrbpq_1)
     3    0.008133    0.057207    0.337080    0.337080 v u_mac_2.temp_res[0]$_SDFF_PP0_/Q (sg13g2_dfrbpq_1)
                                                         u_mac_2.temp_res[0] (net)
                      0.057207    0.000000    0.337080 v _4170_/B1 (sg13g2_a21oi_1)
     1    0.002853    0.055731    0.068848    0.405929 ^ _4170_/Y (sg13g2_a21oi_1)
                                                         _1239_ (net)
                      0.055731    0.000000    0.405929 ^ _4173_/A (sg13g2_nor2_1)
     1    0.001355    0.027768    0.052862    0.458790 v _4173_/Y (sg13g2_nor2_1)
                                                         _0322_ (net)
                      0.027768    0.000000    0.458790 v u_mac_2.temp_res[0]$_SDFF_PP0_/D (sg13g2_dfrbpq_1)
                                              0.458790   data arrival time

                      0.150000    0.000000    0.000000   clock clk (rise edge)
                                  0.000000    0.000000   clock network delay (ideal)
                                  0.250000    0.250000   clock uncertainty
                                  0.000000    0.250000   clock reconvergence pessimism
                                              0.250000 ^ u_mac_2.temp_res[0]$_SDFF_PP0_/CLK (sg13g2_dfrbpq_1)
                                 -0.014720    0.235280   library hold time
                                              0.235280   data required time
---------------------------------------------------------------------------------------------
                                              0.235280   data required time
                                             -0.458790   data arrival time
---------------------------------------------------------------------------------------------
                                              0.223510   slack (MET)


Startpoint: u_ctrl.res_idx_r[0]$_SDFFE_PP0P_
            (rising edge-triggered flip-flop clocked by clk)
Endpoint: u_ctrl.res_idx_r[0]$_SDFFE_PP0P_
          (rising edge-triggered flip-flop clocked by clk)
Path Group: clk
Path Type: min

Fanout         Cap        Slew       Delay        Time   Description
---------------------------------------------------------------------------------------------
                      0.150000    0.000000    0.000000   clock clk (rise edge)
                                  0.000000    0.000000   clock network delay (ideal)
                      0.150000    0.000000    0.000000 ^ u_ctrl.res_idx_r[0]$_SDFFE_PP0P_/CLK (sg13g2_dfrbpq_1)
     2    0.005018    0.042417    0.324545    0.324545 v u_ctrl.res_idx_r[0]$_SDFFE_PP0P_/Q (sg13g2_dfrbpq_1)
                                                         res_index[0] (net)
                      0.042417    0.000000    0.324545 v _3081_/B (sg13g2_nor2_1)
     1    0.002803    0.068579    0.078051    0.402596 ^ _3081_/Y (sg13g2_nor2_1)
                                                         _0433_ (net)
                      0.068579    0.000000    0.402596 ^ _3082_/C (sg13g2_nor3_1)
     1    0.001355    0.031951    0.055080    0.457676 v _3082_/Y (sg13g2_nor3_1)
                                                         _0039_ (net)
                      0.031951    0.000000    0.457676 v u_ctrl.res_idx_r[0]$_SDFFE_PP0P_/D (sg13g2_dfrbpq_1)
                                              0.457676   data arrival time

                      0.150000    0.000000    0.000000   clock clk (rise edge)
                                  0.000000    0.000000   clock network delay (ideal)
                                  0.250000    0.250000   clock uncertainty
                                  0.000000    0.250000   clock reconvergence pessimism
                                              0.250000 ^ u_ctrl.res_idx_r[0]$_SDFFE_PP0P_/CLK (sg13g2_dfrbpq_1)
                                 -0.016406    0.233594   library hold time
                                              0.233594   data required time
---------------------------------------------------------------------------------------------
                                              0.233594   data required time
                                             -0.457676   data arrival time
---------------------------------------------------------------------------------------------
                                              0.224082   slack (MET)


Startpoint: u_mac_4.temp_res[17]$_SDFF_PP0_
            (rising edge-triggered flip-flop clocked by clk)
Endpoint: u_mac_4.temp_res[17]$_SDFF_PP0_
          (rising edge-triggered flip-flop clocked by clk)
Path Group: clk
Path Type: min

Fanout         Cap        Slew       Delay        Time   Description
---------------------------------------------------------------------------------------------
                      0.150000    0.000000    0.000000   clock clk (rise edge)
                                  0.000000    0.000000   clock network delay (ideal)
                      0.150000    0.000000    0.000000 ^ u_mac_4.temp_res[17]$_SDFF_PP0_/CLK (sg13g2_dfrbpq_1)
     3    0.007632    0.054827    0.335063    0.335063 v u_mac_4.temp_res[17]$_SDFF_PP0_/Q (sg13g2_dfrbpq_1)
                                                         u_mac_4.temp_res[17] (net)
                      0.054827    0.000000    0.335063 v _5372_/B1 (sg13g2_a21oi_1)
     1    0.002844    0.055214    0.067864    0.402927 ^ _5372_/Y (sg13g2_a21oi_1)
                                                         _2397_ (net)
                      0.055214    0.000000    0.402927 ^ _5374_/B (sg13g2_nor3_1)
     1    0.001355    0.028112    0.056929    0.459856 v _5374_/Y (sg13g2_nor3_1)
                                                         _0366_ (net)
                      0.028112    0.000000    0.459856 v u_mac_4.temp_res[17]$_SDFF_PP0_/D (sg13g2_dfrbpq_1)
                                              0.459856   data arrival time

                      0.150000    0.000000    0.000000   clock clk (rise edge)
                                  0.000000    0.000000   clock network delay (ideal)
                                  0.250000    0.250000   clock uncertainty
                                  0.000000    0.250000   clock reconvergence pessimism
                                              0.250000 ^ u_mac_4.temp_res[17]$_SDFF_PP0_/CLK (sg13g2_dfrbpq_1)
                                 -0.014858    0.235142   library hold time
                                              0.235142   data required time
---------------------------------------------------------------------------------------------
                                              0.235142   data required time
                                             -0.459856   data arrival time
---------------------------------------------------------------------------------------------
                                              0.224714   slack (MET)


Startpoint: u_input_buffer.mem[27][0]$_DFFE_PP_
            (rising edge-triggered flip-flop clocked by clk)
Endpoint: u_input_buffer.mem[27][0]$_DFFE_PP_
          (rising edge-triggered flip-flop clocked by clk)
Path Group: clk
Path Type: min

Fanout         Cap        Slew       Delay        Time   Description
---------------------------------------------------------------------------------------------
                      0.150000    0.000000    0.000000   clock clk (rise edge)
                                  0.000000    0.000000   clock network delay (ideal)
                      0.150000    0.000000    0.000000 ^ u_input_buffer.mem[27][0]$_DFFE_PP_/CLK (sg13g2_dfrbpq_1)
     2    0.004938    0.042036    0.324222    0.324222 v u_input_buffer.mem[27][0]$_DFFE_PP_/Q (sg13g2_dfrbpq_1)
                                                         u_input_buffer.mem[27][0] (net)
                      0.042036    0.000000    0.324222 v _3452_/A (sg13g2_nor2_1)
     1    0.002783    0.066181    0.087114    0.411336 ^ _3452_/Y (sg13g2_nor2_1)
                                                         _0643_ (net)
                      0.066181    0.000000    0.411336 ^ _3453_/B1 (sg13g2_a21oi_1)
     1    0.001355    0.028737    0.049418    0.460754 v _3453_/Y (sg13g2_a21oi_1)
                                                         _0200_ (net)
                      0.028737    0.000000    0.460754 v u_input_buffer.mem[27][0]$_DFFE_PP_/D (sg13g2_dfrbpq_1)
                                              0.460754   data arrival time

                      0.150000    0.000000    0.000000   clock clk (rise edge)
                                  0.000000    0.000000   clock network delay (ideal)
                                  0.250000    0.250000   clock uncertainty
                                  0.000000    0.250000   clock reconvergence pessimism
                                              0.250000 ^ u_input_buffer.mem[27][0]$_DFFE_PP_/CLK (sg13g2_dfrbpq_1)
                                 -0.015110    0.234890   library hold time
                                              0.234890   data required time
---------------------------------------------------------------------------------------------
                                              0.234890   data required time
                                             -0.460754   data arrival time
---------------------------------------------------------------------------------------------
                                              0.225864   slack (MET)


Startpoint: u_input_buffer.mem[27][1]$_DFFE_PP_
            (rising edge-triggered flip-flop clocked by clk)
Endpoint: u_input_buffer.mem[27][1]$_DFFE_PP_
          (rising edge-triggered flip-flop clocked by clk)
Path Group: clk
Path Type: min

Fanout         Cap        Slew       Delay        Time   Description
---------------------------------------------------------------------------------------------
                      0.150000    0.000000    0.000000   clock clk (rise edge)
                                  0.000000    0.000000   clock network delay (ideal)
                      0.150000    0.000000    0.000000 ^ u_input_buffer.mem[27][1]$_DFFE_PP_/CLK (sg13g2_dfrbpq_1)
     2    0.004938    0.042036    0.324222    0.324222 v u_input_buffer.mem[27][1]$_DFFE_PP_/Q (sg13g2_dfrbpq_1)
                                                         u_input_buffer.mem[27][1] (net)
                      0.042036    0.000000    0.324222 v _3454_/A (sg13g2_nor2_1)
     1    0.002783    0.066181    0.087114    0.411336 ^ _3454_/Y (sg13g2_nor2_1)
                                                         _0644_ (net)
                      0.066181    0.000000    0.411336 ^ _3455_/B1 (sg13g2_a21oi_1)
     1    0.001355    0.028737    0.049418    0.460754 v _3455_/Y (sg13g2_a21oi_1)
                                                         _0201_ (net)
                      0.028737    0.000000    0.460754 v u_input_buffer.mem[27][1]$_DFFE_PP_/D (sg13g2_dfrbpq_1)
                                              0.460754   data arrival time

                      0.150000    0.000000    0.000000   clock clk (rise edge)
                                  0.000000    0.000000   clock network delay (ideal)
                                  0.250000    0.250000   clock uncertainty
                                  0.000000    0.250000   clock reconvergence pessimism
                                              0.250000 ^ u_input_buffer.mem[27][1]$_DFFE_PP_/CLK (sg13g2_dfrbpq_1)
                                 -0.015110    0.234890   library hold time
                                              0.234890   data required time
---------------------------------------------------------------------------------------------
                                              0.234890   data required time
                                             -0.460754   data arrival time
---------------------------------------------------------------------------------------------
                                              0.225864   slack (MET)


Startpoint: u_mac_1.temp_res[17]$_SDFF_PP0_
            (rising edge-triggered flip-flop clocked by clk)
Endpoint: u_mac_1.temp_res[17]$_SDFF_PP0_
          (rising edge-triggered flip-flop clocked by clk)
Path Group: clk
Path Type: min

Fanout         Cap        Slew       Delay        Time   Description
---------------------------------------------------------------------------------------------
                      0.150000    0.000000    0.000000   clock clk (rise edge)
                                  0.000000    0.000000   clock network delay (ideal)
                      0.150000    0.000000    0.000000 ^ u_mac_1.temp_res[17]$_SDFF_PP0_/CLK (sg13g2_dfrbpq_1)
     3    0.008001    0.056577    0.336546    0.336546 v u_mac_1.temp_res[17]$_SDFF_PP0_/Q (sg13g2_dfrbpq_1)
                                                         u_mac_1.temp_res[17] (net)
                      0.056577    0.000000    0.336546 v _4140_/B1 (sg13g2_a21oi_1)
     1    0.002844    0.055533    0.068540    0.405086 ^ _4140_/Y (sg13g2_a21oi_1)
                                                         _1219_ (net)
                      0.055533    0.000000    0.405086 ^ _4142_/B (sg13g2_nor3_1)
     1    0.001355    0.028104    0.057078    0.462164 v _4142_/Y (sg13g2_nor3_1)
                                                         _0312_ (net)
                      0.028104    0.000000    0.462164 v u_mac_1.temp_res[17]$_SDFF_PP0_/D (sg13g2_dfrbpq_1)
                                              0.462164   data arrival time

                      0.150000    0.000000    0.000000   clock clk (rise edge)
                                  0.000000    0.000000   clock network delay (ideal)
                                  0.250000    0.250000   clock uncertainty
                                  0.000000    0.250000   clock reconvergence pessimism
                                              0.250000 ^ u_mac_1.temp_res[17]$_SDFF_PP0_/CLK (sg13g2_dfrbpq_1)
                                 -0.014855    0.235145   library hold time
                                              0.235145   data required time
---------------------------------------------------------------------------------------------
                                              0.235145   data required time
                                             -0.462164   data arrival time
---------------------------------------------------------------------------------------------
                                              0.227019   slack (MET)


Startpoint: u_ctrl.res_idx_r[6]$_SDFFE_PP0P_
            (rising edge-triggered flip-flop clocked by clk)
Endpoint: u_ctrl.res_idx_r[6]$_SDFFE_PP0P_
          (rising edge-triggered flip-flop clocked by clk)
Path Group: clk
Path Type: min

Fanout         Cap        Slew       Delay        Time   Description
---------------------------------------------------------------------------------------------
                      0.150000    0.000000    0.000000   clock clk (rise edge)
                                  0.000000    0.000000   clock network delay (ideal)
                      0.150000    0.000000    0.000000 ^ u_ctrl.res_idx_r[6]$_SDFFE_PP0P_/CLK (sg13g2_dfrbpq_1)
     3    0.007715    0.055220    0.335396    0.335396 v u_ctrl.res_idx_r[6]$_SDFFE_PP0P_/Q (sg13g2_dfrbpq_1)
                                                         res_index[6] (net)
                      0.055220    0.000000    0.335396 v _3097_/B1 (sg13g2_a21oi_1)
     1    0.002844    0.055286    0.068016    0.403412 ^ _3097_/Y (sg13g2_a21oi_1)
                                                         _0443_ (net)
                      0.055286    0.000000    0.403412 ^ _3099_/B (sg13g2_nor3_1)
     1    0.001355    0.034095    0.056963    0.460375 v _3099_/Y (sg13g2_nor3_1)
                                                         _0045_ (net)
                      0.034095    0.000000    0.460375 v u_ctrl.res_idx_r[6]$_SDFFE_PP0P_/D (sg13g2_dfrbpq_1)
                                              0.460375   data arrival time

                      0.150000    0.000000    0.000000   clock clk (rise edge)
                                  0.000000    0.000000   clock network delay (ideal)
                                  0.250000    0.250000   clock uncertainty
                                  0.000000    0.250000   clock reconvergence pessimism
                                              0.250000 ^ u_ctrl.res_idx_r[6]$_SDFFE_PP0P_/CLK (sg13g2_dfrbpq_1)
                                 -0.017271    0.232729   library hold time
                                              0.232729   data required time
---------------------------------------------------------------------------------------------
                                              0.232729   data required time
                                             -0.460375   data arrival time
---------------------------------------------------------------------------------------------
                                              0.227646   slack (MET)


Startpoint: u_ctrl.state[0]$_DFF_P_
            (rising edge-triggered flip-flop clocked by clk)
Endpoint: u_ctrl.state[0]$_DFF_P_
          (rising edge-triggered flip-flop clocked by clk)
Path Group: clk
Path Type: min

Fanout         Cap        Slew       Delay        Time   Description
---------------------------------------------------------------------------------------------
                      0.150000    0.000000    0.000000   clock clk (rise edge)
                                  0.000000    0.000000   clock network delay (ideal)
                      0.150000    0.000000    0.000000 ^ u_ctrl.state[0]$_DFF_P_/CLK (sg13g2_dfrbpq_1)
     3    0.008069    0.056902    0.336821    0.336821 v u_ctrl.state[0]$_DFF_P_/Q (sg13g2_dfrbpq_1)
                                                         u_ctrl.state[0] (net)
                      0.056902    0.000000    0.336821 v _5403_/A (sg13g2_inv_1)
     1    0.003287    0.039748    0.052667    0.389488 ^ _5403_/Y (sg13g2_inv_1)
                                                         _2418_ (net)
                      0.039748    0.000000    0.389488 ^ _5443_/A2 (sg13g2_o21ai_1)
     1    0.001355    0.036569    0.070148    0.459636 v _5443_/Y (sg13g2_o21ai_1)
                                                         _0002_ (net)
                      0.036569    0.000000    0.459636 v u_ctrl.state[0]$_DFF_P_/D (sg13g2_dfrbpq_1)
                                              0.459636   data arrival time

                      0.150000    0.000000    0.000000   clock clk (rise edge)
                                  0.000000    0.000000   clock network delay (ideal)
                                  0.250000    0.250000   clock uncertainty
                                  0.000000    0.250000   clock reconvergence pessimism
                                              0.250000 ^ u_ctrl.state[0]$_DFF_P_/CLK (sg13g2_dfrbpq_1)
                                 -0.018269    0.231731   library hold time
                                              0.231731   data required time
---------------------------------------------------------------------------------------------
                                              0.231731   data required time
                                             -0.459636   data arrival time
---------------------------------------------------------------------------------------------
                                              0.227905   slack (MET)


Startpoint: u_input_buffer.mem[0][0]$_DFFE_PP_
            (rising edge-triggered flip-flop clocked by clk)
Endpoint: u_input_buffer.mem[0][0]$_DFFE_PP_
          (rising edge-triggered flip-flop clocked by clk)
Path Group: clk
Path Type: min

Fanout         Cap        Slew       Delay        Time   Description
---------------------------------------------------------------------------------------------
                      0.150000    0.000000    0.000000   clock clk (rise edge)
                                  0.000000    0.000000   clock network delay (ideal)
                      0.150000    0.000000    0.000000 ^ u_input_buffer.mem[0][0]$_DFFE_PP_/CLK (sg13g2_dfrbpq_1)
     2    0.005389    0.044177    0.326036    0.326036 v u_input_buffer.mem[0][0]$_DFFE_PP_/Q (sg13g2_dfrbpq_1)
                                                         u_input_buffer.mem[0][0] (net)
                      0.044177    0.000000    0.326036 v _3111_/A (sg13g2_nor2_1)
     1    0.002783    0.066346    0.087967    0.414004 ^ _3111_/Y (sg13g2_nor2_1)
                                                         _0454_ (net)
                      0.066346    0.000000    0.414004 ^ _3112_/B1 (sg13g2_a21oi_1)
     1    0.001355    0.028772    0.049479    0.463483 v _3112_/Y (sg13g2_a21oi_1)
                                                         _0048_ (net)
                      0.028772    0.000000    0.463483 v u_input_buffer.mem[0][0]$_DFFE_PP_/D (sg13g2_dfrbpq_1)
                                              0.463483   data arrival time

                      0.150000    0.000000    0.000000   clock clk (rise edge)
                                  0.000000    0.000000   clock network delay (ideal)
                                  0.250000    0.250000   clock uncertainty
                                  0.000000    0.250000   clock reconvergence pessimism
                                              0.250000 ^ u_input_buffer.mem[0][0]$_DFFE_PP_/CLK (sg13g2_dfrbpq_1)
                                 -0.015124    0.234876   library hold time
                                              0.234876   data required time
---------------------------------------------------------------------------------------------
                                              0.234876   data required time
                                             -0.463483   data arrival time
---------------------------------------------------------------------------------------------
                                              0.228607   slack (MET)


Startpoint: u_input_buffer.mem[0][1]$_DFFE_PP_
            (rising edge-triggered flip-flop clocked by clk)
Endpoint: u_input_buffer.mem[0][1]$_DFFE_PP_
          (rising edge-triggered flip-flop clocked by clk)
Path Group: clk
Path Type: min

Fanout         Cap        Slew       Delay        Time   Description
---------------------------------------------------------------------------------------------
                      0.150000    0.000000    0.000000   clock clk (rise edge)
                                  0.000000    0.000000   clock network delay (ideal)
                      0.150000    0.000000    0.000000 ^ u_input_buffer.mem[0][1]$_DFFE_PP_/CLK (sg13g2_dfrbpq_1)
     2    0.005389    0.044177    0.326036    0.326036 v u_input_buffer.mem[0][1]$_DFFE_PP_/Q (sg13g2_dfrbpq_1)
                                                         u_input_buffer.mem[0][1] (net)
                      0.044177    0.000000    0.326036 v _3114_/A (sg13g2_nor2_1)
     1    0.002783    0.066346    0.087967    0.414004 ^ _3114_/Y (sg13g2_nor2_1)
                                                         _0456_ (net)
                      0.066346    0.000000    0.414004 ^ _3115_/B1 (sg13g2_a21oi_1)
     1    0.001355    0.028772    0.049479    0.463483 v _3115_/Y (sg13g2_a21oi_1)
                                                         _0049_ (net)
                      0.028772    0.000000    0.463483 v u_input_buffer.mem[0][1]$_DFFE_PP_/D (sg13g2_dfrbpq_1)
                                              0.463483   data arrival time

                      0.150000    0.000000    0.000000   clock clk (rise edge)
                                  0.000000    0.000000   clock network delay (ideal)
                                  0.250000    0.250000   clock uncertainty
                                  0.000000    0.250000   clock reconvergence pessimism
                                              0.250000 ^ u_input_buffer.mem[0][1]$_DFFE_PP_/CLK (sg13g2_dfrbpq_1)
                                 -0.015124    0.234876   library hold time
                                              0.234876   data required time
---------------------------------------------------------------------------------------------
                                              0.234876   data required time
                                             -0.463483   data arrival time
---------------------------------------------------------------------------------------------
                                              0.228607   slack (MET)


Startpoint: u_input_buffer.mem[0][2]$_DFFE_PP_
            (rising edge-triggered flip-flop clocked by clk)
Endpoint: u_input_buffer.mem[0][2]$_DFFE_PP_
          (rising edge-triggered flip-flop clocked by clk)
Path Group: clk
Path Type: min

Fanout         Cap        Slew       Delay        Time   Description
---------------------------------------------------------------------------------------------
                      0.150000    0.000000    0.000000   clock clk (rise edge)
                                  0.000000    0.000000   clock network delay (ideal)
                      0.150000    0.000000    0.000000 ^ u_input_buffer.mem[0][2]$_DFFE_PP_/CLK (sg13g2_dfrbpq_1)
     2    0.005389    0.044177    0.326036    0.326036 v u_input_buffer.mem[0][2]$_DFFE_PP_/Q (sg13g2_dfrbpq_1)
                                                         u_input_buffer.mem[0][2] (net)
                      0.044177    0.000000    0.326036 v _3117_/A (sg13g2_nor2_1)
     1    0.002783    0.066346    0.087967    0.414004 ^ _3117_/Y (sg13g2_nor2_1)
                                                         _0458_ (net)
                      0.066346    0.000000    0.414004 ^ _3118_/B1 (sg13g2_a21oi_1)
     1    0.001355    0.028772    0.049479    0.463483 v _3118_/Y (sg13g2_a21oi_1)
                                                         _0050_ (net)
                      0.028772    0.000000    0.463483 v u_input_buffer.mem[0][2]$_DFFE_PP_/D (sg13g2_dfrbpq_1)
                                              0.463483   data arrival time

                      0.150000    0.000000    0.000000   clock clk (rise edge)
                                  0.000000    0.000000   clock network delay (ideal)
                                  0.250000    0.250000   clock uncertainty
                                  0.000000    0.250000   clock reconvergence pessimism
                                              0.250000 ^ u_input_buffer.mem[0][2]$_DFFE_PP_/CLK (sg13g2_dfrbpq_1)
                                 -0.015124    0.234876   library hold time
                                              0.234876   data required time
---------------------------------------------------------------------------------------------
                                              0.234876   data required time
                                             -0.463483   data arrival time
---------------------------------------------------------------------------------------------
                                              0.228607   slack (MET)


Startpoint: u_input_buffer.mem[0][3]$_DFFE_PP_
            (rising edge-triggered flip-flop clocked by clk)
Endpoint: u_input_buffer.mem[0][3]$_DFFE_PP_
          (rising edge-triggered flip-flop clocked by clk)
Path Group: clk
Path Type: min

Fanout         Cap        Slew       Delay        Time   Description
---------------------------------------------------------------------------------------------
                      0.150000    0.000000    0.000000   clock clk (rise edge)
                                  0.000000    0.000000   clock network delay (ideal)
                      0.150000    0.000000    0.000000 ^ u_input_buffer.mem[0][3]$_DFFE_PP_/CLK (sg13g2_dfrbpq_1)
     2    0.005389    0.044177    0.326036    0.326036 v u_input_buffer.mem[0][3]$_DFFE_PP_/Q (sg13g2_dfrbpq_1)
                                                         u_input_buffer.mem[0][3] (net)
                      0.044177    0.000000    0.326036 v _3120_/A (sg13g2_nor2_1)
     1    0.002783    0.066346    0.087967    0.414004 ^ _3120_/Y (sg13g2_nor2_1)
                                                         _0460_ (net)
                      0.066346    0.000000    0.414004 ^ _3121_/B1 (sg13g2_a21oi_1)
     1    0.001355    0.028772    0.049479    0.463483 v _3121_/Y (sg13g2_a21oi_1)
                                                         _0051_ (net)
                      0.028772    0.000000    0.463483 v u_input_buffer.mem[0][3]$_DFFE_PP_/D (sg13g2_dfrbpq_1)
                                              0.463483   data arrival time

                      0.150000    0.000000    0.000000   clock clk (rise edge)
                                  0.000000    0.000000   clock network delay (ideal)
                                  0.250000    0.250000   clock uncertainty
                                  0.000000    0.250000   clock reconvergence pessimism
                                              0.250000 ^ u_input_buffer.mem[0][3]$_DFFE_PP_/CLK (sg13g2_dfrbpq_1)
                                 -0.015124    0.234876   library hold time
                                              0.234876   data required time
---------------------------------------------------------------------------------------------
                                              0.234876   data required time
                                             -0.463483   data arrival time
---------------------------------------------------------------------------------------------
                                              0.228607   slack (MET)


Startpoint: u_input_buffer.mem[0][4]$_DFFE_PP_
            (rising edge-triggered flip-flop clocked by clk)
Endpoint: u_input_buffer.mem[0][4]$_DFFE_PP_
          (rising edge-triggered flip-flop clocked by clk)
Path Group: clk
Path Type: min

Fanout         Cap        Slew       Delay        Time   Description
---------------------------------------------------------------------------------------------
                      0.150000    0.000000    0.000000   clock clk (rise edge)
                                  0.000000    0.000000   clock network delay (ideal)
                      0.150000    0.000000    0.000000 ^ u_input_buffer.mem[0][4]$_DFFE_PP_/CLK (sg13g2_dfrbpq_1)
     2    0.005389    0.044177    0.326036    0.326036 v u_input_buffer.mem[0][4]$_DFFE_PP_/Q (sg13g2_dfrbpq_1)
                                                         u_input_buffer.mem[0][4] (net)
                      0.044177    0.000000    0.326036 v _3123_/A (sg13g2_nor2_1)
     1    0.002783    0.066346    0.087967    0.414004 ^ _3123_/Y (sg13g2_nor2_1)
                                                         _0462_ (net)
                      0.066346    0.000000    0.414004 ^ _3124_/B1 (sg13g2_a21oi_1)
     1    0.001355    0.028772    0.049479    0.463483 v _3124_/Y (sg13g2_a21oi_1)
                                                         _0052_ (net)
                      0.028772    0.000000    0.463483 v u_input_buffer.mem[0][4]$_DFFE_PP_/D (sg13g2_dfrbpq_1)
                                              0.463483   data arrival time

                      0.150000    0.000000    0.000000   clock clk (rise edge)
                                  0.000000    0.000000   clock network delay (ideal)
                                  0.250000    0.250000   clock uncertainty
                                  0.000000    0.250000   clock reconvergence pessimism
                                              0.250000 ^ u_input_buffer.mem[0][4]$_DFFE_PP_/CLK (sg13g2_dfrbpq_1)
                                 -0.015124    0.234876   library hold time
                                              0.234876   data required time
---------------------------------------------------------------------------------------------
                                              0.234876   data required time
                                             -0.463483   data arrival time
---------------------------------------------------------------------------------------------
                                              0.228607   slack (MET)


Startpoint: u_input_buffer.mem[0][5]$_DFFE_PP_
            (rising edge-triggered flip-flop clocked by clk)
Endpoint: u_input_buffer.mem[0][5]$_DFFE_PP_
          (rising edge-triggered flip-flop clocked by clk)
Path Group: clk
Path Type: min

Fanout         Cap        Slew       Delay        Time   Description
---------------------------------------------------------------------------------------------
                      0.150000    0.000000    0.000000   clock clk (rise edge)
                                  0.000000    0.000000   clock network delay (ideal)
                      0.150000    0.000000    0.000000 ^ u_input_buffer.mem[0][5]$_DFFE_PP_/CLK (sg13g2_dfrbpq_1)
     2    0.005389    0.044177    0.326036    0.326036 v u_input_buffer.mem[0][5]$_DFFE_PP_/Q (sg13g2_dfrbpq_1)
                                                         u_input_buffer.mem[0][5] (net)
                      0.044177    0.000000    0.326036 v _3126_/A (sg13g2_nor2_1)
     1    0.002783    0.066346    0.087967    0.414004 ^ _3126_/Y (sg13g2_nor2_1)
                                                         _0464_ (net)
                      0.066346    0.000000    0.414004 ^ _3127_/B1 (sg13g2_a21oi_1)
     1    0.001355    0.028772    0.049479    0.463483 v _3127_/Y (sg13g2_a21oi_1)
                                                         _0053_ (net)
                      0.028772    0.000000    0.463483 v u_input_buffer.mem[0][5]$_DFFE_PP_/D (sg13g2_dfrbpq_1)
                                              0.463483   data arrival time

                      0.150000    0.000000    0.000000   clock clk (rise edge)
                                  0.000000    0.000000   clock network delay (ideal)
                                  0.250000    0.250000   clock uncertainty
                                  0.000000    0.250000   clock reconvergence pessimism
                                              0.250000 ^ u_input_buffer.mem[0][5]$_DFFE_PP_/CLK (sg13g2_dfrbpq_1)
                                 -0.015124    0.234876   library hold time
                                              0.234876   data required time
---------------------------------------------------------------------------------------------
                                              0.234876   data required time
                                             -0.463483   data arrival time
---------------------------------------------------------------------------------------------
                                              0.228607   slack (MET)


Startpoint: u_input_buffer.mem[0][6]$_DFFE_PP_
            (rising edge-triggered flip-flop clocked by clk)
Endpoint: u_input_buffer.mem[0][6]$_DFFE_PP_
          (rising edge-triggered flip-flop clocked by clk)
Path Group: clk
Path Type: min

Fanout         Cap        Slew       Delay        Time   Description
---------------------------------------------------------------------------------------------
                      0.150000    0.000000    0.000000   clock clk (rise edge)
                                  0.000000    0.000000   clock network delay (ideal)
                      0.150000    0.000000    0.000000 ^ u_input_buffer.mem[0][6]$_DFFE_PP_/CLK (sg13g2_dfrbpq_1)
     2    0.005389    0.044177    0.326036    0.326036 v u_input_buffer.mem[0][6]$_DFFE_PP_/Q (sg13g2_dfrbpq_1)
                                                         u_input_buffer.mem[0][6] (net)
                      0.044177    0.000000    0.326036 v _3129_/A (sg13g2_nor2_1)
     1    0.002783    0.066346    0.087967    0.414004 ^ _3129_/Y (sg13g2_nor2_1)
                                                         _0466_ (net)
                      0.066346    0.000000    0.414004 ^ _3130_/B1 (sg13g2_a21oi_1)
     1    0.001355    0.028772    0.049479    0.463483 v _3130_/Y (sg13g2_a21oi_1)
                                                         _0054_ (net)
                      0.028772    0.000000    0.463483 v u_input_buffer.mem[0][6]$_DFFE_PP_/D (sg13g2_dfrbpq_1)
                                              0.463483   data arrival time

                      0.150000    0.000000    0.000000   clock clk (rise edge)
                                  0.000000    0.000000   clock network delay (ideal)
                                  0.250000    0.250000   clock uncertainty
                                  0.000000    0.250000   clock reconvergence pessimism
                                              0.250000 ^ u_input_buffer.mem[0][6]$_DFFE_PP_/CLK (sg13g2_dfrbpq_1)
                                 -0.015124    0.234876   library hold time
                                              0.234876   data required time
---------------------------------------------------------------------------------------------
                                              0.234876   data required time
                                             -0.463483   data arrival time
---------------------------------------------------------------------------------------------
                                              0.228607   slack (MET)


Startpoint: u_input_buffer.mem[0][7]$_DFFE_PP_
            (rising edge-triggered flip-flop clocked by clk)
Endpoint: u_input_buffer.mem[0][7]$_DFFE_PP_
          (rising edge-triggered flip-flop clocked by clk)
Path Group: clk
Path Type: min

Fanout         Cap        Slew       Delay        Time   Description
---------------------------------------------------------------------------------------------
                      0.150000    0.000000    0.000000   clock clk (rise edge)
                                  0.000000    0.000000   clock network delay (ideal)
                      0.150000    0.000000    0.000000 ^ u_input_buffer.mem[0][7]$_DFFE_PP_/CLK (sg13g2_dfrbpq_1)
     2    0.005389    0.044177    0.326036    0.326036 v u_input_buffer.mem[0][7]$_DFFE_PP_/Q (sg13g2_dfrbpq_1)
                                                         u_input_buffer.mem[0][7] (net)
                      0.044177    0.000000    0.326036 v _3132_/A (sg13g2_nor2_1)
     1    0.002783    0.066346    0.087967    0.414004 ^ _3132_/Y (sg13g2_nor2_1)
                                                         _0468_ (net)
                      0.066346    0.000000    0.414004 ^ _3133_/B1 (sg13g2_a21oi_1)
     1    0.001355    0.028772    0.049479    0.463483 v _3133_/Y (sg13g2_a21oi_1)
                                                         _0055_ (net)
                      0.028772    0.000000    0.463483 v u_input_buffer.mem[0][7]$_DFFE_PP_/D (sg13g2_dfrbpq_1)
                                              0.463483   data arrival time

                      0.150000    0.000000    0.000000   clock clk (rise edge)
                                  0.000000    0.000000   clock network delay (ideal)
                                  0.250000    0.250000   clock uncertainty
                                  0.000000    0.250000   clock reconvergence pessimism
                                              0.250000 ^ u_input_buffer.mem[0][7]$_DFFE_PP_/CLK (sg13g2_dfrbpq_1)
                                 -0.015124    0.234876   library hold time
                                              0.234876   data required time
---------------------------------------------------------------------------------------------
                                              0.234876   data required time
                                             -0.463483   data arrival time
---------------------------------------------------------------------------------------------
                                              0.228607   slack (MET)


Startpoint: u_input_buffer.mem[10][0]$_DFFE_PP_
            (rising edge-triggered flip-flop clocked by clk)
Endpoint: u_input_buffer.mem[10][0]$_DFFE_PP_
          (rising edge-triggered flip-flop clocked by clk)
Path Group: clk
Path Type: min

Fanout         Cap        Slew       Delay        Time   Description
---------------------------------------------------------------------------------------------
                      0.150000    0.000000    0.000000   clock clk (rise edge)
                                  0.000000    0.000000   clock network delay (ideal)
                      0.150000    0.000000    0.000000 ^ u_input_buffer.mem[10][0]$_DFFE_PP_/CLK (sg13g2_dfrbpq_1)
     2    0.005389    0.044177    0.326036    0.326036 v u_input_buffer.mem[10][0]$_DFFE_PP_/Q (sg13g2_dfrbpq_1)
                                                         u_input_buffer.mem[10][0] (net)
                      0.044177    0.000000    0.326036 v _3139_/A (sg13g2_nor2_1)
     1    0.002783    0.066346    0.087967    0.414004 ^ _3139_/Y (sg13g2_nor2_1)
                                                         _0474_ (net)
                      0.066346    0.000000    0.414004 ^ _3140_/B1 (sg13g2_a21oi_1)
     1    0.001355    0.028772    0.049479    0.463483 v _3140_/Y (sg13g2_a21oi_1)
                                                         _0056_ (net)
                      0.028772    0.000000    0.463483 v u_input_buffer.mem[10][0]$_DFFE_PP_/D (sg13g2_dfrbpq_1)
                                              0.463483   data arrival time

                      0.150000    0.000000    0.000000   clock clk (rise edge)
                                  0.000000    0.000000   clock network delay (ideal)
                                  0.250000    0.250000   clock uncertainty
                                  0.000000    0.250000   clock reconvergence pessimism
                                              0.250000 ^ u_input_buffer.mem[10][0]$_DFFE_PP_/CLK (sg13g2_dfrbpq_1)
                                 -0.015124    0.234876   library hold time
                                              0.234876   data required time
---------------------------------------------------------------------------------------------
                                              0.234876   data required time
                                             -0.463483   data arrival time
---------------------------------------------------------------------------------------------
                                              0.228607   slack (MET)


Startpoint: u_input_buffer.mem[10][1]$_DFFE_PP_
            (rising edge-triggered flip-flop clocked by clk)
Endpoint: u_input_buffer.mem[10][1]$_DFFE_PP_
          (rising edge-triggered flip-flop clocked by clk)
Path Group: clk
Path Type: min

Fanout         Cap        Slew       Delay        Time   Description
---------------------------------------------------------------------------------------------
                      0.150000    0.000000    0.000000   clock clk (rise edge)
                                  0.000000    0.000000   clock network delay (ideal)
                      0.150000    0.000000    0.000000 ^ u_input_buffer.mem[10][1]$_DFFE_PP_/CLK (sg13g2_dfrbpq_1)
     2    0.005389    0.044177    0.326036    0.326036 v u_input_buffer.mem[10][1]$_DFFE_PP_/Q (sg13g2_dfrbpq_1)
                                                         u_input_buffer.mem[10][1] (net)
                      0.044177    0.000000    0.326036 v _3141_/A (sg13g2_nor2_1)
     1    0.002783    0.066346    0.087967    0.414004 ^ _3141_/Y (sg13g2_nor2_1)
                                                         _0475_ (net)
                      0.066346    0.000000    0.414004 ^ _3142_/B1 (sg13g2_a21oi_1)
     1    0.001355    0.028772    0.049479    0.463483 v _3142_/Y (sg13g2_a21oi_1)
                                                         _0057_ (net)
                      0.028772    0.000000    0.463483 v u_input_buffer.mem[10][1]$_DFFE_PP_/D (sg13g2_dfrbpq_1)
                                              0.463483   data arrival time

                      0.150000    0.000000    0.000000   clock clk (rise edge)
                                  0.000000    0.000000   clock network delay (ideal)
                                  0.250000    0.250000   clock uncertainty
                                  0.000000    0.250000   clock reconvergence pessimism
                                              0.250000 ^ u_input_buffer.mem[10][1]$_DFFE_PP_/CLK (sg13g2_dfrbpq_1)
                                 -0.015124    0.234876   library hold time
                                              0.234876   data required time
---------------------------------------------------------------------------------------------
                                              0.234876   data required time
                                             -0.463483   data arrival time
---------------------------------------------------------------------------------------------
                                              0.228607   slack (MET)


Startpoint: u_input_buffer.mem[10][2]$_DFFE_PP_
            (rising edge-triggered flip-flop clocked by clk)
Endpoint: u_input_buffer.mem[10][2]$_DFFE_PP_
          (rising edge-triggered flip-flop clocked by clk)
Path Group: clk
Path Type: min

Fanout         Cap        Slew       Delay        Time   Description
---------------------------------------------------------------------------------------------
                      0.150000    0.000000    0.000000   clock clk (rise edge)
                                  0.000000    0.000000   clock network delay (ideal)
                      0.150000    0.000000    0.000000 ^ u_input_buffer.mem[10][2]$_DFFE_PP_/CLK (sg13g2_dfrbpq_1)
     2    0.005389    0.044177    0.326036    0.326036 v u_input_buffer.mem[10][2]$_DFFE_PP_/Q (sg13g2_dfrbpq_1)
                                                         u_input_buffer.mem[10][2] (net)
                      0.044177    0.000000    0.326036 v _3143_/A (sg13g2_nor2_1)
     1    0.002783    0.066346    0.087967    0.414004 ^ _3143_/Y (sg13g2_nor2_1)
                                                         _0476_ (net)
                      0.066346    0.000000    0.414004 ^ _3144_/B1 (sg13g2_a21oi_1)
     1    0.001355    0.028772    0.049479    0.463483 v _3144_/Y (sg13g2_a21oi_1)
                                                         _0058_ (net)
                      0.028772    0.000000    0.463483 v u_input_buffer.mem[10][2]$_DFFE_PP_/D (sg13g2_dfrbpq_1)
                                              0.463483   data arrival time

                      0.150000    0.000000    0.000000   clock clk (rise edge)
                                  0.000000    0.000000   clock network delay (ideal)
                                  0.250000    0.250000   clock uncertainty
                                  0.000000    0.250000   clock reconvergence pessimism
                                              0.250000 ^ u_input_buffer.mem[10][2]$_DFFE_PP_/CLK (sg13g2_dfrbpq_1)
                                 -0.015124    0.234876   library hold time
                                              0.234876   data required time
---------------------------------------------------------------------------------------------
                                              0.234876   data required time
                                             -0.463483   data arrival time
---------------------------------------------------------------------------------------------
                                              0.228607   slack (MET)


Startpoint: u_input_buffer.mem[10][3]$_DFFE_PP_
            (rising edge-triggered flip-flop clocked by clk)
Endpoint: u_input_buffer.mem[10][3]$_DFFE_PP_
          (rising edge-triggered flip-flop clocked by clk)
Path Group: clk
Path Type: min

Fanout         Cap        Slew       Delay        Time   Description
---------------------------------------------------------------------------------------------
                      0.150000    0.000000    0.000000   clock clk (rise edge)
                                  0.000000    0.000000   clock network delay (ideal)
                      0.150000    0.000000    0.000000 ^ u_input_buffer.mem[10][3]$_DFFE_PP_/CLK (sg13g2_dfrbpq_1)
     2    0.005389    0.044177    0.326036    0.326036 v u_input_buffer.mem[10][3]$_DFFE_PP_/Q (sg13g2_dfrbpq_1)
                                                         u_input_buffer.mem[10][3] (net)
                      0.044177    0.000000    0.326036 v _3145_/A (sg13g2_nor2_1)
     1    0.002783    0.066346    0.087967    0.414004 ^ _3145_/Y (sg13g2_nor2_1)
                                                         _0477_ (net)
                      0.066346    0.000000    0.414004 ^ _3146_/B1 (sg13g2_a21oi_1)
     1    0.001355    0.028772    0.049479    0.463483 v _3146_/Y (sg13g2_a21oi_1)
                                                         _0059_ (net)
                      0.028772    0.000000    0.463483 v u_input_buffer.mem[10][3]$_DFFE_PP_/D (sg13g2_dfrbpq_1)
                                              0.463483   data arrival time

                      0.150000    0.000000    0.000000   clock clk (rise edge)
                                  0.000000    0.000000   clock network delay (ideal)
                                  0.250000    0.250000   clock uncertainty
                                  0.000000    0.250000   clock reconvergence pessimism
                                              0.250000 ^ u_input_buffer.mem[10][3]$_DFFE_PP_/CLK (sg13g2_dfrbpq_1)
                                 -0.015124    0.234876   library hold time
                                              0.234876   data required time
---------------------------------------------------------------------------------------------
                                              0.234876   data required time
                                             -0.463483   data arrival time
---------------------------------------------------------------------------------------------
                                              0.228607   slack (MET)


Startpoint: u_input_buffer.mem[10][4]$_DFFE_PP_
            (rising edge-triggered flip-flop clocked by clk)
Endpoint: u_input_buffer.mem[10][4]$_DFFE_PP_
          (rising edge-triggered flip-flop clocked by clk)
Path Group: clk
Path Type: min

Fanout         Cap        Slew       Delay        Time   Description
---------------------------------------------------------------------------------------------
                      0.150000    0.000000    0.000000   clock clk (rise edge)
                                  0.000000    0.000000   clock network delay (ideal)
                      0.150000    0.000000    0.000000 ^ u_input_buffer.mem[10][4]$_DFFE_PP_/CLK (sg13g2_dfrbpq_1)
     2    0.005389    0.044177    0.326036    0.326036 v u_input_buffer.mem[10][4]$_DFFE_PP_/Q (sg13g2_dfrbpq_1)
                                                         u_input_buffer.mem[10][4] (net)
                      0.044177    0.000000    0.326036 v _3147_/A (sg13g2_nor2_1)
     1    0.002783    0.066346    0.087967    0.414004 ^ _3147_/Y (sg13g2_nor2_1)
                                                         _0478_ (net)
                      0.066346    0.000000    0.414004 ^ _3148_/B1 (sg13g2_a21oi_1)
     1    0.001355    0.028772    0.049479    0.463483 v _3148_/Y (sg13g2_a21oi_1)
                                                         _0060_ (net)
                      0.028772    0.000000    0.463483 v u_input_buffer.mem[10][4]$_DFFE_PP_/D (sg13g2_dfrbpq_1)
                                              0.463483   data arrival time

                      0.150000    0.000000    0.000000   clock clk (rise edge)
                                  0.000000    0.000000   clock network delay (ideal)
                                  0.250000    0.250000   clock uncertainty
                                  0.000000    0.250000   clock reconvergence pessimism
                                              0.250000 ^ u_input_buffer.mem[10][4]$_DFFE_PP_/CLK (sg13g2_dfrbpq_1)
                                 -0.015124    0.234876   library hold time
                                              0.234876   data required time
---------------------------------------------------------------------------------------------
                                              0.234876   data required time
                                             -0.463483   data arrival time
---------------------------------------------------------------------------------------------
                                              0.228607   slack (MET)


Startpoint: u_input_buffer.mem[10][5]$_DFFE_PP_
            (rising edge-triggered flip-flop clocked by clk)
Endpoint: u_input_buffer.mem[10][5]$_DFFE_PP_
          (rising edge-triggered flip-flop clocked by clk)
Path Group: clk
Path Type: min

Fanout         Cap        Slew       Delay        Time   Description
---------------------------------------------------------------------------------------------
                      0.150000    0.000000    0.000000   clock clk (rise edge)
                                  0.000000    0.000000   clock network delay (ideal)
                      0.150000    0.000000    0.000000 ^ u_input_buffer.mem[10][5]$_DFFE_PP_/CLK (sg13g2_dfrbpq_1)
     2    0.005389    0.044177    0.326036    0.326036 v u_input_buffer.mem[10][5]$_DFFE_PP_/Q (sg13g2_dfrbpq_1)
                                                         u_input_buffer.mem[10][5] (net)
                      0.044177    0.000000    0.326036 v _3149_/A (sg13g2_nor2_1)
     1    0.002783    0.066346    0.087967    0.414004 ^ _3149_/Y (sg13g2_nor2_1)
                                                         _0479_ (net)
                      0.066346    0.000000    0.414004 ^ _3150_/B1 (sg13g2_a21oi_1)
     1    0.001355    0.028772    0.049479    0.463483 v _3150_/Y (sg13g2_a21oi_1)
                                                         _0061_ (net)
                      0.028772    0.000000    0.463483 v u_input_buffer.mem[10][5]$_DFFE_PP_/D (sg13g2_dfrbpq_1)
                                              0.463483   data arrival time

                      0.150000    0.000000    0.000000   clock clk (rise edge)
                                  0.000000    0.000000   clock network delay (ideal)
                                  0.250000    0.250000   clock uncertainty
                                  0.000000    0.250000   clock reconvergence pessimism
                                              0.250000 ^ u_input_buffer.mem[10][5]$_DFFE_PP_/CLK (sg13g2_dfrbpq_1)
                                 -0.015124    0.234876   library hold time
                                              0.234876   data required time
---------------------------------------------------------------------------------------------
                                              0.234876   data required time
                                             -0.463483   data arrival time
---------------------------------------------------------------------------------------------
                                              0.228607   slack (MET)


Startpoint: u_input_buffer.mem[10][6]$_DFFE_PP_
            (rising edge-triggered flip-flop clocked by clk)
Endpoint: u_input_buffer.mem[10][6]$_DFFE_PP_
          (rising edge-triggered flip-flop clocked by clk)
Path Group: clk
Path Type: min

Fanout         Cap        Slew       Delay        Time   Description
---------------------------------------------------------------------------------------------
                      0.150000    0.000000    0.000000   clock clk (rise edge)
                                  0.000000    0.000000   clock network delay (ideal)
                      0.150000    0.000000    0.000000 ^ u_input_buffer.mem[10][6]$_DFFE_PP_/CLK (sg13g2_dfrbpq_1)
     2    0.005389    0.044177    0.326036    0.326036 v u_input_buffer.mem[10][6]$_DFFE_PP_/Q (sg13g2_dfrbpq_1)
                                                         u_input_buffer.mem[10][6] (net)
                      0.044177    0.000000    0.326036 v _3151_/A (sg13g2_nor2_1)
     1    0.002783    0.066346    0.087967    0.414004 ^ _3151_/Y (sg13g2_nor2_1)
                                                         _0480_ (net)
                      0.066346    0.000000    0.414004 ^ _3152_/B1 (sg13g2_a21oi_1)
     1    0.001355    0.028772    0.049479    0.463483 v _3152_/Y (sg13g2_a21oi_1)
                                                         _0062_ (net)
                      0.028772    0.000000    0.463483 v u_input_buffer.mem[10][6]$_DFFE_PP_/D (sg13g2_dfrbpq_1)
                                              0.463483   data arrival time

                      0.150000    0.000000    0.000000   clock clk (rise edge)
                                  0.000000    0.000000   clock network delay (ideal)
                                  0.250000    0.250000   clock uncertainty
                                  0.000000    0.250000   clock reconvergence pessimism
                                              0.250000 ^ u_input_buffer.mem[10][6]$_DFFE_PP_/CLK (sg13g2_dfrbpq_1)
                                 -0.015124    0.234876   library hold time
                                              0.234876   data required time
---------------------------------------------------------------------------------------------
                                              0.234876   data required time
                                             -0.463483   data arrival time
---------------------------------------------------------------------------------------------
                                              0.228607   slack (MET)


Startpoint: u_input_buffer.mem[10][7]$_DFFE_PP_
            (rising edge-triggered flip-flop clocked by clk)
Endpoint: u_input_buffer.mem[10][7]$_DFFE_PP_
          (rising edge-triggered flip-flop clocked by clk)
Path Group: clk
Path Type: min

Fanout         Cap        Slew       Delay        Time   Description
---------------------------------------------------------------------------------------------
                      0.150000    0.000000    0.000000   clock clk (rise edge)
                                  0.000000    0.000000   clock network delay (ideal)
                      0.150000    0.000000    0.000000 ^ u_input_buffer.mem[10][7]$_DFFE_PP_/CLK (sg13g2_dfrbpq_1)
     2    0.005389    0.044177    0.326036    0.326036 v u_input_buffer.mem[10][7]$_DFFE_PP_/Q (sg13g2_dfrbpq_1)
                                                         u_input_buffer.mem[10][7] (net)
                      0.044177    0.000000    0.326036 v _3153_/A (sg13g2_nor2_1)
     1    0.002783    0.066346    0.087967    0.414004 ^ _3153_/Y (sg13g2_nor2_1)
                                                         _0481_ (net)
                      0.066346    0.000000    0.414004 ^ _3154_/B1 (sg13g2_a21oi_1)
     1    0.001355    0.028772    0.049479    0.463483 v _3154_/Y (sg13g2_a21oi_1)
                                                         _0063_ (net)
                      0.028772    0.000000    0.463483 v u_input_buffer.mem[10][7]$_DFFE_PP_/D (sg13g2_dfrbpq_1)
                                              0.463483   data arrival time

                      0.150000    0.000000    0.000000   clock clk (rise edge)
                                  0.000000    0.000000   clock network delay (ideal)
                                  0.250000    0.250000   clock uncertainty
                                  0.000000    0.250000   clock reconvergence pessimism
                                              0.250000 ^ u_input_buffer.mem[10][7]$_DFFE_PP_/CLK (sg13g2_dfrbpq_1)
                                 -0.015124    0.234876   library hold time
                                              0.234876   data required time
---------------------------------------------------------------------------------------------
                                              0.234876   data required time
                                             -0.463483   data arrival time
---------------------------------------------------------------------------------------------
                                              0.228607   slack (MET)


Startpoint: u_input_buffer.mem[11][0]$_DFFE_PP_
            (rising edge-triggered flip-flop clocked by clk)
Endpoint: u_input_buffer.mem[11][0]$_DFFE_PP_
          (rising edge-triggered flip-flop clocked by clk)
Path Group: clk
Path Type: min

Fanout         Cap        Slew       Delay        Time   Description
---------------------------------------------------------------------------------------------
                      0.150000    0.000000    0.000000   clock clk (rise edge)
                                  0.000000    0.000000   clock network delay (ideal)
                      0.150000    0.000000    0.000000 ^ u_input_buffer.mem[11][0]$_DFFE_PP_/CLK (sg13g2_dfrbpq_1)
     2    0.005389    0.044177    0.326036    0.326036 v u_input_buffer.mem[11][0]$_DFFE_PP_/Q (sg13g2_dfrbpq_1)
                                                         u_input_buffer.mem[11][0] (net)
                      0.044177    0.000000    0.326036 v _3157_/A (sg13g2_nor2_1)
     1    0.002783    0.066346    0.087967    0.414004 ^ _3157_/Y (sg13g2_nor2_1)
                                                         _0484_ (net)
                      0.066346    0.000000    0.414004 ^ _3158_/B1 (sg13g2_a21oi_1)
     1    0.001355    0.028772    0.049479    0.463483 v _3158_/Y (sg13g2_a21oi_1)
                                                         _0064_ (net)
                      0.028772    0.000000    0.463483 v u_input_buffer.mem[11][0]$_DFFE_PP_/D (sg13g2_dfrbpq_1)
                                              0.463483   data arrival time

                      0.150000    0.000000    0.000000   clock clk (rise edge)
                                  0.000000    0.000000   clock network delay (ideal)
                                  0.250000    0.250000   clock uncertainty
                                  0.000000    0.250000   clock reconvergence pessimism
                                              0.250000 ^ u_input_buffer.mem[11][0]$_DFFE_PP_/CLK (sg13g2_dfrbpq_1)
                                 -0.015124    0.234876   library hold time
                                              0.234876   data required time
---------------------------------------------------------------------------------------------
                                              0.234876   data required time
                                             -0.463483   data arrival time
---------------------------------------------------------------------------------------------
                                              0.228607   slack (MET)


Startpoint: u_input_buffer.mem[11][1]$_DFFE_PP_
            (rising edge-triggered flip-flop clocked by clk)
Endpoint: u_input_buffer.mem[11][1]$_DFFE_PP_
          (rising edge-triggered flip-flop clocked by clk)
Path Group: clk
Path Type: min

Fanout         Cap        Slew       Delay        Time   Description
---------------------------------------------------------------------------------------------
                      0.150000    0.000000    0.000000   clock clk (rise edge)
                                  0.000000    0.000000   clock network delay (ideal)
                      0.150000    0.000000    0.000000 ^ u_input_buffer.mem[11][1]$_DFFE_PP_/CLK (sg13g2_dfrbpq_1)
     2    0.005389    0.044177    0.326036    0.326036 v u_input_buffer.mem[11][1]$_DFFE_PP_/Q (sg13g2_dfrbpq_1)
                                                         u_input_buffer.mem[11][1] (net)
                      0.044177    0.000000    0.326036 v _3159_/A (sg13g2_nor2_1)
     1    0.002783    0.066346    0.087967    0.414004 ^ _3159_/Y (sg13g2_nor2_1)
                                                         _0485_ (net)
                      0.066346    0.000000    0.414004 ^ _3160_/B1 (sg13g2_a21oi_1)
     1    0.001355    0.028772    0.049479    0.463483 v _3160_/Y (sg13g2_a21oi_1)
                                                         _0065_ (net)
                      0.028772    0.000000    0.463483 v u_input_buffer.mem[11][1]$_DFFE_PP_/D (sg13g2_dfrbpq_1)
                                              0.463483   data arrival time

                      0.150000    0.000000    0.000000   clock clk (rise edge)
                                  0.000000    0.000000   clock network delay (ideal)
                                  0.250000    0.250000   clock uncertainty
                                  0.000000    0.250000   clock reconvergence pessimism
                                              0.250000 ^ u_input_buffer.mem[11][1]$_DFFE_PP_/CLK (sg13g2_dfrbpq_1)
                                 -0.015124    0.234876   library hold time
                                              0.234876   data required time
---------------------------------------------------------------------------------------------
                                              0.234876   data required time
                                             -0.463483   data arrival time
---------------------------------------------------------------------------------------------
                                              0.228607   slack (MET)


Startpoint: u_input_buffer.mem[11][2]$_DFFE_PP_
            (rising edge-triggered flip-flop clocked by clk)
Endpoint: u_input_buffer.mem[11][2]$_DFFE_PP_
          (rising edge-triggered flip-flop clocked by clk)
Path Group: clk
Path Type: min

Fanout         Cap        Slew       Delay        Time   Description
---------------------------------------------------------------------------------------------
                      0.150000    0.000000    0.000000   clock clk (rise edge)
                                  0.000000    0.000000   clock network delay (ideal)
                      0.150000    0.000000    0.000000 ^ u_input_buffer.mem[11][2]$_DFFE_PP_/CLK (sg13g2_dfrbpq_1)
     2    0.005389    0.044177    0.326036    0.326036 v u_input_buffer.mem[11][2]$_DFFE_PP_/Q (sg13g2_dfrbpq_1)
                                                         u_input_buffer.mem[11][2] (net)
                      0.044177    0.000000    0.326036 v _3161_/A (sg13g2_nor2_1)
     1    0.002783    0.066346    0.087967    0.414004 ^ _3161_/Y (sg13g2_nor2_1)
                                                         _0486_ (net)
                      0.066346    0.000000    0.414004 ^ _3162_/B1 (sg13g2_a21oi_1)
     1    0.001355    0.028772    0.049479    0.463483 v _3162_/Y (sg13g2_a21oi_1)
                                                         _0066_ (net)
                      0.028772    0.000000    0.463483 v u_input_buffer.mem[11][2]$_DFFE_PP_/D (sg13g2_dfrbpq_1)
                                              0.463483   data arrival time

                      0.150000    0.000000    0.000000   clock clk (rise edge)
                                  0.000000    0.000000   clock network delay (ideal)
                                  0.250000    0.250000   clock uncertainty
                                  0.000000    0.250000   clock reconvergence pessimism
                                              0.250000 ^ u_input_buffer.mem[11][2]$_DFFE_PP_/CLK (sg13g2_dfrbpq_1)
                                 -0.015124    0.234876   library hold time
                                              0.234876   data required time
---------------------------------------------------------------------------------------------
                                              0.234876   data required time
                                             -0.463483   data arrival time
---------------------------------------------------------------------------------------------
                                              0.228607   slack (MET)


Startpoint: u_input_buffer.mem[11][3]$_DFFE_PP_
            (rising edge-triggered flip-flop clocked by clk)
Endpoint: u_input_buffer.mem[11][3]$_DFFE_PP_
          (rising edge-triggered flip-flop clocked by clk)
Path Group: clk
Path Type: min

Fanout         Cap        Slew       Delay        Time   Description
---------------------------------------------------------------------------------------------
                      0.150000    0.000000    0.000000   clock clk (rise edge)
                                  0.000000    0.000000   clock network delay (ideal)
                      0.150000    0.000000    0.000000 ^ u_input_buffer.mem[11][3]$_DFFE_PP_/CLK (sg13g2_dfrbpq_1)
     2    0.005389    0.044177    0.326036    0.326036 v u_input_buffer.mem[11][3]$_DFFE_PP_/Q (sg13g2_dfrbpq_1)
                                                         u_input_buffer.mem[11][3] (net)
                      0.044177    0.000000    0.326036 v _3163_/A (sg13g2_nor2_1)
     1    0.002783    0.066346    0.087967    0.414004 ^ _3163_/Y (sg13g2_nor2_1)
                                                         _0487_ (net)
                      0.066346    0.000000    0.414004 ^ _3164_/B1 (sg13g2_a21oi_1)
     1    0.001355    0.028772    0.049479    0.463483 v _3164_/Y (sg13g2_a21oi_1)
                                                         _0067_ (net)
                      0.028772    0.000000    0.463483 v u_input_buffer.mem[11][3]$_DFFE_PP_/D (sg13g2_dfrbpq_1)
                                              0.463483   data arrival time

                      0.150000    0.000000    0.000000   clock clk (rise edge)
                                  0.000000    0.000000   clock network delay (ideal)
                                  0.250000    0.250000   clock uncertainty
                                  0.000000    0.250000   clock reconvergence pessimism
                                              0.250000 ^ u_input_buffer.mem[11][3]$_DFFE_PP_/CLK (sg13g2_dfrbpq_1)
                                 -0.015124    0.234876   library hold time
                                              0.234876   data required time
---------------------------------------------------------------------------------------------
                                              0.234876   data required time
                                             -0.463483   data arrival time
---------------------------------------------------------------------------------------------
                                              0.228607   slack (MET)


Startpoint: u_input_buffer.mem[11][4]$_DFFE_PP_
            (rising edge-triggered flip-flop clocked by clk)
Endpoint: u_input_buffer.mem[11][4]$_DFFE_PP_
          (rising edge-triggered flip-flop clocked by clk)
Path Group: clk
Path Type: min

Fanout         Cap        Slew       Delay        Time   Description
---------------------------------------------------------------------------------------------
                      0.150000    0.000000    0.000000   clock clk (rise edge)
                                  0.000000    0.000000   clock network delay (ideal)
                      0.150000    0.000000    0.000000 ^ u_input_buffer.mem[11][4]$_DFFE_PP_/CLK (sg13g2_dfrbpq_1)
     2    0.005389    0.044177    0.326036    0.326036 v u_input_buffer.mem[11][4]$_DFFE_PP_/Q (sg13g2_dfrbpq_1)
                                                         u_input_buffer.mem[11][4] (net)
                      0.044177    0.000000    0.326036 v _3165_/A (sg13g2_nor2_1)
     1    0.002783    0.066346    0.087967    0.414004 ^ _3165_/Y (sg13g2_nor2_1)
                                                         _0488_ (net)
                      0.066346    0.000000    0.414004 ^ _3166_/B1 (sg13g2_a21oi_1)
     1    0.001355    0.028772    0.049479    0.463483 v _3166_/Y (sg13g2_a21oi_1)
                                                         _0068_ (net)
                      0.028772    0.000000    0.463483 v u_input_buffer.mem[11][4]$_DFFE_PP_/D (sg13g2_dfrbpq_1)
                                              0.463483   data arrival time

                      0.150000    0.000000    0.000000   clock clk (rise edge)
                                  0.000000    0.000000   clock network delay (ideal)
                                  0.250000    0.250000   clock uncertainty
                                  0.000000    0.250000   clock reconvergence pessimism
                                              0.250000 ^ u_input_buffer.mem[11][4]$_DFFE_PP_/CLK (sg13g2_dfrbpq_1)
                                 -0.015124    0.234876   library hold time
                                              0.234876   data required time
---------------------------------------------------------------------------------------------
                                              0.234876   data required time
                                             -0.463483   data arrival time
---------------------------------------------------------------------------------------------
                                              0.228607   slack (MET)


Startpoint: u_input_buffer.mem[11][7]$_DFFE_PP_
            (rising edge-triggered flip-flop clocked by clk)
Endpoint: u_input_buffer.mem[11][7]$_DFFE_PP_
          (rising edge-triggered flip-flop clocked by clk)
Path Group: clk
Path Type: min

Fanout         Cap        Slew       Delay        Time   Description
---------------------------------------------------------------------------------------------
                      0.150000    0.000000    0.000000   clock clk (rise edge)
                                  0.000000    0.000000   clock network delay (ideal)
                      0.150000    0.000000    0.000000 ^ u_input_buffer.mem[11][7]$_DFFE_PP_/CLK (sg13g2_dfrbpq_1)
     2    0.005389    0.044177    0.326036    0.326036 v u_input_buffer.mem[11][7]$_DFFE_PP_/Q (sg13g2_dfrbpq_1)
                                                         u_input_buffer.mem[11][7] (net)
                      0.044177    0.000000    0.326036 v _3171_/A (sg13g2_nor2_1)
     1    0.002783    0.066346    0.087967    0.414004 ^ _3171_/Y (sg13g2_nor2_1)
                                                         _0491_ (net)
                      0.066346    0.000000    0.414004 ^ _3172_/B1 (sg13g2_a21oi_1)
     1    0.001355    0.028772    0.049479    0.463483 v _3172_/Y (sg13g2_a21oi_1)
                                                         _0071_ (net)
                      0.028772    0.000000    0.463483 v u_input_buffer.mem[11][7]$_DFFE_PP_/D (sg13g2_dfrbpq_1)
                                              0.463483   data arrival time

                      0.150000    0.000000    0.000000   clock clk (rise edge)
                                  0.000000    0.000000   clock network delay (ideal)
                                  0.250000    0.250000   clock uncertainty
                                  0.000000    0.250000   clock reconvergence pessimism
                                              0.250000 ^ u_input_buffer.mem[11][7]$_DFFE_PP_/CLK (sg13g2_dfrbpq_1)
                                 -0.015124    0.234876   library hold time
                                              0.234876   data required time
---------------------------------------------------------------------------------------------
                                              0.234876   data required time
                                             -0.463483   data arrival time
---------------------------------------------------------------------------------------------
                                              0.228607   slack (MET)


Startpoint: u_input_buffer.mem[18][0]$_DFFE_PP_
            (rising edge-triggered flip-flop clocked by clk)
Endpoint: u_input_buffer.mem[18][0]$_DFFE_PP_
          (rising edge-triggered flip-flop clocked by clk)
Path Group: clk
Path Type: min

Fanout         Cap        Slew       Delay        Time   Description
---------------------------------------------------------------------------------------------
                      0.150000    0.000000    0.000000   clock clk (rise edge)
                                  0.000000    0.000000   clock network delay (ideal)
                      0.150000    0.000000    0.000000 ^ u_input_buffer.mem[18][0]$_DFFE_PP_/CLK (sg13g2_dfrbpq_1)
     2    0.005389    0.044177    0.326036    0.326036 v u_input_buffer.mem[18][0]$_DFFE_PP_/Q (sg13g2_dfrbpq_1)
                                                         u_input_buffer.mem[18][0] (net)
                      0.044177    0.000000    0.326036 v _3280_/A (sg13g2_nor2_1)
     1    0.002783    0.066346    0.087967    0.414004 ^ _3280_/Y (sg13g2_nor2_1)
                                                         _0551_ (net)
                      0.066346    0.000000    0.414004 ^ _3281_/B1 (sg13g2_a21oi_1)
     1    0.001355    0.028772    0.049479    0.463483 v _3281_/Y (sg13g2_a21oi_1)
                                                         _0120_ (net)
                      0.028772    0.000000    0.463483 v u_input_buffer.mem[18][0]$_DFFE_PP_/D (sg13g2_dfrbpq_1)
                                              0.463483   data arrival time

                      0.150000    0.000000    0.000000   clock clk (rise edge)
                                  0.000000    0.000000   clock network delay (ideal)
                                  0.250000    0.250000   clock uncertainty
                                  0.000000    0.250000   clock reconvergence pessimism
                                              0.250000 ^ u_input_buffer.mem[18][0]$_DFFE_PP_/CLK (sg13g2_dfrbpq_1)
                                 -0.015124    0.234876   library hold time
                                              0.234876   data required time
---------------------------------------------------------------------------------------------
                                              0.234876   data required time
                                             -0.463483   data arrival time
---------------------------------------------------------------------------------------------
                                              0.228607   slack (MET)


Startpoint: u_input_buffer.mem[18][1]$_DFFE_PP_
            (rising edge-triggered flip-flop clocked by clk)
Endpoint: u_input_buffer.mem[18][1]$_DFFE_PP_
          (rising edge-triggered flip-flop clocked by clk)
Path Group: clk
Path Type: min

Fanout         Cap        Slew       Delay        Time   Description
---------------------------------------------------------------------------------------------
                      0.150000    0.000000    0.000000   clock clk (rise edge)
                                  0.000000    0.000000   clock network delay (ideal)
                      0.150000    0.000000    0.000000 ^ u_input_buffer.mem[18][1]$_DFFE_PP_/CLK (sg13g2_dfrbpq_1)
     2    0.005389    0.044177    0.326036    0.326036 v u_input_buffer.mem[18][1]$_DFFE_PP_/Q (sg13g2_dfrbpq_1)
                                                         u_input_buffer.mem[18][1] (net)
                      0.044177    0.000000    0.326036 v _3282_/A (sg13g2_nor2_1)
     1    0.002783    0.066346    0.087967    0.414004 ^ _3282_/Y (sg13g2_nor2_1)
                                                         _0552_ (net)
                      0.066346    0.000000    0.414004 ^ _3283_/B1 (sg13g2_a21oi_1)
     1    0.001355    0.028772    0.049479    0.463483 v _3283_/Y (sg13g2_a21oi_1)
                                                         _0121_ (net)
                      0.028772    0.000000    0.463483 v u_input_buffer.mem[18][1]$_DFFE_PP_/D (sg13g2_dfrbpq_1)
                                              0.463483   data arrival time

                      0.150000    0.000000    0.000000   clock clk (rise edge)
                                  0.000000    0.000000   clock network delay (ideal)
                                  0.250000    0.250000   clock uncertainty
                                  0.000000    0.250000   clock reconvergence pessimism
                                              0.250000 ^ u_input_buffer.mem[18][1]$_DFFE_PP_/CLK (sg13g2_dfrbpq_1)
                                 -0.015124    0.234876   library hold time
                                              0.234876   data required time
---------------------------------------------------------------------------------------------
                                              0.234876   data required time
                                             -0.463483   data arrival time
---------------------------------------------------------------------------------------------
                                              0.228607   slack (MET)


Startpoint: u_input_buffer.mem[18][2]$_DFFE_PP_
            (rising edge-triggered flip-flop clocked by clk)
Endpoint: u_input_buffer.mem[18][2]$_DFFE_PP_
          (rising edge-triggered flip-flop clocked by clk)
Path Group: clk
Path Type: min

Fanout         Cap        Slew       Delay        Time   Description
---------------------------------------------------------------------------------------------
                      0.150000    0.000000    0.000000   clock clk (rise edge)
                                  0.000000    0.000000   clock network delay (ideal)
                      0.150000    0.000000    0.000000 ^ u_input_buffer.mem[18][2]$_DFFE_PP_/CLK (sg13g2_dfrbpq_1)
     2    0.005389    0.044177    0.326036    0.326036 v u_input_buffer.mem[18][2]$_DFFE_PP_/Q (sg13g2_dfrbpq_1)
                                                         u_input_buffer.mem[18][2] (net)
                      0.044177    0.000000    0.326036 v _3284_/A (sg13g2_nor2_1)
     1    0.002783    0.066346    0.087967    0.414004 ^ _3284_/Y (sg13g2_nor2_1)
                                                         _0553_ (net)
                      0.066346    0.000000    0.414004 ^ _3285_/B1 (sg13g2_a21oi_1)
     1    0.001355    0.028772    0.049479    0.463483 v _3285_/Y (sg13g2_a21oi_1)
                                                         _0122_ (net)
                      0.028772    0.000000    0.463483 v u_input_buffer.mem[18][2]$_DFFE_PP_/D (sg13g2_dfrbpq_1)
                                              0.463483   data arrival time

                      0.150000    0.000000    0.000000   clock clk (rise edge)
                                  0.000000    0.000000   clock network delay (ideal)
                                  0.250000    0.250000   clock uncertainty
                                  0.000000    0.250000   clock reconvergence pessimism
                                              0.250000 ^ u_input_buffer.mem[18][2]$_DFFE_PP_/CLK (sg13g2_dfrbpq_1)
                                 -0.015124    0.234876   library hold time
                                              0.234876   data required time
---------------------------------------------------------------------------------------------
                                              0.234876   data required time
                                             -0.463483   data arrival time
---------------------------------------------------------------------------------------------
                                              0.228607   slack (MET)


Startpoint: u_input_buffer.mem[18][3]$_DFFE_PP_
            (rising edge-triggered flip-flop clocked by clk)
Endpoint: u_input_buffer.mem[18][3]$_DFFE_PP_
          (rising edge-triggered flip-flop clocked by clk)
Path Group: clk
Path Type: min

Fanout         Cap        Slew       Delay        Time   Description
---------------------------------------------------------------------------------------------
                      0.150000    0.000000    0.000000   clock clk (rise edge)
                                  0.000000    0.000000   clock network delay (ideal)
                      0.150000    0.000000    0.000000 ^ u_input_buffer.mem[18][3]$_DFFE_PP_/CLK (sg13g2_dfrbpq_1)
     2    0.005389    0.044177    0.326036    0.326036 v u_input_buffer.mem[18][3]$_DFFE_PP_/Q (sg13g2_dfrbpq_1)
                                                         u_input_buffer.mem[18][3] (net)
                      0.044177    0.000000    0.326036 v _3286_/A (sg13g2_nor2_1)
     1    0.002783    0.066346    0.087967    0.414004 ^ _3286_/Y (sg13g2_nor2_1)
                                                         _0554_ (net)
                      0.066346    0.000000    0.414004 ^ _3287_/B1 (sg13g2_a21oi_1)
     1    0.001355    0.028772    0.049479    0.463483 v _3287_/Y (sg13g2_a21oi_1)
                                                         _0123_ (net)
                      0.028772    0.000000    0.463483 v u_input_buffer.mem[18][3]$_DFFE_PP_/D (sg13g2_dfrbpq_1)
                                              0.463483   data arrival time

                      0.150000    0.000000    0.000000   clock clk (rise edge)
                                  0.000000    0.000000   clock network delay (ideal)
                                  0.250000    0.250000   clock uncertainty
                                  0.000000    0.250000   clock reconvergence pessimism
                                              0.250000 ^ u_input_buffer.mem[18][3]$_DFFE_PP_/CLK (sg13g2_dfrbpq_1)
                                 -0.015124    0.234876   library hold time
                                              0.234876   data required time
---------------------------------------------------------------------------------------------
                                              0.234876   data required time
                                             -0.463483   data arrival time
---------------------------------------------------------------------------------------------
                                              0.228607   slack (MET)


Startpoint: u_input_buffer.mem[18][4]$_DFFE_PP_
            (rising edge-triggered flip-flop clocked by clk)
Endpoint: u_input_buffer.mem[18][4]$_DFFE_PP_
          (rising edge-triggered flip-flop clocked by clk)
Path Group: clk
Path Type: min

Fanout         Cap        Slew       Delay        Time   Description
---------------------------------------------------------------------------------------------
                      0.150000    0.000000    0.000000   clock clk (rise edge)
                                  0.000000    0.000000   clock network delay (ideal)
                      0.150000    0.000000    0.000000 ^ u_input_buffer.mem[18][4]$_DFFE_PP_/CLK (sg13g2_dfrbpq_1)
     2    0.005389    0.044177    0.326036    0.326036 v u_input_buffer.mem[18][4]$_DFFE_PP_/Q (sg13g2_dfrbpq_1)
                                                         u_input_buffer.mem[18][4] (net)
                      0.044177    0.000000    0.326036 v _3288_/A (sg13g2_nor2_1)
     1    0.002783    0.066346    0.087967    0.414004 ^ _3288_/Y (sg13g2_nor2_1)
                                                         _0555_ (net)
                      0.066346    0.000000    0.414004 ^ _3289_/B1 (sg13g2_a21oi_1)
     1    0.001355    0.028772    0.049479    0.463483 v _3289_/Y (sg13g2_a21oi_1)
                                                         _0124_ (net)
                      0.028772    0.000000    0.463483 v u_input_buffer.mem[18][4]$_DFFE_PP_/D (sg13g2_dfrbpq_1)
                                              0.463483   data arrival time

                      0.150000    0.000000    0.000000   clock clk (rise edge)
                                  0.000000    0.000000   clock network delay (ideal)
                                  0.250000    0.250000   clock uncertainty
                                  0.000000    0.250000   clock reconvergence pessimism
                                              0.250000 ^ u_input_buffer.mem[18][4]$_DFFE_PP_/CLK (sg13g2_dfrbpq_1)
                                 -0.015124    0.234876   library hold time
                                              0.234876   data required time
---------------------------------------------------------------------------------------------
                                              0.234876   data required time
                                             -0.463483   data arrival time
---------------------------------------------------------------------------------------------
                                              0.228607   slack (MET)


Startpoint: u_input_buffer.mem[18][5]$_DFFE_PP_
            (rising edge-triggered flip-flop clocked by clk)
Endpoint: u_input_buffer.mem[18][5]$_DFFE_PP_
          (rising edge-triggered flip-flop clocked by clk)
Path Group: clk
Path Type: min

Fanout         Cap        Slew       Delay        Time   Description
---------------------------------------------------------------------------------------------
                      0.150000    0.000000    0.000000   clock clk (rise edge)
                                  0.000000    0.000000   clock network delay (ideal)
                      0.150000    0.000000    0.000000 ^ u_input_buffer.mem[18][5]$_DFFE_PP_/CLK (sg13g2_dfrbpq_1)
     2    0.005389    0.044177    0.326036    0.326036 v u_input_buffer.mem[18][5]$_DFFE_PP_/Q (sg13g2_dfrbpq_1)
                                                         u_input_buffer.mem[18][5] (net)
                      0.044177    0.000000    0.326036 v _3290_/A (sg13g2_nor2_1)
     1    0.002783    0.066346    0.087967    0.414004 ^ _3290_/Y (sg13g2_nor2_1)
                                                         _0556_ (net)
                      0.066346    0.000000    0.414004 ^ _3291_/B1 (sg13g2_a21oi_1)
     1    0.001355    0.028772    0.049479    0.463483 v _3291_/Y (sg13g2_a21oi_1)
                                                         _0125_ (net)
                      0.028772    0.000000    0.463483 v u_input_buffer.mem[18][5]$_DFFE_PP_/D (sg13g2_dfrbpq_1)
                                              0.463483   data arrival time

                      0.150000    0.000000    0.000000   clock clk (rise edge)
                                  0.000000    0.000000   clock network delay (ideal)
                                  0.250000    0.250000   clock uncertainty
                                  0.000000    0.250000   clock reconvergence pessimism
                                              0.250000 ^ u_input_buffer.mem[18][5]$_DFFE_PP_/CLK (sg13g2_dfrbpq_1)
                                 -0.015124    0.234876   library hold time
                                              0.234876   data required time
---------------------------------------------------------------------------------------------
                                              0.234876   data required time
                                             -0.463483   data arrival time
---------------------------------------------------------------------------------------------
                                              0.228607   slack (MET)


Startpoint: u_input_buffer.mem[18][6]$_DFFE_PP_
            (rising edge-triggered flip-flop clocked by clk)
Endpoint: u_input_buffer.mem[18][6]$_DFFE_PP_
          (rising edge-triggered flip-flop clocked by clk)
Path Group: clk
Path Type: min

Fanout         Cap        Slew       Delay        Time   Description
---------------------------------------------------------------------------------------------
                      0.150000    0.000000    0.000000   clock clk (rise edge)
                                  0.000000    0.000000   clock network delay (ideal)
                      0.150000    0.000000    0.000000 ^ u_input_buffer.mem[18][6]$_DFFE_PP_/CLK (sg13g2_dfrbpq_1)
     2    0.005389    0.044177    0.326036    0.326036 v u_input_buffer.mem[18][6]$_DFFE_PP_/Q (sg13g2_dfrbpq_1)
                                                         u_input_buffer.mem[18][6] (net)
                      0.044177    0.000000    0.326036 v _3292_/A (sg13g2_nor2_1)
     1    0.002783    0.066346    0.087967    0.414004 ^ _3292_/Y (sg13g2_nor2_1)
                                                         _0557_ (net)
                      0.066346    0.000000    0.414004 ^ _3293_/B1 (sg13g2_a21oi_1)
     1    0.001355    0.028772    0.049479    0.463483 v _3293_/Y (sg13g2_a21oi_1)
                                                         _0126_ (net)
                      0.028772    0.000000    0.463483 v u_input_buffer.mem[18][6]$_DFFE_PP_/D (sg13g2_dfrbpq_1)
                                              0.463483   data arrival time

                      0.150000    0.000000    0.000000   clock clk (rise edge)
                                  0.000000    0.000000   clock network delay (ideal)
                                  0.250000    0.250000   clock uncertainty
                                  0.000000    0.250000   clock reconvergence pessimism
                                              0.250000 ^ u_input_buffer.mem[18][6]$_DFFE_PP_/CLK (sg13g2_dfrbpq_1)
                                 -0.015124    0.234876   library hold time
                                              0.234876   data required time
---------------------------------------------------------------------------------------------
                                              0.234876   data required time
                                             -0.463483   data arrival time
---------------------------------------------------------------------------------------------
                                              0.228607   slack (MET)


Startpoint: u_input_buffer.mem[18][7]$_DFFE_PP_
            (rising edge-triggered flip-flop clocked by clk)
Endpoint: u_input_buffer.mem[18][7]$_DFFE_PP_
          (rising edge-triggered flip-flop clocked by clk)
Path Group: clk
Path Type: min

Fanout         Cap        Slew       Delay        Time   Description
---------------------------------------------------------------------------------------------
                      0.150000    0.000000    0.000000   clock clk (rise edge)
                                  0.000000    0.000000   clock network delay (ideal)
                      0.150000    0.000000    0.000000 ^ u_input_buffer.mem[18][7]$_DFFE_PP_/CLK (sg13g2_dfrbpq_1)
     2    0.005389    0.044177    0.326036    0.326036 v u_input_buffer.mem[18][7]$_DFFE_PP_/Q (sg13g2_dfrbpq_1)
                                                         u_input_buffer.mem[18][7] (net)
                      0.044177    0.000000    0.326036 v _3294_/A (sg13g2_nor2_1)
     1    0.002783    0.066346    0.087967    0.414004 ^ _3294_/Y (sg13g2_nor2_1)
                                                         _0558_ (net)
                      0.066346    0.000000    0.414004 ^ _3295_/B1 (sg13g2_a21oi_1)
     1    0.001355    0.028772    0.049479    0.463483 v _3295_/Y (sg13g2_a21oi_1)
                                                         _0127_ (net)
                      0.028772    0.000000    0.463483 v u_input_buffer.mem[18][7]$_DFFE_PP_/D (sg13g2_dfrbpq_1)
                                              0.463483   data arrival time

                      0.150000    0.000000    0.000000   clock clk (rise edge)
                                  0.000000    0.000000   clock network delay (ideal)
                                  0.250000    0.250000   clock uncertainty
                                  0.000000    0.250000   clock reconvergence pessimism
                                              0.250000 ^ u_input_buffer.mem[18][7]$_DFFE_PP_/CLK (sg13g2_dfrbpq_1)
                                 -0.015124    0.234876   library hold time
                                              0.234876   data required time
---------------------------------------------------------------------------------------------
                                              0.234876   data required time
                                             -0.463483   data arrival time
---------------------------------------------------------------------------------------------
                                              0.228607   slack (MET)


Startpoint: u_input_buffer.mem[19][0]$_DFFE_PP_
            (rising edge-triggered flip-flop clocked by clk)
Endpoint: u_input_buffer.mem[19][0]$_DFFE_PP_
          (rising edge-triggered flip-flop clocked by clk)
Path Group: clk
Path Type: min

Fanout         Cap        Slew       Delay        Time   Description
---------------------------------------------------------------------------------------------
                      0.150000    0.000000    0.000000   clock clk (rise edge)
                                  0.000000    0.000000   clock network delay (ideal)
                      0.150000    0.000000    0.000000 ^ u_input_buffer.mem[19][0]$_DFFE_PP_/CLK (sg13g2_dfrbpq_1)
     2    0.005389    0.044177    0.326036    0.326036 v u_input_buffer.mem[19][0]$_DFFE_PP_/Q (sg13g2_dfrbpq_1)
                                                         u_input_buffer.mem[19][0] (net)
                      0.044177    0.000000    0.326036 v _3297_/A (sg13g2_nor2_1)
     1    0.002783    0.066346    0.087967    0.414004 ^ _3297_/Y (sg13g2_nor2_1)
                                                         _0560_ (net)
                      0.066346    0.000000    0.414004 ^ _3298_/B1 (sg13g2_a21oi_1)
     1    0.001355    0.028772    0.049479    0.463483 v _3298_/Y (sg13g2_a21oi_1)
                                                         _0128_ (net)
                      0.028772    0.000000    0.463483 v u_input_buffer.mem[19][0]$_DFFE_PP_/D (sg13g2_dfrbpq_1)
                                              0.463483   data arrival time

                      0.150000    0.000000    0.000000   clock clk (rise edge)
                                  0.000000    0.000000   clock network delay (ideal)
                                  0.250000    0.250000   clock uncertainty
                                  0.000000    0.250000   clock reconvergence pessimism
                                              0.250000 ^ u_input_buffer.mem[19][0]$_DFFE_PP_/CLK (sg13g2_dfrbpq_1)
                                 -0.015124    0.234876   library hold time
                                              0.234876   data required time
---------------------------------------------------------------------------------------------
                                              0.234876   data required time
                                             -0.463483   data arrival time
---------------------------------------------------------------------------------------------
                                              0.228607   slack (MET)


Startpoint: u_input_buffer.mem[19][1]$_DFFE_PP_
            (rising edge-triggered flip-flop clocked by clk)
Endpoint: u_input_buffer.mem[19][1]$_DFFE_PP_
          (rising edge-triggered flip-flop clocked by clk)
Path Group: clk
Path Type: min

Fanout         Cap        Slew       Delay        Time   Description
---------------------------------------------------------------------------------------------
                      0.150000    0.000000    0.000000   clock clk (rise edge)
                                  0.000000    0.000000   clock network delay (ideal)
                      0.150000    0.000000    0.000000 ^ u_input_buffer.mem[19][1]$_DFFE_PP_/CLK (sg13g2_dfrbpq_1)
     2    0.005389    0.044177    0.326036    0.326036 v u_input_buffer.mem[19][1]$_DFFE_PP_/Q (sg13g2_dfrbpq_1)
                                                         u_input_buffer.mem[19][1] (net)
                      0.044177    0.000000    0.326036 v _3299_/A (sg13g2_nor2_1)
     1    0.002783    0.066346    0.087967    0.414004 ^ _3299_/Y (sg13g2_nor2_1)
                                                         _0561_ (net)
                      0.066346    0.000000    0.414004 ^ _3300_/B1 (sg13g2_a21oi_1)
     1    0.001355    0.028772    0.049479    0.463483 v _3300_/Y (sg13g2_a21oi_1)
                                                         _0129_ (net)
                      0.028772    0.000000    0.463483 v u_input_buffer.mem[19][1]$_DFFE_PP_/D (sg13g2_dfrbpq_1)
                                              0.463483   data arrival time

                      0.150000    0.000000    0.000000   clock clk (rise edge)
                                  0.000000    0.000000   clock network delay (ideal)
                                  0.250000    0.250000   clock uncertainty
                                  0.000000    0.250000   clock reconvergence pessimism
                                              0.250000 ^ u_input_buffer.mem[19][1]$_DFFE_PP_/CLK (sg13g2_dfrbpq_1)
                                 -0.015124    0.234876   library hold time
                                              0.234876   data required time
---------------------------------------------------------------------------------------------
                                              0.234876   data required time
                                             -0.463483   data arrival time
---------------------------------------------------------------------------------------------
                                              0.228607   slack (MET)


Startpoint: u_input_buffer.mem[19][2]$_DFFE_PP_
            (rising edge-triggered flip-flop clocked by clk)
Endpoint: u_input_buffer.mem[19][2]$_DFFE_PP_
          (rising edge-triggered flip-flop clocked by clk)
Path Group: clk
Path Type: min

Fanout         Cap        Slew       Delay        Time   Description
---------------------------------------------------------------------------------------------
                      0.150000    0.000000    0.000000   clock clk (rise edge)
                                  0.000000    0.000000   clock network delay (ideal)
                      0.150000    0.000000    0.000000 ^ u_input_buffer.mem[19][2]$_DFFE_PP_/CLK (sg13g2_dfrbpq_1)
     2    0.005389    0.044177    0.326036    0.326036 v u_input_buffer.mem[19][2]$_DFFE_PP_/Q (sg13g2_dfrbpq_1)
                                                         u_input_buffer.mem[19][2] (net)
                      0.044177    0.000000    0.326036 v _3301_/A (sg13g2_nor2_1)
     1    0.002783    0.066346    0.087967    0.414004 ^ _3301_/Y (sg13g2_nor2_1)
                                                         _0562_ (net)
                      0.066346    0.000000    0.414004 ^ _3302_/B1 (sg13g2_a21oi_1)
     1    0.001355    0.028772    0.049479    0.463483 v _3302_/Y (sg13g2_a21oi_1)
                                                         _0130_ (net)
                      0.028772    0.000000    0.463483 v u_input_buffer.mem[19][2]$_DFFE_PP_/D (sg13g2_dfrbpq_1)
                                              0.463483   data arrival time

                      0.150000    0.000000    0.000000   clock clk (rise edge)
                                  0.000000    0.000000   clock network delay (ideal)
                                  0.250000    0.250000   clock uncertainty
                                  0.000000    0.250000   clock reconvergence pessimism
                                              0.250000 ^ u_input_buffer.mem[19][2]$_DFFE_PP_/CLK (sg13g2_dfrbpq_1)
                                 -0.015124    0.234876   library hold time
                                              0.234876   data required time
---------------------------------------------------------------------------------------------
                                              0.234876   data required time
                                             -0.463483   data arrival time
---------------------------------------------------------------------------------------------
                                              0.228607   slack (MET)


Startpoint: u_input_buffer.mem[19][4]$_DFFE_PP_
            (rising edge-triggered flip-flop clocked by clk)
Endpoint: u_input_buffer.mem[19][4]$_DFFE_PP_
          (rising edge-triggered flip-flop clocked by clk)
Path Group: clk
Path Type: min

Fanout         Cap        Slew       Delay        Time   Description
---------------------------------------------------------------------------------------------
                      0.150000    0.000000    0.000000   clock clk (rise edge)
                                  0.000000    0.000000   clock network delay (ideal)
                      0.150000    0.000000    0.000000 ^ u_input_buffer.mem[19][4]$_DFFE_PP_/CLK (sg13g2_dfrbpq_1)
     2    0.005389    0.044177    0.326036    0.326036 v u_input_buffer.mem[19][4]$_DFFE_PP_/Q (sg13g2_dfrbpq_1)
                                                         u_input_buffer.mem[19][4] (net)
                      0.044177    0.000000    0.326036 v _3305_/A (sg13g2_nor2_1)
     1    0.002783    0.066346    0.087967    0.414004 ^ _3305_/Y (sg13g2_nor2_1)
                                                         _0564_ (net)
                      0.066346    0.000000    0.414004 ^ _3306_/B1 (sg13g2_a21oi_1)
     1    0.001355    0.028772    0.049479    0.463483 v _3306_/Y (sg13g2_a21oi_1)
                                                         _0132_ (net)
                      0.028772    0.000000    0.463483 v u_input_buffer.mem[19][4]$_DFFE_PP_/D (sg13g2_dfrbpq_1)
                                              0.463483   data arrival time

                      0.150000    0.000000    0.000000   clock clk (rise edge)
                                  0.000000    0.000000   clock network delay (ideal)
                                  0.250000    0.250000   clock uncertainty
                                  0.000000    0.250000   clock reconvergence pessimism
                                              0.250000 ^ u_input_buffer.mem[19][4]$_DFFE_PP_/CLK (sg13g2_dfrbpq_1)
                                 -0.015124    0.234876   library hold time
                                              0.234876   data required time
---------------------------------------------------------------------------------------------
                                              0.234876   data required time
                                             -0.463483   data arrival time
---------------------------------------------------------------------------------------------
                                              0.228607   slack (MET)


Startpoint: u_input_buffer.mem[19][5]$_DFFE_PP_
            (rising edge-triggered flip-flop clocked by clk)
Endpoint: u_input_buffer.mem[19][5]$_DFFE_PP_
          (rising edge-triggered flip-flop clocked by clk)
Path Group: clk
Path Type: min

Fanout         Cap        Slew       Delay        Time   Description
---------------------------------------------------------------------------------------------
                      0.150000    0.000000    0.000000   clock clk (rise edge)
                                  0.000000    0.000000   clock network delay (ideal)
                      0.150000    0.000000    0.000000 ^ u_input_buffer.mem[19][5]$_DFFE_PP_/CLK (sg13g2_dfrbpq_1)
     2    0.005389    0.044177    0.326036    0.326036 v u_input_buffer.mem[19][5]$_DFFE_PP_/Q (sg13g2_dfrbpq_1)
                                                         u_input_buffer.mem[19][5] (net)
                      0.044177    0.000000    0.326036 v _3307_/A (sg13g2_nor2_1)
     1    0.002783    0.066346    0.087967    0.414004 ^ _3307_/Y (sg13g2_nor2_1)
                                                         _0565_ (net)
                      0.066346    0.000000    0.414004 ^ _3308_/B1 (sg13g2_a21oi_1)
     1    0.001355    0.028772    0.049479    0.463483 v _3308_/Y (sg13g2_a21oi_1)
                                                         _0133_ (net)
                      0.028772    0.000000    0.463483 v u_input_buffer.mem[19][5]$_DFFE_PP_/D (sg13g2_dfrbpq_1)
                                              0.463483   data arrival time

                      0.150000    0.000000    0.000000   clock clk (rise edge)
                                  0.000000    0.000000   clock network delay (ideal)
                                  0.250000    0.250000   clock uncertainty
                                  0.000000    0.250000   clock reconvergence pessimism
                                              0.250000 ^ u_input_buffer.mem[19][5]$_DFFE_PP_/CLK (sg13g2_dfrbpq_1)
                                 -0.015124    0.234876   library hold time
                                              0.234876   data required time
---------------------------------------------------------------------------------------------
                                              0.234876   data required time
                                             -0.463483   data arrival time
---------------------------------------------------------------------------------------------
                                              0.228607   slack (MET)


Startpoint: u_input_buffer.mem[19][6]$_DFFE_PP_
            (rising edge-triggered flip-flop clocked by clk)
Endpoint: u_input_buffer.mem[19][6]$_DFFE_PP_
          (rising edge-triggered flip-flop clocked by clk)
Path Group: clk
Path Type: min

Fanout         Cap        Slew       Delay        Time   Description
---------------------------------------------------------------------------------------------
                      0.150000    0.000000    0.000000   clock clk (rise edge)
                                  0.000000    0.000000   clock network delay (ideal)
                      0.150000    0.000000    0.000000 ^ u_input_buffer.mem[19][6]$_DFFE_PP_/CLK (sg13g2_dfrbpq_1)
     2    0.005389    0.044177    0.326036    0.326036 v u_input_buffer.mem[19][6]$_DFFE_PP_/Q (sg13g2_dfrbpq_1)
                                                         u_input_buffer.mem[19][6] (net)
                      0.044177    0.000000    0.326036 v _3309_/A (sg13g2_nor2_1)
     1    0.002783    0.066346    0.087967    0.414004 ^ _3309_/Y (sg13g2_nor2_1)
                                                         _0566_ (net)
                      0.066346    0.000000    0.414004 ^ _3310_/B1 (sg13g2_a21oi_1)
     1    0.001355    0.028772    0.049479    0.463483 v _3310_/Y (sg13g2_a21oi_1)
                                                         _0134_ (net)
                      0.028772    0.000000    0.463483 v u_input_buffer.mem[19][6]$_DFFE_PP_/D (sg13g2_dfrbpq_1)
                                              0.463483   data arrival time

                      0.150000    0.000000    0.000000   clock clk (rise edge)
                                  0.000000    0.000000   clock network delay (ideal)
                                  0.250000    0.250000   clock uncertainty
                                  0.000000    0.250000   clock reconvergence pessimism
                                              0.250000 ^ u_input_buffer.mem[19][6]$_DFFE_PP_/CLK (sg13g2_dfrbpq_1)
                                 -0.015124    0.234876   library hold time
                                              0.234876   data required time
---------------------------------------------------------------------------------------------
                                              0.234876   data required time
                                             -0.463483   data arrival time
---------------------------------------------------------------------------------------------
                                              0.228607   slack (MET)


Startpoint: u_input_buffer.mem[24][0]$_DFFE_PP_
            (rising edge-triggered flip-flop clocked by clk)
Endpoint: u_input_buffer.mem[24][0]$_DFFE_PP_
          (rising edge-triggered flip-flop clocked by clk)
Path Group: clk
Path Type: min

Fanout         Cap        Slew       Delay        Time   Description
---------------------------------------------------------------------------------------------
                      0.150000    0.000000    0.000000   clock clk (rise edge)
                                  0.000000    0.000000   clock network delay (ideal)
                      0.150000    0.000000    0.000000 ^ u_input_buffer.mem[24][0]$_DFFE_PP_/CLK (sg13g2_dfrbpq_1)
     2    0.005389    0.044177    0.326036    0.326036 v u_input_buffer.mem[24][0]$_DFFE_PP_/Q (sg13g2_dfrbpq_1)
                                                         u_input_buffer.mem[24][0] (net)
                      0.044177    0.000000    0.326036 v _3401_/A (sg13g2_nor2_1)
     1    0.002783    0.066346    0.087967    0.414004 ^ _3401_/Y (sg13g2_nor2_1)
                                                         _0616_ (net)
                      0.066346    0.000000    0.414004 ^ _3402_/B1 (sg13g2_a21oi_1)
     1    0.001355    0.028772    0.049479    0.463483 v _3402_/Y (sg13g2_a21oi_1)
                                                         _0176_ (net)
                      0.028772    0.000000    0.463483 v u_input_buffer.mem[24][0]$_DFFE_PP_/D (sg13g2_dfrbpq_1)
                                              0.463483   data arrival time

                      0.150000    0.000000    0.000000   clock clk (rise edge)
                                  0.000000    0.000000   clock network delay (ideal)
                                  0.250000    0.250000   clock uncertainty
                                  0.000000    0.250000   clock reconvergence pessimism
                                              0.250000 ^ u_input_buffer.mem[24][0]$_DFFE_PP_/CLK (sg13g2_dfrbpq_1)
                                 -0.015124    0.234876   library hold time
                                              0.234876   data required time
---------------------------------------------------------------------------------------------
                                              0.234876   data required time
                                             -0.463483   data arrival time
---------------------------------------------------------------------------------------------
                                              0.228607   slack (MET)


Startpoint: u_input_buffer.mem[24][1]$_DFFE_PP_
            (rising edge-triggered flip-flop clocked by clk)
Endpoint: u_input_buffer.mem[24][1]$_DFFE_PP_
          (rising edge-triggered flip-flop clocked by clk)
Path Group: clk
Path Type: min

Fanout         Cap        Slew       Delay        Time   Description
---------------------------------------------------------------------------------------------
                      0.150000    0.000000    0.000000   clock clk (rise edge)
                                  0.000000    0.000000   clock network delay (ideal)
                      0.150000    0.000000    0.000000 ^ u_input_buffer.mem[24][1]$_DFFE_PP_/CLK (sg13g2_dfrbpq_1)
     2    0.005389    0.044177    0.326036    0.326036 v u_input_buffer.mem[24][1]$_DFFE_PP_/Q (sg13g2_dfrbpq_1)
                                                         u_input_buffer.mem[24][1] (net)
                      0.044177    0.000000    0.326036 v _3403_/A (sg13g2_nor2_1)
     1    0.002783    0.066346    0.087967    0.414004 ^ _3403_/Y (sg13g2_nor2_1)
                                                         _0617_ (net)
                      0.066346    0.000000    0.414004 ^ _3404_/B1 (sg13g2_a21oi_1)
     1    0.001355    0.028772    0.049479    0.463483 v _3404_/Y (sg13g2_a21oi_1)
                                                         _0177_ (net)
                      0.028772    0.000000    0.463483 v u_input_buffer.mem[24][1]$_DFFE_PP_/D (sg13g2_dfrbpq_1)
                                              0.463483   data arrival time

                      0.150000    0.000000    0.000000   clock clk (rise edge)
                                  0.000000    0.000000   clock network delay (ideal)
                                  0.250000    0.250000   clock uncertainty
                                  0.000000    0.250000   clock reconvergence pessimism
                                              0.250000 ^ u_input_buffer.mem[24][1]$_DFFE_PP_/CLK (sg13g2_dfrbpq_1)
                                 -0.015124    0.234876   library hold time
                                              0.234876   data required time
---------------------------------------------------------------------------------------------
                                              0.234876   data required time
                                             -0.463483   data arrival time
---------------------------------------------------------------------------------------------
                                              0.228607   slack (MET)


Startpoint: u_input_buffer.mem[24][2]$_DFFE_PP_
            (rising edge-triggered flip-flop clocked by clk)
Endpoint: u_input_buffer.mem[24][2]$_DFFE_PP_
          (rising edge-triggered flip-flop clocked by clk)
Path Group: clk
Path Type: min

Fanout         Cap        Slew       Delay        Time   Description
---------------------------------------------------------------------------------------------
                      0.150000    0.000000    0.000000   clock clk (rise edge)
                                  0.000000    0.000000   clock network delay (ideal)
                      0.150000    0.000000    0.000000 ^ u_input_buffer.mem[24][2]$_DFFE_PP_/CLK (sg13g2_dfrbpq_1)
     2    0.005389    0.044177    0.326036    0.326036 v u_input_buffer.mem[24][2]$_DFFE_PP_/Q (sg13g2_dfrbpq_1)
                                                         u_input_buffer.mem[24][2] (net)
                      0.044177    0.000000    0.326036 v _3405_/A (sg13g2_nor2_1)
     1    0.002783    0.066346    0.087967    0.414004 ^ _3405_/Y (sg13g2_nor2_1)
                                                         _0618_ (net)
                      0.066346    0.000000    0.414004 ^ _3406_/B1 (sg13g2_a21oi_1)
     1    0.001355    0.028772    0.049479    0.463483 v _3406_/Y (sg13g2_a21oi_1)
                                                         _0178_ (net)
                      0.028772    0.000000    0.463483 v u_input_buffer.mem[24][2]$_DFFE_PP_/D (sg13g2_dfrbpq_1)
                                              0.463483   data arrival time

                      0.150000    0.000000    0.000000   clock clk (rise edge)
                                  0.000000    0.000000   clock network delay (ideal)
                                  0.250000    0.250000   clock uncertainty
                                  0.000000    0.250000   clock reconvergence pessimism
                                              0.250000 ^ u_input_buffer.mem[24][2]$_DFFE_PP_/CLK (sg13g2_dfrbpq_1)
                                 -0.015124    0.234876   library hold time
                                              0.234876   data required time
---------------------------------------------------------------------------------------------
                                              0.234876   data required time
                                             -0.463483   data arrival time
---------------------------------------------------------------------------------------------
                                              0.228607   slack (MET)


Startpoint: u_input_buffer.mem[24][3]$_DFFE_PP_
            (rising edge-triggered flip-flop clocked by clk)
Endpoint: u_input_buffer.mem[24][3]$_DFFE_PP_
          (rising edge-triggered flip-flop clocked by clk)
Path Group: clk
Path Type: min

Fanout         Cap        Slew       Delay        Time   Description
---------------------------------------------------------------------------------------------
                      0.150000    0.000000    0.000000   clock clk (rise edge)
                                  0.000000    0.000000   clock network delay (ideal)
                      0.150000    0.000000    0.000000 ^ u_input_buffer.mem[24][3]$_DFFE_PP_/CLK (sg13g2_dfrbpq_1)
     2    0.005389    0.044177    0.326036    0.326036 v u_input_buffer.mem[24][3]$_DFFE_PP_/Q (sg13g2_dfrbpq_1)
                                                         u_input_buffer.mem[24][3] (net)
                      0.044177    0.000000    0.326036 v _3407_/A (sg13g2_nor2_1)
     1    0.002783    0.066346    0.087967    0.414004 ^ _3407_/Y (sg13g2_nor2_1)
                                                         _0619_ (net)
                      0.066346    0.000000    0.414004 ^ _3408_/B1 (sg13g2_a21oi_1)
     1    0.001355    0.028772    0.049479    0.463483 v _3408_/Y (sg13g2_a21oi_1)
                                                         _0179_ (net)
                      0.028772    0.000000    0.463483 v u_input_buffer.mem[24][3]$_DFFE_PP_/D (sg13g2_dfrbpq_1)
                                              0.463483   data arrival time

                      0.150000    0.000000    0.000000   clock clk (rise edge)
                                  0.000000    0.000000   clock network delay (ideal)
                                  0.250000    0.250000   clock uncertainty
                                  0.000000    0.250000   clock reconvergence pessimism
                                              0.250000 ^ u_input_buffer.mem[24][3]$_DFFE_PP_/CLK (sg13g2_dfrbpq_1)
                                 -0.015124    0.234876   library hold time
                                              0.234876   data required time
---------------------------------------------------------------------------------------------
                                              0.234876   data required time
                                             -0.463483   data arrival time
---------------------------------------------------------------------------------------------
                                              0.228607   slack (MET)


Startpoint: u_input_buffer.mem[24][4]$_DFFE_PP_
            (rising edge-triggered flip-flop clocked by clk)
Endpoint: u_input_buffer.mem[24][4]$_DFFE_PP_
          (rising edge-triggered flip-flop clocked by clk)
Path Group: clk
Path Type: min

Fanout         Cap        Slew       Delay        Time   Description
---------------------------------------------------------------------------------------------
                      0.150000    0.000000    0.000000   clock clk (rise edge)
                                  0.000000    0.000000   clock network delay (ideal)
                      0.150000    0.000000    0.000000 ^ u_input_buffer.mem[24][4]$_DFFE_PP_/CLK (sg13g2_dfrbpq_1)
     2    0.005389    0.044177    0.326036    0.326036 v u_input_buffer.mem[24][4]$_DFFE_PP_/Q (sg13g2_dfrbpq_1)
                                                         u_input_buffer.mem[24][4] (net)
                      0.044177    0.000000    0.326036 v _3409_/A (sg13g2_nor2_1)
     1    0.002783    0.066346    0.087967    0.414004 ^ _3409_/Y (sg13g2_nor2_1)
                                                         _0620_ (net)
                      0.066346    0.000000    0.414004 ^ _3410_/B1 (sg13g2_a21oi_1)
     1    0.001355    0.028772    0.049479    0.463483 v _3410_/Y (sg13g2_a21oi_1)
                                                         _0180_ (net)
                      0.028772    0.000000    0.463483 v u_input_buffer.mem[24][4]$_DFFE_PP_/D (sg13g2_dfrbpq_1)
                                              0.463483   data arrival time

                      0.150000    0.000000    0.000000   clock clk (rise edge)
                                  0.000000    0.000000   clock network delay (ideal)
                                  0.250000    0.250000   clock uncertainty
                                  0.000000    0.250000   clock reconvergence pessimism
                                              0.250000 ^ u_input_buffer.mem[24][4]$_DFFE_PP_/CLK (sg13g2_dfrbpq_1)
                                 -0.015124    0.234876   library hold time
                                              0.234876   data required time
---------------------------------------------------------------------------------------------
                                              0.234876   data required time
                                             -0.463483   data arrival time
---------------------------------------------------------------------------------------------
                                              0.228607   slack (MET)


Startpoint: u_input_buffer.mem[24][5]$_DFFE_PP_
            (rising edge-triggered flip-flop clocked by clk)
Endpoint: u_input_buffer.mem[24][5]$_DFFE_PP_
          (rising edge-triggered flip-flop clocked by clk)
Path Group: clk
Path Type: min

Fanout         Cap        Slew       Delay        Time   Description
---------------------------------------------------------------------------------------------
                      0.150000    0.000000    0.000000   clock clk (rise edge)
                                  0.000000    0.000000   clock network delay (ideal)
                      0.150000    0.000000    0.000000 ^ u_input_buffer.mem[24][5]$_DFFE_PP_/CLK (sg13g2_dfrbpq_1)
     2    0.005389    0.044177    0.326036    0.326036 v u_input_buffer.mem[24][5]$_DFFE_PP_/Q (sg13g2_dfrbpq_1)
                                                         u_input_buffer.mem[24][5] (net)
                      0.044177    0.000000    0.326036 v _3411_/A (sg13g2_nor2_1)
     1    0.002783    0.066346    0.087967    0.414004 ^ _3411_/Y (sg13g2_nor2_1)
                                                         _0621_ (net)
                      0.066346    0.000000    0.414004 ^ _3412_/B1 (sg13g2_a21oi_1)
     1    0.001355    0.028772    0.049479    0.463483 v _3412_/Y (sg13g2_a21oi_1)
                                                         _0181_ (net)
                      0.028772    0.000000    0.463483 v u_input_buffer.mem[24][5]$_DFFE_PP_/D (sg13g2_dfrbpq_1)
                                              0.463483   data arrival time

                      0.150000    0.000000    0.000000   clock clk (rise edge)
                                  0.000000    0.000000   clock network delay (ideal)
                                  0.250000    0.250000   clock uncertainty
                                  0.000000    0.250000   clock reconvergence pessimism
                                              0.250000 ^ u_input_buffer.mem[24][5]$_DFFE_PP_/CLK (sg13g2_dfrbpq_1)
                                 -0.015124    0.234876   library hold time
                                              0.234876   data required time
---------------------------------------------------------------------------------------------
                                              0.234876   data required time
                                             -0.463483   data arrival time
---------------------------------------------------------------------------------------------
                                              0.228607   slack (MET)


Startpoint: u_input_buffer.mem[24][6]$_DFFE_PP_
            (rising edge-triggered flip-flop clocked by clk)
Endpoint: u_input_buffer.mem[24][6]$_DFFE_PP_
          (rising edge-triggered flip-flop clocked by clk)
Path Group: clk
Path Type: min

Fanout         Cap        Slew       Delay        Time   Description
---------------------------------------------------------------------------------------------
                      0.150000    0.000000    0.000000   clock clk (rise edge)
                                  0.000000    0.000000   clock network delay (ideal)
                      0.150000    0.000000    0.000000 ^ u_input_buffer.mem[24][6]$_DFFE_PP_/CLK (sg13g2_dfrbpq_1)
     2    0.005389    0.044177    0.326036    0.326036 v u_input_buffer.mem[24][6]$_DFFE_PP_/Q (sg13g2_dfrbpq_1)
                                                         u_input_buffer.mem[24][6] (net)
                      0.044177    0.000000    0.326036 v _3413_/A (sg13g2_nor2_1)
     1    0.002783    0.066346    0.087967    0.414004 ^ _3413_/Y (sg13g2_nor2_1)
                                                         _0622_ (net)
                      0.066346    0.000000    0.414004 ^ _3414_/B1 (sg13g2_a21oi_1)
     1    0.001355    0.028772    0.049479    0.463483 v _3414_/Y (sg13g2_a21oi_1)
                                                         _0182_ (net)
                      0.028772    0.000000    0.463483 v u_input_buffer.mem[24][6]$_DFFE_PP_/D (sg13g2_dfrbpq_1)
                                              0.463483   data arrival time

                      0.150000    0.000000    0.000000   clock clk (rise edge)
                                  0.000000    0.000000   clock network delay (ideal)
                                  0.250000    0.250000   clock uncertainty
                                  0.000000    0.250000   clock reconvergence pessimism
                                              0.250000 ^ u_input_buffer.mem[24][6]$_DFFE_PP_/CLK (sg13g2_dfrbpq_1)
                                 -0.015124    0.234876   library hold time
                                              0.234876   data required time
---------------------------------------------------------------------------------------------
                                              0.234876   data required time
                                             -0.463483   data arrival time
---------------------------------------------------------------------------------------------
                                              0.228607   slack (MET)


Startpoint: u_input_buffer.mem[24][7]$_DFFE_PP_
            (rising edge-triggered flip-flop clocked by clk)
Endpoint: u_input_buffer.mem[24][7]$_DFFE_PP_
          (rising edge-triggered flip-flop clocked by clk)
Path Group: clk
Path Type: min

Fanout         Cap        Slew       Delay        Time   Description
---------------------------------------------------------------------------------------------
                      0.150000    0.000000    0.000000   clock clk (rise edge)
                                  0.000000    0.000000   clock network delay (ideal)
                      0.150000    0.000000    0.000000 ^ u_input_buffer.mem[24][7]$_DFFE_PP_/CLK (sg13g2_dfrbpq_1)
     2    0.005389    0.044177    0.326036    0.326036 v u_input_buffer.mem[24][7]$_DFFE_PP_/Q (sg13g2_dfrbpq_1)
                                                         u_input_buffer.mem[24][7] (net)
                      0.044177    0.000000    0.326036 v _3415_/A (sg13g2_nor2_1)
     1    0.002783    0.066346    0.087967    0.414004 ^ _3415_/Y (sg13g2_nor2_1)
                                                         _0623_ (net)
                      0.066346    0.000000    0.414004 ^ _3416_/B1 (sg13g2_a21oi_1)
     1    0.001355    0.028772    0.049479    0.463483 v _3416_/Y (sg13g2_a21oi_1)
                                                         _0183_ (net)
                      0.028772    0.000000    0.463483 v u_input_buffer.mem[24][7]$_DFFE_PP_/D (sg13g2_dfrbpq_1)
                                              0.463483   data arrival time

                      0.150000    0.000000    0.000000   clock clk (rise edge)
                                  0.000000    0.000000   clock network delay (ideal)
                                  0.250000    0.250000   clock uncertainty
                                  0.000000    0.250000   clock reconvergence pessimism
                                              0.250000 ^ u_input_buffer.mem[24][7]$_DFFE_PP_/CLK (sg13g2_dfrbpq_1)
                                 -0.015124    0.234876   library hold time
                                              0.234876   data required time
---------------------------------------------------------------------------------------------
                                              0.234876   data required time
                                             -0.463483   data arrival time
---------------------------------------------------------------------------------------------
                                              0.228607   slack (MET)


Startpoint: u_input_buffer.mem[25][0]$_DFFE_PP_
            (rising edge-triggered flip-flop clocked by clk)
Endpoint: u_input_buffer.mem[25][0]$_DFFE_PP_
          (rising edge-triggered flip-flop clocked by clk)
Path Group: clk
Path Type: min

Fanout         Cap        Slew       Delay        Time   Description
---------------------------------------------------------------------------------------------
                      0.150000    0.000000    0.000000   clock clk (rise edge)
                                  0.000000    0.000000   clock network delay (ideal)
                      0.150000    0.000000    0.000000 ^ u_input_buffer.mem[25][0]$_DFFE_PP_/CLK (sg13g2_dfrbpq_1)
     2    0.005389    0.044177    0.326036    0.326036 v u_input_buffer.mem[25][0]$_DFFE_PP_/Q (sg13g2_dfrbpq_1)
                                                         u_input_buffer.mem[25][0] (net)
                      0.044177    0.000000    0.326036 v _3418_/A (sg13g2_nor2_1)
     1    0.002783    0.066346    0.087967    0.414004 ^ _3418_/Y (sg13g2_nor2_1)
                                                         _0625_ (net)
                      0.066346    0.000000    0.414004 ^ _3419_/B1 (sg13g2_a21oi_1)
     1    0.001355    0.028772    0.049479    0.463483 v _3419_/Y (sg13g2_a21oi_1)
                                                         _0184_ (net)
                      0.028772    0.000000    0.463483 v u_input_buffer.mem[25][0]$_DFFE_PP_/D (sg13g2_dfrbpq_1)
                                              0.463483   data arrival time

                      0.150000    0.000000    0.000000   clock clk (rise edge)
                                  0.000000    0.000000   clock network delay (ideal)
                                  0.250000    0.250000   clock uncertainty
                                  0.000000    0.250000   clock reconvergence pessimism
                                              0.250000 ^ u_input_buffer.mem[25][0]$_DFFE_PP_/CLK (sg13g2_dfrbpq_1)
                                 -0.015124    0.234876   library hold time
                                              0.234876   data required time
---------------------------------------------------------------------------------------------
                                              0.234876   data required time
                                             -0.463483   data arrival time
---------------------------------------------------------------------------------------------
                                              0.228607   slack (MET)


Startpoint: u_input_buffer.mem[25][1]$_DFFE_PP_
            (rising edge-triggered flip-flop clocked by clk)
Endpoint: u_input_buffer.mem[25][1]$_DFFE_PP_
          (rising edge-triggered flip-flop clocked by clk)
Path Group: clk
Path Type: min

Fanout         Cap        Slew       Delay        Time   Description
---------------------------------------------------------------------------------------------
                      0.150000    0.000000    0.000000   clock clk (rise edge)
                                  0.000000    0.000000   clock network delay (ideal)
                      0.150000    0.000000    0.000000 ^ u_input_buffer.mem[25][1]$_DFFE_PP_/CLK (sg13g2_dfrbpq_1)
     2    0.005389    0.044177    0.326036    0.326036 v u_input_buffer.mem[25][1]$_DFFE_PP_/Q (sg13g2_dfrbpq_1)
                                                         u_input_buffer.mem[25][1] (net)
                      0.044177    0.000000    0.326036 v _3420_/A (sg13g2_nor2_1)
     1    0.002783    0.066346    0.087967    0.414004 ^ _3420_/Y (sg13g2_nor2_1)
                                                         _0626_ (net)
                      0.066346    0.000000    0.414004 ^ _3421_/B1 (sg13g2_a21oi_1)
     1    0.001355    0.028772    0.049479    0.463483 v _3421_/Y (sg13g2_a21oi_1)
                                                         _0185_ (net)
                      0.028772    0.000000    0.463483 v u_input_buffer.mem[25][1]$_DFFE_PP_/D (sg13g2_dfrbpq_1)
                                              0.463483   data arrival time

                      0.150000    0.000000    0.000000   clock clk (rise edge)
                                  0.000000    0.000000   clock network delay (ideal)
                                  0.250000    0.250000   clock uncertainty
                                  0.000000    0.250000   clock reconvergence pessimism
                                              0.250000 ^ u_input_buffer.mem[25][1]$_DFFE_PP_/CLK (sg13g2_dfrbpq_1)
                                 -0.015124    0.234876   library hold time
                                              0.234876   data required time
---------------------------------------------------------------------------------------------
                                              0.234876   data required time
                                             -0.463483   data arrival time
---------------------------------------------------------------------------------------------
                                              0.228607   slack (MET)


Startpoint: u_input_buffer.mem[25][2]$_DFFE_PP_
            (rising edge-triggered flip-flop clocked by clk)
Endpoint: u_input_buffer.mem[25][2]$_DFFE_PP_
          (rising edge-triggered flip-flop clocked by clk)
Path Group: clk
Path Type: min

Fanout         Cap        Slew       Delay        Time   Description
---------------------------------------------------------------------------------------------
                      0.150000    0.000000    0.000000   clock clk (rise edge)
                                  0.000000    0.000000   clock network delay (ideal)
                      0.150000    0.000000    0.000000 ^ u_input_buffer.mem[25][2]$_DFFE_PP_/CLK (sg13g2_dfrbpq_1)
     2    0.005389    0.044177    0.326036    0.326036 v u_input_buffer.mem[25][2]$_DFFE_PP_/Q (sg13g2_dfrbpq_1)
                                                         u_input_buffer.mem[25][2] (net)
                      0.044177    0.000000    0.326036 v _3422_/A (sg13g2_nor2_1)
     1    0.002783    0.066346    0.087967    0.414004 ^ _3422_/Y (sg13g2_nor2_1)
                                                         _0627_ (net)
                      0.066346    0.000000    0.414004 ^ _3423_/B1 (sg13g2_a21oi_1)
     1    0.001355    0.028772    0.049479    0.463483 v _3423_/Y (sg13g2_a21oi_1)
                                                         _0186_ (net)
                      0.028772    0.000000    0.463483 v u_input_buffer.mem[25][2]$_DFFE_PP_/D (sg13g2_dfrbpq_1)
                                              0.463483   data arrival time

                      0.150000    0.000000    0.000000   clock clk (rise edge)
                                  0.000000    0.000000   clock network delay (ideal)
                                  0.250000    0.250000   clock uncertainty
                                  0.000000    0.250000   clock reconvergence pessimism
                                              0.250000 ^ u_input_buffer.mem[25][2]$_DFFE_PP_/CLK (sg13g2_dfrbpq_1)
                                 -0.015124    0.234876   library hold time
                                              0.234876   data required time
---------------------------------------------------------------------------------------------
                                              0.234876   data required time
                                             -0.463483   data arrival time
---------------------------------------------------------------------------------------------
                                              0.228607   slack (MET)


Startpoint: u_input_buffer.mem[25][3]$_DFFE_PP_
            (rising edge-triggered flip-flop clocked by clk)
Endpoint: u_input_buffer.mem[25][3]$_DFFE_PP_
          (rising edge-triggered flip-flop clocked by clk)
Path Group: clk
Path Type: min

Fanout         Cap        Slew       Delay        Time   Description
---------------------------------------------------------------------------------------------
                      0.150000    0.000000    0.000000   clock clk (rise edge)
                                  0.000000    0.000000   clock network delay (ideal)
                      0.150000    0.000000    0.000000 ^ u_input_buffer.mem[25][3]$_DFFE_PP_/CLK (sg13g2_dfrbpq_1)
     2    0.005389    0.044177    0.326036    0.326036 v u_input_buffer.mem[25][3]$_DFFE_PP_/Q (sg13g2_dfrbpq_1)
                                                         u_input_buffer.mem[25][3] (net)
                      0.044177    0.000000    0.326036 v _3424_/A (sg13g2_nor2_1)
     1    0.002783    0.066346    0.087967    0.414004 ^ _3424_/Y (sg13g2_nor2_1)
                                                         _0628_ (net)
                      0.066346    0.000000    0.414004 ^ _3425_/B1 (sg13g2_a21oi_1)
     1    0.001355    0.028772    0.049479    0.463483 v _3425_/Y (sg13g2_a21oi_1)
                                                         _0187_ (net)
                      0.028772    0.000000    0.463483 v u_input_buffer.mem[25][3]$_DFFE_PP_/D (sg13g2_dfrbpq_1)
                                              0.463483   data arrival time

                      0.150000    0.000000    0.000000   clock clk (rise edge)
                                  0.000000    0.000000   clock network delay (ideal)
                                  0.250000    0.250000   clock uncertainty
                                  0.000000    0.250000   clock reconvergence pessimism
                                              0.250000 ^ u_input_buffer.mem[25][3]$_DFFE_PP_/CLK (sg13g2_dfrbpq_1)
                                 -0.015124    0.234876   library hold time
                                              0.234876   data required time
---------------------------------------------------------------------------------------------
                                              0.234876   data required time
                                             -0.463483   data arrival time
---------------------------------------------------------------------------------------------
                                              0.228607   slack (MET)


Startpoint: u_input_buffer.mem[25][4]$_DFFE_PP_
            (rising edge-triggered flip-flop clocked by clk)
Endpoint: u_input_buffer.mem[25][4]$_DFFE_PP_
          (rising edge-triggered flip-flop clocked by clk)
Path Group: clk
Path Type: min

Fanout         Cap        Slew       Delay        Time   Description
---------------------------------------------------------------------------------------------
                      0.150000    0.000000    0.000000   clock clk (rise edge)
                                  0.000000    0.000000   clock network delay (ideal)
                      0.150000    0.000000    0.000000 ^ u_input_buffer.mem[25][4]$_DFFE_PP_/CLK (sg13g2_dfrbpq_1)
     2    0.005389    0.044177    0.326036    0.326036 v u_input_buffer.mem[25][4]$_DFFE_PP_/Q (sg13g2_dfrbpq_1)
                                                         u_input_buffer.mem[25][4] (net)
                      0.044177    0.000000    0.326036 v _3426_/A (sg13g2_nor2_1)
     1    0.002783    0.066346    0.087967    0.414004 ^ _3426_/Y (sg13g2_nor2_1)
                                                         _0629_ (net)
                      0.066346    0.000000    0.414004 ^ _3427_/B1 (sg13g2_a21oi_1)
     1    0.001355    0.028772    0.049479    0.463483 v _3427_/Y (sg13g2_a21oi_1)
                                                         _0188_ (net)
                      0.028772    0.000000    0.463483 v u_input_buffer.mem[25][4]$_DFFE_PP_/D (sg13g2_dfrbpq_1)
                                              0.463483   data arrival time

                      0.150000    0.000000    0.000000   clock clk (rise edge)
                                  0.000000    0.000000   clock network delay (ideal)
                                  0.250000    0.250000   clock uncertainty
                                  0.000000    0.250000   clock reconvergence pessimism
                                              0.250000 ^ u_input_buffer.mem[25][4]$_DFFE_PP_/CLK (sg13g2_dfrbpq_1)
                                 -0.015124    0.234876   library hold time
                                              0.234876   data required time
---------------------------------------------------------------------------------------------
                                              0.234876   data required time
                                             -0.463483   data arrival time
---------------------------------------------------------------------------------------------
                                              0.228607   slack (MET)


Startpoint: u_input_buffer.mem[25][5]$_DFFE_PP_
            (rising edge-triggered flip-flop clocked by clk)
Endpoint: u_input_buffer.mem[25][5]$_DFFE_PP_
          (rising edge-triggered flip-flop clocked by clk)
Path Group: clk
Path Type: min

Fanout         Cap        Slew       Delay        Time   Description
---------------------------------------------------------------------------------------------
                      0.150000    0.000000    0.000000   clock clk (rise edge)
                                  0.000000    0.000000   clock network delay (ideal)
                      0.150000    0.000000    0.000000 ^ u_input_buffer.mem[25][5]$_DFFE_PP_/CLK (sg13g2_dfrbpq_1)
     2    0.005389    0.044177    0.326036    0.326036 v u_input_buffer.mem[25][5]$_DFFE_PP_/Q (sg13g2_dfrbpq_1)
                                                         u_input_buffer.mem[25][5] (net)
                      0.044177    0.000000    0.326036 v _3428_/A (sg13g2_nor2_1)
     1    0.002783    0.066346    0.087967    0.414004 ^ _3428_/Y (sg13g2_nor2_1)
                                                         _0630_ (net)
                      0.066346    0.000000    0.414004 ^ _3429_/B1 (sg13g2_a21oi_1)
     1    0.001355    0.028772    0.049479    0.463483 v _3429_/Y (sg13g2_a21oi_1)
                                                         _0189_ (net)
                      0.028772    0.000000    0.463483 v u_input_buffer.mem[25][5]$_DFFE_PP_/D (sg13g2_dfrbpq_1)
                                              0.463483   data arrival time

                      0.150000    0.000000    0.000000   clock clk (rise edge)
                                  0.000000    0.000000   clock network delay (ideal)
                                  0.250000    0.250000   clock uncertainty
                                  0.000000    0.250000   clock reconvergence pessimism
                                              0.250000 ^ u_input_buffer.mem[25][5]$_DFFE_PP_/CLK (sg13g2_dfrbpq_1)
                                 -0.015124    0.234876   library hold time
                                              0.234876   data required time
---------------------------------------------------------------------------------------------
                                              0.234876   data required time
                                             -0.463483   data arrival time
---------------------------------------------------------------------------------------------
                                              0.228607   slack (MET)


Startpoint: u_input_buffer.mem[25][6]$_DFFE_PP_
            (rising edge-triggered flip-flop clocked by clk)
Endpoint: u_input_buffer.mem[25][6]$_DFFE_PP_
          (rising edge-triggered flip-flop clocked by clk)
Path Group: clk
Path Type: min

Fanout         Cap        Slew       Delay        Time   Description
---------------------------------------------------------------------------------------------
                      0.150000    0.000000    0.000000   clock clk (rise edge)
                                  0.000000    0.000000   clock network delay (ideal)
                      0.150000    0.000000    0.000000 ^ u_input_buffer.mem[25][6]$_DFFE_PP_/CLK (sg13g2_dfrbpq_1)
     2    0.005389    0.044177    0.326036    0.326036 v u_input_buffer.mem[25][6]$_DFFE_PP_/Q (sg13g2_dfrbpq_1)
                                                         u_input_buffer.mem[25][6] (net)
                      0.044177    0.000000    0.326036 v _3430_/A (sg13g2_nor2_1)
     1    0.002783    0.066346    0.087967    0.414004 ^ _3430_/Y (sg13g2_nor2_1)
                                                         _0631_ (net)
                      0.066346    0.000000    0.414004 ^ _3431_/B1 (sg13g2_a21oi_1)
     1    0.001355    0.028772    0.049479    0.463483 v _3431_/Y (sg13g2_a21oi_1)
                                                         _0190_ (net)
                      0.028772    0.000000    0.463483 v u_input_buffer.mem[25][6]$_DFFE_PP_/D (sg13g2_dfrbpq_1)
                                              0.463483   data arrival time

                      0.150000    0.000000    0.000000   clock clk (rise edge)
                                  0.000000    0.000000   clock network delay (ideal)
                                  0.250000    0.250000   clock uncertainty
                                  0.000000    0.250000   clock reconvergence pessimism
                                              0.250000 ^ u_input_buffer.mem[25][6]$_DFFE_PP_/CLK (sg13g2_dfrbpq_1)
                                 -0.015124    0.234876   library hold time
                                              0.234876   data required time
---------------------------------------------------------------------------------------------
                                              0.234876   data required time
                                             -0.463483   data arrival time
---------------------------------------------------------------------------------------------
                                              0.228607   slack (MET)


Startpoint: u_input_buffer.mem[25][7]$_DFFE_PP_
            (rising edge-triggered flip-flop clocked by clk)
Endpoint: u_input_buffer.mem[25][7]$_DFFE_PP_
          (rising edge-triggered flip-flop clocked by clk)
Path Group: clk
Path Type: min

Fanout         Cap        Slew       Delay        Time   Description
---------------------------------------------------------------------------------------------
                      0.150000    0.000000    0.000000   clock clk (rise edge)
                                  0.000000    0.000000   clock network delay (ideal)
                      0.150000    0.000000    0.000000 ^ u_input_buffer.mem[25][7]$_DFFE_PP_/CLK (sg13g2_dfrbpq_1)
     2    0.005389    0.044177    0.326036    0.326036 v u_input_buffer.mem[25][7]$_DFFE_PP_/Q (sg13g2_dfrbpq_1)
                                                         u_input_buffer.mem[25][7] (net)
                      0.044177    0.000000    0.326036 v _3432_/A (sg13g2_nor2_1)
     1    0.002783    0.066346    0.087967    0.414004 ^ _3432_/Y (sg13g2_nor2_1)
                                                         _0632_ (net)
                      0.066346    0.000000    0.414004 ^ _3433_/B1 (sg13g2_a21oi_1)
     1    0.001355    0.028772    0.049479    0.463483 v _3433_/Y (sg13g2_a21oi_1)
                                                         _0191_ (net)
                      0.028772    0.000000    0.463483 v u_input_buffer.mem[25][7]$_DFFE_PP_/D (sg13g2_dfrbpq_1)
                                              0.463483   data arrival time

                      0.150000    0.000000    0.000000   clock clk (rise edge)
                                  0.000000    0.000000   clock network delay (ideal)
                                  0.250000    0.250000   clock uncertainty
                                  0.000000    0.250000   clock reconvergence pessimism
                                              0.250000 ^ u_input_buffer.mem[25][7]$_DFFE_PP_/CLK (sg13g2_dfrbpq_1)
                                 -0.015124    0.234876   library hold time
                                              0.234876   data required time
---------------------------------------------------------------------------------------------
                                              0.234876   data required time
                                             -0.463483   data arrival time
---------------------------------------------------------------------------------------------
                                              0.228607   slack (MET)


Startpoint: u_input_buffer.mem[26][0]$_DFFE_PP_
            (rising edge-triggered flip-flop clocked by clk)
Endpoint: u_input_buffer.mem[26][0]$_DFFE_PP_
          (rising edge-triggered flip-flop clocked by clk)
Path Group: clk
Path Type: min

Fanout         Cap        Slew       Delay        Time   Description
---------------------------------------------------------------------------------------------
                      0.150000    0.000000    0.000000   clock clk (rise edge)
                                  0.000000    0.000000   clock network delay (ideal)
                      0.150000    0.000000    0.000000 ^ u_input_buffer.mem[26][0]$_DFFE_PP_/CLK (sg13g2_dfrbpq_1)
     2    0.005389    0.044177    0.326036    0.326036 v u_input_buffer.mem[26][0]$_DFFE_PP_/Q (sg13g2_dfrbpq_1)
                                                         u_input_buffer.mem[26][0] (net)
                      0.044177    0.000000    0.326036 v _3435_/A (sg13g2_nor2_1)
     1    0.002783    0.066346    0.087967    0.414004 ^ _3435_/Y (sg13g2_nor2_1)
                                                         _0634_ (net)
                      0.066346    0.000000    0.414004 ^ _3436_/B1 (sg13g2_a21oi_1)
     1    0.001355    0.028772    0.049479    0.463483 v _3436_/Y (sg13g2_a21oi_1)
                                                         _0192_ (net)
                      0.028772    0.000000    0.463483 v u_input_buffer.mem[26][0]$_DFFE_PP_/D (sg13g2_dfrbpq_1)
                                              0.463483   data arrival time

                      0.150000    0.000000    0.000000   clock clk (rise edge)
                                  0.000000    0.000000   clock network delay (ideal)
                                  0.250000    0.250000   clock uncertainty
                                  0.000000    0.250000   clock reconvergence pessimism
                                              0.250000 ^ u_input_buffer.mem[26][0]$_DFFE_PP_/CLK (sg13g2_dfrbpq_1)
                                 -0.015124    0.234876   library hold time
                                              0.234876   data required time
---------------------------------------------------------------------------------------------
                                              0.234876   data required time
                                             -0.463483   data arrival time
---------------------------------------------------------------------------------------------
                                              0.228607   slack (MET)


Startpoint: u_input_buffer.mem[26][1]$_DFFE_PP_
            (rising edge-triggered flip-flop clocked by clk)
Endpoint: u_input_buffer.mem[26][1]$_DFFE_PP_
          (rising edge-triggered flip-flop clocked by clk)
Path Group: clk
Path Type: min

Fanout         Cap        Slew       Delay        Time   Description
---------------------------------------------------------------------------------------------
                      0.150000    0.000000    0.000000   clock clk (rise edge)
                                  0.000000    0.000000   clock network delay (ideal)
                      0.150000    0.000000    0.000000 ^ u_input_buffer.mem[26][1]$_DFFE_PP_/CLK (sg13g2_dfrbpq_1)
     2    0.005389    0.044177    0.326036    0.326036 v u_input_buffer.mem[26][1]$_DFFE_PP_/Q (sg13g2_dfrbpq_1)
                                                         u_input_buffer.mem[26][1] (net)
                      0.044177    0.000000    0.326036 v _3437_/A (sg13g2_nor2_1)
     1    0.002783    0.066346    0.087967    0.414004 ^ _3437_/Y (sg13g2_nor2_1)
                                                         _0635_ (net)
                      0.066346    0.000000    0.414004 ^ _3438_/B1 (sg13g2_a21oi_1)
     1    0.001355    0.028772    0.049479    0.463483 v _3438_/Y (sg13g2_a21oi_1)
                                                         _0193_ (net)
                      0.028772    0.000000    0.463483 v u_input_buffer.mem[26][1]$_DFFE_PP_/D (sg13g2_dfrbpq_1)
                                              0.463483   data arrival time

                      0.150000    0.000000    0.000000   clock clk (rise edge)
                                  0.000000    0.000000   clock network delay (ideal)
                                  0.250000    0.250000   clock uncertainty
                                  0.000000    0.250000   clock reconvergence pessimism
                                              0.250000 ^ u_input_buffer.mem[26][1]$_DFFE_PP_/CLK (sg13g2_dfrbpq_1)
                                 -0.015124    0.234876   library hold time
                                              0.234876   data required time
---------------------------------------------------------------------------------------------
                                              0.234876   data required time
                                             -0.463483   data arrival time
---------------------------------------------------------------------------------------------
                                              0.228607   slack (MET)


Startpoint: u_input_buffer.mem[26][2]$_DFFE_PP_
            (rising edge-triggered flip-flop clocked by clk)
Endpoint: u_input_buffer.mem[26][2]$_DFFE_PP_
          (rising edge-triggered flip-flop clocked by clk)
Path Group: clk
Path Type: min

Fanout         Cap        Slew       Delay        Time   Description
---------------------------------------------------------------------------------------------
                      0.150000    0.000000    0.000000   clock clk (rise edge)
                                  0.000000    0.000000   clock network delay (ideal)
                      0.150000    0.000000    0.000000 ^ u_input_buffer.mem[26][2]$_DFFE_PP_/CLK (sg13g2_dfrbpq_1)
     2    0.005389    0.044177    0.326036    0.326036 v u_input_buffer.mem[26][2]$_DFFE_PP_/Q (sg13g2_dfrbpq_1)
                                                         u_input_buffer.mem[26][2] (net)
                      0.044177    0.000000    0.326036 v _3439_/A (sg13g2_nor2_1)
     1    0.002783    0.066346    0.087967    0.414004 ^ _3439_/Y (sg13g2_nor2_1)
                                                         _0636_ (net)
                      0.066346    0.000000    0.414004 ^ _3440_/B1 (sg13g2_a21oi_1)
     1    0.001355    0.028772    0.049479    0.463483 v _3440_/Y (sg13g2_a21oi_1)
                                                         _0194_ (net)
                      0.028772    0.000000    0.463483 v u_input_buffer.mem[26][2]$_DFFE_PP_/D (sg13g2_dfrbpq_1)
                                              0.463483   data arrival time

                      0.150000    0.000000    0.000000   clock clk (rise edge)
                                  0.000000    0.000000   clock network delay (ideal)
                                  0.250000    0.250000   clock uncertainty
                                  0.000000    0.250000   clock reconvergence pessimism
                                              0.250000 ^ u_input_buffer.mem[26][2]$_DFFE_PP_/CLK (sg13g2_dfrbpq_1)
                                 -0.015124    0.234876   library hold time
                                              0.234876   data required time
---------------------------------------------------------------------------------------------
                                              0.234876   data required time
                                             -0.463483   data arrival time
---------------------------------------------------------------------------------------------
                                              0.228607   slack (MET)


Startpoint: u_input_buffer.mem[26][3]$_DFFE_PP_
            (rising edge-triggered flip-flop clocked by clk)
Endpoint: u_input_buffer.mem[26][3]$_DFFE_PP_
          (rising edge-triggered flip-flop clocked by clk)
Path Group: clk
Path Type: min

Fanout         Cap        Slew       Delay        Time   Description
---------------------------------------------------------------------------------------------
                      0.150000    0.000000    0.000000   clock clk (rise edge)
                                  0.000000    0.000000   clock network delay (ideal)
                      0.150000    0.000000    0.000000 ^ u_input_buffer.mem[26][3]$_DFFE_PP_/CLK (sg13g2_dfrbpq_1)
     2    0.005389    0.044177    0.326036    0.326036 v u_input_buffer.mem[26][3]$_DFFE_PP_/Q (sg13g2_dfrbpq_1)
                                                         u_input_buffer.mem[26][3] (net)
                      0.044177    0.000000    0.326036 v _3441_/A (sg13g2_nor2_1)
     1    0.002783    0.066346    0.087967    0.414004 ^ _3441_/Y (sg13g2_nor2_1)
                                                         _0637_ (net)
                      0.066346    0.000000    0.414004 ^ _3442_/B1 (sg13g2_a21oi_1)
     1    0.001355    0.028772    0.049479    0.463483 v _3442_/Y (sg13g2_a21oi_1)
                                                         _0195_ (net)
                      0.028772    0.000000    0.463483 v u_input_buffer.mem[26][3]$_DFFE_PP_/D (sg13g2_dfrbpq_1)
                                              0.463483   data arrival time

                      0.150000    0.000000    0.000000   clock clk (rise edge)
                                  0.000000    0.000000   clock network delay (ideal)
                                  0.250000    0.250000   clock uncertainty
                                  0.000000    0.250000   clock reconvergence pessimism
                                              0.250000 ^ u_input_buffer.mem[26][3]$_DFFE_PP_/CLK (sg13g2_dfrbpq_1)
                                 -0.015124    0.234876   library hold time
                                              0.234876   data required time
---------------------------------------------------------------------------------------------
                                              0.234876   data required time
                                             -0.463483   data arrival time
---------------------------------------------------------------------------------------------
                                              0.228607   slack (MET)


Startpoint: u_input_buffer.mem[26][4]$_DFFE_PP_
            (rising edge-triggered flip-flop clocked by clk)
Endpoint: u_input_buffer.mem[26][4]$_DFFE_PP_
          (rising edge-triggered flip-flop clocked by clk)
Path Group: clk
Path Type: min

Fanout         Cap        Slew       Delay        Time   Description
---------------------------------------------------------------------------------------------
                      0.150000    0.000000    0.000000   clock clk (rise edge)
                                  0.000000    0.000000   clock network delay (ideal)
                      0.150000    0.000000    0.000000 ^ u_input_buffer.mem[26][4]$_DFFE_PP_/CLK (sg13g2_dfrbpq_1)
     2    0.005389    0.044177    0.326036    0.326036 v u_input_buffer.mem[26][4]$_DFFE_PP_/Q (sg13g2_dfrbpq_1)
                                                         u_input_buffer.mem[26][4] (net)
                      0.044177    0.000000    0.326036 v _3443_/A (sg13g2_nor2_1)
     1    0.002783    0.066346    0.087967    0.414004 ^ _3443_/Y (sg13g2_nor2_1)
                                                         _0638_ (net)
                      0.066346    0.000000    0.414004 ^ _3444_/B1 (sg13g2_a21oi_1)
     1    0.001355    0.028772    0.049479    0.463483 v _3444_/Y (sg13g2_a21oi_1)
                                                         _0196_ (net)
                      0.028772    0.000000    0.463483 v u_input_buffer.mem[26][4]$_DFFE_PP_/D (sg13g2_dfrbpq_1)
                                              0.463483   data arrival time

                      0.150000    0.000000    0.000000   clock clk (rise edge)
                                  0.000000    0.000000   clock network delay (ideal)
                                  0.250000    0.250000   clock uncertainty
                                  0.000000    0.250000   clock reconvergence pessimism
                                              0.250000 ^ u_input_buffer.mem[26][4]$_DFFE_PP_/CLK (sg13g2_dfrbpq_1)
                                 -0.015124    0.234876   library hold time
                                              0.234876   data required time
---------------------------------------------------------------------------------------------
                                              0.234876   data required time
                                             -0.463483   data arrival time
---------------------------------------------------------------------------------------------
                                              0.228607   slack (MET)


Startpoint: u_input_buffer.mem[26][5]$_DFFE_PP_
            (rising edge-triggered flip-flop clocked by clk)
Endpoint: u_input_buffer.mem[26][5]$_DFFE_PP_
          (rising edge-triggered flip-flop clocked by clk)
Path Group: clk
Path Type: min

Fanout         Cap        Slew       Delay        Time   Description
---------------------------------------------------------------------------------------------
                      0.150000    0.000000    0.000000   clock clk (rise edge)
                                  0.000000    0.000000   clock network delay (ideal)
                      0.150000    0.000000    0.000000 ^ u_input_buffer.mem[26][5]$_DFFE_PP_/CLK (sg13g2_dfrbpq_1)
     2    0.005389    0.044177    0.326036    0.326036 v u_input_buffer.mem[26][5]$_DFFE_PP_/Q (sg13g2_dfrbpq_1)
                                                         u_input_buffer.mem[26][5] (net)
                      0.044177    0.000000    0.326036 v _3445_/A (sg13g2_nor2_1)
     1    0.002783    0.066346    0.087967    0.414004 ^ _3445_/Y (sg13g2_nor2_1)
                                                         _0639_ (net)
                      0.066346    0.000000    0.414004 ^ _3446_/B1 (sg13g2_a21oi_1)
     1    0.001355    0.028772    0.049479    0.463483 v _3446_/Y (sg13g2_a21oi_1)
                                                         _0197_ (net)
                      0.028772    0.000000    0.463483 v u_input_buffer.mem[26][5]$_DFFE_PP_/D (sg13g2_dfrbpq_1)
                                              0.463483   data arrival time

                      0.150000    0.000000    0.000000   clock clk (rise edge)
                                  0.000000    0.000000   clock network delay (ideal)
                                  0.250000    0.250000   clock uncertainty
                                  0.000000    0.250000   clock reconvergence pessimism
                                              0.250000 ^ u_input_buffer.mem[26][5]$_DFFE_PP_/CLK (sg13g2_dfrbpq_1)
                                 -0.015124    0.234876   library hold time
                                              0.234876   data required time
---------------------------------------------------------------------------------------------
                                              0.234876   data required time
                                             -0.463483   data arrival time
---------------------------------------------------------------------------------------------
                                              0.228607   slack (MET)


Startpoint: u_input_buffer.mem[26][6]$_DFFE_PP_
            (rising edge-triggered flip-flop clocked by clk)
Endpoint: u_input_buffer.mem[26][6]$_DFFE_PP_
          (rising edge-triggered flip-flop clocked by clk)
Path Group: clk
Path Type: min

Fanout         Cap        Slew       Delay        Time   Description
---------------------------------------------------------------------------------------------
                      0.150000    0.000000    0.000000   clock clk (rise edge)
                                  0.000000    0.000000   clock network delay (ideal)
                      0.150000    0.000000    0.000000 ^ u_input_buffer.mem[26][6]$_DFFE_PP_/CLK (sg13g2_dfrbpq_1)
     2    0.005389    0.044177    0.326036    0.326036 v u_input_buffer.mem[26][6]$_DFFE_PP_/Q (sg13g2_dfrbpq_1)
                                                         u_input_buffer.mem[26][6] (net)
                      0.044177    0.000000    0.326036 v _3447_/A (sg13g2_nor2_1)
     1    0.002783    0.066346    0.087967    0.414004 ^ _3447_/Y (sg13g2_nor2_1)
                                                         _0640_ (net)
                      0.066346    0.000000    0.414004 ^ _3448_/B1 (sg13g2_a21oi_1)
     1    0.001355    0.028772    0.049479    0.463483 v _3448_/Y (sg13g2_a21oi_1)
                                                         _0198_ (net)
                      0.028772    0.000000    0.463483 v u_input_buffer.mem[26][6]$_DFFE_PP_/D (sg13g2_dfrbpq_1)
                                              0.463483   data arrival time

                      0.150000    0.000000    0.000000   clock clk (rise edge)
                                  0.000000    0.000000   clock network delay (ideal)
                                  0.250000    0.250000   clock uncertainty
                                  0.000000    0.250000   clock reconvergence pessimism
                                              0.250000 ^ u_input_buffer.mem[26][6]$_DFFE_PP_/CLK (sg13g2_dfrbpq_1)
                                 -0.015124    0.234876   library hold time
                                              0.234876   data required time
---------------------------------------------------------------------------------------------
                                              0.234876   data required time
                                             -0.463483   data arrival time
---------------------------------------------------------------------------------------------
                                              0.228607   slack (MET)


Startpoint: u_input_buffer.mem[26][7]$_DFFE_PP_
            (rising edge-triggered flip-flop clocked by clk)
Endpoint: u_input_buffer.mem[26][7]$_DFFE_PP_
          (rising edge-triggered flip-flop clocked by clk)
Path Group: clk
Path Type: min

Fanout         Cap        Slew       Delay        Time   Description
---------------------------------------------------------------------------------------------
                      0.150000    0.000000    0.000000   clock clk (rise edge)
                                  0.000000    0.000000   clock network delay (ideal)
                      0.150000    0.000000    0.000000 ^ u_input_buffer.mem[26][7]$_DFFE_PP_/CLK (sg13g2_dfrbpq_1)
     2    0.005389    0.044177    0.326036    0.326036 v u_input_buffer.mem[26][7]$_DFFE_PP_/Q (sg13g2_dfrbpq_1)
                                                         u_input_buffer.mem[26][7] (net)
                      0.044177    0.000000    0.326036 v _3449_/A (sg13g2_nor2_1)
     1    0.002783    0.066346    0.087967    0.414004 ^ _3449_/Y (sg13g2_nor2_1)
                                                         _0641_ (net)
                      0.066346    0.000000    0.414004 ^ _3450_/B1 (sg13g2_a21oi_1)
     1    0.001355    0.028772    0.049479    0.463483 v _3450_/Y (sg13g2_a21oi_1)
                                                         _0199_ (net)
                      0.028772    0.000000    0.463483 v u_input_buffer.mem[26][7]$_DFFE_PP_/D (sg13g2_dfrbpq_1)
                                              0.463483   data arrival time

                      0.150000    0.000000    0.000000   clock clk (rise edge)
                                  0.000000    0.000000   clock network delay (ideal)
                                  0.250000    0.250000   clock uncertainty
                                  0.000000    0.250000   clock reconvergence pessimism
                                              0.250000 ^ u_input_buffer.mem[26][7]$_DFFE_PP_/CLK (sg13g2_dfrbpq_1)
                                 -0.015124    0.234876   library hold time
                                              0.234876   data required time
---------------------------------------------------------------------------------------------
                                              0.234876   data required time
                                             -0.463483   data arrival time
---------------------------------------------------------------------------------------------
                                              0.228607   slack (MET)


Startpoint: u_input_buffer.mem[2][0]$_DFFE_PP_
            (rising edge-triggered flip-flop clocked by clk)
Endpoint: u_input_buffer.mem[2][0]$_DFFE_PP_
          (rising edge-triggered flip-flop clocked by clk)
Path Group: clk
Path Type: min

Fanout         Cap        Slew       Delay        Time   Description
---------------------------------------------------------------------------------------------
                      0.150000    0.000000    0.000000   clock clk (rise edge)
                                  0.000000    0.000000   clock network delay (ideal)
                      0.150000    0.000000    0.000000 ^ u_input_buffer.mem[2][0]$_DFFE_PP_/CLK (sg13g2_dfrbpq_1)
     2    0.005389    0.044177    0.326036    0.326036 v u_input_buffer.mem[2][0]$_DFFE_PP_/Q (sg13g2_dfrbpq_1)
                                                         u_input_buffer.mem[2][0] (net)
                      0.044177    0.000000    0.326036 v _3503_/A (sg13g2_nor2_1)
     1    0.002783    0.066346    0.087967    0.414004 ^ _3503_/Y (sg13g2_nor2_1)
                                                         _0670_ (net)
                      0.066346    0.000000    0.414004 ^ _3504_/B1 (sg13g2_a21oi_1)
     1    0.001355    0.028772    0.049479    0.463483 v _3504_/Y (sg13g2_a21oi_1)
                                                         _0224_ (net)
                      0.028772    0.000000    0.463483 v u_input_buffer.mem[2][0]$_DFFE_PP_/D (sg13g2_dfrbpq_1)
                                              0.463483   data arrival time

                      0.150000    0.000000    0.000000   clock clk (rise edge)
                                  0.000000    0.000000   clock network delay (ideal)
                                  0.250000    0.250000   clock uncertainty
                                  0.000000    0.250000   clock reconvergence pessimism
                                              0.250000 ^ u_input_buffer.mem[2][0]$_DFFE_PP_/CLK (sg13g2_dfrbpq_1)
                                 -0.015124    0.234876   library hold time
                                              0.234876   data required time
---------------------------------------------------------------------------------------------
                                              0.234876   data required time
                                             -0.463483   data arrival time
---------------------------------------------------------------------------------------------
                                              0.228607   slack (MET)


Startpoint: u_input_buffer.mem[2][1]$_DFFE_PP_
            (rising edge-triggered flip-flop clocked by clk)
Endpoint: u_input_buffer.mem[2][1]$_DFFE_PP_
          (rising edge-triggered flip-flop clocked by clk)
Path Group: clk
Path Type: min

Fanout         Cap        Slew       Delay        Time   Description
---------------------------------------------------------------------------------------------
                      0.150000    0.000000    0.000000   clock clk (rise edge)
                                  0.000000    0.000000   clock network delay (ideal)
                      0.150000    0.000000    0.000000 ^ u_input_buffer.mem[2][1]$_DFFE_PP_/CLK (sg13g2_dfrbpq_1)
     2    0.005389    0.044177    0.326036    0.326036 v u_input_buffer.mem[2][1]$_DFFE_PP_/Q (sg13g2_dfrbpq_1)
                                                         u_input_buffer.mem[2][1] (net)
                      0.044177    0.000000    0.326036 v _3505_/A (sg13g2_nor2_1)
     1    0.002783    0.066346    0.087967    0.414004 ^ _3505_/Y (sg13g2_nor2_1)
                                                         _0671_ (net)
                      0.066346    0.000000    0.414004 ^ _3506_/B1 (sg13g2_a21oi_1)
     1    0.001355    0.028772    0.049479    0.463483 v _3506_/Y (sg13g2_a21oi_1)
                                                         _0225_ (net)
                      0.028772    0.000000    0.463483 v u_input_buffer.mem[2][1]$_DFFE_PP_/D (sg13g2_dfrbpq_1)
                                              0.463483   data arrival time

                      0.150000    0.000000    0.000000   clock clk (rise edge)
                                  0.000000    0.000000   clock network delay (ideal)
                                  0.250000    0.250000   clock uncertainty
                                  0.000000    0.250000   clock reconvergence pessimism
                                              0.250000 ^ u_input_buffer.mem[2][1]$_DFFE_PP_/CLK (sg13g2_dfrbpq_1)
                                 -0.015124    0.234876   library hold time
                                              0.234876   data required time
---------------------------------------------------------------------------------------------
                                              0.234876   data required time
                                             -0.463483   data arrival time
---------------------------------------------------------------------------------------------
                                              0.228607   slack (MET)


Startpoint: u_input_buffer.mem[2][2]$_DFFE_PP_
            (rising edge-triggered flip-flop clocked by clk)
Endpoint: u_input_buffer.mem[2][2]$_DFFE_PP_
          (rising edge-triggered flip-flop clocked by clk)
Path Group: clk
Path Type: min

Fanout         Cap        Slew       Delay        Time   Description
---------------------------------------------------------------------------------------------
                      0.150000    0.000000    0.000000   clock clk (rise edge)
                                  0.000000    0.000000   clock network delay (ideal)
                      0.150000    0.000000    0.000000 ^ u_input_buffer.mem[2][2]$_DFFE_PP_/CLK (sg13g2_dfrbpq_1)
     2    0.005389    0.044177    0.326036    0.326036 v u_input_buffer.mem[2][2]$_DFFE_PP_/Q (sg13g2_dfrbpq_1)
                                                         u_input_buffer.mem[2][2] (net)
                      0.044177    0.000000    0.326036 v _3507_/A (sg13g2_nor2_1)
     1    0.002783    0.066346    0.087967    0.414004 ^ _3507_/Y (sg13g2_nor2_1)
                                                         _0672_ (net)
                      0.066346    0.000000    0.414004 ^ _3508_/B1 (sg13g2_a21oi_1)
     1    0.001355    0.028772    0.049479    0.463483 v _3508_/Y (sg13g2_a21oi_1)
                                                         _0226_ (net)
                      0.028772    0.000000    0.463483 v u_input_buffer.mem[2][2]$_DFFE_PP_/D (sg13g2_dfrbpq_1)
                                              0.463483   data arrival time

                      0.150000    0.000000    0.000000   clock clk (rise edge)
                                  0.000000    0.000000   clock network delay (ideal)
                                  0.250000    0.250000   clock uncertainty
                                  0.000000    0.250000   clock reconvergence pessimism
                                              0.250000 ^ u_input_buffer.mem[2][2]$_DFFE_PP_/CLK (sg13g2_dfrbpq_1)
                                 -0.015124    0.234876   library hold time
                                              0.234876   data required time
---------------------------------------------------------------------------------------------
                                              0.234876   data required time
                                             -0.463483   data arrival time
---------------------------------------------------------------------------------------------
                                              0.228607   slack (MET)


Startpoint: u_input_buffer.mem[2][3]$_DFFE_PP_
            (rising edge-triggered flip-flop clocked by clk)
Endpoint: u_input_buffer.mem[2][3]$_DFFE_PP_
          (rising edge-triggered flip-flop clocked by clk)
Path Group: clk
Path Type: min

Fanout         Cap        Slew       Delay        Time   Description
---------------------------------------------------------------------------------------------
                      0.150000    0.000000    0.000000   clock clk (rise edge)
                                  0.000000    0.000000   clock network delay (ideal)
                      0.150000    0.000000    0.000000 ^ u_input_buffer.mem[2][3]$_DFFE_PP_/CLK (sg13g2_dfrbpq_1)
     2    0.005389    0.044177    0.326036    0.326036 v u_input_buffer.mem[2][3]$_DFFE_PP_/Q (sg13g2_dfrbpq_1)
                                                         u_input_buffer.mem[2][3] (net)
                      0.044177    0.000000    0.326036 v _3509_/A (sg13g2_nor2_1)
     1    0.002783    0.066346    0.087967    0.414004 ^ _3509_/Y (sg13g2_nor2_1)
                                                         _0673_ (net)
                      0.066346    0.000000    0.414004 ^ _3510_/B1 (sg13g2_a21oi_1)
     1    0.001355    0.028772    0.049479    0.463483 v _3510_/Y (sg13g2_a21oi_1)
                                                         _0227_ (net)
                      0.028772    0.000000    0.463483 v u_input_buffer.mem[2][3]$_DFFE_PP_/D (sg13g2_dfrbpq_1)
                                              0.463483   data arrival time

                      0.150000    0.000000    0.000000   clock clk (rise edge)
                                  0.000000    0.000000   clock network delay (ideal)
                                  0.250000    0.250000   clock uncertainty
                                  0.000000    0.250000   clock reconvergence pessimism
                                              0.250000 ^ u_input_buffer.mem[2][3]$_DFFE_PP_/CLK (sg13g2_dfrbpq_1)
                                 -0.015124    0.234876   library hold time
                                              0.234876   data required time
---------------------------------------------------------------------------------------------
                                              0.234876   data required time
                                             -0.463483   data arrival time
---------------------------------------------------------------------------------------------
                                              0.228607   slack (MET)


Startpoint: u_input_buffer.mem[2][4]$_DFFE_PP_
            (rising edge-triggered flip-flop clocked by clk)
Endpoint: u_input_buffer.mem[2][4]$_DFFE_PP_
          (rising edge-triggered flip-flop clocked by clk)
Path Group: clk
Path Type: min

Fanout         Cap        Slew       Delay        Time   Description
---------------------------------------------------------------------------------------------
                      0.150000    0.000000    0.000000   clock clk (rise edge)
                                  0.000000    0.000000   clock network delay (ideal)
                      0.150000    0.000000    0.000000 ^ u_input_buffer.mem[2][4]$_DFFE_PP_/CLK (sg13g2_dfrbpq_1)
     2    0.005389    0.044177    0.326036    0.326036 v u_input_buffer.mem[2][4]$_DFFE_PP_/Q (sg13g2_dfrbpq_1)
                                                         u_input_buffer.mem[2][4] (net)
                      0.044177    0.000000    0.326036 v _3511_/A (sg13g2_nor2_1)
     1    0.002783    0.066346    0.087967    0.414004 ^ _3511_/Y (sg13g2_nor2_1)
                                                         _0674_ (net)
                      0.066346    0.000000    0.414004 ^ _3512_/B1 (sg13g2_a21oi_1)
     1    0.001355    0.028772    0.049479    0.463483 v _3512_/Y (sg13g2_a21oi_1)
                                                         _0228_ (net)
                      0.028772    0.000000    0.463483 v u_input_buffer.mem[2][4]$_DFFE_PP_/D (sg13g2_dfrbpq_1)
                                              0.463483   data arrival time

                      0.150000    0.000000    0.000000   clock clk (rise edge)
                                  0.000000    0.000000   clock network delay (ideal)
                                  0.250000    0.250000   clock uncertainty
                                  0.000000    0.250000   clock reconvergence pessimism
                                              0.250000 ^ u_input_buffer.mem[2][4]$_DFFE_PP_/CLK (sg13g2_dfrbpq_1)
                                 -0.015124    0.234876   library hold time
                                              0.234876   data required time
---------------------------------------------------------------------------------------------
                                              0.234876   data required time
                                             -0.463483   data arrival time
---------------------------------------------------------------------------------------------
                                              0.228607   slack (MET)


Startpoint: u_input_buffer.mem[2][5]$_DFFE_PP_
            (rising edge-triggered flip-flop clocked by clk)
Endpoint: u_input_buffer.mem[2][5]$_DFFE_PP_
          (rising edge-triggered flip-flop clocked by clk)
Path Group: clk
Path Type: min

Fanout         Cap        Slew       Delay        Time   Description
---------------------------------------------------------------------------------------------
                      0.150000    0.000000    0.000000   clock clk (rise edge)
                                  0.000000    0.000000   clock network delay (ideal)
                      0.150000    0.000000    0.000000 ^ u_input_buffer.mem[2][5]$_DFFE_PP_/CLK (sg13g2_dfrbpq_1)
     2    0.005389    0.044177    0.326036    0.326036 v u_input_buffer.mem[2][5]$_DFFE_PP_/Q (sg13g2_dfrbpq_1)
                                                         u_input_buffer.mem[2][5] (net)
                      0.044177    0.000000    0.326036 v _3513_/A (sg13g2_nor2_1)
     1    0.002783    0.066346    0.087967    0.414004 ^ _3513_/Y (sg13g2_nor2_1)
                                                         _0675_ (net)
                      0.066346    0.000000    0.414004 ^ _3514_/B1 (sg13g2_a21oi_1)
     1    0.001355    0.028772    0.049479    0.463483 v _3514_/Y (sg13g2_a21oi_1)
                                                         _0229_ (net)
                      0.028772    0.000000    0.463483 v u_input_buffer.mem[2][5]$_DFFE_PP_/D (sg13g2_dfrbpq_1)
                                              0.463483   data arrival time

                      0.150000    0.000000    0.000000   clock clk (rise edge)
                                  0.000000    0.000000   clock network delay (ideal)
                                  0.250000    0.250000   clock uncertainty
                                  0.000000    0.250000   clock reconvergence pessimism
                                              0.250000 ^ u_input_buffer.mem[2][5]$_DFFE_PP_/CLK (sg13g2_dfrbpq_1)
                                 -0.015124    0.234876   library hold time
                                              0.234876   data required time
---------------------------------------------------------------------------------------------
                                              0.234876   data required time
                                             -0.463483   data arrival time
---------------------------------------------------------------------------------------------
                                              0.228607   slack (MET)


Startpoint: u_input_buffer.mem[2][6]$_DFFE_PP_
            (rising edge-triggered flip-flop clocked by clk)
Endpoint: u_input_buffer.mem[2][6]$_DFFE_PP_
          (rising edge-triggered flip-flop clocked by clk)
Path Group: clk
Path Type: min

Fanout         Cap        Slew       Delay        Time   Description
---------------------------------------------------------------------------------------------
                      0.150000    0.000000    0.000000   clock clk (rise edge)
                                  0.000000    0.000000   clock network delay (ideal)
                      0.150000    0.000000    0.000000 ^ u_input_buffer.mem[2][6]$_DFFE_PP_/CLK (sg13g2_dfrbpq_1)
     2    0.005389    0.044177    0.326036    0.326036 v u_input_buffer.mem[2][6]$_DFFE_PP_/Q (sg13g2_dfrbpq_1)
                                                         u_input_buffer.mem[2][6] (net)
                      0.044177    0.000000    0.326036 v _3515_/A (sg13g2_nor2_1)
     1    0.002783    0.066346    0.087967    0.414004 ^ _3515_/Y (sg13g2_nor2_1)
                                                         _0676_ (net)
                      0.066346    0.000000    0.414004 ^ _3516_/B1 (sg13g2_a21oi_1)
     1    0.001355    0.028772    0.049479    0.463483 v _3516_/Y (sg13g2_a21oi_1)
                                                         _0230_ (net)
                      0.028772    0.000000    0.463483 v u_input_buffer.mem[2][6]$_DFFE_PP_/D (sg13g2_dfrbpq_1)
                                              0.463483   data arrival time

                      0.150000    0.000000    0.000000   clock clk (rise edge)
                                  0.000000    0.000000   clock network delay (ideal)
                                  0.250000    0.250000   clock uncertainty
                                  0.000000    0.250000   clock reconvergence pessimism
                                              0.250000 ^ u_input_buffer.mem[2][6]$_DFFE_PP_/CLK (sg13g2_dfrbpq_1)
                                 -0.015124    0.234876   library hold time
                                              0.234876   data required time
---------------------------------------------------------------------------------------------
                                              0.234876   data required time
                                             -0.463483   data arrival time
---------------------------------------------------------------------------------------------
                                              0.228607   slack (MET)


Startpoint: u_input_buffer.mem[2][7]$_DFFE_PP_
            (rising edge-triggered flip-flop clocked by clk)
Endpoint: u_input_buffer.mem[2][7]$_DFFE_PP_
          (rising edge-triggered flip-flop clocked by clk)
Path Group: clk
Path Type: min

Fanout         Cap        Slew       Delay        Time   Description
---------------------------------------------------------------------------------------------
                      0.150000    0.000000    0.000000   clock clk (rise edge)
                                  0.000000    0.000000   clock network delay (ideal)
                      0.150000    0.000000    0.000000 ^ u_input_buffer.mem[2][7]$_DFFE_PP_/CLK (sg13g2_dfrbpq_1)
     2    0.005389    0.044177    0.326036    0.326036 v u_input_buffer.mem[2][7]$_DFFE_PP_/Q (sg13g2_dfrbpq_1)
                                                         u_input_buffer.mem[2][7] (net)
                      0.044177    0.000000    0.326036 v _3517_/A (sg13g2_nor2_1)
     1    0.002783    0.066346    0.087967    0.414004 ^ _3517_/Y (sg13g2_nor2_1)
                                                         _0677_ (net)
                      0.066346    0.000000    0.414004 ^ _3518_/B1 (sg13g2_a21oi_1)
     1    0.001355    0.028772    0.049479    0.463483 v _3518_/Y (sg13g2_a21oi_1)
                                                         _0231_ (net)
                      0.028772    0.000000    0.463483 v u_input_buffer.mem[2][7]$_DFFE_PP_/D (sg13g2_dfrbpq_1)
                                              0.463483   data arrival time

                      0.150000    0.000000    0.000000   clock clk (rise edge)
                                  0.000000    0.000000   clock network delay (ideal)
                                  0.250000    0.250000   clock uncertainty
                                  0.000000    0.250000   clock reconvergence pessimism
                                              0.250000 ^ u_input_buffer.mem[2][7]$_DFFE_PP_/CLK (sg13g2_dfrbpq_1)
                                 -0.015124    0.234876   library hold time
                                              0.234876   data required time
---------------------------------------------------------------------------------------------
                                              0.234876   data required time
                                             -0.463483   data arrival time
---------------------------------------------------------------------------------------------
                                              0.228607   slack (MET)


Startpoint: u_input_buffer.mem[3][0]$_DFFE_PP_
            (rising edge-triggered flip-flop clocked by clk)
Endpoint: u_input_buffer.mem[3][0]$_DFFE_PP_
          (rising edge-triggered flip-flop clocked by clk)
Path Group: clk
Path Type: min

Fanout         Cap        Slew       Delay        Time   Description
---------------------------------------------------------------------------------------------
                      0.150000    0.000000    0.000000   clock clk (rise edge)
                                  0.000000    0.000000   clock network delay (ideal)
                      0.150000    0.000000    0.000000 ^ u_input_buffer.mem[3][0]$_DFFE_PP_/CLK (sg13g2_dfrbpq_1)
     2    0.005389    0.044177    0.326036    0.326036 v u_input_buffer.mem[3][0]$_DFFE_PP_/Q (sg13g2_dfrbpq_1)
                                                         u_input_buffer.mem[3][0] (net)
                      0.044177    0.000000    0.326036 v _3554_/A (sg13g2_nor2_1)
     1    0.002783    0.066346    0.087967    0.414004 ^ _3554_/Y (sg13g2_nor2_1)
                                                         _0697_ (net)
                      0.066346    0.000000    0.414004 ^ _3555_/B1 (sg13g2_a21oi_1)
     1    0.001355    0.028772    0.049479    0.463483 v _3555_/Y (sg13g2_a21oi_1)
                                                         _0248_ (net)
                      0.028772    0.000000    0.463483 v u_input_buffer.mem[3][0]$_DFFE_PP_/D (sg13g2_dfrbpq_1)
                                              0.463483   data arrival time

                      0.150000    0.000000    0.000000   clock clk (rise edge)
                                  0.000000    0.000000   clock network delay (ideal)
                                  0.250000    0.250000   clock uncertainty
                                  0.000000    0.250000   clock reconvergence pessimism
                                              0.250000 ^ u_input_buffer.mem[3][0]$_DFFE_PP_/CLK (sg13g2_dfrbpq_1)
                                 -0.015124    0.234876   library hold time
                                              0.234876   data required time
---------------------------------------------------------------------------------------------
                                              0.234876   data required time
                                             -0.463483   data arrival time
---------------------------------------------------------------------------------------------
                                              0.228607   slack (MET)


Startpoint: u_input_buffer.mem[3][1]$_DFFE_PP_
            (rising edge-triggered flip-flop clocked by clk)
Endpoint: u_input_buffer.mem[3][1]$_DFFE_PP_
          (rising edge-triggered flip-flop clocked by clk)
Path Group: clk
Path Type: min

Fanout         Cap        Slew       Delay        Time   Description
---------------------------------------------------------------------------------------------
                      0.150000    0.000000    0.000000   clock clk (rise edge)
                                  0.000000    0.000000   clock network delay (ideal)
                      0.150000    0.000000    0.000000 ^ u_input_buffer.mem[3][1]$_DFFE_PP_/CLK (sg13g2_dfrbpq_1)
     2    0.005389    0.044177    0.326036    0.326036 v u_input_buffer.mem[3][1]$_DFFE_PP_/Q (sg13g2_dfrbpq_1)
                                                         u_input_buffer.mem[3][1] (net)
                      0.044177    0.000000    0.326036 v _3556_/A (sg13g2_nor2_1)
     1    0.002783    0.066346    0.087967    0.414004 ^ _3556_/Y (sg13g2_nor2_1)
                                                         _0698_ (net)
                      0.066346    0.000000    0.414004 ^ _3557_/B1 (sg13g2_a21oi_1)
     1    0.001355    0.028772    0.049479    0.463483 v _3557_/Y (sg13g2_a21oi_1)
                                                         _0249_ (net)
                      0.028772    0.000000    0.463483 v u_input_buffer.mem[3][1]$_DFFE_PP_/D (sg13g2_dfrbpq_1)
                                              0.463483   data arrival time

                      0.150000    0.000000    0.000000   clock clk (rise edge)
                                  0.000000    0.000000   clock network delay (ideal)
                                  0.250000    0.250000   clock uncertainty
                                  0.000000    0.250000   clock reconvergence pessimism
                                              0.250000 ^ u_input_buffer.mem[3][1]$_DFFE_PP_/CLK (sg13g2_dfrbpq_1)
                                 -0.015124    0.234876   library hold time
                                              0.234876   data required time
---------------------------------------------------------------------------------------------
                                              0.234876   data required time
                                             -0.463483   data arrival time
---------------------------------------------------------------------------------------------
                                              0.228607   slack (MET)


Startpoint: u_input_buffer.mem[3][3]$_DFFE_PP_
            (rising edge-triggered flip-flop clocked by clk)
Endpoint: u_input_buffer.mem[3][3]$_DFFE_PP_
          (rising edge-triggered flip-flop clocked by clk)
Path Group: clk
Path Type: min

Fanout         Cap        Slew       Delay        Time   Description
---------------------------------------------------------------------------------------------
                      0.150000    0.000000    0.000000   clock clk (rise edge)
                                  0.000000    0.000000   clock network delay (ideal)
                      0.150000    0.000000    0.000000 ^ u_input_buffer.mem[3][3]$_DFFE_PP_/CLK (sg13g2_dfrbpq_1)
     2    0.005389    0.044177    0.326036    0.326036 v u_input_buffer.mem[3][3]$_DFFE_PP_/Q (sg13g2_dfrbpq_1)
                                                         u_input_buffer.mem[3][3] (net)
                      0.044177    0.000000    0.326036 v _3560_/A (sg13g2_nor2_1)
     1    0.002783    0.066346    0.087967    0.414004 ^ _3560_/Y (sg13g2_nor2_1)
                                                         _0700_ (net)
                      0.066346    0.000000    0.414004 ^ _3561_/B1 (sg13g2_a21oi_1)
     1    0.001355    0.028772    0.049479    0.463483 v _3561_/Y (sg13g2_a21oi_1)
                                                         _0251_ (net)
                      0.028772    0.000000    0.463483 v u_input_buffer.mem[3][3]$_DFFE_PP_/D (sg13g2_dfrbpq_1)
                                              0.463483   data arrival time

                      0.150000    0.000000    0.000000   clock clk (rise edge)
                                  0.000000    0.000000   clock network delay (ideal)
                                  0.250000    0.250000   clock uncertainty
                                  0.000000    0.250000   clock reconvergence pessimism
                                              0.250000 ^ u_input_buffer.mem[3][3]$_DFFE_PP_/CLK (sg13g2_dfrbpq_1)
                                 -0.015124    0.234876   library hold time
                                              0.234876   data required time
---------------------------------------------------------------------------------------------
                                              0.234876   data required time
                                             -0.463483   data arrival time
---------------------------------------------------------------------------------------------
                                              0.228607   slack (MET)


Startpoint: u_input_buffer.mem[3][5]$_DFFE_PP_
            (rising edge-triggered flip-flop clocked by clk)
Endpoint: u_input_buffer.mem[3][5]$_DFFE_PP_
          (rising edge-triggered flip-flop clocked by clk)
Path Group: clk
Path Type: min

Fanout         Cap        Slew       Delay        Time   Description
---------------------------------------------------------------------------------------------
                      0.150000    0.000000    0.000000   clock clk (rise edge)
                                  0.000000    0.000000   clock network delay (ideal)
                      0.150000    0.000000    0.000000 ^ u_input_buffer.mem[3][5]$_DFFE_PP_/CLK (sg13g2_dfrbpq_1)
     2    0.005389    0.044177    0.326036    0.326036 v u_input_buffer.mem[3][5]$_DFFE_PP_/Q (sg13g2_dfrbpq_1)
                                                         u_input_buffer.mem[3][5] (net)
                      0.044177    0.000000    0.326036 v _3564_/A (sg13g2_nor2_1)
     1    0.002783    0.066346    0.087967    0.414004 ^ _3564_/Y (sg13g2_nor2_1)
                                                         _0702_ (net)
                      0.066346    0.000000    0.414004 ^ _3565_/B1 (sg13g2_a21oi_1)
     1    0.001355    0.028772    0.049479    0.463483 v _3565_/Y (sg13g2_a21oi_1)
                                                         _0253_ (net)
                      0.028772    0.000000    0.463483 v u_input_buffer.mem[3][5]$_DFFE_PP_/D (sg13g2_dfrbpq_1)
                                              0.463483   data arrival time

                      0.150000    0.000000    0.000000   clock clk (rise edge)
                                  0.000000    0.000000   clock network delay (ideal)
                                  0.250000    0.250000   clock uncertainty
                                  0.000000    0.250000   clock reconvergence pessimism
                                              0.250000 ^ u_input_buffer.mem[3][5]$_DFFE_PP_/CLK (sg13g2_dfrbpq_1)
                                 -0.015124    0.234876   library hold time
                                              0.234876   data required time
---------------------------------------------------------------------------------------------
                                              0.234876   data required time
                                             -0.463483   data arrival time
---------------------------------------------------------------------------------------------
                                              0.228607   slack (MET)


Startpoint: u_input_buffer.mem[3][6]$_DFFE_PP_
            (rising edge-triggered flip-flop clocked by clk)
Endpoint: u_input_buffer.mem[3][6]$_DFFE_PP_
          (rising edge-triggered flip-flop clocked by clk)
Path Group: clk
Path Type: min

Fanout         Cap        Slew       Delay        Time   Description
---------------------------------------------------------------------------------------------
                      0.150000    0.000000    0.000000   clock clk (rise edge)
                                  0.000000    0.000000   clock network delay (ideal)
                      0.150000    0.000000    0.000000 ^ u_input_buffer.mem[3][6]$_DFFE_PP_/CLK (sg13g2_dfrbpq_1)
     2    0.005389    0.044177    0.326036    0.326036 v u_input_buffer.mem[3][6]$_DFFE_PP_/Q (sg13g2_dfrbpq_1)
                                                         u_input_buffer.mem[3][6] (net)
                      0.044177    0.000000    0.326036 v _3566_/A (sg13g2_nor2_1)
     1    0.002783    0.066346    0.087967    0.414004 ^ _3566_/Y (sg13g2_nor2_1)
                                                         _0703_ (net)
                      0.066346    0.000000    0.414004 ^ _3567_/B1 (sg13g2_a21oi_1)
     1    0.001355    0.028772    0.049479    0.463483 v _3567_/Y (sg13g2_a21oi_1)
                                                         _0254_ (net)
                      0.028772    0.000000    0.463483 v u_input_buffer.mem[3][6]$_DFFE_PP_/D (sg13g2_dfrbpq_1)
                                              0.463483   data arrival time

                      0.150000    0.000000    0.000000   clock clk (rise edge)
                                  0.000000    0.000000   clock network delay (ideal)
                                  0.250000    0.250000   clock uncertainty
                                  0.000000    0.250000   clock reconvergence pessimism
                                              0.250000 ^ u_input_buffer.mem[3][6]$_DFFE_PP_/CLK (sg13g2_dfrbpq_1)
                                 -0.015124    0.234876   library hold time
                                              0.234876   data required time
---------------------------------------------------------------------------------------------
                                              0.234876   data required time
                                             -0.463483   data arrival time
---------------------------------------------------------------------------------------------
                                              0.228607   slack (MET)


Startpoint: u_input_buffer.mem[3][7]$_DFFE_PP_
            (rising edge-triggered flip-flop clocked by clk)
Endpoint: u_input_buffer.mem[3][7]$_DFFE_PP_
          (rising edge-triggered flip-flop clocked by clk)
Path Group: clk
Path Type: min

Fanout         Cap        Slew       Delay        Time   Description
---------------------------------------------------------------------------------------------
                      0.150000    0.000000    0.000000   clock clk (rise edge)
                                  0.000000    0.000000   clock network delay (ideal)
                      0.150000    0.000000    0.000000 ^ u_input_buffer.mem[3][7]$_DFFE_PP_/CLK (sg13g2_dfrbpq_1)
     2    0.005389    0.044177    0.326036    0.326036 v u_input_buffer.mem[3][7]$_DFFE_PP_/Q (sg13g2_dfrbpq_1)
                                                         u_input_buffer.mem[3][7] (net)
                      0.044177    0.000000    0.326036 v _3568_/A (sg13g2_nor2_1)
     1    0.002783    0.066346    0.087967    0.414004 ^ _3568_/Y (sg13g2_nor2_1)
                                                         _0704_ (net)
                      0.066346    0.000000    0.414004 ^ _3569_/B1 (sg13g2_a21oi_1)
     1    0.001355    0.028772    0.049479    0.463483 v _3569_/Y (sg13g2_a21oi_1)
                                                         _0255_ (net)
                      0.028772    0.000000    0.463483 v u_input_buffer.mem[3][7]$_DFFE_PP_/D (sg13g2_dfrbpq_1)
                                              0.463483   data arrival time

                      0.150000    0.000000    0.000000   clock clk (rise edge)
                                  0.000000    0.000000   clock network delay (ideal)
                                  0.250000    0.250000   clock uncertainty
                                  0.000000    0.250000   clock reconvergence pessimism
                                              0.250000 ^ u_input_buffer.mem[3][7]$_DFFE_PP_/CLK (sg13g2_dfrbpq_1)
                                 -0.015124    0.234876   library hold time
                                              0.234876   data required time
---------------------------------------------------------------------------------------------
                                              0.234876   data required time
                                             -0.463483   data arrival time
---------------------------------------------------------------------------------------------
                                              0.228607   slack (MET)


Startpoint: u_input_buffer.mem[11][5]$_DFFE_PP_
            (rising edge-triggered flip-flop clocked by clk)
Endpoint: u_input_buffer.mem[11][5]$_DFFE_PP_
          (rising edge-triggered flip-flop clocked by clk)
Path Group: clk
Path Type: min

Fanout         Cap        Slew       Delay        Time   Description
---------------------------------------------------------------------------------------------
                      0.150000    0.000000    0.000000   clock clk (rise edge)
                                  0.000000    0.000000   clock network delay (ideal)
                      0.150000    0.000000    0.000000 ^ u_input_buffer.mem[11][5]$_DFFE_PP_/CLK (sg13g2_dfrbpq_1)
     2    0.005473    0.044576    0.326374    0.326374 v u_input_buffer.mem[11][5]$_DFFE_PP_/Q (sg13g2_dfrbpq_1)
                                                         u_input_buffer.mem[11][5] (net)
                      0.044576    0.000000    0.326374 v _3167_/A (sg13g2_nor2_1)
     1    0.002783    0.066377    0.088126    0.414500 ^ _3167_/Y (sg13g2_nor2_1)
                                                         _0489_ (net)
                      0.066377    0.000000    0.414500 ^ _3168_/B1 (sg13g2_a21oi_1)
     1    0.001355    0.028778    0.049491    0.463991 v _3168_/Y (sg13g2_a21oi_1)
                                                         _0069_ (net)
                      0.028778    0.000000    0.463991 v u_input_buffer.mem[11][5]$_DFFE_PP_/D (sg13g2_dfrbpq_1)
                                              0.463991   data arrival time

                      0.150000    0.000000    0.000000   clock clk (rise edge)
                                  0.000000    0.000000   clock network delay (ideal)
                                  0.250000    0.250000   clock uncertainty
                                  0.000000    0.250000   clock reconvergence pessimism
                                              0.250000 ^ u_input_buffer.mem[11][5]$_DFFE_PP_/CLK (sg13g2_dfrbpq_1)
                                 -0.015127    0.234873   library hold time
                                              0.234873   data required time
---------------------------------------------------------------------------------------------
                                              0.234873   data required time
                                             -0.463991   data arrival time
---------------------------------------------------------------------------------------------
                                              0.229118   slack (MET)


Startpoint: u_input_buffer.mem[11][6]$_DFFE_PP_
            (rising edge-triggered flip-flop clocked by clk)
Endpoint: u_input_buffer.mem[11][6]$_DFFE_PP_
          (rising edge-triggered flip-flop clocked by clk)
Path Group: clk
Path Type: min

Fanout         Cap        Slew       Delay        Time   Description
---------------------------------------------------------------------------------------------
                      0.150000    0.000000    0.000000   clock clk (rise edge)
                                  0.000000    0.000000   clock network delay (ideal)
                      0.150000    0.000000    0.000000 ^ u_input_buffer.mem[11][6]$_DFFE_PP_/CLK (sg13g2_dfrbpq_1)
     2    0.005473    0.044576    0.326374    0.326374 v u_input_buffer.mem[11][6]$_DFFE_PP_/Q (sg13g2_dfrbpq_1)
                                                         u_input_buffer.mem[11][6] (net)
                      0.044576    0.000000    0.326374 v _3169_/A (sg13g2_nor2_1)
     1    0.002783    0.066377    0.088126    0.414500 ^ _3169_/Y (sg13g2_nor2_1)
                                                         _0490_ (net)
                      0.066377    0.000000    0.414500 ^ _3170_/B1 (sg13g2_a21oi_1)
     1    0.001355    0.028778    0.049491    0.463991 v _3170_/Y (sg13g2_a21oi_1)
                                                         _0070_ (net)
                      0.028778    0.000000    0.463991 v u_input_buffer.mem[11][6]$_DFFE_PP_/D (sg13g2_dfrbpq_1)
                                              0.463991   data arrival time

                      0.150000    0.000000    0.000000   clock clk (rise edge)
                                  0.000000    0.000000   clock network delay (ideal)
                                  0.250000    0.250000   clock uncertainty
                                  0.000000    0.250000   clock reconvergence pessimism
                                              0.250000 ^ u_input_buffer.mem[11][6]$_DFFE_PP_/CLK (sg13g2_dfrbpq_1)
                                 -0.015127    0.234873   library hold time
                                              0.234873   data required time
---------------------------------------------------------------------------------------------
                                              0.234873   data required time
                                             -0.463991   data arrival time
---------------------------------------------------------------------------------------------
                                              0.229118   slack (MET)


Startpoint: u_input_buffer.mem[23][7]$_DFFE_PP_
            (rising edge-triggered flip-flop clocked by clk)
Endpoint: u_input_buffer.mem[23][7]$_DFFE_PP_
          (rising edge-triggered flip-flop clocked by clk)
Path Group: clk
Path Type: min

Fanout         Cap        Slew       Delay        Time   Description
---------------------------------------------------------------------------------------------
                      0.150000    0.000000    0.000000   clock clk (rise edge)
                                  0.000000    0.000000   clock network delay (ideal)
                      0.150000    0.000000    0.000000 ^ u_input_buffer.mem[23][7]$_DFFE_PP_/CLK (sg13g2_dfrbpq_1)
     2    0.005473    0.044576    0.326374    0.326374 v u_input_buffer.mem[23][7]$_DFFE_PP_/Q (sg13g2_dfrbpq_1)
                                                         u_input_buffer.mem[23][7] (net)
                      0.044576    0.000000    0.326374 v _3397_/A (sg13g2_nor2_1)
     1    0.002783    0.066377    0.088126    0.414500 ^ _3397_/Y (sg13g2_nor2_1)
                                                         _0613_ (net)
                      0.066377    0.000000    0.414500 ^ _3398_/B1 (sg13g2_a21oi_1)
     1    0.001355    0.028778    0.049491    0.463991 v _3398_/Y (sg13g2_a21oi_1)
                                                         _0175_ (net)
                      0.028778    0.000000    0.463991 v u_input_buffer.mem[23][7]$_DFFE_PP_/D (sg13g2_dfrbpq_1)
                                              0.463991   data arrival time

                      0.150000    0.000000    0.000000   clock clk (rise edge)
                                  0.000000    0.000000   clock network delay (ideal)
                                  0.250000    0.250000   clock uncertainty
                                  0.000000    0.250000   clock reconvergence pessimism
                                              0.250000 ^ u_input_buffer.mem[23][7]$_DFFE_PP_/CLK (sg13g2_dfrbpq_1)
                                 -0.015127    0.234873   library hold time
                                              0.234873   data required time
---------------------------------------------------------------------------------------------
                                              0.234873   data required time
                                             -0.463991   data arrival time
---------------------------------------------------------------------------------------------
                                              0.229118   slack (MET)


Startpoint: u_input_buffer.mem[27][3]$_DFFE_PP_
            (rising edge-triggered flip-flop clocked by clk)
Endpoint: u_input_buffer.mem[27][3]$_DFFE_PP_
          (rising edge-triggered flip-flop clocked by clk)
Path Group: clk
Path Type: min

Fanout         Cap        Slew       Delay        Time   Description
---------------------------------------------------------------------------------------------
                      0.150000    0.000000    0.000000   clock clk (rise edge)
                                  0.000000    0.000000   clock network delay (ideal)
                      0.150000    0.000000    0.000000 ^ u_input_buffer.mem[27][3]$_DFFE_PP_/CLK (sg13g2_dfrbpq_1)
     2    0.005473    0.044576    0.326374    0.326374 v u_input_buffer.mem[27][3]$_DFFE_PP_/Q (sg13g2_dfrbpq_1)
                                                         u_input_buffer.mem[27][3] (net)
                      0.044576    0.000000    0.326374 v _3458_/A (sg13g2_nor2_1)
     1    0.002783    0.066377    0.088126    0.414500 ^ _3458_/Y (sg13g2_nor2_1)
                                                         _0646_ (net)
                      0.066377    0.000000    0.414500 ^ _3459_/B1 (sg13g2_a21oi_1)
     1    0.001355    0.028778    0.049491    0.463991 v _3459_/Y (sg13g2_a21oi_1)
                                                         _0203_ (net)
                      0.028778    0.000000    0.463991 v u_input_buffer.mem[27][3]$_DFFE_PP_/D (sg13g2_dfrbpq_1)
                                              0.463991   data arrival time

                      0.150000    0.000000    0.000000   clock clk (rise edge)
                                  0.000000    0.000000   clock network delay (ideal)
                                  0.250000    0.250000   clock uncertainty
                                  0.000000    0.250000   clock reconvergence pessimism
                                              0.250000 ^ u_input_buffer.mem[27][3]$_DFFE_PP_/CLK (sg13g2_dfrbpq_1)
                                 -0.015127    0.234873   library hold time
                                              0.234873   data required time
---------------------------------------------------------------------------------------------
                                              0.234873   data required time
                                             -0.463991   data arrival time
---------------------------------------------------------------------------------------------
                                              0.229118   slack (MET)


Startpoint: u_input_buffer.mem[3][2]$_DFFE_PP_
            (rising edge-triggered flip-flop clocked by clk)
Endpoint: u_input_buffer.mem[3][2]$_DFFE_PP_
          (rising edge-triggered flip-flop clocked by clk)
Path Group: clk
Path Type: min

Fanout         Cap        Slew       Delay        Time   Description
---------------------------------------------------------------------------------------------
                      0.150000    0.000000    0.000000   clock clk (rise edge)
                                  0.000000    0.000000   clock network delay (ideal)
                      0.150000    0.000000    0.000000 ^ u_input_buffer.mem[3][2]$_DFFE_PP_/CLK (sg13g2_dfrbpq_1)
     2    0.005473    0.044576    0.326374    0.326374 v u_input_buffer.mem[3][2]$_DFFE_PP_/Q (sg13g2_dfrbpq_1)
                                                         u_input_buffer.mem[3][2] (net)
                      0.044576    0.000000    0.326374 v _3558_/A (sg13g2_nor2_1)
     1    0.002783    0.066377    0.088126    0.414500 ^ _3558_/Y (sg13g2_nor2_1)
                                                         _0699_ (net)
                      0.066377    0.000000    0.414500 ^ _3559_/B1 (sg13g2_a21oi_1)
     1    0.001355    0.028778    0.049491    0.463991 v _3559_/Y (sg13g2_a21oi_1)
                                                         _0250_ (net)
                      0.028778    0.000000    0.463991 v u_input_buffer.mem[3][2]$_DFFE_PP_/D (sg13g2_dfrbpq_1)
                                              0.463991   data arrival time

                      0.150000    0.000000    0.000000   clock clk (rise edge)
                                  0.000000    0.000000   clock network delay (ideal)
                                  0.250000    0.250000   clock uncertainty
                                  0.000000    0.250000   clock reconvergence pessimism
                                              0.250000 ^ u_input_buffer.mem[3][2]$_DFFE_PP_/CLK (sg13g2_dfrbpq_1)
                                 -0.015127    0.234873   library hold time
                                              0.234873   data required time
---------------------------------------------------------------------------------------------
                                              0.234873   data required time
                                             -0.463991   data arrival time
---------------------------------------------------------------------------------------------
                                              0.229118   slack (MET)


Startpoint: u_input_buffer.mem[7][4]$_DFFE_PP_
            (rising edge-triggered flip-flop clocked by clk)
Endpoint: u_input_buffer.mem[7][4]$_DFFE_PP_
          (rising edge-triggered flip-flop clocked by clk)
Path Group: clk
Path Type: min

Fanout         Cap        Slew       Delay        Time   Description
---------------------------------------------------------------------------------------------
                      0.150000    0.000000    0.000000   clock clk (rise edge)
                                  0.000000    0.000000   clock network delay (ideal)
                      0.150000    0.000000    0.000000 ^ u_input_buffer.mem[7][4]$_DFFE_PP_/CLK (sg13g2_dfrbpq_1)
     2    0.005473    0.044576    0.326374    0.326374 v u_input_buffer.mem[7][4]$_DFFE_PP_/Q (sg13g2_dfrbpq_1)
                                                         u_input_buffer.mem[7][4] (net)
                      0.044576    0.000000    0.326374 v _3631_/A (sg13g2_nor2_1)
     1    0.002783    0.066377    0.088126    0.414500 ^ _3631_/Y (sg13g2_nor2_1)
                                                         _0738_ (net)
                      0.066377    0.000000    0.414500 ^ _3632_/B1 (sg13g2_a21oi_1)
     1    0.001355    0.028778    0.049491    0.463991 v _3632_/Y (sg13g2_a21oi_1)
                                                         _0284_ (net)
                      0.028778    0.000000    0.463991 v u_input_buffer.mem[7][4]$_DFFE_PP_/D (sg13g2_dfrbpq_1)
                                              0.463991   data arrival time

                      0.150000    0.000000    0.000000   clock clk (rise edge)
                                  0.000000    0.000000   clock network delay (ideal)
                                  0.250000    0.250000   clock uncertainty
                                  0.000000    0.250000   clock reconvergence pessimism
                                              0.250000 ^ u_input_buffer.mem[7][4]$_DFFE_PP_/CLK (sg13g2_dfrbpq_1)
                                 -0.015127    0.234873   library hold time
                                              0.234873   data required time
---------------------------------------------------------------------------------------------
                                              0.234873   data required time
                                             -0.463991   data arrival time
---------------------------------------------------------------------------------------------
                                              0.229118   slack (MET)


Startpoint: u_input_buffer.mem[12][0]$_DFFE_PP_
            (rising edge-triggered flip-flop clocked by clk)
Endpoint: u_input_buffer.mem[12][0]$_DFFE_PP_
          (rising edge-triggered flip-flop clocked by clk)
Path Group: clk
Path Type: min

Fanout         Cap        Slew       Delay        Time   Description
---------------------------------------------------------------------------------------------
                      0.150000    0.000000    0.000000   clock clk (rise edge)
                                  0.000000    0.000000   clock network delay (ideal)
                      0.150000    0.000000    0.000000 ^ u_input_buffer.mem[12][0]$_DFFE_PP_/CLK (sg13g2_dfrbpq_1)
     2    0.005501    0.044707    0.326485    0.326485 v u_input_buffer.mem[12][0]$_DFFE_PP_/Q (sg13g2_dfrbpq_1)
                                                         u_input_buffer.mem[12][0] (net)
                      0.044707    0.000000    0.326485 v _3175_/A (sg13g2_nor2_1)
     1    0.002783    0.066387    0.088178    0.414663 ^ _3175_/Y (sg13g2_nor2_1)
                                                         _0494_ (net)
                      0.066387    0.000000    0.414663 ^ _3176_/B1 (sg13g2_a21oi_1)
     1    0.001355    0.028780    0.049495    0.464158 v _3176_/Y (sg13g2_a21oi_1)
                                                         _0072_ (net)
                      0.028780    0.000000    0.464158 v u_input_buffer.mem[12][0]$_DFFE_PP_/D (sg13g2_dfrbpq_1)
                                              0.464158   data arrival time

                      0.150000    0.000000    0.000000   clock clk (rise edge)
                                  0.000000    0.000000   clock network delay (ideal)
                                  0.250000    0.250000   clock uncertainty
                                  0.000000    0.250000   clock reconvergence pessimism
                                              0.250000 ^ u_input_buffer.mem[12][0]$_DFFE_PP_/CLK (sg13g2_dfrbpq_1)
                                 -0.015128    0.234872   library hold time
                                              0.234872   data required time
---------------------------------------------------------------------------------------------
                                              0.234872   data required time
                                             -0.464158   data arrival time
---------------------------------------------------------------------------------------------
                                              0.229286   slack (MET)


Startpoint: u_input_buffer.mem[12][1]$_DFFE_PP_
            (rising edge-triggered flip-flop clocked by clk)
Endpoint: u_input_buffer.mem[12][1]$_DFFE_PP_
          (rising edge-triggered flip-flop clocked by clk)
Path Group: clk
Path Type: min

Fanout         Cap        Slew       Delay        Time   Description
---------------------------------------------------------------------------------------------
                      0.150000    0.000000    0.000000   clock clk (rise edge)
                                  0.000000    0.000000   clock network delay (ideal)
                      0.150000    0.000000    0.000000 ^ u_input_buffer.mem[12][1]$_DFFE_PP_/CLK (sg13g2_dfrbpq_1)
     2    0.005501    0.044707    0.326485    0.326485 v u_input_buffer.mem[12][1]$_DFFE_PP_/Q (sg13g2_dfrbpq_1)
                                                         u_input_buffer.mem[12][1] (net)
                      0.044707    0.000000    0.326485 v _3177_/A (sg13g2_nor2_1)
     1    0.002783    0.066387    0.088178    0.414663 ^ _3177_/Y (sg13g2_nor2_1)
                                                         _0495_ (net)
                      0.066387    0.000000    0.414663 ^ _3178_/B1 (sg13g2_a21oi_1)
     1    0.001355    0.028780    0.049495    0.464158 v _3178_/Y (sg13g2_a21oi_1)
                                                         _0073_ (net)
                      0.028780    0.000000    0.464158 v u_input_buffer.mem[12][1]$_DFFE_PP_/D (sg13g2_dfrbpq_1)
                                              0.464158   data arrival time

                      0.150000    0.000000    0.000000   clock clk (rise edge)
                                  0.000000    0.000000   clock network delay (ideal)
                                  0.250000    0.250000   clock uncertainty
                                  0.000000    0.250000   clock reconvergence pessimism
                                              0.250000 ^ u_input_buffer.mem[12][1]$_DFFE_PP_/CLK (sg13g2_dfrbpq_1)
                                 -0.015128    0.234872   library hold time
                                              0.234872   data required time
---------------------------------------------------------------------------------------------
                                              0.234872   data required time
                                             -0.464158   data arrival time
---------------------------------------------------------------------------------------------
                                              0.229286   slack (MET)


Startpoint: u_input_buffer.mem[12][2]$_DFFE_PP_
            (rising edge-triggered flip-flop clocked by clk)
Endpoint: u_input_buffer.mem[12][2]$_DFFE_PP_
          (rising edge-triggered flip-flop clocked by clk)
Path Group: clk
Path Type: min

Fanout         Cap        Slew       Delay        Time   Description
---------------------------------------------------------------------------------------------
                      0.150000    0.000000    0.000000   clock clk (rise edge)
                                  0.000000    0.000000   clock network delay (ideal)
                      0.150000    0.000000    0.000000 ^ u_input_buffer.mem[12][2]$_DFFE_PP_/CLK (sg13g2_dfrbpq_1)
     2    0.005501    0.044707    0.326485    0.326485 v u_input_buffer.mem[12][2]$_DFFE_PP_/Q (sg13g2_dfrbpq_1)
                                                         u_input_buffer.mem[12][2] (net)
                      0.044707    0.000000    0.326485 v _3179_/A (sg13g2_nor2_1)
     1    0.002783    0.066387    0.088178    0.414663 ^ _3179_/Y (sg13g2_nor2_1)
                                                         _0496_ (net)
                      0.066387    0.000000    0.414663 ^ _3180_/B1 (sg13g2_a21oi_1)
     1    0.001355    0.028780    0.049495    0.464158 v _3180_/Y (sg13g2_a21oi_1)
                                                         _0074_ (net)
                      0.028780    0.000000    0.464158 v u_input_buffer.mem[12][2]$_DFFE_PP_/D (sg13g2_dfrbpq_1)
                                              0.464158   data arrival time

                      0.150000    0.000000    0.000000   clock clk (rise edge)
                                  0.000000    0.000000   clock network delay (ideal)
                                  0.250000    0.250000   clock uncertainty
                                  0.000000    0.250000   clock reconvergence pessimism
                                              0.250000 ^ u_input_buffer.mem[12][2]$_DFFE_PP_/CLK (sg13g2_dfrbpq_1)
                                 -0.015128    0.234872   library hold time
                                              0.234872   data required time
---------------------------------------------------------------------------------------------
                                              0.234872   data required time
                                             -0.464158   data arrival time
---------------------------------------------------------------------------------------------
                                              0.229286   slack (MET)


Startpoint: u_input_buffer.mem[12][3]$_DFFE_PP_
            (rising edge-triggered flip-flop clocked by clk)
Endpoint: u_input_buffer.mem[12][3]$_DFFE_PP_
          (rising edge-triggered flip-flop clocked by clk)
Path Group: clk
Path Type: min

Fanout         Cap        Slew       Delay        Time   Description
---------------------------------------------------------------------------------------------
                      0.150000    0.000000    0.000000   clock clk (rise edge)
                                  0.000000    0.000000   clock network delay (ideal)
                      0.150000    0.000000    0.000000 ^ u_input_buffer.mem[12][3]$_DFFE_PP_/CLK (sg13g2_dfrbpq_1)
     2    0.005501    0.044707    0.326485    0.326485 v u_input_buffer.mem[12][3]$_DFFE_PP_/Q (sg13g2_dfrbpq_1)
                                                         u_input_buffer.mem[12][3] (net)
                      0.044707    0.000000    0.326485 v _3181_/A (sg13g2_nor2_1)
     1    0.002783    0.066387    0.088178    0.414663 ^ _3181_/Y (sg13g2_nor2_1)
                                                         _0497_ (net)
                      0.066387    0.000000    0.414663 ^ _3182_/B1 (sg13g2_a21oi_1)
     1    0.001355    0.028780    0.049495    0.464158 v _3182_/Y (sg13g2_a21oi_1)
                                                         _0075_ (net)
                      0.028780    0.000000    0.464158 v u_input_buffer.mem[12][3]$_DFFE_PP_/D (sg13g2_dfrbpq_1)
                                              0.464158   data arrival time

                      0.150000    0.000000    0.000000   clock clk (rise edge)
                                  0.000000    0.000000   clock network delay (ideal)
                                  0.250000    0.250000   clock uncertainty
                                  0.000000    0.250000   clock reconvergence pessimism
                                              0.250000 ^ u_input_buffer.mem[12][3]$_DFFE_PP_/CLK (sg13g2_dfrbpq_1)
                                 -0.015128    0.234872   library hold time
                                              0.234872   data required time
---------------------------------------------------------------------------------------------
                                              0.234872   data required time
                                             -0.464158   data arrival time
---------------------------------------------------------------------------------------------
                                              0.229286   slack (MET)


Startpoint: u_input_buffer.mem[12][4]$_DFFE_PP_
            (rising edge-triggered flip-flop clocked by clk)
Endpoint: u_input_buffer.mem[12][4]$_DFFE_PP_
          (rising edge-triggered flip-flop clocked by clk)
Path Group: clk
Path Type: min

Fanout         Cap        Slew       Delay        Time   Description
---------------------------------------------------------------------------------------------
                      0.150000    0.000000    0.000000   clock clk (rise edge)
                                  0.000000    0.000000   clock network delay (ideal)
                      0.150000    0.000000    0.000000 ^ u_input_buffer.mem[12][4]$_DFFE_PP_/CLK (sg13g2_dfrbpq_1)
     2    0.005501    0.044707    0.326485    0.326485 v u_input_buffer.mem[12][4]$_DFFE_PP_/Q (sg13g2_dfrbpq_1)
                                                         u_input_buffer.mem[12][4] (net)
                      0.044707    0.000000    0.326485 v _3183_/A (sg13g2_nor2_1)
     1    0.002783    0.066387    0.088178    0.414663 ^ _3183_/Y (sg13g2_nor2_1)
                                                         _0498_ (net)
                      0.066387    0.000000    0.414663 ^ _3184_/B1 (sg13g2_a21oi_1)
     1    0.001355    0.028780    0.049495    0.464158 v _3184_/Y (sg13g2_a21oi_1)
                                                         _0076_ (net)
                      0.028780    0.000000    0.464158 v u_input_buffer.mem[12][4]$_DFFE_PP_/D (sg13g2_dfrbpq_1)
                                              0.464158   data arrival time

                      0.150000    0.000000    0.000000   clock clk (rise edge)
                                  0.000000    0.000000   clock network delay (ideal)
                                  0.250000    0.250000   clock uncertainty
                                  0.000000    0.250000   clock reconvergence pessimism
                                              0.250000 ^ u_input_buffer.mem[12][4]$_DFFE_PP_/CLK (sg13g2_dfrbpq_1)
                                 -0.015128    0.234872   library hold time
                                              0.234872   data required time
---------------------------------------------------------------------------------------------
                                              0.234872   data required time
                                             -0.464158   data arrival time
---------------------------------------------------------------------------------------------
                                              0.229286   slack (MET)


Startpoint: u_input_buffer.mem[12][5]$_DFFE_PP_
            (rising edge-triggered flip-flop clocked by clk)
Endpoint: u_input_buffer.mem[12][5]$_DFFE_PP_
          (rising edge-triggered flip-flop clocked by clk)
Path Group: clk
Path Type: min

Fanout         Cap        Slew       Delay        Time   Description
---------------------------------------------------------------------------------------------
                      0.150000    0.000000    0.000000   clock clk (rise edge)
                                  0.000000    0.000000   clock network delay (ideal)
                      0.150000    0.000000    0.000000 ^ u_input_buffer.mem[12][5]$_DFFE_PP_/CLK (sg13g2_dfrbpq_1)
     2    0.005501    0.044707    0.326485    0.326485 v u_input_buffer.mem[12][5]$_DFFE_PP_/Q (sg13g2_dfrbpq_1)
                                                         u_input_buffer.mem[12][5] (net)
                      0.044707    0.000000    0.326485 v _3185_/A (sg13g2_nor2_1)
     1    0.002783    0.066387    0.088178    0.414663 ^ _3185_/Y (sg13g2_nor2_1)
                                                         _0499_ (net)
                      0.066387    0.000000    0.414663 ^ _3186_/B1 (sg13g2_a21oi_1)
     1    0.001355    0.028780    0.049495    0.464158 v _3186_/Y (sg13g2_a21oi_1)
                                                         _0077_ (net)
                      0.028780    0.000000    0.464158 v u_input_buffer.mem[12][5]$_DFFE_PP_/D (sg13g2_dfrbpq_1)
                                              0.464158   data arrival time

                      0.150000    0.000000    0.000000   clock clk (rise edge)
                                  0.000000    0.000000   clock network delay (ideal)
                                  0.250000    0.250000   clock uncertainty
                                  0.000000    0.250000   clock reconvergence pessimism
                                              0.250000 ^ u_input_buffer.mem[12][5]$_DFFE_PP_/CLK (sg13g2_dfrbpq_1)
                                 -0.015128    0.234872   library hold time
                                              0.234872   data required time
---------------------------------------------------------------------------------------------
                                              0.234872   data required time
                                             -0.464158   data arrival time
---------------------------------------------------------------------------------------------
                                              0.229286   slack (MET)


Startpoint: u_input_buffer.mem[12][6]$_DFFE_PP_
            (rising edge-triggered flip-flop clocked by clk)
Endpoint: u_input_buffer.mem[12][6]$_DFFE_PP_
          (rising edge-triggered flip-flop clocked by clk)
Path Group: clk
Path Type: min

Fanout         Cap        Slew       Delay        Time   Description
---------------------------------------------------------------------------------------------
                      0.150000    0.000000    0.000000   clock clk (rise edge)
                                  0.000000    0.000000   clock network delay (ideal)
                      0.150000    0.000000    0.000000 ^ u_input_buffer.mem[12][6]$_DFFE_PP_/CLK (sg13g2_dfrbpq_1)
     2    0.005501    0.044707    0.326485    0.326485 v u_input_buffer.mem[12][6]$_DFFE_PP_/Q (sg13g2_dfrbpq_1)
                                                         u_input_buffer.mem[12][6] (net)
                      0.044707    0.000000    0.326485 v _3187_/A (sg13g2_nor2_1)
     1    0.002783    0.066387    0.088178    0.414663 ^ _3187_/Y (sg13g2_nor2_1)
                                                         _0500_ (net)
                      0.066387    0.000000    0.414663 ^ _3188_/B1 (sg13g2_a21oi_1)
     1    0.001355    0.028780    0.049495    0.464158 v _3188_/Y (sg13g2_a21oi_1)
                                                         _0078_ (net)
                      0.028780    0.000000    0.464158 v u_input_buffer.mem[12][6]$_DFFE_PP_/D (sg13g2_dfrbpq_1)
                                              0.464158   data arrival time

                      0.150000    0.000000    0.000000   clock clk (rise edge)
                                  0.000000    0.000000   clock network delay (ideal)
                                  0.250000    0.250000   clock uncertainty
                                  0.000000    0.250000   clock reconvergence pessimism
                                              0.250000 ^ u_input_buffer.mem[12][6]$_DFFE_PP_/CLK (sg13g2_dfrbpq_1)
                                 -0.015128    0.234872   library hold time
                                              0.234872   data required time
---------------------------------------------------------------------------------------------
                                              0.234872   data required time
                                             -0.464158   data arrival time
---------------------------------------------------------------------------------------------
                                              0.229286   slack (MET)


Startpoint: u_input_buffer.mem[12][7]$_DFFE_PP_
            (rising edge-triggered flip-flop clocked by clk)
Endpoint: u_input_buffer.mem[12][7]$_DFFE_PP_
          (rising edge-triggered flip-flop clocked by clk)
Path Group: clk
Path Type: min

Fanout         Cap        Slew       Delay        Time   Description
---------------------------------------------------------------------------------------------
                      0.150000    0.000000    0.000000   clock clk (rise edge)
                                  0.000000    0.000000   clock network delay (ideal)
                      0.150000    0.000000    0.000000 ^ u_input_buffer.mem[12][7]$_DFFE_PP_/CLK (sg13g2_dfrbpq_1)
     2    0.005501    0.044707    0.326485    0.326485 v u_input_buffer.mem[12][7]$_DFFE_PP_/Q (sg13g2_dfrbpq_1)
                                                         u_input_buffer.mem[12][7] (net)
                      0.044707    0.000000    0.326485 v _3189_/A (sg13g2_nor2_1)
     1    0.002783    0.066387    0.088178    0.414663 ^ _3189_/Y (sg13g2_nor2_1)
                                                         _0501_ (net)
                      0.066387    0.000000    0.414663 ^ _3190_/B1 (sg13g2_a21oi_1)
     1    0.001355    0.028780    0.049495    0.464158 v _3190_/Y (sg13g2_a21oi_1)
                                                         _0079_ (net)
                      0.028780    0.000000    0.464158 v u_input_buffer.mem[12][7]$_DFFE_PP_/D (sg13g2_dfrbpq_1)
                                              0.464158   data arrival time

                      0.150000    0.000000    0.000000   clock clk (rise edge)
                                  0.000000    0.000000   clock network delay (ideal)
                                  0.250000    0.250000   clock uncertainty
                                  0.000000    0.250000   clock reconvergence pessimism
                                              0.250000 ^ u_input_buffer.mem[12][7]$_DFFE_PP_/CLK (sg13g2_dfrbpq_1)
                                 -0.015128    0.234872   library hold time
                                              0.234872   data required time
---------------------------------------------------------------------------------------------
                                              0.234872   data required time
                                             -0.464158   data arrival time
---------------------------------------------------------------------------------------------
                                              0.229286   slack (MET)


Startpoint: u_input_buffer.mem[13][0]$_DFFE_PP_
            (rising edge-triggered flip-flop clocked by clk)
Endpoint: u_input_buffer.mem[13][0]$_DFFE_PP_
          (rising edge-triggered flip-flop clocked by clk)
Path Group: clk
Path Type: min

Fanout         Cap        Slew       Delay        Time   Description
---------------------------------------------------------------------------------------------
                      0.150000    0.000000    0.000000   clock clk (rise edge)
                                  0.000000    0.000000   clock network delay (ideal)
                      0.150000    0.000000    0.000000 ^ u_input_buffer.mem[13][0]$_DFFE_PP_/CLK (sg13g2_dfrbpq_1)
     2    0.005501    0.044707    0.326485    0.326485 v u_input_buffer.mem[13][0]$_DFFE_PP_/Q (sg13g2_dfrbpq_1)
                                                         u_input_buffer.mem[13][0] (net)
                      0.044707    0.000000    0.326485 v _3193_/A (sg13g2_nor2_1)
     1    0.002783    0.066387    0.088178    0.414663 ^ _3193_/Y (sg13g2_nor2_1)
                                                         _0504_ (net)
                      0.066387    0.000000    0.414663 ^ _3194_/B1 (sg13g2_a21oi_1)
     1    0.001355    0.028780    0.049495    0.464158 v _3194_/Y (sg13g2_a21oi_1)
                                                         _0080_ (net)
                      0.028780    0.000000    0.464158 v u_input_buffer.mem[13][0]$_DFFE_PP_/D (sg13g2_dfrbpq_1)
                                              0.464158   data arrival time

                      0.150000    0.000000    0.000000   clock clk (rise edge)
                                  0.000000    0.000000   clock network delay (ideal)
                                  0.250000    0.250000   clock uncertainty
                                  0.000000    0.250000   clock reconvergence pessimism
                                              0.250000 ^ u_input_buffer.mem[13][0]$_DFFE_PP_/CLK (sg13g2_dfrbpq_1)
                                 -0.015128    0.234872   library hold time
                                              0.234872   data required time
---------------------------------------------------------------------------------------------
                                              0.234872   data required time
                                             -0.464158   data arrival time
---------------------------------------------------------------------------------------------
                                              0.229286   slack (MET)


Startpoint: u_input_buffer.mem[13][1]$_DFFE_PP_
            (rising edge-triggered flip-flop clocked by clk)
Endpoint: u_input_buffer.mem[13][1]$_DFFE_PP_
          (rising edge-triggered flip-flop clocked by clk)
Path Group: clk
Path Type: min

Fanout         Cap        Slew       Delay        Time   Description
---------------------------------------------------------------------------------------------
                      0.150000    0.000000    0.000000   clock clk (rise edge)
                                  0.000000    0.000000   clock network delay (ideal)
                      0.150000    0.000000    0.000000 ^ u_input_buffer.mem[13][1]$_DFFE_PP_/CLK (sg13g2_dfrbpq_1)
     2    0.005501    0.044707    0.326485    0.326485 v u_input_buffer.mem[13][1]$_DFFE_PP_/Q (sg13g2_dfrbpq_1)
                                                         u_input_buffer.mem[13][1] (net)
                      0.044707    0.000000    0.326485 v _3195_/A (sg13g2_nor2_1)
     1    0.002783    0.066387    0.088178    0.414663 ^ _3195_/Y (sg13g2_nor2_1)
                                                         _0505_ (net)
                      0.066387    0.000000    0.414663 ^ _3196_/B1 (sg13g2_a21oi_1)
     1    0.001355    0.028780    0.049495    0.464158 v _3196_/Y (sg13g2_a21oi_1)
                                                         _0081_ (net)
                      0.028780    0.000000    0.464158 v u_input_buffer.mem[13][1]$_DFFE_PP_/D (sg13g2_dfrbpq_1)
                                              0.464158   data arrival time

                      0.150000    0.000000    0.000000   clock clk (rise edge)
                                  0.000000    0.000000   clock network delay (ideal)
                                  0.250000    0.250000   clock uncertainty
                                  0.000000    0.250000   clock reconvergence pessimism
                                              0.250000 ^ u_input_buffer.mem[13][1]$_DFFE_PP_/CLK (sg13g2_dfrbpq_1)
                                 -0.015128    0.234872   library hold time
                                              0.234872   data required time
---------------------------------------------------------------------------------------------
                                              0.234872   data required time
                                             -0.464158   data arrival time
---------------------------------------------------------------------------------------------
                                              0.229286   slack (MET)


Startpoint: u_input_buffer.mem[13][2]$_DFFE_PP_
            (rising edge-triggered flip-flop clocked by clk)
Endpoint: u_input_buffer.mem[13][2]$_DFFE_PP_
          (rising edge-triggered flip-flop clocked by clk)
Path Group: clk
Path Type: min

Fanout         Cap        Slew       Delay        Time   Description
---------------------------------------------------------------------------------------------
                      0.150000    0.000000    0.000000   clock clk (rise edge)
                                  0.000000    0.000000   clock network delay (ideal)
                      0.150000    0.000000    0.000000 ^ u_input_buffer.mem[13][2]$_DFFE_PP_/CLK (sg13g2_dfrbpq_1)
     2    0.005501    0.044707    0.326485    0.326485 v u_input_buffer.mem[13][2]$_DFFE_PP_/Q (sg13g2_dfrbpq_1)
                                                         u_input_buffer.mem[13][2] (net)
                      0.044707    0.000000    0.326485 v _3197_/A (sg13g2_nor2_1)
     1    0.002783    0.066387    0.088178    0.414663 ^ _3197_/Y (sg13g2_nor2_1)
                                                         _0506_ (net)
                      0.066387    0.000000    0.414663 ^ _3198_/B1 (sg13g2_a21oi_1)
     1    0.001355    0.028780    0.049495    0.464158 v _3198_/Y (sg13g2_a21oi_1)
                                                         _0082_ (net)
                      0.028780    0.000000    0.464158 v u_input_buffer.mem[13][2]$_DFFE_PP_/D (sg13g2_dfrbpq_1)
                                              0.464158   data arrival time

                      0.150000    0.000000    0.000000   clock clk (rise edge)
                                  0.000000    0.000000   clock network delay (ideal)
                                  0.250000    0.250000   clock uncertainty
                                  0.000000    0.250000   clock reconvergence pessimism
                                              0.250000 ^ u_input_buffer.mem[13][2]$_DFFE_PP_/CLK (sg13g2_dfrbpq_1)
                                 -0.015128    0.234872   library hold time
                                              0.234872   data required time
---------------------------------------------------------------------------------------------
                                              0.234872   data required time
                                             -0.464158   data arrival time
---------------------------------------------------------------------------------------------
                                              0.229286   slack (MET)


Startpoint: u_input_buffer.mem[13][3]$_DFFE_PP_
            (rising edge-triggered flip-flop clocked by clk)
Endpoint: u_input_buffer.mem[13][3]$_DFFE_PP_
          (rising edge-triggered flip-flop clocked by clk)
Path Group: clk
Path Type: min

Fanout         Cap        Slew       Delay        Time   Description
---------------------------------------------------------------------------------------------
                      0.150000    0.000000    0.000000   clock clk (rise edge)
                                  0.000000    0.000000   clock network delay (ideal)
                      0.150000    0.000000    0.000000 ^ u_input_buffer.mem[13][3]$_DFFE_PP_/CLK (sg13g2_dfrbpq_1)
     2    0.005501    0.044707    0.326485    0.326485 v u_input_buffer.mem[13][3]$_DFFE_PP_/Q (sg13g2_dfrbpq_1)
                                                         u_input_buffer.mem[13][3] (net)
                      0.044707    0.000000    0.326485 v _3199_/A (sg13g2_nor2_1)
     1    0.002783    0.066387    0.088178    0.414663 ^ _3199_/Y (sg13g2_nor2_1)
                                                         _0507_ (net)
                      0.066387    0.000000    0.414663 ^ _3200_/B1 (sg13g2_a21oi_1)
     1    0.001355    0.028780    0.049495    0.464158 v _3200_/Y (sg13g2_a21oi_1)
                                                         _0083_ (net)
                      0.028780    0.000000    0.464158 v u_input_buffer.mem[13][3]$_DFFE_PP_/D (sg13g2_dfrbpq_1)
                                              0.464158   data arrival time

                      0.150000    0.000000    0.000000   clock clk (rise edge)
                                  0.000000    0.000000   clock network delay (ideal)
                                  0.250000    0.250000   clock uncertainty
                                  0.000000    0.250000   clock reconvergence pessimism
                                              0.250000 ^ u_input_buffer.mem[13][3]$_DFFE_PP_/CLK (sg13g2_dfrbpq_1)
                                 -0.015128    0.234872   library hold time
                                              0.234872   data required time
---------------------------------------------------------------------------------------------
                                              0.234872   data required time
                                             -0.464158   data arrival time
---------------------------------------------------------------------------------------------
                                              0.229286   slack (MET)


Startpoint: u_input_buffer.mem[13][4]$_DFFE_PP_
            (rising edge-triggered flip-flop clocked by clk)
Endpoint: u_input_buffer.mem[13][4]$_DFFE_PP_
          (rising edge-triggered flip-flop clocked by clk)
Path Group: clk
Path Type: min

Fanout         Cap        Slew       Delay        Time   Description
---------------------------------------------------------------------------------------------
                      0.150000    0.000000    0.000000   clock clk (rise edge)
                                  0.000000    0.000000   clock network delay (ideal)
                      0.150000    0.000000    0.000000 ^ u_input_buffer.mem[13][4]$_DFFE_PP_/CLK (sg13g2_dfrbpq_1)
     2    0.005501    0.044707    0.326485    0.326485 v u_input_buffer.mem[13][4]$_DFFE_PP_/Q (sg13g2_dfrbpq_1)
                                                         u_input_buffer.mem[13][4] (net)
                      0.044707    0.000000    0.326485 v _3201_/A (sg13g2_nor2_1)
     1    0.002783    0.066387    0.088178    0.414663 ^ _3201_/Y (sg13g2_nor2_1)
                                                         _0508_ (net)
                      0.066387    0.000000    0.414663 ^ _3202_/B1 (sg13g2_a21oi_1)
     1    0.001355    0.028780    0.049495    0.464158 v _3202_/Y (sg13g2_a21oi_1)
                                                         _0084_ (net)
                      0.028780    0.000000    0.464158 v u_input_buffer.mem[13][4]$_DFFE_PP_/D (sg13g2_dfrbpq_1)
                                              0.464158   data arrival time

                      0.150000    0.000000    0.000000   clock clk (rise edge)
                                  0.000000    0.000000   clock network delay (ideal)
                                  0.250000    0.250000   clock uncertainty
                                  0.000000    0.250000   clock reconvergence pessimism
                                              0.250000 ^ u_input_buffer.mem[13][4]$_DFFE_PP_/CLK (sg13g2_dfrbpq_1)
                                 -0.015128    0.234872   library hold time
                                              0.234872   data required time
---------------------------------------------------------------------------------------------
                                              0.234872   data required time
                                             -0.464158   data arrival time
---------------------------------------------------------------------------------------------
                                              0.229286   slack (MET)


Startpoint: u_input_buffer.mem[13][5]$_DFFE_PP_
            (rising edge-triggered flip-flop clocked by clk)
Endpoint: u_input_buffer.mem[13][5]$_DFFE_PP_
          (rising edge-triggered flip-flop clocked by clk)
Path Group: clk
Path Type: min

Fanout         Cap        Slew       Delay        Time   Description
---------------------------------------------------------------------------------------------
                      0.150000    0.000000    0.000000   clock clk (rise edge)
                                  0.000000    0.000000   clock network delay (ideal)
                      0.150000    0.000000    0.000000 ^ u_input_buffer.mem[13][5]$_DFFE_PP_/CLK (sg13g2_dfrbpq_1)
     2    0.005501    0.044707    0.326485    0.326485 v u_input_buffer.mem[13][5]$_DFFE_PP_/Q (sg13g2_dfrbpq_1)
                                                         u_input_buffer.mem[13][5] (net)
                      0.044707    0.000000    0.326485 v _3203_/A (sg13g2_nor2_1)
     1    0.002783    0.066387    0.088178    0.414663 ^ _3203_/Y (sg13g2_nor2_1)
                                                         _0509_ (net)
                      0.066387    0.000000    0.414663 ^ _3204_/B1 (sg13g2_a21oi_1)
     1    0.001355    0.028780    0.049495    0.464158 v _3204_/Y (sg13g2_a21oi_1)
                                                         _0085_ (net)
                      0.028780    0.000000    0.464158 v u_input_buffer.mem[13][5]$_DFFE_PP_/D (sg13g2_dfrbpq_1)
                                              0.464158   data arrival time

                      0.150000    0.000000    0.000000   clock clk (rise edge)
                                  0.000000    0.000000   clock network delay (ideal)
                                  0.250000    0.250000   clock uncertainty
                                  0.000000    0.250000   clock reconvergence pessimism
                                              0.250000 ^ u_input_buffer.mem[13][5]$_DFFE_PP_/CLK (sg13g2_dfrbpq_1)
                                 -0.015128    0.234872   library hold time
                                              0.234872   data required time
---------------------------------------------------------------------------------------------
                                              0.234872   data required time
                                             -0.464158   data arrival time
---------------------------------------------------------------------------------------------
                                              0.229286   slack (MET)


Startpoint: u_input_buffer.mem[13][6]$_DFFE_PP_
            (rising edge-triggered flip-flop clocked by clk)
Endpoint: u_input_buffer.mem[13][6]$_DFFE_PP_
          (rising edge-triggered flip-flop clocked by clk)
Path Group: clk
Path Type: min

Fanout         Cap        Slew       Delay        Time   Description
---------------------------------------------------------------------------------------------
                      0.150000    0.000000    0.000000   clock clk (rise edge)
                                  0.000000    0.000000   clock network delay (ideal)
                      0.150000    0.000000    0.000000 ^ u_input_buffer.mem[13][6]$_DFFE_PP_/CLK (sg13g2_dfrbpq_1)
     2    0.005501    0.044707    0.326485    0.326485 v u_input_buffer.mem[13][6]$_DFFE_PP_/Q (sg13g2_dfrbpq_1)
                                                         u_input_buffer.mem[13][6] (net)
                      0.044707    0.000000    0.326485 v _3205_/A (sg13g2_nor2_1)
     1    0.002783    0.066387    0.088178    0.414663 ^ _3205_/Y (sg13g2_nor2_1)
                                                         _0510_ (net)
                      0.066387    0.000000    0.414663 ^ _3206_/B1 (sg13g2_a21oi_1)
     1    0.001355    0.028780    0.049495    0.464158 v _3206_/Y (sg13g2_a21oi_1)
                                                         _0086_ (net)
                      0.028780    0.000000    0.464158 v u_input_buffer.mem[13][6]$_DFFE_PP_/D (sg13g2_dfrbpq_1)
                                              0.464158   data arrival time

                      0.150000    0.000000    0.000000   clock clk (rise edge)
                                  0.000000    0.000000   clock network delay (ideal)
                                  0.250000    0.250000   clock uncertainty
                                  0.000000    0.250000   clock reconvergence pessimism
                                              0.250000 ^ u_input_buffer.mem[13][6]$_DFFE_PP_/CLK (sg13g2_dfrbpq_1)
                                 -0.015128    0.234872   library hold time
                                              0.234872   data required time
---------------------------------------------------------------------------------------------
                                              0.234872   data required time
                                             -0.464158   data arrival time
---------------------------------------------------------------------------------------------
                                              0.229286   slack (MET)


Startpoint: u_input_buffer.mem[13][7]$_DFFE_PP_
            (rising edge-triggered flip-flop clocked by clk)
Endpoint: u_input_buffer.mem[13][7]$_DFFE_PP_
          (rising edge-triggered flip-flop clocked by clk)
Path Group: clk
Path Type: min

Fanout         Cap        Slew       Delay        Time   Description
---------------------------------------------------------------------------------------------
                      0.150000    0.000000    0.000000   clock clk (rise edge)
                                  0.000000    0.000000   clock network delay (ideal)
                      0.150000    0.000000    0.000000 ^ u_input_buffer.mem[13][7]$_DFFE_PP_/CLK (sg13g2_dfrbpq_1)
     2    0.005501    0.044707    0.326485    0.326485 v u_input_buffer.mem[13][7]$_DFFE_PP_/Q (sg13g2_dfrbpq_1)
                                                         u_input_buffer.mem[13][7] (net)
                      0.044707    0.000000    0.326485 v _3207_/A (sg13g2_nor2_1)
     1    0.002783    0.066387    0.088178    0.414663 ^ _3207_/Y (sg13g2_nor2_1)
                                                         _0511_ (net)
                      0.066387    0.000000    0.414663 ^ _3208_/B1 (sg13g2_a21oi_1)
     1    0.001355    0.028780    0.049495    0.464158 v _3208_/Y (sg13g2_a21oi_1)
                                                         _0087_ (net)
                      0.028780    0.000000    0.464158 v u_input_buffer.mem[13][7]$_DFFE_PP_/D (sg13g2_dfrbpq_1)
                                              0.464158   data arrival time

                      0.150000    0.000000    0.000000   clock clk (rise edge)
                                  0.000000    0.000000   clock network delay (ideal)
                                  0.250000    0.250000   clock uncertainty
                                  0.000000    0.250000   clock reconvergence pessimism
                                              0.250000 ^ u_input_buffer.mem[13][7]$_DFFE_PP_/CLK (sg13g2_dfrbpq_1)
                                 -0.015128    0.234872   library hold time
                                              0.234872   data required time
---------------------------------------------------------------------------------------------
                                              0.234872   data required time
                                             -0.464158   data arrival time
---------------------------------------------------------------------------------------------
                                              0.229286   slack (MET)


Startpoint: u_input_buffer.mem[14][0]$_DFFE_PP_
            (rising edge-triggered flip-flop clocked by clk)
Endpoint: u_input_buffer.mem[14][0]$_DFFE_PP_
          (rising edge-triggered flip-flop clocked by clk)
Path Group: clk
Path Type: min

Fanout         Cap        Slew       Delay        Time   Description
---------------------------------------------------------------------------------------------
                      0.150000    0.000000    0.000000   clock clk (rise edge)
                                  0.000000    0.000000   clock network delay (ideal)
                      0.150000    0.000000    0.000000 ^ u_input_buffer.mem[14][0]$_DFFE_PP_/CLK (sg13g2_dfrbpq_1)
     2    0.005501    0.044707    0.326485    0.326485 v u_input_buffer.mem[14][0]$_DFFE_PP_/Q (sg13g2_dfrbpq_1)
                                                         u_input_buffer.mem[14][0] (net)
                      0.044707    0.000000    0.326485 v _3210_/A (sg13g2_nor2_1)
     1    0.002783    0.066387    0.088178    0.414663 ^ _3210_/Y (sg13g2_nor2_1)
                                                         _0513_ (net)
                      0.066387    0.000000    0.414663 ^ _3211_/B1 (sg13g2_a21oi_1)
     1    0.001355    0.028780    0.049495    0.464158 v _3211_/Y (sg13g2_a21oi_1)
                                                         _0088_ (net)
                      0.028780    0.000000    0.464158 v u_input_buffer.mem[14][0]$_DFFE_PP_/D (sg13g2_dfrbpq_1)
                                              0.464158   data arrival time

                      0.150000    0.000000    0.000000   clock clk (rise edge)
                                  0.000000    0.000000   clock network delay (ideal)
                                  0.250000    0.250000   clock uncertainty
                                  0.000000    0.250000   clock reconvergence pessimism
                                              0.250000 ^ u_input_buffer.mem[14][0]$_DFFE_PP_/CLK (sg13g2_dfrbpq_1)
                                 -0.015128    0.234872   library hold time
                                              0.234872   data required time
---------------------------------------------------------------------------------------------
                                              0.234872   data required time
                                             -0.464158   data arrival time
---------------------------------------------------------------------------------------------
                                              0.229286   slack (MET)


Startpoint: u_input_buffer.mem[14][1]$_DFFE_PP_
            (rising edge-triggered flip-flop clocked by clk)
Endpoint: u_input_buffer.mem[14][1]$_DFFE_PP_
          (rising edge-triggered flip-flop clocked by clk)
Path Group: clk
Path Type: min

Fanout         Cap        Slew       Delay        Time   Description
---------------------------------------------------------------------------------------------
                      0.150000    0.000000    0.000000   clock clk (rise edge)
                                  0.000000    0.000000   clock network delay (ideal)
                      0.150000    0.000000    0.000000 ^ u_input_buffer.mem[14][1]$_DFFE_PP_/CLK (sg13g2_dfrbpq_1)
     2    0.005501    0.044707    0.326485    0.326485 v u_input_buffer.mem[14][1]$_DFFE_PP_/Q (sg13g2_dfrbpq_1)
                                                         u_input_buffer.mem[14][1] (net)
                      0.044707    0.000000    0.326485 v _3212_/A (sg13g2_nor2_1)
     1    0.002783    0.066387    0.088178    0.414663 ^ _3212_/Y (sg13g2_nor2_1)
                                                         _0514_ (net)
                      0.066387    0.000000    0.414663 ^ _3213_/B1 (sg13g2_a21oi_1)
     1    0.001355    0.028780    0.049495    0.464158 v _3213_/Y (sg13g2_a21oi_1)
                                                         _0089_ (net)
                      0.028780    0.000000    0.464158 v u_input_buffer.mem[14][1]$_DFFE_PP_/D (sg13g2_dfrbpq_1)
                                              0.464158   data arrival time

                      0.150000    0.000000    0.000000   clock clk (rise edge)
                                  0.000000    0.000000   clock network delay (ideal)
                                  0.250000    0.250000   clock uncertainty
                                  0.000000    0.250000   clock reconvergence pessimism
                                              0.250000 ^ u_input_buffer.mem[14][1]$_DFFE_PP_/CLK (sg13g2_dfrbpq_1)
                                 -0.015128    0.234872   library hold time
                                              0.234872   data required time
---------------------------------------------------------------------------------------------
                                              0.234872   data required time
                                             -0.464158   data arrival time
---------------------------------------------------------------------------------------------
                                              0.229286   slack (MET)


Startpoint: u_input_buffer.mem[14][2]$_DFFE_PP_
            (rising edge-triggered flip-flop clocked by clk)
Endpoint: u_input_buffer.mem[14][2]$_DFFE_PP_
          (rising edge-triggered flip-flop clocked by clk)
Path Group: clk
Path Type: min

Fanout         Cap        Slew       Delay        Time   Description
---------------------------------------------------------------------------------------------
                      0.150000    0.000000    0.000000   clock clk (rise edge)
                                  0.000000    0.000000   clock network delay (ideal)
                      0.150000    0.000000    0.000000 ^ u_input_buffer.mem[14][2]$_DFFE_PP_/CLK (sg13g2_dfrbpq_1)
     2    0.005501    0.044707    0.326485    0.326485 v u_input_buffer.mem[14][2]$_DFFE_PP_/Q (sg13g2_dfrbpq_1)
                                                         u_input_buffer.mem[14][2] (net)
                      0.044707    0.000000    0.326485 v _3214_/A (sg13g2_nor2_1)
     1    0.002783    0.066387    0.088178    0.414663 ^ _3214_/Y (sg13g2_nor2_1)
                                                         _0515_ (net)
                      0.066387    0.000000    0.414663 ^ _3215_/B1 (sg13g2_a21oi_1)
     1    0.001355    0.028780    0.049495    0.464158 v _3215_/Y (sg13g2_a21oi_1)
                                                         _0090_ (net)
                      0.028780    0.000000    0.464158 v u_input_buffer.mem[14][2]$_DFFE_PP_/D (sg13g2_dfrbpq_1)
                                              0.464158   data arrival time

                      0.150000    0.000000    0.000000   clock clk (rise edge)
                                  0.000000    0.000000   clock network delay (ideal)
                                  0.250000    0.250000   clock uncertainty
                                  0.000000    0.250000   clock reconvergence pessimism
                                              0.250000 ^ u_input_buffer.mem[14][2]$_DFFE_PP_/CLK (sg13g2_dfrbpq_1)
                                 -0.015128    0.234872   library hold time
                                              0.234872   data required time
---------------------------------------------------------------------------------------------
                                              0.234872   data required time
                                             -0.464158   data arrival time
---------------------------------------------------------------------------------------------
                                              0.229286   slack (MET)


Startpoint: u_input_buffer.mem[14][3]$_DFFE_PP_
            (rising edge-triggered flip-flop clocked by clk)
Endpoint: u_input_buffer.mem[14][3]$_DFFE_PP_
          (rising edge-triggered flip-flop clocked by clk)
Path Group: clk
Path Type: min

Fanout         Cap        Slew       Delay        Time   Description
---------------------------------------------------------------------------------------------
                      0.150000    0.000000    0.000000   clock clk (rise edge)
                                  0.000000    0.000000   clock network delay (ideal)
                      0.150000    0.000000    0.000000 ^ u_input_buffer.mem[14][3]$_DFFE_PP_/CLK (sg13g2_dfrbpq_1)
     2    0.005501    0.044707    0.326485    0.326485 v u_input_buffer.mem[14][3]$_DFFE_PP_/Q (sg13g2_dfrbpq_1)
                                                         u_input_buffer.mem[14][3] (net)
                      0.044707    0.000000    0.326485 v _3216_/A (sg13g2_nor2_1)
     1    0.002783    0.066387    0.088178    0.414663 ^ _3216_/Y (sg13g2_nor2_1)
                                                         _0516_ (net)
                      0.066387    0.000000    0.414663 ^ _3217_/B1 (sg13g2_a21oi_1)
     1    0.001355    0.028780    0.049495    0.464158 v _3217_/Y (sg13g2_a21oi_1)
                                                         _0091_ (net)
                      0.028780    0.000000    0.464158 v u_input_buffer.mem[14][3]$_DFFE_PP_/D (sg13g2_dfrbpq_1)
                                              0.464158   data arrival time

                      0.150000    0.000000    0.000000   clock clk (rise edge)
                                  0.000000    0.000000   clock network delay (ideal)
                                  0.250000    0.250000   clock uncertainty
                                  0.000000    0.250000   clock reconvergence pessimism
                                              0.250000 ^ u_input_buffer.mem[14][3]$_DFFE_PP_/CLK (sg13g2_dfrbpq_1)
                                 -0.015128    0.234872   library hold time
                                              0.234872   data required time
---------------------------------------------------------------------------------------------
                                              0.234872   data required time
                                             -0.464158   data arrival time
---------------------------------------------------------------------------------------------
                                              0.229286   slack (MET)


Startpoint: u_input_buffer.mem[14][4]$_DFFE_PP_
            (rising edge-triggered flip-flop clocked by clk)
Endpoint: u_input_buffer.mem[14][4]$_DFFE_PP_
          (rising edge-triggered flip-flop clocked by clk)
Path Group: clk
Path Type: min

Fanout         Cap        Slew       Delay        Time   Description
---------------------------------------------------------------------------------------------
                      0.150000    0.000000    0.000000   clock clk (rise edge)
                                  0.000000    0.000000   clock network delay (ideal)
                      0.150000    0.000000    0.000000 ^ u_input_buffer.mem[14][4]$_DFFE_PP_/CLK (sg13g2_dfrbpq_1)
     2    0.005501    0.044707    0.326485    0.326485 v u_input_buffer.mem[14][4]$_DFFE_PP_/Q (sg13g2_dfrbpq_1)
                                                         u_input_buffer.mem[14][4] (net)
                      0.044707    0.000000    0.326485 v _3218_/A (sg13g2_nor2_1)
     1    0.002783    0.066387    0.088178    0.414663 ^ _3218_/Y (sg13g2_nor2_1)
                                                         _0517_ (net)
                      0.066387    0.000000    0.414663 ^ _3219_/B1 (sg13g2_a21oi_1)
     1    0.001355    0.028780    0.049495    0.464158 v _3219_/Y (sg13g2_a21oi_1)
                                                         _0092_ (net)
                      0.028780    0.000000    0.464158 v u_input_buffer.mem[14][4]$_DFFE_PP_/D (sg13g2_dfrbpq_1)
                                              0.464158   data arrival time

                      0.150000    0.000000    0.000000   clock clk (rise edge)
                                  0.000000    0.000000   clock network delay (ideal)
                                  0.250000    0.250000   clock uncertainty
                                  0.000000    0.250000   clock reconvergence pessimism
                                              0.250000 ^ u_input_buffer.mem[14][4]$_DFFE_PP_/CLK (sg13g2_dfrbpq_1)
                                 -0.015128    0.234872   library hold time
                                              0.234872   data required time
---------------------------------------------------------------------------------------------
                                              0.234872   data required time
                                             -0.464158   data arrival time
---------------------------------------------------------------------------------------------
                                              0.229286   slack (MET)


Startpoint: u_input_buffer.mem[14][5]$_DFFE_PP_
            (rising edge-triggered flip-flop clocked by clk)
Endpoint: u_input_buffer.mem[14][5]$_DFFE_PP_
          (rising edge-triggered flip-flop clocked by clk)
Path Group: clk
Path Type: min

Fanout         Cap        Slew       Delay        Time   Description
---------------------------------------------------------------------------------------------
                      0.150000    0.000000    0.000000   clock clk (rise edge)
                                  0.000000    0.000000   clock network delay (ideal)
                      0.150000    0.000000    0.000000 ^ u_input_buffer.mem[14][5]$_DFFE_PP_/CLK (sg13g2_dfrbpq_1)
     2    0.005501    0.044707    0.326485    0.326485 v u_input_buffer.mem[14][5]$_DFFE_PP_/Q (sg13g2_dfrbpq_1)
                                                         u_input_buffer.mem[14][5] (net)
                      0.044707    0.000000    0.326485 v _3220_/A (sg13g2_nor2_1)
     1    0.002783    0.066387    0.088178    0.414663 ^ _3220_/Y (sg13g2_nor2_1)
                                                         _0518_ (net)
                      0.066387    0.000000    0.414663 ^ _3221_/B1 (sg13g2_a21oi_1)
     1    0.001355    0.028780    0.049495    0.464158 v _3221_/Y (sg13g2_a21oi_1)
                                                         _0093_ (net)
                      0.028780    0.000000    0.464158 v u_input_buffer.mem[14][5]$_DFFE_PP_/D (sg13g2_dfrbpq_1)
                                              0.464158   data arrival time

                      0.150000    0.000000    0.000000   clock clk (rise edge)
                                  0.000000    0.000000   clock network delay (ideal)
                                  0.250000    0.250000   clock uncertainty
                                  0.000000    0.250000   clock reconvergence pessimism
                                              0.250000 ^ u_input_buffer.mem[14][5]$_DFFE_PP_/CLK (sg13g2_dfrbpq_1)
                                 -0.015128    0.234872   library hold time
                                              0.234872   data required time
---------------------------------------------------------------------------------------------
                                              0.234872   data required time
                                             -0.464158   data arrival time
---------------------------------------------------------------------------------------------
                                              0.229286   slack (MET)


Startpoint: u_input_buffer.mem[14][6]$_DFFE_PP_
            (rising edge-triggered flip-flop clocked by clk)
Endpoint: u_input_buffer.mem[14][6]$_DFFE_PP_
          (rising edge-triggered flip-flop clocked by clk)
Path Group: clk
Path Type: min

Fanout         Cap        Slew       Delay        Time   Description
---------------------------------------------------------------------------------------------
                      0.150000    0.000000    0.000000   clock clk (rise edge)
                                  0.000000    0.000000   clock network delay (ideal)
                      0.150000    0.000000    0.000000 ^ u_input_buffer.mem[14][6]$_DFFE_PP_/CLK (sg13g2_dfrbpq_1)
     2    0.005501    0.044707    0.326485    0.326485 v u_input_buffer.mem[14][6]$_DFFE_PP_/Q (sg13g2_dfrbpq_1)
                                                         u_input_buffer.mem[14][6] (net)
                      0.044707    0.000000    0.326485 v _3222_/A (sg13g2_nor2_1)
     1    0.002783    0.066387    0.088178    0.414663 ^ _3222_/Y (sg13g2_nor2_1)
                                                         _0519_ (net)
                      0.066387    0.000000    0.414663 ^ _3223_/B1 (sg13g2_a21oi_1)
     1    0.001355    0.028780    0.049495    0.464158 v _3223_/Y (sg13g2_a21oi_1)
                                                         _0094_ (net)
                      0.028780    0.000000    0.464158 v u_input_buffer.mem[14][6]$_DFFE_PP_/D (sg13g2_dfrbpq_1)
                                              0.464158   data arrival time

                      0.150000    0.000000    0.000000   clock clk (rise edge)
                                  0.000000    0.000000   clock network delay (ideal)
                                  0.250000    0.250000   clock uncertainty
                                  0.000000    0.250000   clock reconvergence pessimism
                                              0.250000 ^ u_input_buffer.mem[14][6]$_DFFE_PP_/CLK (sg13g2_dfrbpq_1)
                                 -0.015128    0.234872   library hold time
                                              0.234872   data required time
---------------------------------------------------------------------------------------------
                                              0.234872   data required time
                                             -0.464158   data arrival time
---------------------------------------------------------------------------------------------
                                              0.229286   slack (MET)


Startpoint: u_input_buffer.mem[14][7]$_DFFE_PP_
            (rising edge-triggered flip-flop clocked by clk)
Endpoint: u_input_buffer.mem[14][7]$_DFFE_PP_
          (rising edge-triggered flip-flop clocked by clk)
Path Group: clk
Path Type: min

Fanout         Cap        Slew       Delay        Time   Description
---------------------------------------------------------------------------------------------
                      0.150000    0.000000    0.000000   clock clk (rise edge)
                                  0.000000    0.000000   clock network delay (ideal)
                      0.150000    0.000000    0.000000 ^ u_input_buffer.mem[14][7]$_DFFE_PP_/CLK (sg13g2_dfrbpq_1)
     2    0.005501    0.044707    0.326485    0.326485 v u_input_buffer.mem[14][7]$_DFFE_PP_/Q (sg13g2_dfrbpq_1)
                                                         u_input_buffer.mem[14][7] (net)
                      0.044707    0.000000    0.326485 v _3224_/A (sg13g2_nor2_1)
     1    0.002783    0.066387    0.088178    0.414663 ^ _3224_/Y (sg13g2_nor2_1)
                                                         _0520_ (net)
                      0.066387    0.000000    0.414663 ^ _3225_/B1 (sg13g2_a21oi_1)
     1    0.001355    0.028780    0.049495    0.464158 v _3225_/Y (sg13g2_a21oi_1)
                                                         _0095_ (net)
                      0.028780    0.000000    0.464158 v u_input_buffer.mem[14][7]$_DFFE_PP_/D (sg13g2_dfrbpq_1)
                                              0.464158   data arrival time

                      0.150000    0.000000    0.000000   clock clk (rise edge)
                                  0.000000    0.000000   clock network delay (ideal)
                                  0.250000    0.250000   clock uncertainty
                                  0.000000    0.250000   clock reconvergence pessimism
                                              0.250000 ^ u_input_buffer.mem[14][7]$_DFFE_PP_/CLK (sg13g2_dfrbpq_1)
                                 -0.015128    0.234872   library hold time
                                              0.234872   data required time
---------------------------------------------------------------------------------------------
                                              0.234872   data required time
                                             -0.464158   data arrival time
---------------------------------------------------------------------------------------------
                                              0.229286   slack (MET)


Startpoint: u_input_buffer.mem[15][0]$_DFFE_PP_
            (rising edge-triggered flip-flop clocked by clk)
Endpoint: u_input_buffer.mem[15][0]$_DFFE_PP_
          (rising edge-triggered flip-flop clocked by clk)
Path Group: clk
Path Type: min

Fanout         Cap        Slew       Delay        Time   Description
---------------------------------------------------------------------------------------------
                      0.150000    0.000000    0.000000   clock clk (rise edge)
                                  0.000000    0.000000   clock network delay (ideal)
                      0.150000    0.000000    0.000000 ^ u_input_buffer.mem[15][0]$_DFFE_PP_/CLK (sg13g2_dfrbpq_1)
     2    0.005501    0.044707    0.326485    0.326485 v u_input_buffer.mem[15][0]$_DFFE_PP_/Q (sg13g2_dfrbpq_1)
                                                         u_input_buffer.mem[15][0] (net)
                      0.044707    0.000000    0.326485 v _3227_/A (sg13g2_nor2_1)
     1    0.002783    0.066387    0.088178    0.414663 ^ _3227_/Y (sg13g2_nor2_1)
                                                         _0522_ (net)
                      0.066387    0.000000    0.414663 ^ _3228_/B1 (sg13g2_a21oi_1)
     1    0.001355    0.028780    0.049495    0.464158 v _3228_/Y (sg13g2_a21oi_1)
                                                         _0096_ (net)
                      0.028780    0.000000    0.464158 v u_input_buffer.mem[15][0]$_DFFE_PP_/D (sg13g2_dfrbpq_1)
                                              0.464158   data arrival time

                      0.150000    0.000000    0.000000   clock clk (rise edge)
                                  0.000000    0.000000   clock network delay (ideal)
                                  0.250000    0.250000   clock uncertainty
                                  0.000000    0.250000   clock reconvergence pessimism
                                              0.250000 ^ u_input_buffer.mem[15][0]$_DFFE_PP_/CLK (sg13g2_dfrbpq_1)
                                 -0.015128    0.234872   library hold time
                                              0.234872   data required time
---------------------------------------------------------------------------------------------
                                              0.234872   data required time
                                             -0.464158   data arrival time
---------------------------------------------------------------------------------------------
                                              0.229286   slack (MET)


Startpoint: u_input_buffer.mem[15][1]$_DFFE_PP_
            (rising edge-triggered flip-flop clocked by clk)
Endpoint: u_input_buffer.mem[15][1]$_DFFE_PP_
          (rising edge-triggered flip-flop clocked by clk)
Path Group: clk
Path Type: min

Fanout         Cap        Slew       Delay        Time   Description
---------------------------------------------------------------------------------------------
                      0.150000    0.000000    0.000000   clock clk (rise edge)
                                  0.000000    0.000000   clock network delay (ideal)
                      0.150000    0.000000    0.000000 ^ u_input_buffer.mem[15][1]$_DFFE_PP_/CLK (sg13g2_dfrbpq_1)
     2    0.005501    0.044707    0.326485    0.326485 v u_input_buffer.mem[15][1]$_DFFE_PP_/Q (sg13g2_dfrbpq_1)
                                                         u_input_buffer.mem[15][1] (net)
                      0.044707    0.000000    0.326485 v _3229_/A (sg13g2_nor2_1)
     1    0.002783    0.066387    0.088178    0.414663 ^ _3229_/Y (sg13g2_nor2_1)
                                                         _0523_ (net)
                      0.066387    0.000000    0.414663 ^ _3230_/B1 (sg13g2_a21oi_1)
     1    0.001355    0.028780    0.049495    0.464158 v _3230_/Y (sg13g2_a21oi_1)
                                                         _0097_ (net)
                      0.028780    0.000000    0.464158 v u_input_buffer.mem[15][1]$_DFFE_PP_/D (sg13g2_dfrbpq_1)
                                              0.464158   data arrival time

                      0.150000    0.000000    0.000000   clock clk (rise edge)
                                  0.000000    0.000000   clock network delay (ideal)
                                  0.250000    0.250000   clock uncertainty
                                  0.000000    0.250000   clock reconvergence pessimism
                                              0.250000 ^ u_input_buffer.mem[15][1]$_DFFE_PP_/CLK (sg13g2_dfrbpq_1)
                                 -0.015128    0.234872   library hold time
                                              0.234872   data required time
---------------------------------------------------------------------------------------------
                                              0.234872   data required time
                                             -0.464158   data arrival time
---------------------------------------------------------------------------------------------
                                              0.229286   slack (MET)


Startpoint: u_input_buffer.mem[15][2]$_DFFE_PP_
            (rising edge-triggered flip-flop clocked by clk)
Endpoint: u_input_buffer.mem[15][2]$_DFFE_PP_
          (rising edge-triggered flip-flop clocked by clk)
Path Group: clk
Path Type: min

Fanout         Cap        Slew       Delay        Time   Description
---------------------------------------------------------------------------------------------
                      0.150000    0.000000    0.000000   clock clk (rise edge)
                                  0.000000    0.000000   clock network delay (ideal)
                      0.150000    0.000000    0.000000 ^ u_input_buffer.mem[15][2]$_DFFE_PP_/CLK (sg13g2_dfrbpq_1)
     2    0.005501    0.044707    0.326485    0.326485 v u_input_buffer.mem[15][2]$_DFFE_PP_/Q (sg13g2_dfrbpq_1)
                                                         u_input_buffer.mem[15][2] (net)
                      0.044707    0.000000    0.326485 v _3231_/A (sg13g2_nor2_1)
     1    0.002783    0.066387    0.088178    0.414663 ^ _3231_/Y (sg13g2_nor2_1)
                                                         _0524_ (net)
                      0.066387    0.000000    0.414663 ^ _3232_/B1 (sg13g2_a21oi_1)
     1    0.001355    0.028780    0.049495    0.464158 v _3232_/Y (sg13g2_a21oi_1)
                                                         _0098_ (net)
                      0.028780    0.000000    0.464158 v u_input_buffer.mem[15][2]$_DFFE_PP_/D (sg13g2_dfrbpq_1)
                                              0.464158   data arrival time

                      0.150000    0.000000    0.000000   clock clk (rise edge)
                                  0.000000    0.000000   clock network delay (ideal)
                                  0.250000    0.250000   clock uncertainty
                                  0.000000    0.250000   clock reconvergence pessimism
                                              0.250000 ^ u_input_buffer.mem[15][2]$_DFFE_PP_/CLK (sg13g2_dfrbpq_1)
                                 -0.015128    0.234872   library hold time
                                              0.234872   data required time
---------------------------------------------------------------------------------------------
                                              0.234872   data required time
                                             -0.464158   data arrival time
---------------------------------------------------------------------------------------------
                                              0.229286   slack (MET)


Startpoint: u_input_buffer.mem[15][3]$_DFFE_PP_
            (rising edge-triggered flip-flop clocked by clk)
Endpoint: u_input_buffer.mem[15][3]$_DFFE_PP_
          (rising edge-triggered flip-flop clocked by clk)
Path Group: clk
Path Type: min

Fanout         Cap        Slew       Delay        Time   Description
---------------------------------------------------------------------------------------------
                      0.150000    0.000000    0.000000   clock clk (rise edge)
                                  0.000000    0.000000   clock network delay (ideal)
                      0.150000    0.000000    0.000000 ^ u_input_buffer.mem[15][3]$_DFFE_PP_/CLK (sg13g2_dfrbpq_1)
     2    0.005501    0.044707    0.326485    0.326485 v u_input_buffer.mem[15][3]$_DFFE_PP_/Q (sg13g2_dfrbpq_1)
                                                         u_input_buffer.mem[15][3] (net)
                      0.044707    0.000000    0.326485 v _3233_/A (sg13g2_nor2_1)
     1    0.002783    0.066387    0.088178    0.414663 ^ _3233_/Y (sg13g2_nor2_1)
                                                         _0525_ (net)
                      0.066387    0.000000    0.414663 ^ _3234_/B1 (sg13g2_a21oi_1)
     1    0.001355    0.028780    0.049495    0.464158 v _3234_/Y (sg13g2_a21oi_1)
                                                         _0099_ (net)
                      0.028780    0.000000    0.464158 v u_input_buffer.mem[15][3]$_DFFE_PP_/D (sg13g2_dfrbpq_1)
                                              0.464158   data arrival time

                      0.150000    0.000000    0.000000   clock clk (rise edge)
                                  0.000000    0.000000   clock network delay (ideal)
                                  0.250000    0.250000   clock uncertainty
                                  0.000000    0.250000   clock reconvergence pessimism
                                              0.250000 ^ u_input_buffer.mem[15][3]$_DFFE_PP_/CLK (sg13g2_dfrbpq_1)
                                 -0.015128    0.234872   library hold time
                                              0.234872   data required time
---------------------------------------------------------------------------------------------
                                              0.234872   data required time
                                             -0.464158   data arrival time
---------------------------------------------------------------------------------------------
                                              0.229286   slack (MET)


Startpoint: u_input_buffer.mem[15][4]$_DFFE_PP_
            (rising edge-triggered flip-flop clocked by clk)
Endpoint: u_input_buffer.mem[15][4]$_DFFE_PP_
          (rising edge-triggered flip-flop clocked by clk)
Path Group: clk
Path Type: min

Fanout         Cap        Slew       Delay        Time   Description
---------------------------------------------------------------------------------------------
                      0.150000    0.000000    0.000000   clock clk (rise edge)
                                  0.000000    0.000000   clock network delay (ideal)
                      0.150000    0.000000    0.000000 ^ u_input_buffer.mem[15][4]$_DFFE_PP_/CLK (sg13g2_dfrbpq_1)
     2    0.005501    0.044707    0.326485    0.326485 v u_input_buffer.mem[15][4]$_DFFE_PP_/Q (sg13g2_dfrbpq_1)
                                                         u_input_buffer.mem[15][4] (net)
                      0.044707    0.000000    0.326485 v _3235_/A (sg13g2_nor2_1)
     1    0.002783    0.066387    0.088178    0.414663 ^ _3235_/Y (sg13g2_nor2_1)
                                                         _0526_ (net)
                      0.066387    0.000000    0.414663 ^ _3236_/B1 (sg13g2_a21oi_1)
     1    0.001355    0.028780    0.049495    0.464158 v _3236_/Y (sg13g2_a21oi_1)
                                                         _0100_ (net)
                      0.028780    0.000000    0.464158 v u_input_buffer.mem[15][4]$_DFFE_PP_/D (sg13g2_dfrbpq_1)
                                              0.464158   data arrival time

                      0.150000    0.000000    0.000000   clock clk (rise edge)
                                  0.000000    0.000000   clock network delay (ideal)
                                  0.250000    0.250000   clock uncertainty
                                  0.000000    0.250000   clock reconvergence pessimism
                                              0.250000 ^ u_input_buffer.mem[15][4]$_DFFE_PP_/CLK (sg13g2_dfrbpq_1)
                                 -0.015128    0.234872   library hold time
                                              0.234872   data required time
---------------------------------------------------------------------------------------------
                                              0.234872   data required time
                                             -0.464158   data arrival time
---------------------------------------------------------------------------------------------
                                              0.229286   slack (MET)


Startpoint: u_input_buffer.mem[15][7]$_DFFE_PP_
            (rising edge-triggered flip-flop clocked by clk)
Endpoint: u_input_buffer.mem[15][7]$_DFFE_PP_
          (rising edge-triggered flip-flop clocked by clk)
Path Group: clk
Path Type: min

Fanout         Cap        Slew       Delay        Time   Description
---------------------------------------------------------------------------------------------
                      0.150000    0.000000    0.000000   clock clk (rise edge)
                                  0.000000    0.000000   clock network delay (ideal)
                      0.150000    0.000000    0.000000 ^ u_input_buffer.mem[15][7]$_DFFE_PP_/CLK (sg13g2_dfrbpq_1)
     2    0.005501    0.044707    0.326485    0.326485 v u_input_buffer.mem[15][7]$_DFFE_PP_/Q (sg13g2_dfrbpq_1)
                                                         u_input_buffer.mem[15][7] (net)
                      0.044707    0.000000    0.326485 v _3241_/A (sg13g2_nor2_1)
     1    0.002783    0.066387    0.088178    0.414663 ^ _3241_/Y (sg13g2_nor2_1)
                                                         _0529_ (net)
                      0.066387    0.000000    0.414663 ^ _3242_/B1 (sg13g2_a21oi_1)
     1    0.001355    0.028780    0.049495    0.464158 v _3242_/Y (sg13g2_a21oi_1)
                                                         _0103_ (net)
                      0.028780    0.000000    0.464158 v u_input_buffer.mem[15][7]$_DFFE_PP_/D (sg13g2_dfrbpq_1)
                                              0.464158   data arrival time

                      0.150000    0.000000    0.000000   clock clk (rise edge)
                                  0.000000    0.000000   clock network delay (ideal)
                                  0.250000    0.250000   clock uncertainty
                                  0.000000    0.250000   clock reconvergence pessimism
                                              0.250000 ^ u_input_buffer.mem[15][7]$_DFFE_PP_/CLK (sg13g2_dfrbpq_1)
                                 -0.015128    0.234872   library hold time
                                              0.234872   data required time
---------------------------------------------------------------------------------------------
                                              0.234872   data required time
                                             -0.464158   data arrival time
---------------------------------------------------------------------------------------------
                                              0.229286   slack (MET)


Startpoint: u_input_buffer.mem[20][0]$_DFFE_PP_
            (rising edge-triggered flip-flop clocked by clk)
Endpoint: u_input_buffer.mem[20][0]$_DFFE_PP_
          (rising edge-triggered flip-flop clocked by clk)
Path Group: clk
Path Type: min

Fanout         Cap        Slew       Delay        Time   Description
---------------------------------------------------------------------------------------------
                      0.150000    0.000000    0.000000   clock clk (rise edge)
                                  0.000000    0.000000   clock network delay (ideal)
                      0.150000    0.000000    0.000000 ^ u_input_buffer.mem[20][0]$_DFFE_PP_/CLK (sg13g2_dfrbpq_1)
     2    0.005501    0.044707    0.326485    0.326485 v u_input_buffer.mem[20][0]$_DFFE_PP_/Q (sg13g2_dfrbpq_1)
                                                         u_input_buffer.mem[20][0] (net)
                      0.044707    0.000000    0.326485 v _3332_/A (sg13g2_nor2_1)
     1    0.002783    0.066387    0.088178    0.414663 ^ _3332_/Y (sg13g2_nor2_1)
                                                         _0579_ (net)
                      0.066387    0.000000    0.414663 ^ _3333_/B1 (sg13g2_a21oi_1)
     1    0.001355    0.028780    0.049495    0.464158 v _3333_/Y (sg13g2_a21oi_1)
                                                         _0144_ (net)
                      0.028780    0.000000    0.464158 v u_input_buffer.mem[20][0]$_DFFE_PP_/D (sg13g2_dfrbpq_1)
                                              0.464158   data arrival time

                      0.150000    0.000000    0.000000   clock clk (rise edge)
                                  0.000000    0.000000   clock network delay (ideal)
                                  0.250000    0.250000   clock uncertainty
                                  0.000000    0.250000   clock reconvergence pessimism
                                              0.250000 ^ u_input_buffer.mem[20][0]$_DFFE_PP_/CLK (sg13g2_dfrbpq_1)
                                 -0.015128    0.234872   library hold time
                                              0.234872   data required time
---------------------------------------------------------------------------------------------
                                              0.234872   data required time
                                             -0.464158   data arrival time
---------------------------------------------------------------------------------------------
                                              0.229286   slack (MET)


Startpoint: u_input_buffer.mem[20][1]$_DFFE_PP_
            (rising edge-triggered flip-flop clocked by clk)
Endpoint: u_input_buffer.mem[20][1]$_DFFE_PP_
          (rising edge-triggered flip-flop clocked by clk)
Path Group: clk
Path Type: min

Fanout         Cap        Slew       Delay        Time   Description
---------------------------------------------------------------------------------------------
                      0.150000    0.000000    0.000000   clock clk (rise edge)
                                  0.000000    0.000000   clock network delay (ideal)
                      0.150000    0.000000    0.000000 ^ u_input_buffer.mem[20][1]$_DFFE_PP_/CLK (sg13g2_dfrbpq_1)
     2    0.005501    0.044707    0.326485    0.326485 v u_input_buffer.mem[20][1]$_DFFE_PP_/Q (sg13g2_dfrbpq_1)
                                                         u_input_buffer.mem[20][1] (net)
                      0.044707    0.000000    0.326485 v _3334_/A (sg13g2_nor2_1)
     1    0.002783    0.066387    0.088178    0.414663 ^ _3334_/Y (sg13g2_nor2_1)
                                                         _0580_ (net)
                      0.066387    0.000000    0.414663 ^ _3335_/B1 (sg13g2_a21oi_1)
     1    0.001355    0.028780    0.049495    0.464158 v _3335_/Y (sg13g2_a21oi_1)
                                                         _0145_ (net)
                      0.028780    0.000000    0.464158 v u_input_buffer.mem[20][1]$_DFFE_PP_/D (sg13g2_dfrbpq_1)
                                              0.464158   data arrival time

                      0.150000    0.000000    0.000000   clock clk (rise edge)
                                  0.000000    0.000000   clock network delay (ideal)
                                  0.250000    0.250000   clock uncertainty
                                  0.000000    0.250000   clock reconvergence pessimism
                                              0.250000 ^ u_input_buffer.mem[20][1]$_DFFE_PP_/CLK (sg13g2_dfrbpq_1)
                                 -0.015128    0.234872   library hold time
                                              0.234872   data required time
---------------------------------------------------------------------------------------------
                                              0.234872   data required time
                                             -0.464158   data arrival time
---------------------------------------------------------------------------------------------
                                              0.229286   slack (MET)


Startpoint: u_input_buffer.mem[20][2]$_DFFE_PP_
            (rising edge-triggered flip-flop clocked by clk)
Endpoint: u_input_buffer.mem[20][2]$_DFFE_PP_
          (rising edge-triggered flip-flop clocked by clk)
Path Group: clk
Path Type: min

Fanout         Cap        Slew       Delay        Time   Description
---------------------------------------------------------------------------------------------
                      0.150000    0.000000    0.000000   clock clk (rise edge)
                                  0.000000    0.000000   clock network delay (ideal)
                      0.150000    0.000000    0.000000 ^ u_input_buffer.mem[20][2]$_DFFE_PP_/CLK (sg13g2_dfrbpq_1)
     2    0.005501    0.044707    0.326485    0.326485 v u_input_buffer.mem[20][2]$_DFFE_PP_/Q (sg13g2_dfrbpq_1)
                                                         u_input_buffer.mem[20][2] (net)
                      0.044707    0.000000    0.326485 v _3336_/A (sg13g2_nor2_1)
     1    0.002783    0.066387    0.088178    0.414663 ^ _3336_/Y (sg13g2_nor2_1)
                                                         _0581_ (net)
                      0.066387    0.000000    0.414663 ^ _3337_/B1 (sg13g2_a21oi_1)
     1    0.001355    0.028780    0.049495    0.464158 v _3337_/Y (sg13g2_a21oi_1)
                                                         _0146_ (net)
                      0.028780    0.000000    0.464158 v u_input_buffer.mem[20][2]$_DFFE_PP_/D (sg13g2_dfrbpq_1)
                                              0.464158   data arrival time

                      0.150000    0.000000    0.000000   clock clk (rise edge)
                                  0.000000    0.000000   clock network delay (ideal)
                                  0.250000    0.250000   clock uncertainty
                                  0.000000    0.250000   clock reconvergence pessimism
                                              0.250000 ^ u_input_buffer.mem[20][2]$_DFFE_PP_/CLK (sg13g2_dfrbpq_1)
                                 -0.015128    0.234872   library hold time
                                              0.234872   data required time
---------------------------------------------------------------------------------------------
                                              0.234872   data required time
                                             -0.464158   data arrival time
---------------------------------------------------------------------------------------------
                                              0.229286   slack (MET)


Startpoint: u_input_buffer.mem[20][3]$_DFFE_PP_
            (rising edge-triggered flip-flop clocked by clk)
Endpoint: u_input_buffer.mem[20][3]$_DFFE_PP_
          (rising edge-triggered flip-flop clocked by clk)
Path Group: clk
Path Type: min

Fanout         Cap        Slew       Delay        Time   Description
---------------------------------------------------------------------------------------------
                      0.150000    0.000000    0.000000   clock clk (rise edge)
                                  0.000000    0.000000   clock network delay (ideal)
                      0.150000    0.000000    0.000000 ^ u_input_buffer.mem[20][3]$_DFFE_PP_/CLK (sg13g2_dfrbpq_1)
     2    0.005501    0.044707    0.326485    0.326485 v u_input_buffer.mem[20][3]$_DFFE_PP_/Q (sg13g2_dfrbpq_1)
                                                         u_input_buffer.mem[20][3] (net)
                      0.044707    0.000000    0.326485 v _3338_/A (sg13g2_nor2_1)
     1    0.002783    0.066387    0.088178    0.414663 ^ _3338_/Y (sg13g2_nor2_1)
                                                         _0582_ (net)
                      0.066387    0.000000    0.414663 ^ _3339_/B1 (sg13g2_a21oi_1)
     1    0.001355    0.028780    0.049495    0.464158 v _3339_/Y (sg13g2_a21oi_1)
                                                         _0147_ (net)
                      0.028780    0.000000    0.464158 v u_input_buffer.mem[20][3]$_DFFE_PP_/D (sg13g2_dfrbpq_1)
                                              0.464158   data arrival time

                      0.150000    0.000000    0.000000   clock clk (rise edge)
                                  0.000000    0.000000   clock network delay (ideal)
                                  0.250000    0.250000   clock uncertainty
                                  0.000000    0.250000   clock reconvergence pessimism
                                              0.250000 ^ u_input_buffer.mem[20][3]$_DFFE_PP_/CLK (sg13g2_dfrbpq_1)
                                 -0.015128    0.234872   library hold time
                                              0.234872   data required time
---------------------------------------------------------------------------------------------
                                              0.234872   data required time
                                             -0.464158   data arrival time
---------------------------------------------------------------------------------------------
                                              0.229286   slack (MET)


Startpoint: u_input_buffer.mem[20][4]$_DFFE_PP_
            (rising edge-triggered flip-flop clocked by clk)
Endpoint: u_input_buffer.mem[20][4]$_DFFE_PP_
          (rising edge-triggered flip-flop clocked by clk)
Path Group: clk
Path Type: min

Fanout         Cap        Slew       Delay        Time   Description
---------------------------------------------------------------------------------------------
                      0.150000    0.000000    0.000000   clock clk (rise edge)
                                  0.000000    0.000000   clock network delay (ideal)
                      0.150000    0.000000    0.000000 ^ u_input_buffer.mem[20][4]$_DFFE_PP_/CLK (sg13g2_dfrbpq_1)
     2    0.005501    0.044707    0.326485    0.326485 v u_input_buffer.mem[20][4]$_DFFE_PP_/Q (sg13g2_dfrbpq_1)
                                                         u_input_buffer.mem[20][4] (net)
                      0.044707    0.000000    0.326485 v _3340_/A (sg13g2_nor2_1)
     1    0.002783    0.066387    0.088178    0.414663 ^ _3340_/Y (sg13g2_nor2_1)
                                                         _0583_ (net)
                      0.066387    0.000000    0.414663 ^ _3341_/B1 (sg13g2_a21oi_1)
     1    0.001355    0.028780    0.049495    0.464158 v _3341_/Y (sg13g2_a21oi_1)
                                                         _0148_ (net)
                      0.028780    0.000000    0.464158 v u_input_buffer.mem[20][4]$_DFFE_PP_/D (sg13g2_dfrbpq_1)
                                              0.464158   data arrival time

                      0.150000    0.000000    0.000000   clock clk (rise edge)
                                  0.000000    0.000000   clock network delay (ideal)
                                  0.250000    0.250000   clock uncertainty
                                  0.000000    0.250000   clock reconvergence pessimism
                                              0.250000 ^ u_input_buffer.mem[20][4]$_DFFE_PP_/CLK (sg13g2_dfrbpq_1)
                                 -0.015128    0.234872   library hold time
                                              0.234872   data required time
---------------------------------------------------------------------------------------------
                                              0.234872   data required time
                                             -0.464158   data arrival time
---------------------------------------------------------------------------------------------
                                              0.229286   slack (MET)


Startpoint: u_input_buffer.mem[20][5]$_DFFE_PP_
            (rising edge-triggered flip-flop clocked by clk)
Endpoint: u_input_buffer.mem[20][5]$_DFFE_PP_
          (rising edge-triggered flip-flop clocked by clk)
Path Group: clk
Path Type: min

Fanout         Cap        Slew       Delay        Time   Description
---------------------------------------------------------------------------------------------
                      0.150000    0.000000    0.000000   clock clk (rise edge)
                                  0.000000    0.000000   clock network delay (ideal)
                      0.150000    0.000000    0.000000 ^ u_input_buffer.mem[20][5]$_DFFE_PP_/CLK (sg13g2_dfrbpq_1)
     2    0.005501    0.044707    0.326485    0.326485 v u_input_buffer.mem[20][5]$_DFFE_PP_/Q (sg13g2_dfrbpq_1)
                                                         u_input_buffer.mem[20][5] (net)
                      0.044707    0.000000    0.326485 v _3342_/A (sg13g2_nor2_1)
     1    0.002783    0.066387    0.088178    0.414663 ^ _3342_/Y (sg13g2_nor2_1)
                                                         _0584_ (net)
                      0.066387    0.000000    0.414663 ^ _3343_/B1 (sg13g2_a21oi_1)
     1    0.001355    0.028780    0.049495    0.464158 v _3343_/Y (sg13g2_a21oi_1)
                                                         _0149_ (net)
                      0.028780    0.000000    0.464158 v u_input_buffer.mem[20][5]$_DFFE_PP_/D (sg13g2_dfrbpq_1)
                                              0.464158   data arrival time

                      0.150000    0.000000    0.000000   clock clk (rise edge)
                                  0.000000    0.000000   clock network delay (ideal)
                                  0.250000    0.250000   clock uncertainty
                                  0.000000    0.250000   clock reconvergence pessimism
                                              0.250000 ^ u_input_buffer.mem[20][5]$_DFFE_PP_/CLK (sg13g2_dfrbpq_1)
                                 -0.015128    0.234872   library hold time
                                              0.234872   data required time
---------------------------------------------------------------------------------------------
                                              0.234872   data required time
                                             -0.464158   data arrival time
---------------------------------------------------------------------------------------------
                                              0.229286   slack (MET)


Startpoint: u_input_buffer.mem[20][6]$_DFFE_PP_
            (rising edge-triggered flip-flop clocked by clk)
Endpoint: u_input_buffer.mem[20][6]$_DFFE_PP_
          (rising edge-triggered flip-flop clocked by clk)
Path Group: clk
Path Type: min

Fanout         Cap        Slew       Delay        Time   Description
---------------------------------------------------------------------------------------------
                      0.150000    0.000000    0.000000   clock clk (rise edge)
                                  0.000000    0.000000   clock network delay (ideal)
                      0.150000    0.000000    0.000000 ^ u_input_buffer.mem[20][6]$_DFFE_PP_/CLK (sg13g2_dfrbpq_1)
     2    0.005501    0.044707    0.326485    0.326485 v u_input_buffer.mem[20][6]$_DFFE_PP_/Q (sg13g2_dfrbpq_1)
                                                         u_input_buffer.mem[20][6] (net)
                      0.044707    0.000000    0.326485 v _3344_/A (sg13g2_nor2_1)
     1    0.002783    0.066387    0.088178    0.414663 ^ _3344_/Y (sg13g2_nor2_1)
                                                         _0585_ (net)
                      0.066387    0.000000    0.414663 ^ _3345_/B1 (sg13g2_a21oi_1)
     1    0.001355    0.028780    0.049495    0.464158 v _3345_/Y (sg13g2_a21oi_1)
                                                         _0150_ (net)
                      0.028780    0.000000    0.464158 v u_input_buffer.mem[20][6]$_DFFE_PP_/D (sg13g2_dfrbpq_1)
                                              0.464158   data arrival time

                      0.150000    0.000000    0.000000   clock clk (rise edge)
                                  0.000000    0.000000   clock network delay (ideal)
                                  0.250000    0.250000   clock uncertainty
                                  0.000000    0.250000   clock reconvergence pessimism
                                              0.250000 ^ u_input_buffer.mem[20][6]$_DFFE_PP_/CLK (sg13g2_dfrbpq_1)
                                 -0.015128    0.234872   library hold time
                                              0.234872   data required time
---------------------------------------------------------------------------------------------
                                              0.234872   data required time
                                             -0.464158   data arrival time
---------------------------------------------------------------------------------------------
                                              0.229286   slack (MET)


Startpoint: u_input_buffer.mem[20][7]$_DFFE_PP_
            (rising edge-triggered flip-flop clocked by clk)
Endpoint: u_input_buffer.mem[20][7]$_DFFE_PP_
          (rising edge-triggered flip-flop clocked by clk)
Path Group: clk
Path Type: min

Fanout         Cap        Slew       Delay        Time   Description
---------------------------------------------------------------------------------------------
                      0.150000    0.000000    0.000000   clock clk (rise edge)
                                  0.000000    0.000000   clock network delay (ideal)
                      0.150000    0.000000    0.000000 ^ u_input_buffer.mem[20][7]$_DFFE_PP_/CLK (sg13g2_dfrbpq_1)
     2    0.005501    0.044707    0.326485    0.326485 v u_input_buffer.mem[20][7]$_DFFE_PP_/Q (sg13g2_dfrbpq_1)
                                                         u_input_buffer.mem[20][7] (net)
                      0.044707    0.000000    0.326485 v _3346_/A (sg13g2_nor2_1)
     1    0.002783    0.066387    0.088178    0.414663 ^ _3346_/Y (sg13g2_nor2_1)
                                                         _0586_ (net)
                      0.066387    0.000000    0.414663 ^ _3347_/B1 (sg13g2_a21oi_1)
     1    0.001355    0.028780    0.049495    0.464158 v _3347_/Y (sg13g2_a21oi_1)
                                                         _0151_ (net)
                      0.028780    0.000000    0.464158 v u_input_buffer.mem[20][7]$_DFFE_PP_/D (sg13g2_dfrbpq_1)
                                              0.464158   data arrival time

                      0.150000    0.000000    0.000000   clock clk (rise edge)
                                  0.000000    0.000000   clock network delay (ideal)
                                  0.250000    0.250000   clock uncertainty
                                  0.000000    0.250000   clock reconvergence pessimism
                                              0.250000 ^ u_input_buffer.mem[20][7]$_DFFE_PP_/CLK (sg13g2_dfrbpq_1)
                                 -0.015128    0.234872   library hold time
                                              0.234872   data required time
---------------------------------------------------------------------------------------------
                                              0.234872   data required time
                                             -0.464158   data arrival time
---------------------------------------------------------------------------------------------
                                              0.229286   slack (MET)


Startpoint: u_input_buffer.mem[21][0]$_DFFE_PP_
            (rising edge-triggered flip-flop clocked by clk)
Endpoint: u_input_buffer.mem[21][0]$_DFFE_PP_
          (rising edge-triggered flip-flop clocked by clk)
Path Group: clk
Path Type: min

Fanout         Cap        Slew       Delay        Time   Description
---------------------------------------------------------------------------------------------
                      0.150000    0.000000    0.000000   clock clk (rise edge)
                                  0.000000    0.000000   clock network delay (ideal)
                      0.150000    0.000000    0.000000 ^ u_input_buffer.mem[21][0]$_DFFE_PP_/CLK (sg13g2_dfrbpq_1)
     2    0.005501    0.044707    0.326485    0.326485 v u_input_buffer.mem[21][0]$_DFFE_PP_/Q (sg13g2_dfrbpq_1)
                                                         u_input_buffer.mem[21][0] (net)
                      0.044707    0.000000    0.326485 v _3349_/A (sg13g2_nor2_1)
     1    0.002783    0.066387    0.088178    0.414663 ^ _3349_/Y (sg13g2_nor2_1)
                                                         _0588_ (net)
                      0.066387    0.000000    0.414663 ^ _3350_/B1 (sg13g2_a21oi_1)
     1    0.001355    0.028780    0.049495    0.464158 v _3350_/Y (sg13g2_a21oi_1)
                                                         _0152_ (net)
                      0.028780    0.000000    0.464158 v u_input_buffer.mem[21][0]$_DFFE_PP_/D (sg13g2_dfrbpq_1)
                                              0.464158   data arrival time

                      0.150000    0.000000    0.000000   clock clk (rise edge)
                                  0.000000    0.000000   clock network delay (ideal)
                                  0.250000    0.250000   clock uncertainty
                                  0.000000    0.250000   clock reconvergence pessimism
                                              0.250000 ^ u_input_buffer.mem[21][0]$_DFFE_PP_/CLK (sg13g2_dfrbpq_1)
                                 -0.015128    0.234872   library hold time
                                              0.234872   data required time
---------------------------------------------------------------------------------------------
                                              0.234872   data required time
                                             -0.464158   data arrival time
---------------------------------------------------------------------------------------------
                                              0.229286   slack (MET)


Startpoint: u_input_buffer.mem[21][1]$_DFFE_PP_
            (rising edge-triggered flip-flop clocked by clk)
Endpoint: u_input_buffer.mem[21][1]$_DFFE_PP_
          (rising edge-triggered flip-flop clocked by clk)
Path Group: clk
Path Type: min

Fanout         Cap        Slew       Delay        Time   Description
---------------------------------------------------------------------------------------------
                      0.150000    0.000000    0.000000   clock clk (rise edge)
                                  0.000000    0.000000   clock network delay (ideal)
                      0.150000    0.000000    0.000000 ^ u_input_buffer.mem[21][1]$_DFFE_PP_/CLK (sg13g2_dfrbpq_1)
     2    0.005501    0.044707    0.326485    0.326485 v u_input_buffer.mem[21][1]$_DFFE_PP_/Q (sg13g2_dfrbpq_1)
                                                         u_input_buffer.mem[21][1] (net)
                      0.044707    0.000000    0.326485 v _3351_/A (sg13g2_nor2_1)
     1    0.002783    0.066387    0.088178    0.414663 ^ _3351_/Y (sg13g2_nor2_1)
                                                         _0589_ (net)
                      0.066387    0.000000    0.414663 ^ _3352_/B1 (sg13g2_a21oi_1)
     1    0.001355    0.028780    0.049495    0.464158 v _3352_/Y (sg13g2_a21oi_1)
                                                         _0153_ (net)
                      0.028780    0.000000    0.464158 v u_input_buffer.mem[21][1]$_DFFE_PP_/D (sg13g2_dfrbpq_1)
                                              0.464158   data arrival time

                      0.150000    0.000000    0.000000   clock clk (rise edge)
                                  0.000000    0.000000   clock network delay (ideal)
                                  0.250000    0.250000   clock uncertainty
                                  0.000000    0.250000   clock reconvergence pessimism
                                              0.250000 ^ u_input_buffer.mem[21][1]$_DFFE_PP_/CLK (sg13g2_dfrbpq_1)
                                 -0.015128    0.234872   library hold time
                                              0.234872   data required time
---------------------------------------------------------------------------------------------
                                              0.234872   data required time
                                             -0.464158   data arrival time
---------------------------------------------------------------------------------------------
                                              0.229286   slack (MET)


Startpoint: u_input_buffer.mem[21][2]$_DFFE_PP_
            (rising edge-triggered flip-flop clocked by clk)
Endpoint: u_input_buffer.mem[21][2]$_DFFE_PP_
          (rising edge-triggered flip-flop clocked by clk)
Path Group: clk
Path Type: min

Fanout         Cap        Slew       Delay        Time   Description
---------------------------------------------------------------------------------------------
                      0.150000    0.000000    0.000000   clock clk (rise edge)
                                  0.000000    0.000000   clock network delay (ideal)
                      0.150000    0.000000    0.000000 ^ u_input_buffer.mem[21][2]$_DFFE_PP_/CLK (sg13g2_dfrbpq_1)
     2    0.005501    0.044707    0.326485    0.326485 v u_input_buffer.mem[21][2]$_DFFE_PP_/Q (sg13g2_dfrbpq_1)
                                                         u_input_buffer.mem[21][2] (net)
                      0.044707    0.000000    0.326485 v _3353_/A (sg13g2_nor2_1)
     1    0.002783    0.066387    0.088178    0.414663 ^ _3353_/Y (sg13g2_nor2_1)
                                                         _0590_ (net)
                      0.066387    0.000000    0.414663 ^ _3354_/B1 (sg13g2_a21oi_1)
     1    0.001355    0.028780    0.049495    0.464158 v _3354_/Y (sg13g2_a21oi_1)
                                                         _0154_ (net)
                      0.028780    0.000000    0.464158 v u_input_buffer.mem[21][2]$_DFFE_PP_/D (sg13g2_dfrbpq_1)
                                              0.464158   data arrival time

                      0.150000    0.000000    0.000000   clock clk (rise edge)
                                  0.000000    0.000000   clock network delay (ideal)
                                  0.250000    0.250000   clock uncertainty
                                  0.000000    0.250000   clock reconvergence pessimism
                                              0.250000 ^ u_input_buffer.mem[21][2]$_DFFE_PP_/CLK (sg13g2_dfrbpq_1)
                                 -0.015128    0.234872   library hold time
                                              0.234872   data required time
---------------------------------------------------------------------------------------------
                                              0.234872   data required time
                                             -0.464158   data arrival time
---------------------------------------------------------------------------------------------
                                              0.229286   slack (MET)


Startpoint: u_input_buffer.mem[21][3]$_DFFE_PP_
            (rising edge-triggered flip-flop clocked by clk)
Endpoint: u_input_buffer.mem[21][3]$_DFFE_PP_
          (rising edge-triggered flip-flop clocked by clk)
Path Group: clk
Path Type: min

Fanout         Cap        Slew       Delay        Time   Description
---------------------------------------------------------------------------------------------
                      0.150000    0.000000    0.000000   clock clk (rise edge)
                                  0.000000    0.000000   clock network delay (ideal)
                      0.150000    0.000000    0.000000 ^ u_input_buffer.mem[21][3]$_DFFE_PP_/CLK (sg13g2_dfrbpq_1)
     2    0.005501    0.044707    0.326485    0.326485 v u_input_buffer.mem[21][3]$_DFFE_PP_/Q (sg13g2_dfrbpq_1)
                                                         u_input_buffer.mem[21][3] (net)
                      0.044707    0.000000    0.326485 v _3355_/A (sg13g2_nor2_1)
     1    0.002783    0.066387    0.088178    0.414663 ^ _3355_/Y (sg13g2_nor2_1)
                                                         _0591_ (net)
                      0.066387    0.000000    0.414663 ^ _3356_/B1 (sg13g2_a21oi_1)
     1    0.001355    0.028780    0.049495    0.464158 v _3356_/Y (sg13g2_a21oi_1)
                                                         _0155_ (net)
                      0.028780    0.000000    0.464158 v u_input_buffer.mem[21][3]$_DFFE_PP_/D (sg13g2_dfrbpq_1)
                                              0.464158   data arrival time

                      0.150000    0.000000    0.000000   clock clk (rise edge)
                                  0.000000    0.000000   clock network delay (ideal)
                                  0.250000    0.250000   clock uncertainty
                                  0.000000    0.250000   clock reconvergence pessimism
                                              0.250000 ^ u_input_buffer.mem[21][3]$_DFFE_PP_/CLK (sg13g2_dfrbpq_1)
                                 -0.015128    0.234872   library hold time
                                              0.234872   data required time
---------------------------------------------------------------------------------------------
                                              0.234872   data required time
                                             -0.464158   data arrival time
---------------------------------------------------------------------------------------------
                                              0.229286   slack (MET)


Startpoint: u_input_buffer.mem[21][4]$_DFFE_PP_
            (rising edge-triggered flip-flop clocked by clk)
Endpoint: u_input_buffer.mem[21][4]$_DFFE_PP_
          (rising edge-triggered flip-flop clocked by clk)
Path Group: clk
Path Type: min

Fanout         Cap        Slew       Delay        Time   Description
---------------------------------------------------------------------------------------------
                      0.150000    0.000000    0.000000   clock clk (rise edge)
                                  0.000000    0.000000   clock network delay (ideal)
                      0.150000    0.000000    0.000000 ^ u_input_buffer.mem[21][4]$_DFFE_PP_/CLK (sg13g2_dfrbpq_1)
     2    0.005501    0.044707    0.326485    0.326485 v u_input_buffer.mem[21][4]$_DFFE_PP_/Q (sg13g2_dfrbpq_1)
                                                         u_input_buffer.mem[21][4] (net)
                      0.044707    0.000000    0.326485 v _3357_/A (sg13g2_nor2_1)
     1    0.002783    0.066387    0.088178    0.414663 ^ _3357_/Y (sg13g2_nor2_1)
                                                         _0592_ (net)
                      0.066387    0.000000    0.414663 ^ _3358_/B1 (sg13g2_a21oi_1)
     1    0.001355    0.028780    0.049495    0.464158 v _3358_/Y (sg13g2_a21oi_1)
                                                         _0156_ (net)
                      0.028780    0.000000    0.464158 v u_input_buffer.mem[21][4]$_DFFE_PP_/D (sg13g2_dfrbpq_1)
                                              0.464158   data arrival time

                      0.150000    0.000000    0.000000   clock clk (rise edge)
                                  0.000000    0.000000   clock network delay (ideal)
                                  0.250000    0.250000   clock uncertainty
                                  0.000000    0.250000   clock reconvergence pessimism
                                              0.250000 ^ u_input_buffer.mem[21][4]$_DFFE_PP_/CLK (sg13g2_dfrbpq_1)
                                 -0.015128    0.234872   library hold time
                                              0.234872   data required time
---------------------------------------------------------------------------------------------
                                              0.234872   data required time
                                             -0.464158   data arrival time
---------------------------------------------------------------------------------------------
                                              0.229286   slack (MET)


Startpoint: u_input_buffer.mem[21][5]$_DFFE_PP_
            (rising edge-triggered flip-flop clocked by clk)
Endpoint: u_input_buffer.mem[21][5]$_DFFE_PP_
          (rising edge-triggered flip-flop clocked by clk)
Path Group: clk
Path Type: min

Fanout         Cap        Slew       Delay        Time   Description
---------------------------------------------------------------------------------------------
                      0.150000    0.000000    0.000000   clock clk (rise edge)
                                  0.000000    0.000000   clock network delay (ideal)
                      0.150000    0.000000    0.000000 ^ u_input_buffer.mem[21][5]$_DFFE_PP_/CLK (sg13g2_dfrbpq_1)
     2    0.005501    0.044707    0.326485    0.326485 v u_input_buffer.mem[21][5]$_DFFE_PP_/Q (sg13g2_dfrbpq_1)
                                                         u_input_buffer.mem[21][5] (net)
                      0.044707    0.000000    0.326485 v _3359_/A (sg13g2_nor2_1)
     1    0.002783    0.066387    0.088178    0.414663 ^ _3359_/Y (sg13g2_nor2_1)
                                                         _0593_ (net)
                      0.066387    0.000000    0.414663 ^ _3360_/B1 (sg13g2_a21oi_1)
     1    0.001355    0.028780    0.049495    0.464158 v _3360_/Y (sg13g2_a21oi_1)
                                                         _0157_ (net)
                      0.028780    0.000000    0.464158 v u_input_buffer.mem[21][5]$_DFFE_PP_/D (sg13g2_dfrbpq_1)
                                              0.464158   data arrival time

                      0.150000    0.000000    0.000000   clock clk (rise edge)
                                  0.000000    0.000000   clock network delay (ideal)
                                  0.250000    0.250000   clock uncertainty
                                  0.000000    0.250000   clock reconvergence pessimism
                                              0.250000 ^ u_input_buffer.mem[21][5]$_DFFE_PP_/CLK (sg13g2_dfrbpq_1)
                                 -0.015128    0.234872   library hold time
                                              0.234872   data required time
---------------------------------------------------------------------------------------------
                                              0.234872   data required time
                                             -0.464158   data arrival time
---------------------------------------------------------------------------------------------
                                              0.229286   slack (MET)


Startpoint: u_input_buffer.mem[21][6]$_DFFE_PP_
            (rising edge-triggered flip-flop clocked by clk)
Endpoint: u_input_buffer.mem[21][6]$_DFFE_PP_
          (rising edge-triggered flip-flop clocked by clk)
Path Group: clk
Path Type: min

Fanout         Cap        Slew       Delay        Time   Description
---------------------------------------------------------------------------------------------
                      0.150000    0.000000    0.000000   clock clk (rise edge)
                                  0.000000    0.000000   clock network delay (ideal)
                      0.150000    0.000000    0.000000 ^ u_input_buffer.mem[21][6]$_DFFE_PP_/CLK (sg13g2_dfrbpq_1)
     2    0.005501    0.044707    0.326485    0.326485 v u_input_buffer.mem[21][6]$_DFFE_PP_/Q (sg13g2_dfrbpq_1)
                                                         u_input_buffer.mem[21][6] (net)
                      0.044707    0.000000    0.326485 v _3361_/A (sg13g2_nor2_1)
     1    0.002783    0.066387    0.088178    0.414663 ^ _3361_/Y (sg13g2_nor2_1)
                                                         _0594_ (net)
                      0.066387    0.000000    0.414663 ^ _3362_/B1 (sg13g2_a21oi_1)
     1    0.001355    0.028780    0.049495    0.464158 v _3362_/Y (sg13g2_a21oi_1)
                                                         _0158_ (net)
                      0.028780    0.000000    0.464158 v u_input_buffer.mem[21][6]$_DFFE_PP_/D (sg13g2_dfrbpq_1)
                                              0.464158   data arrival time

                      0.150000    0.000000    0.000000   clock clk (rise edge)
                                  0.000000    0.000000   clock network delay (ideal)
                                  0.250000    0.250000   clock uncertainty
                                  0.000000    0.250000   clock reconvergence pessimism
                                              0.250000 ^ u_input_buffer.mem[21][6]$_DFFE_PP_/CLK (sg13g2_dfrbpq_1)
                                 -0.015128    0.234872   library hold time
                                              0.234872   data required time
---------------------------------------------------------------------------------------------
                                              0.234872   data required time
                                             -0.464158   data arrival time
---------------------------------------------------------------------------------------------
                                              0.229286   slack (MET)


Startpoint: u_input_buffer.mem[21][7]$_DFFE_PP_
            (rising edge-triggered flip-flop clocked by clk)
Endpoint: u_input_buffer.mem[21][7]$_DFFE_PP_
          (rising edge-triggered flip-flop clocked by clk)
Path Group: clk
Path Type: min

Fanout         Cap        Slew       Delay        Time   Description
---------------------------------------------------------------------------------------------
                      0.150000    0.000000    0.000000   clock clk (rise edge)
                                  0.000000    0.000000   clock network delay (ideal)
                      0.150000    0.000000    0.000000 ^ u_input_buffer.mem[21][7]$_DFFE_PP_/CLK (sg13g2_dfrbpq_1)
     2    0.005501    0.044707    0.326485    0.326485 v u_input_buffer.mem[21][7]$_DFFE_PP_/Q (sg13g2_dfrbpq_1)
                                                         u_input_buffer.mem[21][7] (net)
                      0.044707    0.000000    0.326485 v _3363_/A (sg13g2_nor2_1)
     1    0.002783    0.066387    0.088178    0.414663 ^ _3363_/Y (sg13g2_nor2_1)
                                                         _0595_ (net)
                      0.066387    0.000000    0.414663 ^ _3364_/B1 (sg13g2_a21oi_1)
     1    0.001355    0.028780    0.049495    0.464158 v _3364_/Y (sg13g2_a21oi_1)
                                                         _0159_ (net)
                      0.028780    0.000000    0.464158 v u_input_buffer.mem[21][7]$_DFFE_PP_/D (sg13g2_dfrbpq_1)
                                              0.464158   data arrival time

                      0.150000    0.000000    0.000000   clock clk (rise edge)
                                  0.000000    0.000000   clock network delay (ideal)
                                  0.250000    0.250000   clock uncertainty
                                  0.000000    0.250000   clock reconvergence pessimism
                                              0.250000 ^ u_input_buffer.mem[21][7]$_DFFE_PP_/CLK (sg13g2_dfrbpq_1)
                                 -0.015128    0.234872   library hold time
                                              0.234872   data required time
---------------------------------------------------------------------------------------------
                                              0.234872   data required time
                                             -0.464158   data arrival time
---------------------------------------------------------------------------------------------
                                              0.229286   slack (MET)


Startpoint: u_input_buffer.mem[22][0]$_DFFE_PP_
            (rising edge-triggered flip-flop clocked by clk)
Endpoint: u_input_buffer.mem[22][0]$_DFFE_PP_
          (rising edge-triggered flip-flop clocked by clk)
Path Group: clk
Path Type: min

Fanout         Cap        Slew       Delay        Time   Description
---------------------------------------------------------------------------------------------
                      0.150000    0.000000    0.000000   clock clk (rise edge)
                                  0.000000    0.000000   clock network delay (ideal)
                      0.150000    0.000000    0.000000 ^ u_input_buffer.mem[22][0]$_DFFE_PP_/CLK (sg13g2_dfrbpq_1)
     2    0.005501    0.044707    0.326485    0.326485 v u_input_buffer.mem[22][0]$_DFFE_PP_/Q (sg13g2_dfrbpq_1)
                                                         u_input_buffer.mem[22][0] (net)
                      0.044707    0.000000    0.326485 v _3366_/A (sg13g2_nor2_1)
     1    0.002783    0.066387    0.088178    0.414663 ^ _3366_/Y (sg13g2_nor2_1)
                                                         _0597_ (net)
                      0.066387    0.000000    0.414663 ^ _3367_/B1 (sg13g2_a21oi_1)
     1    0.001355    0.028780    0.049495    0.464158 v _3367_/Y (sg13g2_a21oi_1)
                                                         _0160_ (net)
                      0.028780    0.000000    0.464158 v u_input_buffer.mem[22][0]$_DFFE_PP_/D (sg13g2_dfrbpq_1)
                                              0.464158   data arrival time

                      0.150000    0.000000    0.000000   clock clk (rise edge)
                                  0.000000    0.000000   clock network delay (ideal)
                                  0.250000    0.250000   clock uncertainty
                                  0.000000    0.250000   clock reconvergence pessimism
                                              0.250000 ^ u_input_buffer.mem[22][0]$_DFFE_PP_/CLK (sg13g2_dfrbpq_1)
                                 -0.015128    0.234872   library hold time
                                              0.234872   data required time
---------------------------------------------------------------------------------------------
                                              0.234872   data required time
                                             -0.464158   data arrival time
---------------------------------------------------------------------------------------------
                                              0.229286   slack (MET)


Startpoint: u_input_buffer.mem[22][1]$_DFFE_PP_
            (rising edge-triggered flip-flop clocked by clk)
Endpoint: u_input_buffer.mem[22][1]$_DFFE_PP_
          (rising edge-triggered flip-flop clocked by clk)
Path Group: clk
Path Type: min

Fanout         Cap        Slew       Delay        Time   Description
---------------------------------------------------------------------------------------------
                      0.150000    0.000000    0.000000   clock clk (rise edge)
                                  0.000000    0.000000   clock network delay (ideal)
                      0.150000    0.000000    0.000000 ^ u_input_buffer.mem[22][1]$_DFFE_PP_/CLK (sg13g2_dfrbpq_1)
     2    0.005501    0.044707    0.326485    0.326485 v u_input_buffer.mem[22][1]$_DFFE_PP_/Q (sg13g2_dfrbpq_1)
                                                         u_input_buffer.mem[22][1] (net)
                      0.044707    0.000000    0.326485 v _3368_/A (sg13g2_nor2_1)
     1    0.002783    0.066387    0.088178    0.414663 ^ _3368_/Y (sg13g2_nor2_1)
                                                         _0598_ (net)
                      0.066387    0.000000    0.414663 ^ _3369_/B1 (sg13g2_a21oi_1)
     1    0.001355    0.028780    0.049495    0.464158 v _3369_/Y (sg13g2_a21oi_1)
                                                         _0161_ (net)
                      0.028780    0.000000    0.464158 v u_input_buffer.mem[22][1]$_DFFE_PP_/D (sg13g2_dfrbpq_1)
                                              0.464158   data arrival time

                      0.150000    0.000000    0.000000   clock clk (rise edge)
                                  0.000000    0.000000   clock network delay (ideal)
                                  0.250000    0.250000   clock uncertainty
                                  0.000000    0.250000   clock reconvergence pessimism
                                              0.250000 ^ u_input_buffer.mem[22][1]$_DFFE_PP_/CLK (sg13g2_dfrbpq_1)
                                 -0.015128    0.234872   library hold time
                                              0.234872   data required time
---------------------------------------------------------------------------------------------
                                              0.234872   data required time
                                             -0.464158   data arrival time
---------------------------------------------------------------------------------------------
                                              0.229286   slack (MET)


Startpoint: u_input_buffer.mem[22][2]$_DFFE_PP_
            (rising edge-triggered flip-flop clocked by clk)
Endpoint: u_input_buffer.mem[22][2]$_DFFE_PP_
          (rising edge-triggered flip-flop clocked by clk)
Path Group: clk
Path Type: min

Fanout         Cap        Slew       Delay        Time   Description
---------------------------------------------------------------------------------------------
                      0.150000    0.000000    0.000000   clock clk (rise edge)
                                  0.000000    0.000000   clock network delay (ideal)
                      0.150000    0.000000    0.000000 ^ u_input_buffer.mem[22][2]$_DFFE_PP_/CLK (sg13g2_dfrbpq_1)
     2    0.005501    0.044707    0.326485    0.326485 v u_input_buffer.mem[22][2]$_DFFE_PP_/Q (sg13g2_dfrbpq_1)
                                                         u_input_buffer.mem[22][2] (net)
                      0.044707    0.000000    0.326485 v _3370_/A (sg13g2_nor2_1)
     1    0.002783    0.066387    0.088178    0.414663 ^ _3370_/Y (sg13g2_nor2_1)
                                                         _0599_ (net)
                      0.066387    0.000000    0.414663 ^ _3371_/B1 (sg13g2_a21oi_1)
     1    0.001355    0.028780    0.049495    0.464158 v _3371_/Y (sg13g2_a21oi_1)
                                                         _0162_ (net)
                      0.028780    0.000000    0.464158 v u_input_buffer.mem[22][2]$_DFFE_PP_/D (sg13g2_dfrbpq_1)
                                              0.464158   data arrival time

                      0.150000    0.000000    0.000000   clock clk (rise edge)
                                  0.000000    0.000000   clock network delay (ideal)
                                  0.250000    0.250000   clock uncertainty
                                  0.000000    0.250000   clock reconvergence pessimism
                                              0.250000 ^ u_input_buffer.mem[22][2]$_DFFE_PP_/CLK (sg13g2_dfrbpq_1)
                                 -0.015128    0.234872   library hold time
                                              0.234872   data required time
---------------------------------------------------------------------------------------------
                                              0.234872   data required time
                                             -0.464158   data arrival time
---------------------------------------------------------------------------------------------
                                              0.229286   slack (MET)


Startpoint: u_input_buffer.mem[22][3]$_DFFE_PP_
            (rising edge-triggered flip-flop clocked by clk)
Endpoint: u_input_buffer.mem[22][3]$_DFFE_PP_
          (rising edge-triggered flip-flop clocked by clk)
Path Group: clk
Path Type: min

Fanout         Cap        Slew       Delay        Time   Description
---------------------------------------------------------------------------------------------
                      0.150000    0.000000    0.000000   clock clk (rise edge)
                                  0.000000    0.000000   clock network delay (ideal)
                      0.150000    0.000000    0.000000 ^ u_input_buffer.mem[22][3]$_DFFE_PP_/CLK (sg13g2_dfrbpq_1)
     2    0.005501    0.044707    0.326485    0.326485 v u_input_buffer.mem[22][3]$_DFFE_PP_/Q (sg13g2_dfrbpq_1)
                                                         u_input_buffer.mem[22][3] (net)
                      0.044707    0.000000    0.326485 v _3372_/A (sg13g2_nor2_1)
     1    0.002783    0.066387    0.088178    0.414663 ^ _3372_/Y (sg13g2_nor2_1)
                                                         _0600_ (net)
                      0.066387    0.000000    0.414663 ^ _3373_/B1 (sg13g2_a21oi_1)
     1    0.001355    0.028780    0.049495    0.464158 v _3373_/Y (sg13g2_a21oi_1)
                                                         _0163_ (net)
                      0.028780    0.000000    0.464158 v u_input_buffer.mem[22][3]$_DFFE_PP_/D (sg13g2_dfrbpq_1)
                                              0.464158   data arrival time

                      0.150000    0.000000    0.000000   clock clk (rise edge)
                                  0.000000    0.000000   clock network delay (ideal)
                                  0.250000    0.250000   clock uncertainty
                                  0.000000    0.250000   clock reconvergence pessimism
                                              0.250000 ^ u_input_buffer.mem[22][3]$_DFFE_PP_/CLK (sg13g2_dfrbpq_1)
                                 -0.015128    0.234872   library hold time
                                              0.234872   data required time
---------------------------------------------------------------------------------------------
                                              0.234872   data required time
                                             -0.464158   data arrival time
---------------------------------------------------------------------------------------------
                                              0.229286   slack (MET)


Startpoint: u_input_buffer.mem[22][4]$_DFFE_PP_
            (rising edge-triggered flip-flop clocked by clk)
Endpoint: u_input_buffer.mem[22][4]$_DFFE_PP_
          (rising edge-triggered flip-flop clocked by clk)
Path Group: clk
Path Type: min

Fanout         Cap        Slew       Delay        Time   Description
---------------------------------------------------------------------------------------------
                      0.150000    0.000000    0.000000   clock clk (rise edge)
                                  0.000000    0.000000   clock network delay (ideal)
                      0.150000    0.000000    0.000000 ^ u_input_buffer.mem[22][4]$_DFFE_PP_/CLK (sg13g2_dfrbpq_1)
     2    0.005501    0.044707    0.326485    0.326485 v u_input_buffer.mem[22][4]$_DFFE_PP_/Q (sg13g2_dfrbpq_1)
                                                         u_input_buffer.mem[22][4] (net)
                      0.044707    0.000000    0.326485 v _3374_/A (sg13g2_nor2_1)
     1    0.002783    0.066387    0.088178    0.414663 ^ _3374_/Y (sg13g2_nor2_1)
                                                         _0601_ (net)
                      0.066387    0.000000    0.414663 ^ _3375_/B1 (sg13g2_a21oi_1)
     1    0.001355    0.028780    0.049495    0.464158 v _3375_/Y (sg13g2_a21oi_1)
                                                         _0164_ (net)
                      0.028780    0.000000    0.464158 v u_input_buffer.mem[22][4]$_DFFE_PP_/D (sg13g2_dfrbpq_1)
                                              0.464158   data arrival time

                      0.150000    0.000000    0.000000   clock clk (rise edge)
                                  0.000000    0.000000   clock network delay (ideal)
                                  0.250000    0.250000   clock uncertainty
                                  0.000000    0.250000   clock reconvergence pessimism
                                              0.250000 ^ u_input_buffer.mem[22][4]$_DFFE_PP_/CLK (sg13g2_dfrbpq_1)
                                 -0.015128    0.234872   library hold time
                                              0.234872   data required time
---------------------------------------------------------------------------------------------
                                              0.234872   data required time
                                             -0.464158   data arrival time
---------------------------------------------------------------------------------------------
                                              0.229286   slack (MET)


Startpoint: u_input_buffer.mem[22][5]$_DFFE_PP_
            (rising edge-triggered flip-flop clocked by clk)
Endpoint: u_input_buffer.mem[22][5]$_DFFE_PP_
          (rising edge-triggered flip-flop clocked by clk)
Path Group: clk
Path Type: min

Fanout         Cap        Slew       Delay        Time   Description
---------------------------------------------------------------------------------------------
                      0.150000    0.000000    0.000000   clock clk (rise edge)
                                  0.000000    0.000000   clock network delay (ideal)
                      0.150000    0.000000    0.000000 ^ u_input_buffer.mem[22][5]$_DFFE_PP_/CLK (sg13g2_dfrbpq_1)
     2    0.005501    0.044707    0.326485    0.326485 v u_input_buffer.mem[22][5]$_DFFE_PP_/Q (sg13g2_dfrbpq_1)
                                                         u_input_buffer.mem[22][5] (net)
                      0.044707    0.000000    0.326485 v _3376_/A (sg13g2_nor2_1)
     1    0.002783    0.066387    0.088178    0.414663 ^ _3376_/Y (sg13g2_nor2_1)
                                                         _0602_ (net)
                      0.066387    0.000000    0.414663 ^ _3377_/B1 (sg13g2_a21oi_1)
     1    0.001355    0.028780    0.049495    0.464158 v _3377_/Y (sg13g2_a21oi_1)
                                                         _0165_ (net)
                      0.028780    0.000000    0.464158 v u_input_buffer.mem[22][5]$_DFFE_PP_/D (sg13g2_dfrbpq_1)
                                              0.464158   data arrival time

                      0.150000    0.000000    0.000000   clock clk (rise edge)
                                  0.000000    0.000000   clock network delay (ideal)
                                  0.250000    0.250000   clock uncertainty
                                  0.000000    0.250000   clock reconvergence pessimism
                                              0.250000 ^ u_input_buffer.mem[22][5]$_DFFE_PP_/CLK (sg13g2_dfrbpq_1)
                                 -0.015128    0.234872   library hold time
                                              0.234872   data required time
---------------------------------------------------------------------------------------------
                                              0.234872   data required time
                                             -0.464158   data arrival time
---------------------------------------------------------------------------------------------
                                              0.229286   slack (MET)


Startpoint: u_input_buffer.mem[22][6]$_DFFE_PP_
            (rising edge-triggered flip-flop clocked by clk)
Endpoint: u_input_buffer.mem[22][6]$_DFFE_PP_
          (rising edge-triggered flip-flop clocked by clk)
Path Group: clk
Path Type: min

Fanout         Cap        Slew       Delay        Time   Description
---------------------------------------------------------------------------------------------
                      0.150000    0.000000    0.000000   clock clk (rise edge)
                                  0.000000    0.000000   clock network delay (ideal)
                      0.150000    0.000000    0.000000 ^ u_input_buffer.mem[22][6]$_DFFE_PP_/CLK (sg13g2_dfrbpq_1)
     2    0.005501    0.044707    0.326485    0.326485 v u_input_buffer.mem[22][6]$_DFFE_PP_/Q (sg13g2_dfrbpq_1)
                                                         u_input_buffer.mem[22][6] (net)
                      0.044707    0.000000    0.326485 v _3378_/A (sg13g2_nor2_1)
     1    0.002783    0.066387    0.088178    0.414663 ^ _3378_/Y (sg13g2_nor2_1)
                                                         _0603_ (net)
                      0.066387    0.000000    0.414663 ^ _3379_/B1 (sg13g2_a21oi_1)
     1    0.001355    0.028780    0.049495    0.464158 v _3379_/Y (sg13g2_a21oi_1)
                                                         _0166_ (net)
                      0.028780    0.000000    0.464158 v u_input_buffer.mem[22][6]$_DFFE_PP_/D (sg13g2_dfrbpq_1)
                                              0.464158   data arrival time

                      0.150000    0.000000    0.000000   clock clk (rise edge)
                                  0.000000    0.000000   clock network delay (ideal)
                                  0.250000    0.250000   clock uncertainty
                                  0.000000    0.250000   clock reconvergence pessimism
                                              0.250000 ^ u_input_buffer.mem[22][6]$_DFFE_PP_/CLK (sg13g2_dfrbpq_1)
                                 -0.015128    0.234872   library hold time
                                              0.234872   data required time
---------------------------------------------------------------------------------------------
                                              0.234872   data required time
                                             -0.464158   data arrival time
---------------------------------------------------------------------------------------------
                                              0.229286   slack (MET)


Startpoint: u_input_buffer.mem[22][7]$_DFFE_PP_
            (rising edge-triggered flip-flop clocked by clk)
Endpoint: u_input_buffer.mem[22][7]$_DFFE_PP_
          (rising edge-triggered flip-flop clocked by clk)
Path Group: clk
Path Type: min

Fanout         Cap        Slew       Delay        Time   Description
---------------------------------------------------------------------------------------------
                      0.150000    0.000000    0.000000   clock clk (rise edge)
                                  0.000000    0.000000   clock network delay (ideal)
                      0.150000    0.000000    0.000000 ^ u_input_buffer.mem[22][7]$_DFFE_PP_/CLK (sg13g2_dfrbpq_1)
     2    0.005501    0.044707    0.326485    0.326485 v u_input_buffer.mem[22][7]$_DFFE_PP_/Q (sg13g2_dfrbpq_1)
                                                         u_input_buffer.mem[22][7] (net)
                      0.044707    0.000000    0.326485 v _3380_/A (sg13g2_nor2_1)
     1    0.002783    0.066387    0.088178    0.414663 ^ _3380_/Y (sg13g2_nor2_1)
                                                         _0604_ (net)
                      0.066387    0.000000    0.414663 ^ _3381_/B1 (sg13g2_a21oi_1)
     1    0.001355    0.028780    0.049495    0.464158 v _3381_/Y (sg13g2_a21oi_1)
                                                         _0167_ (net)
                      0.028780    0.000000    0.464158 v u_input_buffer.mem[22][7]$_DFFE_PP_/D (sg13g2_dfrbpq_1)
                                              0.464158   data arrival time

                      0.150000    0.000000    0.000000   clock clk (rise edge)
                                  0.000000    0.000000   clock network delay (ideal)
                                  0.250000    0.250000   clock uncertainty
                                  0.000000    0.250000   clock reconvergence pessimism
                                              0.250000 ^ u_input_buffer.mem[22][7]$_DFFE_PP_/CLK (sg13g2_dfrbpq_1)
                                 -0.015128    0.234872   library hold time
                                              0.234872   data required time
---------------------------------------------------------------------------------------------
                                              0.234872   data required time
                                             -0.464158   data arrival time
---------------------------------------------------------------------------------------------
                                              0.229286   slack (MET)


Startpoint: u_input_buffer.mem[23][0]$_DFFE_PP_
            (rising edge-triggered flip-flop clocked by clk)
Endpoint: u_input_buffer.mem[23][0]$_DFFE_PP_
          (rising edge-triggered flip-flop clocked by clk)
Path Group: clk
Path Type: min

Fanout         Cap        Slew       Delay        Time   Description
---------------------------------------------------------------------------------------------
                      0.150000    0.000000    0.000000   clock clk (rise edge)
                                  0.000000    0.000000   clock network delay (ideal)
                      0.150000    0.000000    0.000000 ^ u_input_buffer.mem[23][0]$_DFFE_PP_/CLK (sg13g2_dfrbpq_1)
     2    0.005501    0.044707    0.326485    0.326485 v u_input_buffer.mem[23][0]$_DFFE_PP_/Q (sg13g2_dfrbpq_1)
                                                         u_input_buffer.mem[23][0] (net)
                      0.044707    0.000000    0.326485 v _3383_/A (sg13g2_nor2_1)
     1    0.002783    0.066387    0.088178    0.414663 ^ _3383_/Y (sg13g2_nor2_1)
                                                         _0606_ (net)
                      0.066387    0.000000    0.414663 ^ _3384_/B1 (sg13g2_a21oi_1)
     1    0.001355    0.028780    0.049495    0.464158 v _3384_/Y (sg13g2_a21oi_1)
                                                         _0168_ (net)
                      0.028780    0.000000    0.464158 v u_input_buffer.mem[23][0]$_DFFE_PP_/D (sg13g2_dfrbpq_1)
                                              0.464158   data arrival time

                      0.150000    0.000000    0.000000   clock clk (rise edge)
                                  0.000000    0.000000   clock network delay (ideal)
                                  0.250000    0.250000   clock uncertainty
                                  0.000000    0.250000   clock reconvergence pessimism
                                              0.250000 ^ u_input_buffer.mem[23][0]$_DFFE_PP_/CLK (sg13g2_dfrbpq_1)
                                 -0.015128    0.234872   library hold time
                                              0.234872   data required time
---------------------------------------------------------------------------------------------
                                              0.234872   data required time
                                             -0.464158   data arrival time
---------------------------------------------------------------------------------------------
                                              0.229286   slack (MET)


Startpoint: u_input_buffer.mem[23][1]$_DFFE_PP_
            (rising edge-triggered flip-flop clocked by clk)
Endpoint: u_input_buffer.mem[23][1]$_DFFE_PP_
          (rising edge-triggered flip-flop clocked by clk)
Path Group: clk
Path Type: min

Fanout         Cap        Slew       Delay        Time   Description
---------------------------------------------------------------------------------------------
                      0.150000    0.000000    0.000000   clock clk (rise edge)
                                  0.000000    0.000000   clock network delay (ideal)
                      0.150000    0.000000    0.000000 ^ u_input_buffer.mem[23][1]$_DFFE_PP_/CLK (sg13g2_dfrbpq_1)
     2    0.005501    0.044707    0.326485    0.326485 v u_input_buffer.mem[23][1]$_DFFE_PP_/Q (sg13g2_dfrbpq_1)
                                                         u_input_buffer.mem[23][1] (net)
                      0.044707    0.000000    0.326485 v _3385_/A (sg13g2_nor2_1)
     1    0.002783    0.066387    0.088178    0.414663 ^ _3385_/Y (sg13g2_nor2_1)
                                                         _0607_ (net)
                      0.066387    0.000000    0.414663 ^ _3386_/B1 (sg13g2_a21oi_1)
     1    0.001355    0.028780    0.049495    0.464158 v _3386_/Y (sg13g2_a21oi_1)
                                                         _0169_ (net)
                      0.028780    0.000000    0.464158 v u_input_buffer.mem[23][1]$_DFFE_PP_/D (sg13g2_dfrbpq_1)
                                              0.464158   data arrival time

                      0.150000    0.000000    0.000000   clock clk (rise edge)
                                  0.000000    0.000000   clock network delay (ideal)
                                  0.250000    0.250000   clock uncertainty
                                  0.000000    0.250000   clock reconvergence pessimism
                                              0.250000 ^ u_input_buffer.mem[23][1]$_DFFE_PP_/CLK (sg13g2_dfrbpq_1)
                                 -0.015128    0.234872   library hold time
                                              0.234872   data required time
---------------------------------------------------------------------------------------------
                                              0.234872   data required time
                                             -0.464158   data arrival time
---------------------------------------------------------------------------------------------
                                              0.229286   slack (MET)


Startpoint: u_input_buffer.mem[23][2]$_DFFE_PP_
            (rising edge-triggered flip-flop clocked by clk)
Endpoint: u_input_buffer.mem[23][2]$_DFFE_PP_
          (rising edge-triggered flip-flop clocked by clk)
Path Group: clk
Path Type: min

Fanout         Cap        Slew       Delay        Time   Description
---------------------------------------------------------------------------------------------
                      0.150000    0.000000    0.000000   clock clk (rise edge)
                                  0.000000    0.000000   clock network delay (ideal)
                      0.150000    0.000000    0.000000 ^ u_input_buffer.mem[23][2]$_DFFE_PP_/CLK (sg13g2_dfrbpq_1)
     2    0.005501    0.044707    0.326485    0.326485 v u_input_buffer.mem[23][2]$_DFFE_PP_/Q (sg13g2_dfrbpq_1)
                                                         u_input_buffer.mem[23][2] (net)
                      0.044707    0.000000    0.326485 v _3387_/A (sg13g2_nor2_1)
     1    0.002783    0.066387    0.088178    0.414663 ^ _3387_/Y (sg13g2_nor2_1)
                                                         _0608_ (net)
                      0.066387    0.000000    0.414663 ^ _3388_/B1 (sg13g2_a21oi_1)
     1    0.001355    0.028780    0.049495    0.464158 v _3388_/Y (sg13g2_a21oi_1)
                                                         _0170_ (net)
                      0.028780    0.000000    0.464158 v u_input_buffer.mem[23][2]$_DFFE_PP_/D (sg13g2_dfrbpq_1)
                                              0.464158   data arrival time

                      0.150000    0.000000    0.000000   clock clk (rise edge)
                                  0.000000    0.000000   clock network delay (ideal)
                                  0.250000    0.250000   clock uncertainty
                                  0.000000    0.250000   clock reconvergence pessimism
                                              0.250000 ^ u_input_buffer.mem[23][2]$_DFFE_PP_/CLK (sg13g2_dfrbpq_1)
                                 -0.015128    0.234872   library hold time
                                              0.234872   data required time
---------------------------------------------------------------------------------------------
                                              0.234872   data required time
                                             -0.464158   data arrival time
---------------------------------------------------------------------------------------------
                                              0.229286   slack (MET)


Startpoint: u_input_buffer.mem[23][4]$_DFFE_PP_
            (rising edge-triggered flip-flop clocked by clk)
Endpoint: u_input_buffer.mem[23][4]$_DFFE_PP_
          (rising edge-triggered flip-flop clocked by clk)
Path Group: clk
Path Type: min

Fanout         Cap        Slew       Delay        Time   Description
---------------------------------------------------------------------------------------------
                      0.150000    0.000000    0.000000   clock clk (rise edge)
                                  0.000000    0.000000   clock network delay (ideal)
                      0.150000    0.000000    0.000000 ^ u_input_buffer.mem[23][4]$_DFFE_PP_/CLK (sg13g2_dfrbpq_1)
     2    0.005501    0.044707    0.326485    0.326485 v u_input_buffer.mem[23][4]$_DFFE_PP_/Q (sg13g2_dfrbpq_1)
                                                         u_input_buffer.mem[23][4] (net)
                      0.044707    0.000000    0.326485 v _3391_/A (sg13g2_nor2_1)
     1    0.002783    0.066387    0.088178    0.414663 ^ _3391_/Y (sg13g2_nor2_1)
                                                         _0610_ (net)
                      0.066387    0.000000    0.414663 ^ _3392_/B1 (sg13g2_a21oi_1)
     1    0.001355    0.028780    0.049495    0.464158 v _3392_/Y (sg13g2_a21oi_1)
                                                         _0172_ (net)
                      0.028780    0.000000    0.464158 v u_input_buffer.mem[23][4]$_DFFE_PP_/D (sg13g2_dfrbpq_1)
                                              0.464158   data arrival time

                      0.150000    0.000000    0.000000   clock clk (rise edge)
                                  0.000000    0.000000   clock network delay (ideal)
                                  0.250000    0.250000   clock uncertainty
                                  0.000000    0.250000   clock reconvergence pessimism
                                              0.250000 ^ u_input_buffer.mem[23][4]$_DFFE_PP_/CLK (sg13g2_dfrbpq_1)
                                 -0.015128    0.234872   library hold time
                                              0.234872   data required time
---------------------------------------------------------------------------------------------
                                              0.234872   data required time
                                             -0.464158   data arrival time
---------------------------------------------------------------------------------------------
                                              0.229286   slack (MET)


Startpoint: u_input_buffer.mem[23][5]$_DFFE_PP_
            (rising edge-triggered flip-flop clocked by clk)
Endpoint: u_input_buffer.mem[23][5]$_DFFE_PP_
          (rising edge-triggered flip-flop clocked by clk)
Path Group: clk
Path Type: min

Fanout         Cap        Slew       Delay        Time   Description
---------------------------------------------------------------------------------------------
                      0.150000    0.000000    0.000000   clock clk (rise edge)
                                  0.000000    0.000000   clock network delay (ideal)
                      0.150000    0.000000    0.000000 ^ u_input_buffer.mem[23][5]$_DFFE_PP_/CLK (sg13g2_dfrbpq_1)
     2    0.005501    0.044707    0.326485    0.326485 v u_input_buffer.mem[23][5]$_DFFE_PP_/Q (sg13g2_dfrbpq_1)
                                                         u_input_buffer.mem[23][5] (net)
                      0.044707    0.000000    0.326485 v _3393_/A (sg13g2_nor2_1)
     1    0.002783    0.066387    0.088178    0.414663 ^ _3393_/Y (sg13g2_nor2_1)
                                                         _0611_ (net)
                      0.066387    0.000000    0.414663 ^ _3394_/B1 (sg13g2_a21oi_1)
     1    0.001355    0.028780    0.049495    0.464158 v _3394_/Y (sg13g2_a21oi_1)
                                                         _0173_ (net)
                      0.028780    0.000000    0.464158 v u_input_buffer.mem[23][5]$_DFFE_PP_/D (sg13g2_dfrbpq_1)
                                              0.464158   data arrival time

                      0.150000    0.000000    0.000000   clock clk (rise edge)
                                  0.000000    0.000000   clock network delay (ideal)
                                  0.250000    0.250000   clock uncertainty
                                  0.000000    0.250000   clock reconvergence pessimism
                                              0.250000 ^ u_input_buffer.mem[23][5]$_DFFE_PP_/CLK (sg13g2_dfrbpq_1)
                                 -0.015128    0.234872   library hold time
                                              0.234872   data required time
---------------------------------------------------------------------------------------------
                                              0.234872   data required time
                                             -0.464158   data arrival time
---------------------------------------------------------------------------------------------
                                              0.229286   slack (MET)


Startpoint: u_input_buffer.mem[23][6]$_DFFE_PP_
            (rising edge-triggered flip-flop clocked by clk)
Endpoint: u_input_buffer.mem[23][6]$_DFFE_PP_
          (rising edge-triggered flip-flop clocked by clk)
Path Group: clk
Path Type: min

Fanout         Cap        Slew       Delay        Time   Description
---------------------------------------------------------------------------------------------
                      0.150000    0.000000    0.000000   clock clk (rise edge)
                                  0.000000    0.000000   clock network delay (ideal)
                      0.150000    0.000000    0.000000 ^ u_input_buffer.mem[23][6]$_DFFE_PP_/CLK (sg13g2_dfrbpq_1)
     2    0.005501    0.044707    0.326485    0.326485 v u_input_buffer.mem[23][6]$_DFFE_PP_/Q (sg13g2_dfrbpq_1)
                                                         u_input_buffer.mem[23][6] (net)
                      0.044707    0.000000    0.326485 v _3395_/A (sg13g2_nor2_1)
     1    0.002783    0.066387    0.088178    0.414663 ^ _3395_/Y (sg13g2_nor2_1)
                                                         _0612_ (net)
                      0.066387    0.000000    0.414663 ^ _3396_/B1 (sg13g2_a21oi_1)
     1    0.001355    0.028780    0.049495    0.464158 v _3396_/Y (sg13g2_a21oi_1)
                                                         _0174_ (net)
                      0.028780    0.000000    0.464158 v u_input_buffer.mem[23][6]$_DFFE_PP_/D (sg13g2_dfrbpq_1)
                                              0.464158   data arrival time

                      0.150000    0.000000    0.000000   clock clk (rise edge)
                                  0.000000    0.000000   clock network delay (ideal)
                                  0.250000    0.250000   clock uncertainty
                                  0.000000    0.250000   clock reconvergence pessimism
                                              0.250000 ^ u_input_buffer.mem[23][6]$_DFFE_PP_/CLK (sg13g2_dfrbpq_1)
                                 -0.015128    0.234872   library hold time
                                              0.234872   data required time
---------------------------------------------------------------------------------------------
                                              0.234872   data required time
                                             -0.464158   data arrival time
---------------------------------------------------------------------------------------------
                                              0.229286   slack (MET)


Startpoint: u_input_buffer.mem[28][0]$_DFFE_PP_
            (rising edge-triggered flip-flop clocked by clk)
Endpoint: u_input_buffer.mem[28][0]$_DFFE_PP_
          (rising edge-triggered flip-flop clocked by clk)
Path Group: clk
Path Type: min

Fanout         Cap        Slew       Delay        Time   Description
---------------------------------------------------------------------------------------------
                      0.150000    0.000000    0.000000   clock clk (rise edge)
                                  0.000000    0.000000   clock network delay (ideal)
                      0.150000    0.000000    0.000000 ^ u_input_buffer.mem[28][0]$_DFFE_PP_/CLK (sg13g2_dfrbpq_1)
     2    0.005501    0.044707    0.326485    0.326485 v u_input_buffer.mem[28][0]$_DFFE_PP_/Q (sg13g2_dfrbpq_1)
                                                         u_input_buffer.mem[28][0] (net)
                      0.044707    0.000000    0.326485 v _3469_/A (sg13g2_nor2_1)
     1    0.002783    0.066387    0.088178    0.414663 ^ _3469_/Y (sg13g2_nor2_1)
                                                         _0652_ (net)
                      0.066387    0.000000    0.414663 ^ _3470_/B1 (sg13g2_a21oi_1)
     1    0.001355    0.028780    0.049495    0.464158 v _3470_/Y (sg13g2_a21oi_1)
                                                         _0208_ (net)
                      0.028780    0.000000    0.464158 v u_input_buffer.mem[28][0]$_DFFE_PP_/D (sg13g2_dfrbpq_1)
                                              0.464158   data arrival time

                      0.150000    0.000000    0.000000   clock clk (rise edge)
                                  0.000000    0.000000   clock network delay (ideal)
                                  0.250000    0.250000   clock uncertainty
                                  0.000000    0.250000   clock reconvergence pessimism
                                              0.250000 ^ u_input_buffer.mem[28][0]$_DFFE_PP_/CLK (sg13g2_dfrbpq_1)
                                 -0.015128    0.234872   library hold time
                                              0.234872   data required time
---------------------------------------------------------------------------------------------
                                              0.234872   data required time
                                             -0.464158   data arrival time
---------------------------------------------------------------------------------------------
                                              0.229286   slack (MET)


Startpoint: u_input_buffer.mem[28][1]$_DFFE_PP_
            (rising edge-triggered flip-flop clocked by clk)
Endpoint: u_input_buffer.mem[28][1]$_DFFE_PP_
          (rising edge-triggered flip-flop clocked by clk)
Path Group: clk
Path Type: min

Fanout         Cap        Slew       Delay        Time   Description
---------------------------------------------------------------------------------------------
                      0.150000    0.000000    0.000000   clock clk (rise edge)
                                  0.000000    0.000000   clock network delay (ideal)
                      0.150000    0.000000    0.000000 ^ u_input_buffer.mem[28][1]$_DFFE_PP_/CLK (sg13g2_dfrbpq_1)
     2    0.005501    0.044707    0.326485    0.326485 v u_input_buffer.mem[28][1]$_DFFE_PP_/Q (sg13g2_dfrbpq_1)
                                                         u_input_buffer.mem[28][1] (net)
                      0.044707    0.000000    0.326485 v _3471_/A (sg13g2_nor2_1)
     1    0.002783    0.066387    0.088178    0.414663 ^ _3471_/Y (sg13g2_nor2_1)
                                                         _0653_ (net)
                      0.066387    0.000000    0.414663 ^ _3472_/B1 (sg13g2_a21oi_1)
     1    0.001355    0.028780    0.049495    0.464158 v _3472_/Y (sg13g2_a21oi_1)
                                                         _0209_ (net)
                      0.028780    0.000000    0.464158 v u_input_buffer.mem[28][1]$_DFFE_PP_/D (sg13g2_dfrbpq_1)
                                              0.464158   data arrival time

                      0.150000    0.000000    0.000000   clock clk (rise edge)
                                  0.000000    0.000000   clock network delay (ideal)
                                  0.250000    0.250000   clock uncertainty
                                  0.000000    0.250000   clock reconvergence pessimism
                                              0.250000 ^ u_input_buffer.mem[28][1]$_DFFE_PP_/CLK (sg13g2_dfrbpq_1)
                                 -0.015128    0.234872   library hold time
                                              0.234872   data required time
---------------------------------------------------------------------------------------------
                                              0.234872   data required time
                                             -0.464158   data arrival time
---------------------------------------------------------------------------------------------
                                              0.229286   slack (MET)


Startpoint: u_input_buffer.mem[28][2]$_DFFE_PP_
            (rising edge-triggered flip-flop clocked by clk)
Endpoint: u_input_buffer.mem[28][2]$_DFFE_PP_
          (rising edge-triggered flip-flop clocked by clk)
Path Group: clk
Path Type: min

Fanout         Cap        Slew       Delay        Time   Description
---------------------------------------------------------------------------------------------
                      0.150000    0.000000    0.000000   clock clk (rise edge)
                                  0.000000    0.000000   clock network delay (ideal)
                      0.150000    0.000000    0.000000 ^ u_input_buffer.mem[28][2]$_DFFE_PP_/CLK (sg13g2_dfrbpq_1)
     2    0.005501    0.044707    0.326485    0.326485 v u_input_buffer.mem[28][2]$_DFFE_PP_/Q (sg13g2_dfrbpq_1)
                                                         u_input_buffer.mem[28][2] (net)
                      0.044707    0.000000    0.326485 v _3473_/A (sg13g2_nor2_1)
     1    0.002783    0.066387    0.088178    0.414663 ^ _3473_/Y (sg13g2_nor2_1)
                                                         _0654_ (net)
                      0.066387    0.000000    0.414663 ^ _3474_/B1 (sg13g2_a21oi_1)
     1    0.001355    0.028780    0.049495    0.464158 v _3474_/Y (sg13g2_a21oi_1)
                                                         _0210_ (net)
                      0.028780    0.000000    0.464158 v u_input_buffer.mem[28][2]$_DFFE_PP_/D (sg13g2_dfrbpq_1)
                                              0.464158   data arrival time

                      0.150000    0.000000    0.000000   clock clk (rise edge)
                                  0.000000    0.000000   clock network delay (ideal)
                                  0.250000    0.250000   clock uncertainty
                                  0.000000    0.250000   clock reconvergence pessimism
                                              0.250000 ^ u_input_buffer.mem[28][2]$_DFFE_PP_/CLK (sg13g2_dfrbpq_1)
                                 -0.015128    0.234872   library hold time
                                              0.234872   data required time
---------------------------------------------------------------------------------------------
                                              0.234872   data required time
                                             -0.464158   data arrival time
---------------------------------------------------------------------------------------------
                                              0.229286   slack (MET)


Startpoint: u_input_buffer.mem[28][3]$_DFFE_PP_
            (rising edge-triggered flip-flop clocked by clk)
Endpoint: u_input_buffer.mem[28][3]$_DFFE_PP_
          (rising edge-triggered flip-flop clocked by clk)
Path Group: clk
Path Type: min

Fanout         Cap        Slew       Delay        Time   Description
---------------------------------------------------------------------------------------------
                      0.150000    0.000000    0.000000   clock clk (rise edge)
                                  0.000000    0.000000   clock network delay (ideal)
                      0.150000    0.000000    0.000000 ^ u_input_buffer.mem[28][3]$_DFFE_PP_/CLK (sg13g2_dfrbpq_1)
     2    0.005501    0.044707    0.326485    0.326485 v u_input_buffer.mem[28][3]$_DFFE_PP_/Q (sg13g2_dfrbpq_1)
                                                         u_input_buffer.mem[28][3] (net)
                      0.044707    0.000000    0.326485 v _3475_/A (sg13g2_nor2_1)
     1    0.002783    0.066387    0.088178    0.414663 ^ _3475_/Y (sg13g2_nor2_1)
                                                         _0655_ (net)
                      0.066387    0.000000    0.414663 ^ _3476_/B1 (sg13g2_a21oi_1)
     1    0.001355    0.028780    0.049495    0.464158 v _3476_/Y (sg13g2_a21oi_1)
                                                         _0211_ (net)
                      0.028780    0.000000    0.464158 v u_input_buffer.mem[28][3]$_DFFE_PP_/D (sg13g2_dfrbpq_1)
                                              0.464158   data arrival time

                      0.150000    0.000000    0.000000   clock clk (rise edge)
                                  0.000000    0.000000   clock network delay (ideal)
                                  0.250000    0.250000   clock uncertainty
                                  0.000000    0.250000   clock reconvergence pessimism
                                              0.250000 ^ u_input_buffer.mem[28][3]$_DFFE_PP_/CLK (sg13g2_dfrbpq_1)
                                 -0.015128    0.234872   library hold time
                                              0.234872   data required time
---------------------------------------------------------------------------------------------
                                              0.234872   data required time
                                             -0.464158   data arrival time
---------------------------------------------------------------------------------------------
                                              0.229286   slack (MET)


Startpoint: u_input_buffer.mem[28][4]$_DFFE_PP_
            (rising edge-triggered flip-flop clocked by clk)
Endpoint: u_input_buffer.mem[28][4]$_DFFE_PP_
          (rising edge-triggered flip-flop clocked by clk)
Path Group: clk
Path Type: min

Fanout         Cap        Slew       Delay        Time   Description
---------------------------------------------------------------------------------------------
                      0.150000    0.000000    0.000000   clock clk (rise edge)
                                  0.000000    0.000000   clock network delay (ideal)
                      0.150000    0.000000    0.000000 ^ u_input_buffer.mem[28][4]$_DFFE_PP_/CLK (sg13g2_dfrbpq_1)
     2    0.005501    0.044707    0.326485    0.326485 v u_input_buffer.mem[28][4]$_DFFE_PP_/Q (sg13g2_dfrbpq_1)
                                                         u_input_buffer.mem[28][4] (net)
                      0.044707    0.000000    0.326485 v _3477_/A (sg13g2_nor2_1)
     1    0.002783    0.066387    0.088178    0.414663 ^ _3477_/Y (sg13g2_nor2_1)
                                                         _0656_ (net)
                      0.066387    0.000000    0.414663 ^ _3478_/B1 (sg13g2_a21oi_1)
     1    0.001355    0.028780    0.049495    0.464158 v _3478_/Y (sg13g2_a21oi_1)
                                                         _0212_ (net)
                      0.028780    0.000000    0.464158 v u_input_buffer.mem[28][4]$_DFFE_PP_/D (sg13g2_dfrbpq_1)
                                              0.464158   data arrival time

                      0.150000    0.000000    0.000000   clock clk (rise edge)
                                  0.000000    0.000000   clock network delay (ideal)
                                  0.250000    0.250000   clock uncertainty
                                  0.000000    0.250000   clock reconvergence pessimism
                                              0.250000 ^ u_input_buffer.mem[28][4]$_DFFE_PP_/CLK (sg13g2_dfrbpq_1)
                                 -0.015128    0.234872   library hold time
                                              0.234872   data required time
---------------------------------------------------------------------------------------------
                                              0.234872   data required time
                                             -0.464158   data arrival time
---------------------------------------------------------------------------------------------
                                              0.229286   slack (MET)


Startpoint: u_input_buffer.mem[28][5]$_DFFE_PP_
            (rising edge-triggered flip-flop clocked by clk)
Endpoint: u_input_buffer.mem[28][5]$_DFFE_PP_
          (rising edge-triggered flip-flop clocked by clk)
Path Group: clk
Path Type: min

Fanout         Cap        Slew       Delay        Time   Description
---------------------------------------------------------------------------------------------
                      0.150000    0.000000    0.000000   clock clk (rise edge)
                                  0.000000    0.000000   clock network delay (ideal)
                      0.150000    0.000000    0.000000 ^ u_input_buffer.mem[28][5]$_DFFE_PP_/CLK (sg13g2_dfrbpq_1)
     2    0.005501    0.044707    0.326485    0.326485 v u_input_buffer.mem[28][5]$_DFFE_PP_/Q (sg13g2_dfrbpq_1)
                                                         u_input_buffer.mem[28][5] (net)
                      0.044707    0.000000    0.326485 v _3479_/A (sg13g2_nor2_1)
     1    0.002783    0.066387    0.088178    0.414663 ^ _3479_/Y (sg13g2_nor2_1)
                                                         _0657_ (net)
                      0.066387    0.000000    0.414663 ^ _3480_/B1 (sg13g2_a21oi_1)
     1    0.001355    0.028780    0.049495    0.464158 v _3480_/Y (sg13g2_a21oi_1)
                                                         _0213_ (net)
                      0.028780    0.000000    0.464158 v u_input_buffer.mem[28][5]$_DFFE_PP_/D (sg13g2_dfrbpq_1)
                                              0.464158   data arrival time

                      0.150000    0.000000    0.000000   clock clk (rise edge)
                                  0.000000    0.000000   clock network delay (ideal)
                                  0.250000    0.250000   clock uncertainty
                                  0.000000    0.250000   clock reconvergence pessimism
                                              0.250000 ^ u_input_buffer.mem[28][5]$_DFFE_PP_/CLK (sg13g2_dfrbpq_1)
                                 -0.015128    0.234872   library hold time
                                              0.234872   data required time
---------------------------------------------------------------------------------------------
                                              0.234872   data required time
                                             -0.464158   data arrival time
---------------------------------------------------------------------------------------------
                                              0.229286   slack (MET)


Startpoint: u_input_buffer.mem[28][6]$_DFFE_PP_
            (rising edge-triggered flip-flop clocked by clk)
Endpoint: u_input_buffer.mem[28][6]$_DFFE_PP_
          (rising edge-triggered flip-flop clocked by clk)
Path Group: clk
Path Type: min

Fanout         Cap        Slew       Delay        Time   Description
---------------------------------------------------------------------------------------------
                      0.150000    0.000000    0.000000   clock clk (rise edge)
                                  0.000000    0.000000   clock network delay (ideal)
                      0.150000    0.000000    0.000000 ^ u_input_buffer.mem[28][6]$_DFFE_PP_/CLK (sg13g2_dfrbpq_1)
     2    0.005501    0.044707    0.326485    0.326485 v u_input_buffer.mem[28][6]$_DFFE_PP_/Q (sg13g2_dfrbpq_1)
                                                         u_input_buffer.mem[28][6] (net)
                      0.044707    0.000000    0.326485 v _3481_/A (sg13g2_nor2_1)
     1    0.002783    0.066387    0.088178    0.414663 ^ _3481_/Y (sg13g2_nor2_1)
                                                         _0658_ (net)
                      0.066387    0.000000    0.414663 ^ _3482_/B1 (sg13g2_a21oi_1)
     1    0.001355    0.028780    0.049495    0.464158 v _3482_/Y (sg13g2_a21oi_1)
                                                         _0214_ (net)
                      0.028780    0.000000    0.464158 v u_input_buffer.mem[28][6]$_DFFE_PP_/D (sg13g2_dfrbpq_1)
                                              0.464158   data arrival time

                      0.150000    0.000000    0.000000   clock clk (rise edge)
                                  0.000000    0.000000   clock network delay (ideal)
                                  0.250000    0.250000   clock uncertainty
                                  0.000000    0.250000   clock reconvergence pessimism
                                              0.250000 ^ u_input_buffer.mem[28][6]$_DFFE_PP_/CLK (sg13g2_dfrbpq_1)
                                 -0.015128    0.234872   library hold time
                                              0.234872   data required time
---------------------------------------------------------------------------------------------
                                              0.234872   data required time
                                             -0.464158   data arrival time
---------------------------------------------------------------------------------------------
                                              0.229286   slack (MET)


Startpoint: u_input_buffer.mem[28][7]$_DFFE_PP_
            (rising edge-triggered flip-flop clocked by clk)
Endpoint: u_input_buffer.mem[28][7]$_DFFE_PP_
          (rising edge-triggered flip-flop clocked by clk)
Path Group: clk
Path Type: min

Fanout         Cap        Slew       Delay        Time   Description
---------------------------------------------------------------------------------------------
                      0.150000    0.000000    0.000000   clock clk (rise edge)
                                  0.000000    0.000000   clock network delay (ideal)
                      0.150000    0.000000    0.000000 ^ u_input_buffer.mem[28][7]$_DFFE_PP_/CLK (sg13g2_dfrbpq_1)
     2    0.005501    0.044707    0.326485    0.326485 v u_input_buffer.mem[28][7]$_DFFE_PP_/Q (sg13g2_dfrbpq_1)
                                                         u_input_buffer.mem[28][7] (net)
                      0.044707    0.000000    0.326485 v _3483_/A (sg13g2_nor2_1)
     1    0.002783    0.066387    0.088178    0.414663 ^ _3483_/Y (sg13g2_nor2_1)
                                                         _0659_ (net)
                      0.066387    0.000000    0.414663 ^ _3484_/B1 (sg13g2_a21oi_1)
     1    0.001355    0.028780    0.049495    0.464158 v _3484_/Y (sg13g2_a21oi_1)
                                                         _0215_ (net)
                      0.028780    0.000000    0.464158 v u_input_buffer.mem[28][7]$_DFFE_PP_/D (sg13g2_dfrbpq_1)
                                              0.464158   data arrival time

                      0.150000    0.000000    0.000000   clock clk (rise edge)
                                  0.000000    0.000000   clock network delay (ideal)
                                  0.250000    0.250000   clock uncertainty
                                  0.000000    0.250000   clock reconvergence pessimism
                                              0.250000 ^ u_input_buffer.mem[28][7]$_DFFE_PP_/CLK (sg13g2_dfrbpq_1)
                                 -0.015128    0.234872   library hold time
                                              0.234872   data required time
---------------------------------------------------------------------------------------------
                                              0.234872   data required time
                                             -0.464158   data arrival time
---------------------------------------------------------------------------------------------
                                              0.229286   slack (MET)


Startpoint: u_input_buffer.mem[29][0]$_DFFE_PP_
            (rising edge-triggered flip-flop clocked by clk)
Endpoint: u_input_buffer.mem[29][0]$_DFFE_PP_
          (rising edge-triggered flip-flop clocked by clk)
Path Group: clk
Path Type: min

Fanout         Cap        Slew       Delay        Time   Description
---------------------------------------------------------------------------------------------
                      0.150000    0.000000    0.000000   clock clk (rise edge)
                                  0.000000    0.000000   clock network delay (ideal)
                      0.150000    0.000000    0.000000 ^ u_input_buffer.mem[29][0]$_DFFE_PP_/CLK (sg13g2_dfrbpq_1)
     2    0.005501    0.044707    0.326485    0.326485 v u_input_buffer.mem[29][0]$_DFFE_PP_/Q (sg13g2_dfrbpq_1)
                                                         u_input_buffer.mem[29][0] (net)
                      0.044707    0.000000    0.326485 v _3486_/A (sg13g2_nor2_1)
     1    0.002783    0.066387    0.088178    0.414663 ^ _3486_/Y (sg13g2_nor2_1)
                                                         _0661_ (net)
                      0.066387    0.000000    0.414663 ^ _3487_/B1 (sg13g2_a21oi_1)
     1    0.001355    0.028780    0.049495    0.464158 v _3487_/Y (sg13g2_a21oi_1)
                                                         _0216_ (net)
                      0.028780    0.000000    0.464158 v u_input_buffer.mem[29][0]$_DFFE_PP_/D (sg13g2_dfrbpq_1)
                                              0.464158   data arrival time

                      0.150000    0.000000    0.000000   clock clk (rise edge)
                                  0.000000    0.000000   clock network delay (ideal)
                                  0.250000    0.250000   clock uncertainty
                                  0.000000    0.250000   clock reconvergence pessimism
                                              0.250000 ^ u_input_buffer.mem[29][0]$_DFFE_PP_/CLK (sg13g2_dfrbpq_1)
                                 -0.015128    0.234872   library hold time
                                              0.234872   data required time
---------------------------------------------------------------------------------------------
                                              0.234872   data required time
                                             -0.464158   data arrival time
---------------------------------------------------------------------------------------------
                                              0.229286   slack (MET)


Startpoint: u_input_buffer.mem[29][1]$_DFFE_PP_
            (rising edge-triggered flip-flop clocked by clk)
Endpoint: u_input_buffer.mem[29][1]$_DFFE_PP_
          (rising edge-triggered flip-flop clocked by clk)
Path Group: clk
Path Type: min

Fanout         Cap        Slew       Delay        Time   Description
---------------------------------------------------------------------------------------------
                      0.150000    0.000000    0.000000   clock clk (rise edge)
                                  0.000000    0.000000   clock network delay (ideal)
                      0.150000    0.000000    0.000000 ^ u_input_buffer.mem[29][1]$_DFFE_PP_/CLK (sg13g2_dfrbpq_1)
     2    0.005501    0.044707    0.326485    0.326485 v u_input_buffer.mem[29][1]$_DFFE_PP_/Q (sg13g2_dfrbpq_1)
                                                         u_input_buffer.mem[29][1] (net)
                      0.044707    0.000000    0.326485 v _3488_/A (sg13g2_nor2_1)
     1    0.002783    0.066387    0.088178    0.414663 ^ _3488_/Y (sg13g2_nor2_1)
                                                         _0662_ (net)
                      0.066387    0.000000    0.414663 ^ _3489_/B1 (sg13g2_a21oi_1)
     1    0.001355    0.028780    0.049495    0.464158 v _3489_/Y (sg13g2_a21oi_1)
                                                         _0217_ (net)
                      0.028780    0.000000    0.464158 v u_input_buffer.mem[29][1]$_DFFE_PP_/D (sg13g2_dfrbpq_1)
                                              0.464158   data arrival time

                      0.150000    0.000000    0.000000   clock clk (rise edge)
                                  0.000000    0.000000   clock network delay (ideal)
                                  0.250000    0.250000   clock uncertainty
                                  0.000000    0.250000   clock reconvergence pessimism
                                              0.250000 ^ u_input_buffer.mem[29][1]$_DFFE_PP_/CLK (sg13g2_dfrbpq_1)
                                 -0.015128    0.234872   library hold time
                                              0.234872   data required time
---------------------------------------------------------------------------------------------
                                              0.234872   data required time
                                             -0.464158   data arrival time
---------------------------------------------------------------------------------------------
                                              0.229286   slack (MET)


Startpoint: u_input_buffer.mem[29][2]$_DFFE_PP_
            (rising edge-triggered flip-flop clocked by clk)
Endpoint: u_input_buffer.mem[29][2]$_DFFE_PP_
          (rising edge-triggered flip-flop clocked by clk)
Path Group: clk
Path Type: min

Fanout         Cap        Slew       Delay        Time   Description
---------------------------------------------------------------------------------------------
                      0.150000    0.000000    0.000000   clock clk (rise edge)
                                  0.000000    0.000000   clock network delay (ideal)
                      0.150000    0.000000    0.000000 ^ u_input_buffer.mem[29][2]$_DFFE_PP_/CLK (sg13g2_dfrbpq_1)
     2    0.005501    0.044707    0.326485    0.326485 v u_input_buffer.mem[29][2]$_DFFE_PP_/Q (sg13g2_dfrbpq_1)
                                                         u_input_buffer.mem[29][2] (net)
                      0.044707    0.000000    0.326485 v _3490_/A (sg13g2_nor2_1)
     1    0.002783    0.066387    0.088178    0.414663 ^ _3490_/Y (sg13g2_nor2_1)
                                                         _0663_ (net)
                      0.066387    0.000000    0.414663 ^ _3491_/B1 (sg13g2_a21oi_1)
     1    0.001355    0.028780    0.049495    0.464158 v _3491_/Y (sg13g2_a21oi_1)
                                                         _0218_ (net)
                      0.028780    0.000000    0.464158 v u_input_buffer.mem[29][2]$_DFFE_PP_/D (sg13g2_dfrbpq_1)
                                              0.464158   data arrival time

                      0.150000    0.000000    0.000000   clock clk (rise edge)
                                  0.000000    0.000000   clock network delay (ideal)
                                  0.250000    0.250000   clock uncertainty
                                  0.000000    0.250000   clock reconvergence pessimism
                                              0.250000 ^ u_input_buffer.mem[29][2]$_DFFE_PP_/CLK (sg13g2_dfrbpq_1)
                                 -0.015128    0.234872   library hold time
                                              0.234872   data required time
---------------------------------------------------------------------------------------------
                                              0.234872   data required time
                                             -0.464158   data arrival time
---------------------------------------------------------------------------------------------
                                              0.229286   slack (MET)


Startpoint: u_input_buffer.mem[29][3]$_DFFE_PP_
            (rising edge-triggered flip-flop clocked by clk)
Endpoint: u_input_buffer.mem[29][3]$_DFFE_PP_
          (rising edge-triggered flip-flop clocked by clk)
Path Group: clk
Path Type: min

Fanout         Cap        Slew       Delay        Time   Description
---------------------------------------------------------------------------------------------
                      0.150000    0.000000    0.000000   clock clk (rise edge)
                                  0.000000    0.000000   clock network delay (ideal)
                      0.150000    0.000000    0.000000 ^ u_input_buffer.mem[29][3]$_DFFE_PP_/CLK (sg13g2_dfrbpq_1)
     2    0.005501    0.044707    0.326485    0.326485 v u_input_buffer.mem[29][3]$_DFFE_PP_/Q (sg13g2_dfrbpq_1)
                                                         u_input_buffer.mem[29][3] (net)
                      0.044707    0.000000    0.326485 v _3492_/A (sg13g2_nor2_1)
     1    0.002783    0.066387    0.088178    0.414663 ^ _3492_/Y (sg13g2_nor2_1)
                                                         _0664_ (net)
                      0.066387    0.000000    0.414663 ^ _3493_/B1 (sg13g2_a21oi_1)
     1    0.001355    0.028780    0.049495    0.464158 v _3493_/Y (sg13g2_a21oi_1)
                                                         _0219_ (net)
                      0.028780    0.000000    0.464158 v u_input_buffer.mem[29][3]$_DFFE_PP_/D (sg13g2_dfrbpq_1)
                                              0.464158   data arrival time

                      0.150000    0.000000    0.000000   clock clk (rise edge)
                                  0.000000    0.000000   clock network delay (ideal)
                                  0.250000    0.250000   clock uncertainty
                                  0.000000    0.250000   clock reconvergence pessimism
                                              0.250000 ^ u_input_buffer.mem[29][3]$_DFFE_PP_/CLK (sg13g2_dfrbpq_1)
                                 -0.015128    0.234872   library hold time
                                              0.234872   data required time
---------------------------------------------------------------------------------------------
                                              0.234872   data required time
                                             -0.464158   data arrival time
---------------------------------------------------------------------------------------------
                                              0.229286   slack (MET)


Startpoint: u_input_buffer.mem[29][4]$_DFFE_PP_
            (rising edge-triggered flip-flop clocked by clk)
Endpoint: u_input_buffer.mem[29][4]$_DFFE_PP_
          (rising edge-triggered flip-flop clocked by clk)
Path Group: clk
Path Type: min

Fanout         Cap        Slew       Delay        Time   Description
---------------------------------------------------------------------------------------------
                      0.150000    0.000000    0.000000   clock clk (rise edge)
                                  0.000000    0.000000   clock network delay (ideal)
                      0.150000    0.000000    0.000000 ^ u_input_buffer.mem[29][4]$_DFFE_PP_/CLK (sg13g2_dfrbpq_1)
     2    0.005501    0.044707    0.326485    0.326485 v u_input_buffer.mem[29][4]$_DFFE_PP_/Q (sg13g2_dfrbpq_1)
                                                         u_input_buffer.mem[29][4] (net)
                      0.044707    0.000000    0.326485 v _3494_/A (sg13g2_nor2_1)
     1    0.002783    0.066387    0.088178    0.414663 ^ _3494_/Y (sg13g2_nor2_1)
                                                         _0665_ (net)
                      0.066387    0.000000    0.414663 ^ _3495_/B1 (sg13g2_a21oi_1)
     1    0.001355    0.028780    0.049495    0.464158 v _3495_/Y (sg13g2_a21oi_1)
                                                         _0220_ (net)
                      0.028780    0.000000    0.464158 v u_input_buffer.mem[29][4]$_DFFE_PP_/D (sg13g2_dfrbpq_1)
                                              0.464158   data arrival time

                      0.150000    0.000000    0.000000   clock clk (rise edge)
                                  0.000000    0.000000   clock network delay (ideal)
                                  0.250000    0.250000   clock uncertainty
                                  0.000000    0.250000   clock reconvergence pessimism
                                              0.250000 ^ u_input_buffer.mem[29][4]$_DFFE_PP_/CLK (sg13g2_dfrbpq_1)
                                 -0.015128    0.234872   library hold time
                                              0.234872   data required time
---------------------------------------------------------------------------------------------
                                              0.234872   data required time
                                             -0.464158   data arrival time
---------------------------------------------------------------------------------------------
                                              0.229286   slack (MET)


Startpoint: u_input_buffer.mem[29][5]$_DFFE_PP_
            (rising edge-triggered flip-flop clocked by clk)
Endpoint: u_input_buffer.mem[29][5]$_DFFE_PP_
          (rising edge-triggered flip-flop clocked by clk)
Path Group: clk
Path Type: min

Fanout         Cap        Slew       Delay        Time   Description
---------------------------------------------------------------------------------------------
                      0.150000    0.000000    0.000000   clock clk (rise edge)
                                  0.000000    0.000000   clock network delay (ideal)
                      0.150000    0.000000    0.000000 ^ u_input_buffer.mem[29][5]$_DFFE_PP_/CLK (sg13g2_dfrbpq_1)
     2    0.005501    0.044707    0.326485    0.326485 v u_input_buffer.mem[29][5]$_DFFE_PP_/Q (sg13g2_dfrbpq_1)
                                                         u_input_buffer.mem[29][5] (net)
                      0.044707    0.000000    0.326485 v _3496_/A (sg13g2_nor2_1)
     1    0.002783    0.066387    0.088178    0.414663 ^ _3496_/Y (sg13g2_nor2_1)
                                                         _0666_ (net)
                      0.066387    0.000000    0.414663 ^ _3497_/B1 (sg13g2_a21oi_1)
     1    0.001355    0.028780    0.049495    0.464158 v _3497_/Y (sg13g2_a21oi_1)
                                                         _0221_ (net)
                      0.028780    0.000000    0.464158 v u_input_buffer.mem[29][5]$_DFFE_PP_/D (sg13g2_dfrbpq_1)
                                              0.464158   data arrival time

                      0.150000    0.000000    0.000000   clock clk (rise edge)
                                  0.000000    0.000000   clock network delay (ideal)
                                  0.250000    0.250000   clock uncertainty
                                  0.000000    0.250000   clock reconvergence pessimism
                                              0.250000 ^ u_input_buffer.mem[29][5]$_DFFE_PP_/CLK (sg13g2_dfrbpq_1)
                                 -0.015128    0.234872   library hold time
                                              0.234872   data required time
---------------------------------------------------------------------------------------------
                                              0.234872   data required time
                                             -0.464158   data arrival time
---------------------------------------------------------------------------------------------
                                              0.229286   slack (MET)


Startpoint: u_input_buffer.mem[29][6]$_DFFE_PP_
            (rising edge-triggered flip-flop clocked by clk)
Endpoint: u_input_buffer.mem[29][6]$_DFFE_PP_
          (rising edge-triggered flip-flop clocked by clk)
Path Group: clk
Path Type: min

Fanout         Cap        Slew       Delay        Time   Description
---------------------------------------------------------------------------------------------
                      0.150000    0.000000    0.000000   clock clk (rise edge)
                                  0.000000    0.000000   clock network delay (ideal)
                      0.150000    0.000000    0.000000 ^ u_input_buffer.mem[29][6]$_DFFE_PP_/CLK (sg13g2_dfrbpq_1)
     2    0.005501    0.044707    0.326485    0.326485 v u_input_buffer.mem[29][6]$_DFFE_PP_/Q (sg13g2_dfrbpq_1)
                                                         u_input_buffer.mem[29][6] (net)
                      0.044707    0.000000    0.326485 v _3498_/A (sg13g2_nor2_1)
     1    0.002783    0.066387    0.088178    0.414663 ^ _3498_/Y (sg13g2_nor2_1)
                                                         _0667_ (net)
                      0.066387    0.000000    0.414663 ^ _3499_/B1 (sg13g2_a21oi_1)
     1    0.001355    0.028780    0.049495    0.464158 v _3499_/Y (sg13g2_a21oi_1)
                                                         _0222_ (net)
                      0.028780    0.000000    0.464158 v u_input_buffer.mem[29][6]$_DFFE_PP_/D (sg13g2_dfrbpq_1)
                                              0.464158   data arrival time

                      0.150000    0.000000    0.000000   clock clk (rise edge)
                                  0.000000    0.000000   clock network delay (ideal)
                                  0.250000    0.250000   clock uncertainty
                                  0.000000    0.250000   clock reconvergence pessimism
                                              0.250000 ^ u_input_buffer.mem[29][6]$_DFFE_PP_/CLK (sg13g2_dfrbpq_1)
                                 -0.015128    0.234872   library hold time
                                              0.234872   data required time
---------------------------------------------------------------------------------------------
                                              0.234872   data required time
                                             -0.464158   data arrival time
---------------------------------------------------------------------------------------------
                                              0.229286   slack (MET)


Startpoint: u_input_buffer.mem[29][7]$_DFFE_PP_
            (rising edge-triggered flip-flop clocked by clk)
Endpoint: u_input_buffer.mem[29][7]$_DFFE_PP_
          (rising edge-triggered flip-flop clocked by clk)
Path Group: clk
Path Type: min

Fanout         Cap        Slew       Delay        Time   Description
---------------------------------------------------------------------------------------------
                      0.150000    0.000000    0.000000   clock clk (rise edge)
                                  0.000000    0.000000   clock network delay (ideal)
                      0.150000    0.000000    0.000000 ^ u_input_buffer.mem[29][7]$_DFFE_PP_/CLK (sg13g2_dfrbpq_1)
     2    0.005501    0.044707    0.326485    0.326485 v u_input_buffer.mem[29][7]$_DFFE_PP_/Q (sg13g2_dfrbpq_1)
                                                         u_input_buffer.mem[29][7] (net)
                      0.044707    0.000000    0.326485 v _3500_/A (sg13g2_nor2_1)
     1    0.002783    0.066387    0.088178    0.414663 ^ _3500_/Y (sg13g2_nor2_1)
                                                         _0668_ (net)
                      0.066387    0.000000    0.414663 ^ _3501_/B1 (sg13g2_a21oi_1)
     1    0.001355    0.028780    0.049495    0.464158 v _3501_/Y (sg13g2_a21oi_1)
                                                         _0223_ (net)
                      0.028780    0.000000    0.464158 v u_input_buffer.mem[29][7]$_DFFE_PP_/D (sg13g2_dfrbpq_1)
                                              0.464158   data arrival time

                      0.150000    0.000000    0.000000   clock clk (rise edge)
                                  0.000000    0.000000   clock network delay (ideal)
                                  0.250000    0.250000   clock uncertainty
                                  0.000000    0.250000   clock reconvergence pessimism
                                              0.250000 ^ u_input_buffer.mem[29][7]$_DFFE_PP_/CLK (sg13g2_dfrbpq_1)
                                 -0.015128    0.234872   library hold time
                                              0.234872   data required time
---------------------------------------------------------------------------------------------
                                              0.234872   data required time
                                             -0.464158   data arrival time
---------------------------------------------------------------------------------------------
                                              0.229286   slack (MET)


Startpoint: u_input_buffer.mem[30][0]$_DFFE_PP_
            (rising edge-triggered flip-flop clocked by clk)
Endpoint: u_input_buffer.mem[30][0]$_DFFE_PP_
          (rising edge-triggered flip-flop clocked by clk)
Path Group: clk
Path Type: min

Fanout         Cap        Slew       Delay        Time   Description
---------------------------------------------------------------------------------------------
                      0.150000    0.000000    0.000000   clock clk (rise edge)
                                  0.000000    0.000000   clock network delay (ideal)
                      0.150000    0.000000    0.000000 ^ u_input_buffer.mem[30][0]$_DFFE_PP_/CLK (sg13g2_dfrbpq_1)
     2    0.005501    0.044707    0.326485    0.326485 v u_input_buffer.mem[30][0]$_DFFE_PP_/Q (sg13g2_dfrbpq_1)
                                                         u_input_buffer.mem[30][0] (net)
                      0.044707    0.000000    0.326485 v _3520_/A (sg13g2_nor2_1)
     1    0.002783    0.066387    0.088178    0.414663 ^ _3520_/Y (sg13g2_nor2_1)
                                                         _0679_ (net)
                      0.066387    0.000000    0.414663 ^ _3521_/B1 (sg13g2_a21oi_1)
     1    0.001355    0.028780    0.049495    0.464158 v _3521_/Y (sg13g2_a21oi_1)
                                                         _0232_ (net)
                      0.028780    0.000000    0.464158 v u_input_buffer.mem[30][0]$_DFFE_PP_/D (sg13g2_dfrbpq_1)
                                              0.464158   data arrival time

                      0.150000    0.000000    0.000000   clock clk (rise edge)
                                  0.000000    0.000000   clock network delay (ideal)
                                  0.250000    0.250000   clock uncertainty
                                  0.000000    0.250000   clock reconvergence pessimism
                                              0.250000 ^ u_input_buffer.mem[30][0]$_DFFE_PP_/CLK (sg13g2_dfrbpq_1)
                                 -0.015128    0.234872   library hold time
                                              0.234872   data required time
---------------------------------------------------------------------------------------------
                                              0.234872   data required time
                                             -0.464158   data arrival time
---------------------------------------------------------------------------------------------
                                              0.229286   slack (MET)


Startpoint: u_input_buffer.mem[30][1]$_DFFE_PP_
            (rising edge-triggered flip-flop clocked by clk)
Endpoint: u_input_buffer.mem[30][1]$_DFFE_PP_
          (rising edge-triggered flip-flop clocked by clk)
Path Group: clk
Path Type: min

Fanout         Cap        Slew       Delay        Time   Description
---------------------------------------------------------------------------------------------
                      0.150000    0.000000    0.000000   clock clk (rise edge)
                                  0.000000    0.000000   clock network delay (ideal)
                      0.150000    0.000000    0.000000 ^ u_input_buffer.mem[30][1]$_DFFE_PP_/CLK (sg13g2_dfrbpq_1)
     2    0.005501    0.044707    0.326485    0.326485 v u_input_buffer.mem[30][1]$_DFFE_PP_/Q (sg13g2_dfrbpq_1)
                                                         u_input_buffer.mem[30][1] (net)
                      0.044707    0.000000    0.326485 v _3522_/A (sg13g2_nor2_1)
     1    0.002783    0.066387    0.088178    0.414663 ^ _3522_/Y (sg13g2_nor2_1)
                                                         _0680_ (net)
                      0.066387    0.000000    0.414663 ^ _3523_/B1 (sg13g2_a21oi_1)
     1    0.001355    0.028780    0.049495    0.464158 v _3523_/Y (sg13g2_a21oi_1)
                                                         _0233_ (net)
                      0.028780    0.000000    0.464158 v u_input_buffer.mem[30][1]$_DFFE_PP_/D (sg13g2_dfrbpq_1)
                                              0.464158   data arrival time

                      0.150000    0.000000    0.000000   clock clk (rise edge)
                                  0.000000    0.000000   clock network delay (ideal)
                                  0.250000    0.250000   clock uncertainty
                                  0.000000    0.250000   clock reconvergence pessimism
                                              0.250000 ^ u_input_buffer.mem[30][1]$_DFFE_PP_/CLK (sg13g2_dfrbpq_1)
                                 -0.015128    0.234872   library hold time
                                              0.234872   data required time
---------------------------------------------------------------------------------------------
                                              0.234872   data required time
                                             -0.464158   data arrival time
---------------------------------------------------------------------------------------------
                                              0.229286   slack (MET)


Startpoint: u_input_buffer.mem[30][2]$_DFFE_PP_
            (rising edge-triggered flip-flop clocked by clk)
Endpoint: u_input_buffer.mem[30][2]$_DFFE_PP_
          (rising edge-triggered flip-flop clocked by clk)
Path Group: clk
Path Type: min

Fanout         Cap        Slew       Delay        Time   Description
---------------------------------------------------------------------------------------------
                      0.150000    0.000000    0.000000   clock clk (rise edge)
                                  0.000000    0.000000   clock network delay (ideal)
                      0.150000    0.000000    0.000000 ^ u_input_buffer.mem[30][2]$_DFFE_PP_/CLK (sg13g2_dfrbpq_1)
     2    0.005501    0.044707    0.326485    0.326485 v u_input_buffer.mem[30][2]$_DFFE_PP_/Q (sg13g2_dfrbpq_1)
                                                         u_input_buffer.mem[30][2] (net)
                      0.044707    0.000000    0.326485 v _3524_/A (sg13g2_nor2_1)
     1    0.002783    0.066387    0.088178    0.414663 ^ _3524_/Y (sg13g2_nor2_1)
                                                         _0681_ (net)
                      0.066387    0.000000    0.414663 ^ _3525_/B1 (sg13g2_a21oi_1)
     1    0.001355    0.028780    0.049495    0.464158 v _3525_/Y (sg13g2_a21oi_1)
                                                         _0234_ (net)
                      0.028780    0.000000    0.464158 v u_input_buffer.mem[30][2]$_DFFE_PP_/D (sg13g2_dfrbpq_1)
                                              0.464158   data arrival time

                      0.150000    0.000000    0.000000   clock clk (rise edge)
                                  0.000000    0.000000   clock network delay (ideal)
                                  0.250000    0.250000   clock uncertainty
                                  0.000000    0.250000   clock reconvergence pessimism
                                              0.250000 ^ u_input_buffer.mem[30][2]$_DFFE_PP_/CLK (sg13g2_dfrbpq_1)
                                 -0.015128    0.234872   library hold time
                                              0.234872   data required time
---------------------------------------------------------------------------------------------
                                              0.234872   data required time
                                             -0.464158   data arrival time
---------------------------------------------------------------------------------------------
                                              0.229286   slack (MET)


Startpoint: u_input_buffer.mem[30][3]$_DFFE_PP_
            (rising edge-triggered flip-flop clocked by clk)
Endpoint: u_input_buffer.mem[30][3]$_DFFE_PP_
          (rising edge-triggered flip-flop clocked by clk)
Path Group: clk
Path Type: min

Fanout         Cap        Slew       Delay        Time   Description
---------------------------------------------------------------------------------------------
                      0.150000    0.000000    0.000000   clock clk (rise edge)
                                  0.000000    0.000000   clock network delay (ideal)
                      0.150000    0.000000    0.000000 ^ u_input_buffer.mem[30][3]$_DFFE_PP_/CLK (sg13g2_dfrbpq_1)
     2    0.005501    0.044707    0.326485    0.326485 v u_input_buffer.mem[30][3]$_DFFE_PP_/Q (sg13g2_dfrbpq_1)
                                                         u_input_buffer.mem[30][3] (net)
                      0.044707    0.000000    0.326485 v _3526_/A (sg13g2_nor2_1)
     1    0.002783    0.066387    0.088178    0.414663 ^ _3526_/Y (sg13g2_nor2_1)
                                                         _0682_ (net)
                      0.066387    0.000000    0.414663 ^ _3527_/B1 (sg13g2_a21oi_1)
     1    0.001355    0.028780    0.049495    0.464158 v _3527_/Y (sg13g2_a21oi_1)
                                                         _0235_ (net)
                      0.028780    0.000000    0.464158 v u_input_buffer.mem[30][3]$_DFFE_PP_/D (sg13g2_dfrbpq_1)
                                              0.464158   data arrival time

                      0.150000    0.000000    0.000000   clock clk (rise edge)
                                  0.000000    0.000000   clock network delay (ideal)
                                  0.250000    0.250000   clock uncertainty
                                  0.000000    0.250000   clock reconvergence pessimism
                                              0.250000 ^ u_input_buffer.mem[30][3]$_DFFE_PP_/CLK (sg13g2_dfrbpq_1)
                                 -0.015128    0.234872   library hold time
                                              0.234872   data required time
---------------------------------------------------------------------------------------------
                                              0.234872   data required time
                                             -0.464158   data arrival time
---------------------------------------------------------------------------------------------
                                              0.229286   slack (MET)


Startpoint: u_input_buffer.mem[30][4]$_DFFE_PP_
            (rising edge-triggered flip-flop clocked by clk)
Endpoint: u_input_buffer.mem[30][4]$_DFFE_PP_
          (rising edge-triggered flip-flop clocked by clk)
Path Group: clk
Path Type: min

Fanout         Cap        Slew       Delay        Time   Description
---------------------------------------------------------------------------------------------
                      0.150000    0.000000    0.000000   clock clk (rise edge)
                                  0.000000    0.000000   clock network delay (ideal)
                      0.150000    0.000000    0.000000 ^ u_input_buffer.mem[30][4]$_DFFE_PP_/CLK (sg13g2_dfrbpq_1)
     2    0.005501    0.044707    0.326485    0.326485 v u_input_buffer.mem[30][4]$_DFFE_PP_/Q (sg13g2_dfrbpq_1)
                                                         u_input_buffer.mem[30][4] (net)
                      0.044707    0.000000    0.326485 v _3528_/A (sg13g2_nor2_1)
     1    0.002783    0.066387    0.088178    0.414663 ^ _3528_/Y (sg13g2_nor2_1)
                                                         _0683_ (net)
                      0.066387    0.000000    0.414663 ^ _3529_/B1 (sg13g2_a21oi_1)
     1    0.001355    0.028780    0.049495    0.464158 v _3529_/Y (sg13g2_a21oi_1)
                                                         _0236_ (net)
                      0.028780    0.000000    0.464158 v u_input_buffer.mem[30][4]$_DFFE_PP_/D (sg13g2_dfrbpq_1)
                                              0.464158   data arrival time

                      0.150000    0.000000    0.000000   clock clk (rise edge)
                                  0.000000    0.000000   clock network delay (ideal)
                                  0.250000    0.250000   clock uncertainty
                                  0.000000    0.250000   clock reconvergence pessimism
                                              0.250000 ^ u_input_buffer.mem[30][4]$_DFFE_PP_/CLK (sg13g2_dfrbpq_1)
                                 -0.015128    0.234872   library hold time
                                              0.234872   data required time
---------------------------------------------------------------------------------------------
                                              0.234872   data required time
                                             -0.464158   data arrival time
---------------------------------------------------------------------------------------------
                                              0.229286   slack (MET)


Startpoint: u_input_buffer.mem[30][5]$_DFFE_PP_
            (rising edge-triggered flip-flop clocked by clk)
Endpoint: u_input_buffer.mem[30][5]$_DFFE_PP_
          (rising edge-triggered flip-flop clocked by clk)
Path Group: clk
Path Type: min

Fanout         Cap        Slew       Delay        Time   Description
---------------------------------------------------------------------------------------------
                      0.150000    0.000000    0.000000   clock clk (rise edge)
                                  0.000000    0.000000   clock network delay (ideal)
                      0.150000    0.000000    0.000000 ^ u_input_buffer.mem[30][5]$_DFFE_PP_/CLK (sg13g2_dfrbpq_1)
     2    0.005501    0.044707    0.326485    0.326485 v u_input_buffer.mem[30][5]$_DFFE_PP_/Q (sg13g2_dfrbpq_1)
                                                         u_input_buffer.mem[30][5] (net)
                      0.044707    0.000000    0.326485 v _3530_/A (sg13g2_nor2_1)
     1    0.002783    0.066387    0.088178    0.414663 ^ _3530_/Y (sg13g2_nor2_1)
                                                         _0684_ (net)
                      0.066387    0.000000    0.414663 ^ _3531_/B1 (sg13g2_a21oi_1)
     1    0.001355    0.028780    0.049495    0.464158 v _3531_/Y (sg13g2_a21oi_1)
                                                         _0237_ (net)
                      0.028780    0.000000    0.464158 v u_input_buffer.mem[30][5]$_DFFE_PP_/D (sg13g2_dfrbpq_1)
                                              0.464158   data arrival time

                      0.150000    0.000000    0.000000   clock clk (rise edge)
                                  0.000000    0.000000   clock network delay (ideal)
                                  0.250000    0.250000   clock uncertainty
                                  0.000000    0.250000   clock reconvergence pessimism
                                              0.250000 ^ u_input_buffer.mem[30][5]$_DFFE_PP_/CLK (sg13g2_dfrbpq_1)
                                 -0.015128    0.234872   library hold time
                                              0.234872   data required time
---------------------------------------------------------------------------------------------
                                              0.234872   data required time
                                             -0.464158   data arrival time
---------------------------------------------------------------------------------------------
                                              0.229286   slack (MET)


Startpoint: u_input_buffer.mem[30][6]$_DFFE_PP_
            (rising edge-triggered flip-flop clocked by clk)
Endpoint: u_input_buffer.mem[30][6]$_DFFE_PP_
          (rising edge-triggered flip-flop clocked by clk)
Path Group: clk
Path Type: min

Fanout         Cap        Slew       Delay        Time   Description
---------------------------------------------------------------------------------------------
                      0.150000    0.000000    0.000000   clock clk (rise edge)
                                  0.000000    0.000000   clock network delay (ideal)
                      0.150000    0.000000    0.000000 ^ u_input_buffer.mem[30][6]$_DFFE_PP_/CLK (sg13g2_dfrbpq_1)
     2    0.005501    0.044707    0.326485    0.326485 v u_input_buffer.mem[30][6]$_DFFE_PP_/Q (sg13g2_dfrbpq_1)
                                                         u_input_buffer.mem[30][6] (net)
                      0.044707    0.000000    0.326485 v _3532_/A (sg13g2_nor2_1)
     1    0.002783    0.066387    0.088178    0.414663 ^ _3532_/Y (sg13g2_nor2_1)
                                                         _0685_ (net)
                      0.066387    0.000000    0.414663 ^ _3533_/B1 (sg13g2_a21oi_1)
     1    0.001355    0.028780    0.049495    0.464158 v _3533_/Y (sg13g2_a21oi_1)
                                                         _0238_ (net)
                      0.028780    0.000000    0.464158 v u_input_buffer.mem[30][6]$_DFFE_PP_/D (sg13g2_dfrbpq_1)
                                              0.464158   data arrival time

                      0.150000    0.000000    0.000000   clock clk (rise edge)
                                  0.000000    0.000000   clock network delay (ideal)
                                  0.250000    0.250000   clock uncertainty
                                  0.000000    0.250000   clock reconvergence pessimism
                                              0.250000 ^ u_input_buffer.mem[30][6]$_DFFE_PP_/CLK (sg13g2_dfrbpq_1)
                                 -0.015128    0.234872   library hold time
                                              0.234872   data required time
---------------------------------------------------------------------------------------------
                                              0.234872   data required time
                                             -0.464158   data arrival time
---------------------------------------------------------------------------------------------
                                              0.229286   slack (MET)


Startpoint: u_input_buffer.mem[30][7]$_DFFE_PP_
            (rising edge-triggered flip-flop clocked by clk)
Endpoint: u_input_buffer.mem[30][7]$_DFFE_PP_
          (rising edge-triggered flip-flop clocked by clk)
Path Group: clk
Path Type: min

Fanout         Cap        Slew       Delay        Time   Description
---------------------------------------------------------------------------------------------
                      0.150000    0.000000    0.000000   clock clk (rise edge)
                                  0.000000    0.000000   clock network delay (ideal)
                      0.150000    0.000000    0.000000 ^ u_input_buffer.mem[30][7]$_DFFE_PP_/CLK (sg13g2_dfrbpq_1)
     2    0.005501    0.044707    0.326485    0.326485 v u_input_buffer.mem[30][7]$_DFFE_PP_/Q (sg13g2_dfrbpq_1)
                                                         u_input_buffer.mem[30][7] (net)
                      0.044707    0.000000    0.326485 v _3534_/A (sg13g2_nor2_1)
     1    0.002783    0.066387    0.088178    0.414663 ^ _3534_/Y (sg13g2_nor2_1)
                                                         _0686_ (net)
                      0.066387    0.000000    0.414663 ^ _3535_/B1 (sg13g2_a21oi_1)
     1    0.001355    0.028780    0.049495    0.464158 v _3535_/Y (sg13g2_a21oi_1)
                                                         _0239_ (net)
                      0.028780    0.000000    0.464158 v u_input_buffer.mem[30][7]$_DFFE_PP_/D (sg13g2_dfrbpq_1)
                                              0.464158   data arrival time

                      0.150000    0.000000    0.000000   clock clk (rise edge)
                                  0.000000    0.000000   clock network delay (ideal)
                                  0.250000    0.250000   clock uncertainty
                                  0.000000    0.250000   clock reconvergence pessimism
                                              0.250000 ^ u_input_buffer.mem[30][7]$_DFFE_PP_/CLK (sg13g2_dfrbpq_1)
                                 -0.015128    0.234872   library hold time
                                              0.234872   data required time
---------------------------------------------------------------------------------------------
                                              0.234872   data required time
                                             -0.464158   data arrival time
---------------------------------------------------------------------------------------------
                                              0.229286   slack (MET)


Startpoint: u_input_buffer.mem[4][0]$_DFFE_PP_
            (rising edge-triggered flip-flop clocked by clk)
Endpoint: u_input_buffer.mem[4][0]$_DFFE_PP_
          (rising edge-triggered flip-flop clocked by clk)
Path Group: clk
Path Type: min

Fanout         Cap        Slew       Delay        Time   Description
---------------------------------------------------------------------------------------------
                      0.150000    0.000000    0.000000   clock clk (rise edge)
                                  0.000000    0.000000   clock network delay (ideal)
                      0.150000    0.000000    0.000000 ^ u_input_buffer.mem[4][0]$_DFFE_PP_/CLK (sg13g2_dfrbpq_1)
     2    0.005501    0.044707    0.326485    0.326485 v u_input_buffer.mem[4][0]$_DFFE_PP_/Q (sg13g2_dfrbpq_1)
                                                         u_input_buffer.mem[4][0] (net)
                      0.044707    0.000000    0.326485 v _3572_/A (sg13g2_nor2_1)
     1    0.002783    0.066387    0.088178    0.414663 ^ _3572_/Y (sg13g2_nor2_1)
                                                         _0707_ (net)
                      0.066387    0.000000    0.414663 ^ _3573_/B1 (sg13g2_a21oi_1)
     1    0.001355    0.028780    0.049495    0.464158 v _3573_/Y (sg13g2_a21oi_1)
                                                         _0256_ (net)
                      0.028780    0.000000    0.464158 v u_input_buffer.mem[4][0]$_DFFE_PP_/D (sg13g2_dfrbpq_1)
                                              0.464158   data arrival time

                      0.150000    0.000000    0.000000   clock clk (rise edge)
                                  0.000000    0.000000   clock network delay (ideal)
                                  0.250000    0.250000   clock uncertainty
                                  0.000000    0.250000   clock reconvergence pessimism
                                              0.250000 ^ u_input_buffer.mem[4][0]$_DFFE_PP_/CLK (sg13g2_dfrbpq_1)
                                 -0.015128    0.234872   library hold time
                                              0.234872   data required time
---------------------------------------------------------------------------------------------
                                              0.234872   data required time
                                             -0.464158   data arrival time
---------------------------------------------------------------------------------------------
                                              0.229286   slack (MET)


Startpoint: u_input_buffer.mem[4][1]$_DFFE_PP_
            (rising edge-triggered flip-flop clocked by clk)
Endpoint: u_input_buffer.mem[4][1]$_DFFE_PP_
          (rising edge-triggered flip-flop clocked by clk)
Path Group: clk
Path Type: min

Fanout         Cap        Slew       Delay        Time   Description
---------------------------------------------------------------------------------------------
                      0.150000    0.000000    0.000000   clock clk (rise edge)
                                  0.000000    0.000000   clock network delay (ideal)
                      0.150000    0.000000    0.000000 ^ u_input_buffer.mem[4][1]$_DFFE_PP_/CLK (sg13g2_dfrbpq_1)
     2    0.005501    0.044707    0.326485    0.326485 v u_input_buffer.mem[4][1]$_DFFE_PP_/Q (sg13g2_dfrbpq_1)
                                                         u_input_buffer.mem[4][1] (net)
                      0.044707    0.000000    0.326485 v _3574_/A (sg13g2_nor2_1)
     1    0.002783    0.066387    0.088178    0.414663 ^ _3574_/Y (sg13g2_nor2_1)
                                                         _0708_ (net)
                      0.066387    0.000000    0.414663 ^ _3575_/B1 (sg13g2_a21oi_1)
     1    0.001355    0.028780    0.049495    0.464158 v _3575_/Y (sg13g2_a21oi_1)
                                                         _0257_ (net)
                      0.028780    0.000000    0.464158 v u_input_buffer.mem[4][1]$_DFFE_PP_/D (sg13g2_dfrbpq_1)
                                              0.464158   data arrival time

                      0.150000    0.000000    0.000000   clock clk (rise edge)
                                  0.000000    0.000000   clock network delay (ideal)
                                  0.250000    0.250000   clock uncertainty
                                  0.000000    0.250000   clock reconvergence pessimism
                                              0.250000 ^ u_input_buffer.mem[4][1]$_DFFE_PP_/CLK (sg13g2_dfrbpq_1)
                                 -0.015128    0.234872   library hold time
                                              0.234872   data required time
---------------------------------------------------------------------------------------------
                                              0.234872   data required time
                                             -0.464158   data arrival time
---------------------------------------------------------------------------------------------
                                              0.229286   slack (MET)


Startpoint: u_input_buffer.mem[4][2]$_DFFE_PP_
            (rising edge-triggered flip-flop clocked by clk)
Endpoint: u_input_buffer.mem[4][2]$_DFFE_PP_
          (rising edge-triggered flip-flop clocked by clk)
Path Group: clk
Path Type: min

Fanout         Cap        Slew       Delay        Time   Description
---------------------------------------------------------------------------------------------
                      0.150000    0.000000    0.000000   clock clk (rise edge)
                                  0.000000    0.000000   clock network delay (ideal)
                      0.150000    0.000000    0.000000 ^ u_input_buffer.mem[4][2]$_DFFE_PP_/CLK (sg13g2_dfrbpq_1)
     2    0.005501    0.044707    0.326485    0.326485 v u_input_buffer.mem[4][2]$_DFFE_PP_/Q (sg13g2_dfrbpq_1)
                                                         u_input_buffer.mem[4][2] (net)
                      0.044707    0.000000    0.326485 v _3576_/A (sg13g2_nor2_1)
     1    0.002783    0.066387    0.088178    0.414663 ^ _3576_/Y (sg13g2_nor2_1)
                                                         _0709_ (net)
                      0.066387    0.000000    0.414663 ^ _3577_/B1 (sg13g2_a21oi_1)
     1    0.001355    0.028780    0.049495    0.464158 v _3577_/Y (sg13g2_a21oi_1)
                                                         _0258_ (net)
                      0.028780    0.000000    0.464158 v u_input_buffer.mem[4][2]$_DFFE_PP_/D (sg13g2_dfrbpq_1)
                                              0.464158   data arrival time

                      0.150000    0.000000    0.000000   clock clk (rise edge)
                                  0.000000    0.000000   clock network delay (ideal)
                                  0.250000    0.250000   clock uncertainty
                                  0.000000    0.250000   clock reconvergence pessimism
                                              0.250000 ^ u_input_buffer.mem[4][2]$_DFFE_PP_/CLK (sg13g2_dfrbpq_1)
                                 -0.015128    0.234872   library hold time
                                              0.234872   data required time
---------------------------------------------------------------------------------------------
                                              0.234872   data required time
                                             -0.464158   data arrival time
---------------------------------------------------------------------------------------------
                                              0.229286   slack (MET)


Startpoint: u_input_buffer.mem[4][3]$_DFFE_PP_
            (rising edge-triggered flip-flop clocked by clk)
Endpoint: u_input_buffer.mem[4][3]$_DFFE_PP_
          (rising edge-triggered flip-flop clocked by clk)
Path Group: clk
Path Type: min

Fanout         Cap        Slew       Delay        Time   Description
---------------------------------------------------------------------------------------------
                      0.150000    0.000000    0.000000   clock clk (rise edge)
                                  0.000000    0.000000   clock network delay (ideal)
                      0.150000    0.000000    0.000000 ^ u_input_buffer.mem[4][3]$_DFFE_PP_/CLK (sg13g2_dfrbpq_1)
     2    0.005501    0.044707    0.326485    0.326485 v u_input_buffer.mem[4][3]$_DFFE_PP_/Q (sg13g2_dfrbpq_1)
                                                         u_input_buffer.mem[4][3] (net)
                      0.044707    0.000000    0.326485 v _3578_/A (sg13g2_nor2_1)
     1    0.002783    0.066387    0.088178    0.414663 ^ _3578_/Y (sg13g2_nor2_1)
                                                         _0710_ (net)
                      0.066387    0.000000    0.414663 ^ _3579_/B1 (sg13g2_a21oi_1)
     1    0.001355    0.028780    0.049495    0.464158 v _3579_/Y (sg13g2_a21oi_1)
                                                         _0259_ (net)
                      0.028780    0.000000    0.464158 v u_input_buffer.mem[4][3]$_DFFE_PP_/D (sg13g2_dfrbpq_1)
                                              0.464158   data arrival time

                      0.150000    0.000000    0.000000   clock clk (rise edge)
                                  0.000000    0.000000   clock network delay (ideal)
                                  0.250000    0.250000   clock uncertainty
                                  0.000000    0.250000   clock reconvergence pessimism
                                              0.250000 ^ u_input_buffer.mem[4][3]$_DFFE_PP_/CLK (sg13g2_dfrbpq_1)
                                 -0.015128    0.234872   library hold time
                                              0.234872   data required time
---------------------------------------------------------------------------------------------
                                              0.234872   data required time
                                             -0.464158   data arrival time
---------------------------------------------------------------------------------------------
                                              0.229286   slack (MET)


Startpoint: u_input_buffer.mem[4][4]$_DFFE_PP_
            (rising edge-triggered flip-flop clocked by clk)
Endpoint: u_input_buffer.mem[4][4]$_DFFE_PP_
          (rising edge-triggered flip-flop clocked by clk)
Path Group: clk
Path Type: min

Fanout         Cap        Slew       Delay        Time   Description
---------------------------------------------------------------------------------------------
                      0.150000    0.000000    0.000000   clock clk (rise edge)
                                  0.000000    0.000000   clock network delay (ideal)
                      0.150000    0.000000    0.000000 ^ u_input_buffer.mem[4][4]$_DFFE_PP_/CLK (sg13g2_dfrbpq_1)
     2    0.005501    0.044707    0.326485    0.326485 v u_input_buffer.mem[4][4]$_DFFE_PP_/Q (sg13g2_dfrbpq_1)
                                                         u_input_buffer.mem[4][4] (net)
                      0.044707    0.000000    0.326485 v _3580_/A (sg13g2_nor2_1)
     1    0.002783    0.066387    0.088178    0.414663 ^ _3580_/Y (sg13g2_nor2_1)
                                                         _0711_ (net)
                      0.066387    0.000000    0.414663 ^ _3581_/B1 (sg13g2_a21oi_1)
     1    0.001355    0.028780    0.049495    0.464158 v _3581_/Y (sg13g2_a21oi_1)
                                                         _0260_ (net)
                      0.028780    0.000000    0.464158 v u_input_buffer.mem[4][4]$_DFFE_PP_/D (sg13g2_dfrbpq_1)
                                              0.464158   data arrival time

                      0.150000    0.000000    0.000000   clock clk (rise edge)
                                  0.000000    0.000000   clock network delay (ideal)
                                  0.250000    0.250000   clock uncertainty
                                  0.000000    0.250000   clock reconvergence pessimism
                                              0.250000 ^ u_input_buffer.mem[4][4]$_DFFE_PP_/CLK (sg13g2_dfrbpq_1)
                                 -0.015128    0.234872   library hold time
                                              0.234872   data required time
---------------------------------------------------------------------------------------------
                                              0.234872   data required time
                                             -0.464158   data arrival time
---------------------------------------------------------------------------------------------
                                              0.229286   slack (MET)


Startpoint: u_input_buffer.mem[4][5]$_DFFE_PP_
            (rising edge-triggered flip-flop clocked by clk)
Endpoint: u_input_buffer.mem[4][5]$_DFFE_PP_
          (rising edge-triggered flip-flop clocked by clk)
Path Group: clk
Path Type: min

Fanout         Cap        Slew       Delay        Time   Description
---------------------------------------------------------------------------------------------
                      0.150000    0.000000    0.000000   clock clk (rise edge)
                                  0.000000    0.000000   clock network delay (ideal)
                      0.150000    0.000000    0.000000 ^ u_input_buffer.mem[4][5]$_DFFE_PP_/CLK (sg13g2_dfrbpq_1)
     2    0.005501    0.044707    0.326485    0.326485 v u_input_buffer.mem[4][5]$_DFFE_PP_/Q (sg13g2_dfrbpq_1)
                                                         u_input_buffer.mem[4][5] (net)
                      0.044707    0.000000    0.326485 v _3582_/A (sg13g2_nor2_1)
     1    0.002783    0.066387    0.088178    0.414663 ^ _3582_/Y (sg13g2_nor2_1)
                                                         _0712_ (net)
                      0.066387    0.000000    0.414663 ^ _3583_/B1 (sg13g2_a21oi_1)
     1    0.001355    0.028780    0.049495    0.464158 v _3583_/Y (sg13g2_a21oi_1)
                                                         _0261_ (net)
                      0.028780    0.000000    0.464158 v u_input_buffer.mem[4][5]$_DFFE_PP_/D (sg13g2_dfrbpq_1)
                                              0.464158   data arrival time

                      0.150000    0.000000    0.000000   clock clk (rise edge)
                                  0.000000    0.000000   clock network delay (ideal)
                                  0.250000    0.250000   clock uncertainty
                                  0.000000    0.250000   clock reconvergence pessimism
                                              0.250000 ^ u_input_buffer.mem[4][5]$_DFFE_PP_/CLK (sg13g2_dfrbpq_1)
                                 -0.015128    0.234872   library hold time
                                              0.234872   data required time
---------------------------------------------------------------------------------------------
                                              0.234872   data required time
                                             -0.464158   data arrival time
---------------------------------------------------------------------------------------------
                                              0.229286   slack (MET)


Startpoint: u_input_buffer.mem[4][6]$_DFFE_PP_
            (rising edge-triggered flip-flop clocked by clk)
Endpoint: u_input_buffer.mem[4][6]$_DFFE_PP_
          (rising edge-triggered flip-flop clocked by clk)
Path Group: clk
Path Type: min

Fanout         Cap        Slew       Delay        Time   Description
---------------------------------------------------------------------------------------------
                      0.150000    0.000000    0.000000   clock clk (rise edge)
                                  0.000000    0.000000   clock network delay (ideal)
                      0.150000    0.000000    0.000000 ^ u_input_buffer.mem[4][6]$_DFFE_PP_/CLK (sg13g2_dfrbpq_1)
     2    0.005501    0.044707    0.326485    0.326485 v u_input_buffer.mem[4][6]$_DFFE_PP_/Q (sg13g2_dfrbpq_1)
                                                         u_input_buffer.mem[4][6] (net)
                      0.044707    0.000000    0.326485 v _3584_/A (sg13g2_nor2_1)
     1    0.002783    0.066387    0.088178    0.414663 ^ _3584_/Y (sg13g2_nor2_1)
                                                         _0713_ (net)
                      0.066387    0.000000    0.414663 ^ _3585_/B1 (sg13g2_a21oi_1)
     1    0.001355    0.028780    0.049495    0.464158 v _3585_/Y (sg13g2_a21oi_1)
                                                         _0262_ (net)
                      0.028780    0.000000    0.464158 v u_input_buffer.mem[4][6]$_DFFE_PP_/D (sg13g2_dfrbpq_1)
                                              0.464158   data arrival time

                      0.150000    0.000000    0.000000   clock clk (rise edge)
                                  0.000000    0.000000   clock network delay (ideal)
                                  0.250000    0.250000   clock uncertainty
                                  0.000000    0.250000   clock reconvergence pessimism
                                              0.250000 ^ u_input_buffer.mem[4][6]$_DFFE_PP_/CLK (sg13g2_dfrbpq_1)
                                 -0.015128    0.234872   library hold time
                                              0.234872   data required time
---------------------------------------------------------------------------------------------
                                              0.234872   data required time
                                             -0.464158   data arrival time
---------------------------------------------------------------------------------------------
                                              0.229286   slack (MET)


Startpoint: u_input_buffer.mem[4][7]$_DFFE_PP_
            (rising edge-triggered flip-flop clocked by clk)
Endpoint: u_input_buffer.mem[4][7]$_DFFE_PP_
          (rising edge-triggered flip-flop clocked by clk)
Path Group: clk
Path Type: min

Fanout         Cap        Slew       Delay        Time   Description
---------------------------------------------------------------------------------------------
                      0.150000    0.000000    0.000000   clock clk (rise edge)
                                  0.000000    0.000000   clock network delay (ideal)
                      0.150000    0.000000    0.000000 ^ u_input_buffer.mem[4][7]$_DFFE_PP_/CLK (sg13g2_dfrbpq_1)
     2    0.005501    0.044707    0.326485    0.326485 v u_input_buffer.mem[4][7]$_DFFE_PP_/Q (sg13g2_dfrbpq_1)
                                                         u_input_buffer.mem[4][7] (net)
                      0.044707    0.000000    0.326485 v _3586_/A (sg13g2_nor2_1)
     1    0.002783    0.066387    0.088178    0.414663 ^ _3586_/Y (sg13g2_nor2_1)
                                                         _0714_ (net)
                      0.066387    0.000000    0.414663 ^ _3587_/B1 (sg13g2_a21oi_1)
     1    0.001355    0.028780    0.049495    0.464158 v _3587_/Y (sg13g2_a21oi_1)
                                                         _0263_ (net)
                      0.028780    0.000000    0.464158 v u_input_buffer.mem[4][7]$_DFFE_PP_/D (sg13g2_dfrbpq_1)
                                              0.464158   data arrival time

                      0.150000    0.000000    0.000000   clock clk (rise edge)
                                  0.000000    0.000000   clock network delay (ideal)
                                  0.250000    0.250000   clock uncertainty
                                  0.000000    0.250000   clock reconvergence pessimism
                                              0.250000 ^ u_input_buffer.mem[4][7]$_DFFE_PP_/CLK (sg13g2_dfrbpq_1)
                                 -0.015128    0.234872   library hold time
                                              0.234872   data required time
---------------------------------------------------------------------------------------------
                                              0.234872   data required time
                                             -0.464158   data arrival time
---------------------------------------------------------------------------------------------
                                              0.229286   slack (MET)


Startpoint: u_input_buffer.mem[5][0]$_DFFE_PP_
            (rising edge-triggered flip-flop clocked by clk)
Endpoint: u_input_buffer.mem[5][0]$_DFFE_PP_
          (rising edge-triggered flip-flop clocked by clk)
Path Group: clk
Path Type: min

Fanout         Cap        Slew       Delay        Time   Description
---------------------------------------------------------------------------------------------
                      0.150000    0.000000    0.000000   clock clk (rise edge)
                                  0.000000    0.000000   clock network delay (ideal)
                      0.150000    0.000000    0.000000 ^ u_input_buffer.mem[5][0]$_DFFE_PP_/CLK (sg13g2_dfrbpq_1)
     2    0.005501    0.044707    0.326485    0.326485 v u_input_buffer.mem[5][0]$_DFFE_PP_/Q (sg13g2_dfrbpq_1)
                                                         u_input_buffer.mem[5][0] (net)
                      0.044707    0.000000    0.326485 v _3589_/A (sg13g2_nor2_1)
     1    0.002783    0.066387    0.088178    0.414663 ^ _3589_/Y (sg13g2_nor2_1)
                                                         _0716_ (net)
                      0.066387    0.000000    0.414663 ^ _3590_/B1 (sg13g2_a21oi_1)
     1    0.001355    0.028780    0.049495    0.464158 v _3590_/Y (sg13g2_a21oi_1)
                                                         _0264_ (net)
                      0.028780    0.000000    0.464158 v u_input_buffer.mem[5][0]$_DFFE_PP_/D (sg13g2_dfrbpq_1)
                                              0.464158   data arrival time

                      0.150000    0.000000    0.000000   clock clk (rise edge)
                                  0.000000    0.000000   clock network delay (ideal)
                                  0.250000    0.250000   clock uncertainty
                                  0.000000    0.250000   clock reconvergence pessimism
                                              0.250000 ^ u_input_buffer.mem[5][0]$_DFFE_PP_/CLK (sg13g2_dfrbpq_1)
                                 -0.015128    0.234872   library hold time
                                              0.234872   data required time
---------------------------------------------------------------------------------------------
                                              0.234872   data required time
                                             -0.464158   data arrival time
---------------------------------------------------------------------------------------------
                                              0.229286   slack (MET)


Startpoint: u_input_buffer.mem[5][1]$_DFFE_PP_
            (rising edge-triggered flip-flop clocked by clk)
Endpoint: u_input_buffer.mem[5][1]$_DFFE_PP_
          (rising edge-triggered flip-flop clocked by clk)
Path Group: clk
Path Type: min

Fanout         Cap        Slew       Delay        Time   Description
---------------------------------------------------------------------------------------------
                      0.150000    0.000000    0.000000   clock clk (rise edge)
                                  0.000000    0.000000   clock network delay (ideal)
                      0.150000    0.000000    0.000000 ^ u_input_buffer.mem[5][1]$_DFFE_PP_/CLK (sg13g2_dfrbpq_1)
     2    0.005501    0.044707    0.326485    0.326485 v u_input_buffer.mem[5][1]$_DFFE_PP_/Q (sg13g2_dfrbpq_1)
                                                         u_input_buffer.mem[5][1] (net)
                      0.044707    0.000000    0.326485 v _3591_/A (sg13g2_nor2_1)
     1    0.002783    0.066387    0.088178    0.414663 ^ _3591_/Y (sg13g2_nor2_1)
                                                         _0717_ (net)
                      0.066387    0.000000    0.414663 ^ _3592_/B1 (sg13g2_a21oi_1)
     1    0.001355    0.028780    0.049495    0.464158 v _3592_/Y (sg13g2_a21oi_1)
                                                         _0265_ (net)
                      0.028780    0.000000    0.464158 v u_input_buffer.mem[5][1]$_DFFE_PP_/D (sg13g2_dfrbpq_1)
                                              0.464158   data arrival time

                      0.150000    0.000000    0.000000   clock clk (rise edge)
                                  0.000000    0.000000   clock network delay (ideal)
                                  0.250000    0.250000   clock uncertainty
                                  0.000000    0.250000   clock reconvergence pessimism
                                              0.250000 ^ u_input_buffer.mem[5][1]$_DFFE_PP_/CLK (sg13g2_dfrbpq_1)
                                 -0.015128    0.234872   library hold time
                                              0.234872   data required time
---------------------------------------------------------------------------------------------
                                              0.234872   data required time
                                             -0.464158   data arrival time
---------------------------------------------------------------------------------------------
                                              0.229286   slack (MET)


Startpoint: u_input_buffer.mem[5][2]$_DFFE_PP_
            (rising edge-triggered flip-flop clocked by clk)
Endpoint: u_input_buffer.mem[5][2]$_DFFE_PP_
          (rising edge-triggered flip-flop clocked by clk)
Path Group: clk
Path Type: min

Fanout         Cap        Slew       Delay        Time   Description
---------------------------------------------------------------------------------------------
                      0.150000    0.000000    0.000000   clock clk (rise edge)
                                  0.000000    0.000000   clock network delay (ideal)
                      0.150000    0.000000    0.000000 ^ u_input_buffer.mem[5][2]$_DFFE_PP_/CLK (sg13g2_dfrbpq_1)
     2    0.005501    0.044707    0.326485    0.326485 v u_input_buffer.mem[5][2]$_DFFE_PP_/Q (sg13g2_dfrbpq_1)
                                                         u_input_buffer.mem[5][2] (net)
                      0.044707    0.000000    0.326485 v _3593_/A (sg13g2_nor2_1)
     1    0.002783    0.066387    0.088178    0.414663 ^ _3593_/Y (sg13g2_nor2_1)
                                                         _0718_ (net)
                      0.066387    0.000000    0.414663 ^ _3594_/B1 (sg13g2_a21oi_1)
     1    0.001355    0.028780    0.049495    0.464158 v _3594_/Y (sg13g2_a21oi_1)
                                                         _0266_ (net)
                      0.028780    0.000000    0.464158 v u_input_buffer.mem[5][2]$_DFFE_PP_/D (sg13g2_dfrbpq_1)
                                              0.464158   data arrival time

                      0.150000    0.000000    0.000000   clock clk (rise edge)
                                  0.000000    0.000000   clock network delay (ideal)
                                  0.250000    0.250000   clock uncertainty
                                  0.000000    0.250000   clock reconvergence pessimism
                                              0.250000 ^ u_input_buffer.mem[5][2]$_DFFE_PP_/CLK (sg13g2_dfrbpq_1)
                                 -0.015128    0.234872   library hold time
                                              0.234872   data required time
---------------------------------------------------------------------------------------------
                                              0.234872   data required time
                                             -0.464158   data arrival time
---------------------------------------------------------------------------------------------
                                              0.229286   slack (MET)


Startpoint: u_input_buffer.mem[5][3]$_DFFE_PP_
            (rising edge-triggered flip-flop clocked by clk)
Endpoint: u_input_buffer.mem[5][3]$_DFFE_PP_
          (rising edge-triggered flip-flop clocked by clk)
Path Group: clk
Path Type: min

Fanout         Cap        Slew       Delay        Time   Description
---------------------------------------------------------------------------------------------
                      0.150000    0.000000    0.000000   clock clk (rise edge)
                                  0.000000    0.000000   clock network delay (ideal)
                      0.150000    0.000000    0.000000 ^ u_input_buffer.mem[5][3]$_DFFE_PP_/CLK (sg13g2_dfrbpq_1)
     2    0.005501    0.044707    0.326485    0.326485 v u_input_buffer.mem[5][3]$_DFFE_PP_/Q (sg13g2_dfrbpq_1)
                                                         u_input_buffer.mem[5][3] (net)
                      0.044707    0.000000    0.326485 v _3595_/A (sg13g2_nor2_1)
     1    0.002783    0.066387    0.088178    0.414663 ^ _3595_/Y (sg13g2_nor2_1)
                                                         _0719_ (net)
                      0.066387    0.000000    0.414663 ^ _3596_/B1 (sg13g2_a21oi_1)
     1    0.001355    0.028780    0.049495    0.464158 v _3596_/Y (sg13g2_a21oi_1)
                                                         _0267_ (net)
                      0.028780    0.000000    0.464158 v u_input_buffer.mem[5][3]$_DFFE_PP_/D (sg13g2_dfrbpq_1)
                                              0.464158   data arrival time

                      0.150000    0.000000    0.000000   clock clk (rise edge)
                                  0.000000    0.000000   clock network delay (ideal)
                                  0.250000    0.250000   clock uncertainty
                                  0.000000    0.250000   clock reconvergence pessimism
                                              0.250000 ^ u_input_buffer.mem[5][3]$_DFFE_PP_/CLK (sg13g2_dfrbpq_1)
                                 -0.015128    0.234872   library hold time
                                              0.234872   data required time
---------------------------------------------------------------------------------------------
                                              0.234872   data required time
                                             -0.464158   data arrival time
---------------------------------------------------------------------------------------------
                                              0.229286   slack (MET)


Startpoint: u_input_buffer.mem[5][4]$_DFFE_PP_
            (rising edge-triggered flip-flop clocked by clk)
Endpoint: u_input_buffer.mem[5][4]$_DFFE_PP_
          (rising edge-triggered flip-flop clocked by clk)
Path Group: clk
Path Type: min

Fanout         Cap        Slew       Delay        Time   Description
---------------------------------------------------------------------------------------------
                      0.150000    0.000000    0.000000   clock clk (rise edge)
                                  0.000000    0.000000   clock network delay (ideal)
                      0.150000    0.000000    0.000000 ^ u_input_buffer.mem[5][4]$_DFFE_PP_/CLK (sg13g2_dfrbpq_1)
     2    0.005501    0.044707    0.326485    0.326485 v u_input_buffer.mem[5][4]$_DFFE_PP_/Q (sg13g2_dfrbpq_1)
                                                         u_input_buffer.mem[5][4] (net)
                      0.044707    0.000000    0.326485 v _3597_/A (sg13g2_nor2_1)
     1    0.002783    0.066387    0.088178    0.414663 ^ _3597_/Y (sg13g2_nor2_1)
                                                         _0720_ (net)
                      0.066387    0.000000    0.414663 ^ _3598_/B1 (sg13g2_a21oi_1)
     1    0.001355    0.028780    0.049495    0.464158 v _3598_/Y (sg13g2_a21oi_1)
                                                         _0268_ (net)
                      0.028780    0.000000    0.464158 v u_input_buffer.mem[5][4]$_DFFE_PP_/D (sg13g2_dfrbpq_1)
                                              0.464158   data arrival time

                      0.150000    0.000000    0.000000   clock clk (rise edge)
                                  0.000000    0.000000   clock network delay (ideal)
                                  0.250000    0.250000   clock uncertainty
                                  0.000000    0.250000   clock reconvergence pessimism
                                              0.250000 ^ u_input_buffer.mem[5][4]$_DFFE_PP_/CLK (sg13g2_dfrbpq_1)
                                 -0.015128    0.234872   library hold time
                                              0.234872   data required time
---------------------------------------------------------------------------------------------
                                              0.234872   data required time
                                             -0.464158   data arrival time
---------------------------------------------------------------------------------------------
                                              0.229286   slack (MET)


Startpoint: u_input_buffer.mem[5][5]$_DFFE_PP_
            (rising edge-triggered flip-flop clocked by clk)
Endpoint: u_input_buffer.mem[5][5]$_DFFE_PP_
          (rising edge-triggered flip-flop clocked by clk)
Path Group: clk
Path Type: min

Fanout         Cap        Slew       Delay        Time   Description
---------------------------------------------------------------------------------------------
                      0.150000    0.000000    0.000000   clock clk (rise edge)
                                  0.000000    0.000000   clock network delay (ideal)
                      0.150000    0.000000    0.000000 ^ u_input_buffer.mem[5][5]$_DFFE_PP_/CLK (sg13g2_dfrbpq_1)
     2    0.005501    0.044707    0.326485    0.326485 v u_input_buffer.mem[5][5]$_DFFE_PP_/Q (sg13g2_dfrbpq_1)
                                                         u_input_buffer.mem[5][5] (net)
                      0.044707    0.000000    0.326485 v _3599_/A (sg13g2_nor2_1)
     1    0.002783    0.066387    0.088178    0.414663 ^ _3599_/Y (sg13g2_nor2_1)
                                                         _0721_ (net)
                      0.066387    0.000000    0.414663 ^ _3600_/B1 (sg13g2_a21oi_1)
     1    0.001355    0.028780    0.049495    0.464158 v _3600_/Y (sg13g2_a21oi_1)
                                                         _0269_ (net)
                      0.028780    0.000000    0.464158 v u_input_buffer.mem[5][5]$_DFFE_PP_/D (sg13g2_dfrbpq_1)
                                              0.464158   data arrival time

                      0.150000    0.000000    0.000000   clock clk (rise edge)
                                  0.000000    0.000000   clock network delay (ideal)
                                  0.250000    0.250000   clock uncertainty
                                  0.000000    0.250000   clock reconvergence pessimism
                                              0.250000 ^ u_input_buffer.mem[5][5]$_DFFE_PP_/CLK (sg13g2_dfrbpq_1)
                                 -0.015128    0.234872   library hold time
                                              0.234872   data required time
---------------------------------------------------------------------------------------------
                                              0.234872   data required time
                                             -0.464158   data arrival time
---------------------------------------------------------------------------------------------
                                              0.229286   slack (MET)


Startpoint: u_input_buffer.mem[5][6]$_DFFE_PP_
            (rising edge-triggered flip-flop clocked by clk)
Endpoint: u_input_buffer.mem[5][6]$_DFFE_PP_
          (rising edge-triggered flip-flop clocked by clk)
Path Group: clk
Path Type: min

Fanout         Cap        Slew       Delay        Time   Description
---------------------------------------------------------------------------------------------
                      0.150000    0.000000    0.000000   clock clk (rise edge)
                                  0.000000    0.000000   clock network delay (ideal)
                      0.150000    0.000000    0.000000 ^ u_input_buffer.mem[5][6]$_DFFE_PP_/CLK (sg13g2_dfrbpq_1)
     2    0.005501    0.044707    0.326485    0.326485 v u_input_buffer.mem[5][6]$_DFFE_PP_/Q (sg13g2_dfrbpq_1)
                                                         u_input_buffer.mem[5][6] (net)
                      0.044707    0.000000    0.326485 v _3601_/A (sg13g2_nor2_1)
     1    0.002783    0.066387    0.088178    0.414663 ^ _3601_/Y (sg13g2_nor2_1)
                                                         _0722_ (net)
                      0.066387    0.000000    0.414663 ^ _3602_/B1 (sg13g2_a21oi_1)
     1    0.001355    0.028780    0.049495    0.464158 v _3602_/Y (sg13g2_a21oi_1)
                                                         _0270_ (net)
                      0.028780    0.000000    0.464158 v u_input_buffer.mem[5][6]$_DFFE_PP_/D (sg13g2_dfrbpq_1)
                                              0.464158   data arrival time

                      0.150000    0.000000    0.000000   clock clk (rise edge)
                                  0.000000    0.000000   clock network delay (ideal)
                                  0.250000    0.250000   clock uncertainty
                                  0.000000    0.250000   clock reconvergence pessimism
                                              0.250000 ^ u_input_buffer.mem[5][6]$_DFFE_PP_/CLK (sg13g2_dfrbpq_1)
                                 -0.015128    0.234872   library hold time
                                              0.234872   data required time
---------------------------------------------------------------------------------------------
                                              0.234872   data required time
                                             -0.464158   data arrival time
---------------------------------------------------------------------------------------------
                                              0.229286   slack (MET)


Startpoint: u_input_buffer.mem[5][7]$_DFFE_PP_
            (rising edge-triggered flip-flop clocked by clk)
Endpoint: u_input_buffer.mem[5][7]$_DFFE_PP_
          (rising edge-triggered flip-flop clocked by clk)
Path Group: clk
Path Type: min

Fanout         Cap        Slew       Delay        Time   Description
---------------------------------------------------------------------------------------------
                      0.150000    0.000000    0.000000   clock clk (rise edge)
                                  0.000000    0.000000   clock network delay (ideal)
                      0.150000    0.000000    0.000000 ^ u_input_buffer.mem[5][7]$_DFFE_PP_/CLK (sg13g2_dfrbpq_1)
     2    0.005501    0.044707    0.326485    0.326485 v u_input_buffer.mem[5][7]$_DFFE_PP_/Q (sg13g2_dfrbpq_1)
                                                         u_input_buffer.mem[5][7] (net)
                      0.044707    0.000000    0.326485 v _3603_/A (sg13g2_nor2_1)
     1    0.002783    0.066387    0.088178    0.414663 ^ _3603_/Y (sg13g2_nor2_1)
                                                         _0723_ (net)
                      0.066387    0.000000    0.414663 ^ _3604_/B1 (sg13g2_a21oi_1)
     1    0.001355    0.028780    0.049495    0.464158 v _3604_/Y (sg13g2_a21oi_1)
                                                         _0271_ (net)
                      0.028780    0.000000    0.464158 v u_input_buffer.mem[5][7]$_DFFE_PP_/D (sg13g2_dfrbpq_1)
                                              0.464158   data arrival time

                      0.150000    0.000000    0.000000   clock clk (rise edge)
                                  0.000000    0.000000   clock network delay (ideal)
                                  0.250000    0.250000   clock uncertainty
                                  0.000000    0.250000   clock reconvergence pessimism
                                              0.250000 ^ u_input_buffer.mem[5][7]$_DFFE_PP_/CLK (sg13g2_dfrbpq_1)
                                 -0.015128    0.234872   library hold time
                                              0.234872   data required time
---------------------------------------------------------------------------------------------
                                              0.234872   data required time
                                             -0.464158   data arrival time
---------------------------------------------------------------------------------------------
                                              0.229286   slack (MET)


Startpoint: u_input_buffer.mem[6][0]$_DFFE_PP_
            (rising edge-triggered flip-flop clocked by clk)
Endpoint: u_input_buffer.mem[6][0]$_DFFE_PP_
          (rising edge-triggered flip-flop clocked by clk)
Path Group: clk
Path Type: min

Fanout         Cap        Slew       Delay        Time   Description
---------------------------------------------------------------------------------------------
                      0.150000    0.000000    0.000000   clock clk (rise edge)
                                  0.000000    0.000000   clock network delay (ideal)
                      0.150000    0.000000    0.000000 ^ u_input_buffer.mem[6][0]$_DFFE_PP_/CLK (sg13g2_dfrbpq_1)
     2    0.005501    0.044707    0.326485    0.326485 v u_input_buffer.mem[6][0]$_DFFE_PP_/Q (sg13g2_dfrbpq_1)
                                                         u_input_buffer.mem[6][0] (net)
                      0.044707    0.000000    0.326485 v _3606_/A (sg13g2_nor2_1)
     1    0.002783    0.066387    0.088178    0.414663 ^ _3606_/Y (sg13g2_nor2_1)
                                                         _0725_ (net)
                      0.066387    0.000000    0.414663 ^ _3607_/B1 (sg13g2_a21oi_1)
     1    0.001355    0.028780    0.049495    0.464158 v _3607_/Y (sg13g2_a21oi_1)
                                                         _0272_ (net)
                      0.028780    0.000000    0.464158 v u_input_buffer.mem[6][0]$_DFFE_PP_/D (sg13g2_dfrbpq_1)
                                              0.464158   data arrival time

                      0.150000    0.000000    0.000000   clock clk (rise edge)
                                  0.000000    0.000000   clock network delay (ideal)
                                  0.250000    0.250000   clock uncertainty
                                  0.000000    0.250000   clock reconvergence pessimism
                                              0.250000 ^ u_input_buffer.mem[6][0]$_DFFE_PP_/CLK (sg13g2_dfrbpq_1)
                                 -0.015128    0.234872   library hold time
                                              0.234872   data required time
---------------------------------------------------------------------------------------------
                                              0.234872   data required time
                                             -0.464158   data arrival time
---------------------------------------------------------------------------------------------
                                              0.229286   slack (MET)


Startpoint: u_input_buffer.mem[6][1]$_DFFE_PP_
            (rising edge-triggered flip-flop clocked by clk)
Endpoint: u_input_buffer.mem[6][1]$_DFFE_PP_
          (rising edge-triggered flip-flop clocked by clk)
Path Group: clk
Path Type: min

Fanout         Cap        Slew       Delay        Time   Description
---------------------------------------------------------------------------------------------
                      0.150000    0.000000    0.000000   clock clk (rise edge)
                                  0.000000    0.000000   clock network delay (ideal)
                      0.150000    0.000000    0.000000 ^ u_input_buffer.mem[6][1]$_DFFE_PP_/CLK (sg13g2_dfrbpq_1)
     2    0.005501    0.044707    0.326485    0.326485 v u_input_buffer.mem[6][1]$_DFFE_PP_/Q (sg13g2_dfrbpq_1)
                                                         u_input_buffer.mem[6][1] (net)
                      0.044707    0.000000    0.326485 v _3608_/A (sg13g2_nor2_1)
     1    0.002783    0.066387    0.088178    0.414663 ^ _3608_/Y (sg13g2_nor2_1)
                                                         _0726_ (net)
                      0.066387    0.000000    0.414663 ^ _3609_/B1 (sg13g2_a21oi_1)
     1    0.001355    0.028780    0.049495    0.464158 v _3609_/Y (sg13g2_a21oi_1)
                                                         _0273_ (net)
                      0.028780    0.000000    0.464158 v u_input_buffer.mem[6][1]$_DFFE_PP_/D (sg13g2_dfrbpq_1)
                                              0.464158   data arrival time

                      0.150000    0.000000    0.000000   clock clk (rise edge)
                                  0.000000    0.000000   clock network delay (ideal)
                                  0.250000    0.250000   clock uncertainty
                                  0.000000    0.250000   clock reconvergence pessimism
                                              0.250000 ^ u_input_buffer.mem[6][1]$_DFFE_PP_/CLK (sg13g2_dfrbpq_1)
                                 -0.015128    0.234872   library hold time
                                              0.234872   data required time
---------------------------------------------------------------------------------------------
                                              0.234872   data required time
                                             -0.464158   data arrival time
---------------------------------------------------------------------------------------------
                                              0.229286   slack (MET)


Startpoint: u_input_buffer.mem[6][2]$_DFFE_PP_
            (rising edge-triggered flip-flop clocked by clk)
Endpoint: u_input_buffer.mem[6][2]$_DFFE_PP_
          (rising edge-triggered flip-flop clocked by clk)
Path Group: clk
Path Type: min

Fanout         Cap        Slew       Delay        Time   Description
---------------------------------------------------------------------------------------------
                      0.150000    0.000000    0.000000   clock clk (rise edge)
                                  0.000000    0.000000   clock network delay (ideal)
                      0.150000    0.000000    0.000000 ^ u_input_buffer.mem[6][2]$_DFFE_PP_/CLK (sg13g2_dfrbpq_1)
     2    0.005501    0.044707    0.326485    0.326485 v u_input_buffer.mem[6][2]$_DFFE_PP_/Q (sg13g2_dfrbpq_1)
                                                         u_input_buffer.mem[6][2] (net)
                      0.044707    0.000000    0.326485 v _3610_/A (sg13g2_nor2_1)
     1    0.002783    0.066387    0.088178    0.414663 ^ _3610_/Y (sg13g2_nor2_1)
                                                         _0727_ (net)
                      0.066387    0.000000    0.414663 ^ _3611_/B1 (sg13g2_a21oi_1)
     1    0.001355    0.028780    0.049495    0.464158 v _3611_/Y (sg13g2_a21oi_1)
                                                         _0274_ (net)
                      0.028780    0.000000    0.464158 v u_input_buffer.mem[6][2]$_DFFE_PP_/D (sg13g2_dfrbpq_1)
                                              0.464158   data arrival time

                      0.150000    0.000000    0.000000   clock clk (rise edge)
                                  0.000000    0.000000   clock network delay (ideal)
                                  0.250000    0.250000   clock uncertainty
                                  0.000000    0.250000   clock reconvergence pessimism
                                              0.250000 ^ u_input_buffer.mem[6][2]$_DFFE_PP_/CLK (sg13g2_dfrbpq_1)
                                 -0.015128    0.234872   library hold time
                                              0.234872   data required time
---------------------------------------------------------------------------------------------
                                              0.234872   data required time
                                             -0.464158   data arrival time
---------------------------------------------------------------------------------------------
                                              0.229286   slack (MET)


Startpoint: u_input_buffer.mem[6][3]$_DFFE_PP_
            (rising edge-triggered flip-flop clocked by clk)
Endpoint: u_input_buffer.mem[6][3]$_DFFE_PP_
          (rising edge-triggered flip-flop clocked by clk)
Path Group: clk
Path Type: min

Fanout         Cap        Slew       Delay        Time   Description
---------------------------------------------------------------------------------------------
                      0.150000    0.000000    0.000000   clock clk (rise edge)
                                  0.000000    0.000000   clock network delay (ideal)
                      0.150000    0.000000    0.000000 ^ u_input_buffer.mem[6][3]$_DFFE_PP_/CLK (sg13g2_dfrbpq_1)
     2    0.005501    0.044707    0.326485    0.326485 v u_input_buffer.mem[6][3]$_DFFE_PP_/Q (sg13g2_dfrbpq_1)
                                                         u_input_buffer.mem[6][3] (net)
                      0.044707    0.000000    0.326485 v _3612_/A (sg13g2_nor2_1)
     1    0.002783    0.066387    0.088178    0.414663 ^ _3612_/Y (sg13g2_nor2_1)
                                                         _0728_ (net)
                      0.066387    0.000000    0.414663 ^ _3613_/B1 (sg13g2_a21oi_1)
     1    0.001355    0.028780    0.049495    0.464158 v _3613_/Y (sg13g2_a21oi_1)
                                                         _0275_ (net)
                      0.028780    0.000000    0.464158 v u_input_buffer.mem[6][3]$_DFFE_PP_/D (sg13g2_dfrbpq_1)
                                              0.464158   data arrival time

                      0.150000    0.000000    0.000000   clock clk (rise edge)
                                  0.000000    0.000000   clock network delay (ideal)
                                  0.250000    0.250000   clock uncertainty
                                  0.000000    0.250000   clock reconvergence pessimism
                                              0.250000 ^ u_input_buffer.mem[6][3]$_DFFE_PP_/CLK (sg13g2_dfrbpq_1)
                                 -0.015128    0.234872   library hold time
                                              0.234872   data required time
---------------------------------------------------------------------------------------------
                                              0.234872   data required time
                                             -0.464158   data arrival time
---------------------------------------------------------------------------------------------
                                              0.229286   slack (MET)


Startpoint: u_input_buffer.mem[6][4]$_DFFE_PP_
            (rising edge-triggered flip-flop clocked by clk)
Endpoint: u_input_buffer.mem[6][4]$_DFFE_PP_
          (rising edge-triggered flip-flop clocked by clk)
Path Group: clk
Path Type: min

Fanout         Cap        Slew       Delay        Time   Description
---------------------------------------------------------------------------------------------
                      0.150000    0.000000    0.000000   clock clk (rise edge)
                                  0.000000    0.000000   clock network delay (ideal)
                      0.150000    0.000000    0.000000 ^ u_input_buffer.mem[6][4]$_DFFE_PP_/CLK (sg13g2_dfrbpq_1)
     2    0.005501    0.044707    0.326485    0.326485 v u_input_buffer.mem[6][4]$_DFFE_PP_/Q (sg13g2_dfrbpq_1)
                                                         u_input_buffer.mem[6][4] (net)
                      0.044707    0.000000    0.326485 v _3614_/A (sg13g2_nor2_1)
     1    0.002783    0.066387    0.088178    0.414663 ^ _3614_/Y (sg13g2_nor2_1)
                                                         _0729_ (net)
                      0.066387    0.000000    0.414663 ^ _3615_/B1 (sg13g2_a21oi_1)
     1    0.001355    0.028780    0.049495    0.464158 v _3615_/Y (sg13g2_a21oi_1)
                                                         _0276_ (net)
                      0.028780    0.000000    0.464158 v u_input_buffer.mem[6][4]$_DFFE_PP_/D (sg13g2_dfrbpq_1)
                                              0.464158   data arrival time

                      0.150000    0.000000    0.000000   clock clk (rise edge)
                                  0.000000    0.000000   clock network delay (ideal)
                                  0.250000    0.250000   clock uncertainty
                                  0.000000    0.250000   clock reconvergence pessimism
                                              0.250000 ^ u_input_buffer.mem[6][4]$_DFFE_PP_/CLK (sg13g2_dfrbpq_1)
                                 -0.015128    0.234872   library hold time
                                              0.234872   data required time
---------------------------------------------------------------------------------------------
                                              0.234872   data required time
                                             -0.464158   data arrival time
---------------------------------------------------------------------------------------------
                                              0.229286   slack (MET)


Startpoint: u_input_buffer.mem[6][5]$_DFFE_PP_
            (rising edge-triggered flip-flop clocked by clk)
Endpoint: u_input_buffer.mem[6][5]$_DFFE_PP_
          (rising edge-triggered flip-flop clocked by clk)
Path Group: clk
Path Type: min

Fanout         Cap        Slew       Delay        Time   Description
---------------------------------------------------------------------------------------------
                      0.150000    0.000000    0.000000   clock clk (rise edge)
                                  0.000000    0.000000   clock network delay (ideal)
                      0.150000    0.000000    0.000000 ^ u_input_buffer.mem[6][5]$_DFFE_PP_/CLK (sg13g2_dfrbpq_1)
     2    0.005501    0.044707    0.326485    0.326485 v u_input_buffer.mem[6][5]$_DFFE_PP_/Q (sg13g2_dfrbpq_1)
                                                         u_input_buffer.mem[6][5] (net)
                      0.044707    0.000000    0.326485 v _3616_/A (sg13g2_nor2_1)
     1    0.002783    0.066387    0.088178    0.414663 ^ _3616_/Y (sg13g2_nor2_1)
                                                         _0730_ (net)
                      0.066387    0.000000    0.414663 ^ _3617_/B1 (sg13g2_a21oi_1)
     1    0.001355    0.028780    0.049495    0.464158 v _3617_/Y (sg13g2_a21oi_1)
                                                         _0277_ (net)
                      0.028780    0.000000    0.464158 v u_input_buffer.mem[6][5]$_DFFE_PP_/D (sg13g2_dfrbpq_1)
                                              0.464158   data arrival time

                      0.150000    0.000000    0.000000   clock clk (rise edge)
                                  0.000000    0.000000   clock network delay (ideal)
                                  0.250000    0.250000   clock uncertainty
                                  0.000000    0.250000   clock reconvergence pessimism
                                              0.250000 ^ u_input_buffer.mem[6][5]$_DFFE_PP_/CLK (sg13g2_dfrbpq_1)
                                 -0.015128    0.234872   library hold time
                                              0.234872   data required time
---------------------------------------------------------------------------------------------
                                              0.234872   data required time
                                             -0.464158   data arrival time
---------------------------------------------------------------------------------------------
                                              0.229286   slack (MET)


Startpoint: u_input_buffer.mem[6][6]$_DFFE_PP_
            (rising edge-triggered flip-flop clocked by clk)
Endpoint: u_input_buffer.mem[6][6]$_DFFE_PP_
          (rising edge-triggered flip-flop clocked by clk)
Path Group: clk
Path Type: min

Fanout         Cap        Slew       Delay        Time   Description
---------------------------------------------------------------------------------------------
                      0.150000    0.000000    0.000000   clock clk (rise edge)
                                  0.000000    0.000000   clock network delay (ideal)
                      0.150000    0.000000    0.000000 ^ u_input_buffer.mem[6][6]$_DFFE_PP_/CLK (sg13g2_dfrbpq_1)
     2    0.005501    0.044707    0.326485    0.326485 v u_input_buffer.mem[6][6]$_DFFE_PP_/Q (sg13g2_dfrbpq_1)
                                                         u_input_buffer.mem[6][6] (net)
                      0.044707    0.000000    0.326485 v _3618_/A (sg13g2_nor2_1)
     1    0.002783    0.066387    0.088178    0.414663 ^ _3618_/Y (sg13g2_nor2_1)
                                                         _0731_ (net)
                      0.066387    0.000000    0.414663 ^ _3619_/B1 (sg13g2_a21oi_1)
     1    0.001355    0.028780    0.049495    0.464158 v _3619_/Y (sg13g2_a21oi_1)
                                                         _0278_ (net)
                      0.028780    0.000000    0.464158 v u_input_buffer.mem[6][6]$_DFFE_PP_/D (sg13g2_dfrbpq_1)
                                              0.464158   data arrival time

                      0.150000    0.000000    0.000000   clock clk (rise edge)
                                  0.000000    0.000000   clock network delay (ideal)
                                  0.250000    0.250000   clock uncertainty
                                  0.000000    0.250000   clock reconvergence pessimism
                                              0.250000 ^ u_input_buffer.mem[6][6]$_DFFE_PP_/CLK (sg13g2_dfrbpq_1)
                                 -0.015128    0.234872   library hold time
                                              0.234872   data required time
---------------------------------------------------------------------------------------------
                                              0.234872   data required time
                                             -0.464158   data arrival time
---------------------------------------------------------------------------------------------
                                              0.229286   slack (MET)


Startpoint: u_input_buffer.mem[6][7]$_DFFE_PP_
            (rising edge-triggered flip-flop clocked by clk)
Endpoint: u_input_buffer.mem[6][7]$_DFFE_PP_
          (rising edge-triggered flip-flop clocked by clk)
Path Group: clk
Path Type: min

Fanout         Cap        Slew       Delay        Time   Description
---------------------------------------------------------------------------------------------
                      0.150000    0.000000    0.000000   clock clk (rise edge)
                                  0.000000    0.000000   clock network delay (ideal)
                      0.150000    0.000000    0.000000 ^ u_input_buffer.mem[6][7]$_DFFE_PP_/CLK (sg13g2_dfrbpq_1)
     2    0.005501    0.044707    0.326485    0.326485 v u_input_buffer.mem[6][7]$_DFFE_PP_/Q (sg13g2_dfrbpq_1)
                                                         u_input_buffer.mem[6][7] (net)
                      0.044707    0.000000    0.326485 v _3620_/A (sg13g2_nor2_1)
     1    0.002783    0.066387    0.088178    0.414663 ^ _3620_/Y (sg13g2_nor2_1)
                                                         _0732_ (net)
                      0.066387    0.000000    0.414663 ^ _3621_/B1 (sg13g2_a21oi_1)
     1    0.001355    0.028780    0.049495    0.464158 v _3621_/Y (sg13g2_a21oi_1)
                                                         _0279_ (net)
                      0.028780    0.000000    0.464158 v u_input_buffer.mem[6][7]$_DFFE_PP_/D (sg13g2_dfrbpq_1)
                                              0.464158   data arrival time

                      0.150000    0.000000    0.000000   clock clk (rise edge)
                                  0.000000    0.000000   clock network delay (ideal)
                                  0.250000    0.250000   clock uncertainty
                                  0.000000    0.250000   clock reconvergence pessimism
                                              0.250000 ^ u_input_buffer.mem[6][7]$_DFFE_PP_/CLK (sg13g2_dfrbpq_1)
                                 -0.015128    0.234872   library hold time
                                              0.234872   data required time
---------------------------------------------------------------------------------------------
                                              0.234872   data required time
                                             -0.464158   data arrival time
---------------------------------------------------------------------------------------------
                                              0.229286   slack (MET)


Startpoint: u_input_buffer.mem[7][0]$_DFFE_PP_
            (rising edge-triggered flip-flop clocked by clk)
Endpoint: u_input_buffer.mem[7][0]$_DFFE_PP_
          (rising edge-triggered flip-flop clocked by clk)
Path Group: clk
Path Type: min

Fanout         Cap        Slew       Delay        Time   Description
---------------------------------------------------------------------------------------------
                      0.150000    0.000000    0.000000   clock clk (rise edge)
                                  0.000000    0.000000   clock network delay (ideal)
                      0.150000    0.000000    0.000000 ^ u_input_buffer.mem[7][0]$_DFFE_PP_/CLK (sg13g2_dfrbpq_1)
     2    0.005501    0.044707    0.326485    0.326485 v u_input_buffer.mem[7][0]$_DFFE_PP_/Q (sg13g2_dfrbpq_1)
                                                         u_input_buffer.mem[7][0] (net)
                      0.044707    0.000000    0.326485 v _3623_/A (sg13g2_nor2_1)
     1    0.002783    0.066387    0.088178    0.414663 ^ _3623_/Y (sg13g2_nor2_1)
                                                         _0734_ (net)
                      0.066387    0.000000    0.414663 ^ _3624_/B1 (sg13g2_a21oi_1)
     1    0.001355    0.028780    0.049495    0.464158 v _3624_/Y (sg13g2_a21oi_1)
                                                         _0280_ (net)
                      0.028780    0.000000    0.464158 v u_input_buffer.mem[7][0]$_DFFE_PP_/D (sg13g2_dfrbpq_1)
                                              0.464158   data arrival time

                      0.150000    0.000000    0.000000   clock clk (rise edge)
                                  0.000000    0.000000   clock network delay (ideal)
                                  0.250000    0.250000   clock uncertainty
                                  0.000000    0.250000   clock reconvergence pessimism
                                              0.250000 ^ u_input_buffer.mem[7][0]$_DFFE_PP_/CLK (sg13g2_dfrbpq_1)
                                 -0.015128    0.234872   library hold time
                                              0.234872   data required time
---------------------------------------------------------------------------------------------
                                              0.234872   data required time
                                             -0.464158   data arrival time
---------------------------------------------------------------------------------------------
                                              0.229286   slack (MET)


Startpoint: u_input_buffer.mem[7][1]$_DFFE_PP_
            (rising edge-triggered flip-flop clocked by clk)
Endpoint: u_input_buffer.mem[7][1]$_DFFE_PP_
          (rising edge-triggered flip-flop clocked by clk)
Path Group: clk
Path Type: min

Fanout         Cap        Slew       Delay        Time   Description
---------------------------------------------------------------------------------------------
                      0.150000    0.000000    0.000000   clock clk (rise edge)
                                  0.000000    0.000000   clock network delay (ideal)
                      0.150000    0.000000    0.000000 ^ u_input_buffer.mem[7][1]$_DFFE_PP_/CLK (sg13g2_dfrbpq_1)
     2    0.005501    0.044707    0.326485    0.326485 v u_input_buffer.mem[7][1]$_DFFE_PP_/Q (sg13g2_dfrbpq_1)
                                                         u_input_buffer.mem[7][1] (net)
                      0.044707    0.000000    0.326485 v _3625_/A (sg13g2_nor2_1)
     1    0.002783    0.066387    0.088178    0.414663 ^ _3625_/Y (sg13g2_nor2_1)
                                                         _0735_ (net)
                      0.066387    0.000000    0.414663 ^ _3626_/B1 (sg13g2_a21oi_1)
     1    0.001355    0.028780    0.049495    0.464158 v _3626_/Y (sg13g2_a21oi_1)
                                                         _0281_ (net)
                      0.028780    0.000000    0.464158 v u_input_buffer.mem[7][1]$_DFFE_PP_/D (sg13g2_dfrbpq_1)
                                              0.464158   data arrival time

                      0.150000    0.000000    0.000000   clock clk (rise edge)
                                  0.000000    0.000000   clock network delay (ideal)
                                  0.250000    0.250000   clock uncertainty
                                  0.000000    0.250000   clock reconvergence pessimism
                                              0.250000 ^ u_input_buffer.mem[7][1]$_DFFE_PP_/CLK (sg13g2_dfrbpq_1)
                                 -0.015128    0.234872   library hold time
                                              0.234872   data required time
---------------------------------------------------------------------------------------------
                                              0.234872   data required time
                                             -0.464158   data arrival time
---------------------------------------------------------------------------------------------
                                              0.229286   slack (MET)


Startpoint: u_input_buffer.mem[7][3]$_DFFE_PP_
            (rising edge-triggered flip-flop clocked by clk)
Endpoint: u_input_buffer.mem[7][3]$_DFFE_PP_
          (rising edge-triggered flip-flop clocked by clk)
Path Group: clk
Path Type: min

Fanout         Cap        Slew       Delay        Time   Description
---------------------------------------------------------------------------------------------
                      0.150000    0.000000    0.000000   clock clk (rise edge)
                                  0.000000    0.000000   clock network delay (ideal)
                      0.150000    0.000000    0.000000 ^ u_input_buffer.mem[7][3]$_DFFE_PP_/CLK (sg13g2_dfrbpq_1)
     2    0.005501    0.044707    0.326485    0.326485 v u_input_buffer.mem[7][3]$_DFFE_PP_/Q (sg13g2_dfrbpq_1)
                                                         u_input_buffer.mem[7][3] (net)
                      0.044707    0.000000    0.326485 v _3629_/A (sg13g2_nor2_1)
     1    0.002783    0.066387    0.088178    0.414663 ^ _3629_/Y (sg13g2_nor2_1)
                                                         _0737_ (net)
                      0.066387    0.000000    0.414663 ^ _3630_/B1 (sg13g2_a21oi_1)
     1    0.001355    0.028780    0.049495    0.464158 v _3630_/Y (sg13g2_a21oi_1)
                                                         _0283_ (net)
                      0.028780    0.000000    0.464158 v u_input_buffer.mem[7][3]$_DFFE_PP_/D (sg13g2_dfrbpq_1)
                                              0.464158   data arrival time

                      0.150000    0.000000    0.000000   clock clk (rise edge)
                                  0.000000    0.000000   clock network delay (ideal)
                                  0.250000    0.250000   clock uncertainty
                                  0.000000    0.250000   clock reconvergence pessimism
                                              0.250000 ^ u_input_buffer.mem[7][3]$_DFFE_PP_/CLK (sg13g2_dfrbpq_1)
                                 -0.015128    0.234872   library hold time
                                              0.234872   data required time
---------------------------------------------------------------------------------------------
                                              0.234872   data required time
                                             -0.464158   data arrival time
---------------------------------------------------------------------------------------------
                                              0.229286   slack (MET)


Startpoint: u_input_buffer.mem[7][5]$_DFFE_PP_
            (rising edge-triggered flip-flop clocked by clk)
Endpoint: u_input_buffer.mem[7][5]$_DFFE_PP_
          (rising edge-triggered flip-flop clocked by clk)
Path Group: clk
Path Type: min

Fanout         Cap        Slew       Delay        Time   Description
---------------------------------------------------------------------------------------------
                      0.150000    0.000000    0.000000   clock clk (rise edge)
                                  0.000000    0.000000   clock network delay (ideal)
                      0.150000    0.000000    0.000000 ^ u_input_buffer.mem[7][5]$_DFFE_PP_/CLK (sg13g2_dfrbpq_1)
     2    0.005501    0.044707    0.326485    0.326485 v u_input_buffer.mem[7][5]$_DFFE_PP_/Q (sg13g2_dfrbpq_1)
                                                         u_input_buffer.mem[7][5] (net)
                      0.044707    0.000000    0.326485 v _3633_/A (sg13g2_nor2_1)
     1    0.002783    0.066387    0.088178    0.414663 ^ _3633_/Y (sg13g2_nor2_1)
                                                         _0739_ (net)
                      0.066387    0.000000    0.414663 ^ _3634_/B1 (sg13g2_a21oi_1)
     1    0.001355    0.028780    0.049495    0.464158 v _3634_/Y (sg13g2_a21oi_1)
                                                         _0285_ (net)
                      0.028780    0.000000    0.464158 v u_input_buffer.mem[7][5]$_DFFE_PP_/D (sg13g2_dfrbpq_1)
                                              0.464158   data arrival time

                      0.150000    0.000000    0.000000   clock clk (rise edge)
                                  0.000000    0.000000   clock network delay (ideal)
                                  0.250000    0.250000   clock uncertainty
                                  0.000000    0.250000   clock reconvergence pessimism
                                              0.250000 ^ u_input_buffer.mem[7][5]$_DFFE_PP_/CLK (sg13g2_dfrbpq_1)
                                 -0.015128    0.234872   library hold time
                                              0.234872   data required time
---------------------------------------------------------------------------------------------
                                              0.234872   data required time
                                             -0.464158   data arrival time
---------------------------------------------------------------------------------------------
                                              0.229286   slack (MET)


Startpoint: u_input_buffer.mem[7][6]$_DFFE_PP_
            (rising edge-triggered flip-flop clocked by clk)
Endpoint: u_input_buffer.mem[7][6]$_DFFE_PP_
          (rising edge-triggered flip-flop clocked by clk)
Path Group: clk
Path Type: min

Fanout         Cap        Slew       Delay        Time   Description
---------------------------------------------------------------------------------------------
                      0.150000    0.000000    0.000000   clock clk (rise edge)
                                  0.000000    0.000000   clock network delay (ideal)
                      0.150000    0.000000    0.000000 ^ u_input_buffer.mem[7][6]$_DFFE_PP_/CLK (sg13g2_dfrbpq_1)
     2    0.005501    0.044707    0.326485    0.326485 v u_input_buffer.mem[7][6]$_DFFE_PP_/Q (sg13g2_dfrbpq_1)
                                                         u_input_buffer.mem[7][6] (net)
                      0.044707    0.000000    0.326485 v _3635_/A (sg13g2_nor2_1)
     1    0.002783    0.066387    0.088178    0.414663 ^ _3635_/Y (sg13g2_nor2_1)
                                                         _0740_ (net)
                      0.066387    0.000000    0.414663 ^ _3636_/B1 (sg13g2_a21oi_1)
     1    0.001355    0.028780    0.049495    0.464158 v _3636_/Y (sg13g2_a21oi_1)
                                                         _0286_ (net)
                      0.028780    0.000000    0.464158 v u_input_buffer.mem[7][6]$_DFFE_PP_/D (sg13g2_dfrbpq_1)
                                              0.464158   data arrival time

                      0.150000    0.000000    0.000000   clock clk (rise edge)
                                  0.000000    0.000000   clock network delay (ideal)
                                  0.250000    0.250000   clock uncertainty
                                  0.000000    0.250000   clock reconvergence pessimism
                                              0.250000 ^ u_input_buffer.mem[7][6]$_DFFE_PP_/CLK (sg13g2_dfrbpq_1)
                                 -0.015128    0.234872   library hold time
                                              0.234872   data required time
---------------------------------------------------------------------------------------------
                                              0.234872   data required time
                                             -0.464158   data arrival time
---------------------------------------------------------------------------------------------
                                              0.229286   slack (MET)


Startpoint: u_input_buffer.mem[7][7]$_DFFE_PP_
            (rising edge-triggered flip-flop clocked by clk)
Endpoint: u_input_buffer.mem[7][7]$_DFFE_PP_
          (rising edge-triggered flip-flop clocked by clk)
Path Group: clk
Path Type: min

Fanout         Cap        Slew       Delay        Time   Description
---------------------------------------------------------------------------------------------
                      0.150000    0.000000    0.000000   clock clk (rise edge)
                                  0.000000    0.000000   clock network delay (ideal)
                      0.150000    0.000000    0.000000 ^ u_input_buffer.mem[7][7]$_DFFE_PP_/CLK (sg13g2_dfrbpq_1)
     2    0.005501    0.044707    0.326485    0.326485 v u_input_buffer.mem[7][7]$_DFFE_PP_/Q (sg13g2_dfrbpq_1)
                                                         u_input_buffer.mem[7][7] (net)
                      0.044707    0.000000    0.326485 v _3637_/A (sg13g2_nor2_1)
     1    0.002783    0.066387    0.088178    0.414663 ^ _3637_/Y (sg13g2_nor2_1)
                                                         _0741_ (net)
                      0.066387    0.000000    0.414663 ^ _3638_/B1 (sg13g2_a21oi_1)
     1    0.001355    0.028780    0.049495    0.464158 v _3638_/Y (sg13g2_a21oi_1)
                                                         _0287_ (net)
                      0.028780    0.000000    0.464158 v u_input_buffer.mem[7][7]$_DFFE_PP_/D (sg13g2_dfrbpq_1)
                                              0.464158   data arrival time

                      0.150000    0.000000    0.000000   clock clk (rise edge)
                                  0.000000    0.000000   clock network delay (ideal)
                                  0.250000    0.250000   clock uncertainty
                                  0.000000    0.250000   clock reconvergence pessimism
                                              0.250000 ^ u_input_buffer.mem[7][7]$_DFFE_PP_/CLK (sg13g2_dfrbpq_1)
                                 -0.015128    0.234872   library hold time
                                              0.234872   data required time
---------------------------------------------------------------------------------------------
                                              0.234872   data required time
                                             -0.464158   data arrival time
---------------------------------------------------------------------------------------------
                                              0.229286   slack (MET)


Startpoint: u_input_buffer.mem[19][3]$_DFFE_PP_
            (rising edge-triggered flip-flop clocked by clk)
Endpoint: u_input_buffer.mem[19][3]$_DFFE_PP_
          (rising edge-triggered flip-flop clocked by clk)
Path Group: clk
Path Type: min

Fanout         Cap        Slew       Delay        Time   Description
---------------------------------------------------------------------------------------------
                      0.150000    0.000000    0.000000   clock clk (rise edge)
                                  0.000000    0.000000   clock network delay (ideal)
                      0.150000    0.000000    0.000000 ^ u_input_buffer.mem[19][3]$_DFFE_PP_/CLK (sg13g2_dfrbpq_1)
     2    0.005519    0.044792    0.326558    0.326558 v u_input_buffer.mem[19][3]$_DFFE_PP_/Q (sg13g2_dfrbpq_1)
                                                         u_input_buffer.mem[19][3] (net)
                      0.044792    0.000000    0.326558 v _3303_/A (sg13g2_nor2_1)
     1    0.002783    0.066393    0.088212    0.414770 ^ _3303_/Y (sg13g2_nor2_1)
                                                         _0563_ (net)
                      0.066393    0.000000    0.414770 ^ _3304_/B1 (sg13g2_a21oi_1)
     1    0.001355    0.028782    0.049497    0.464267 v _3304_/Y (sg13g2_a21oi_1)
                                                         _0131_ (net)
                      0.028782    0.000000    0.464267 v u_input_buffer.mem[19][3]$_DFFE_PP_/D (sg13g2_dfrbpq_1)
                                              0.464267   data arrival time

                      0.150000    0.000000    0.000000   clock clk (rise edge)
                                  0.000000    0.000000   clock network delay (ideal)
                                  0.250000    0.250000   clock uncertainty
                                  0.000000    0.250000   clock reconvergence pessimism
                                              0.250000 ^ u_input_buffer.mem[19][3]$_DFFE_PP_/CLK (sg13g2_dfrbpq_1)
                                 -0.015129    0.234871   library hold time
                                              0.234871   data required time
---------------------------------------------------------------------------------------------
                                              0.234871   data required time
                                             -0.464267   data arrival time
---------------------------------------------------------------------------------------------
                                              0.229396   slack (MET)


Startpoint: u_input_buffer.mem[27][2]$_DFFE_PP_
            (rising edge-triggered flip-flop clocked by clk)
Endpoint: u_input_buffer.mem[27][2]$_DFFE_PP_
          (rising edge-triggered flip-flop clocked by clk)
Path Group: clk
Path Type: min

Fanout         Cap        Slew       Delay        Time   Description
---------------------------------------------------------------------------------------------
                      0.150000    0.000000    0.000000   clock clk (rise edge)
                                  0.000000    0.000000   clock network delay (ideal)
                      0.150000    0.000000    0.000000 ^ u_input_buffer.mem[27][2]$_DFFE_PP_/CLK (sg13g2_dfrbpq_1)
     2    0.005519    0.044792    0.326558    0.326558 v u_input_buffer.mem[27][2]$_DFFE_PP_/Q (sg13g2_dfrbpq_1)
                                                         u_input_buffer.mem[27][2] (net)
                      0.044792    0.000000    0.326558 v _3456_/A (sg13g2_nor2_1)
     1    0.002783    0.066393    0.088212    0.414770 ^ _3456_/Y (sg13g2_nor2_1)
                                                         _0645_ (net)
                      0.066393    0.000000    0.414770 ^ _3457_/B1 (sg13g2_a21oi_1)
     1    0.001355    0.028782    0.049497    0.464267 v _3457_/Y (sg13g2_a21oi_1)
                                                         _0202_ (net)
                      0.028782    0.000000    0.464267 v u_input_buffer.mem[27][2]$_DFFE_PP_/D (sg13g2_dfrbpq_1)
                                              0.464267   data arrival time

                      0.150000    0.000000    0.000000   clock clk (rise edge)
                                  0.000000    0.000000   clock network delay (ideal)
                                  0.250000    0.250000   clock uncertainty
                                  0.000000    0.250000   clock reconvergence pessimism
                                              0.250000 ^ u_input_buffer.mem[27][2]$_DFFE_PP_/CLK (sg13g2_dfrbpq_1)
                                 -0.015129    0.234871   library hold time
                                              0.234871   data required time
---------------------------------------------------------------------------------------------
                                              0.234871   data required time
                                             -0.464267   data arrival time
---------------------------------------------------------------------------------------------
                                              0.229396   slack (MET)


Startpoint: u_input_buffer.mem[27][4]$_DFFE_PP_
            (rising edge-triggered flip-flop clocked by clk)
Endpoint: u_input_buffer.mem[27][4]$_DFFE_PP_
          (rising edge-triggered flip-flop clocked by clk)
Path Group: clk
Path Type: min

Fanout         Cap        Slew       Delay        Time   Description
---------------------------------------------------------------------------------------------
                      0.150000    0.000000    0.000000   clock clk (rise edge)
                                  0.000000    0.000000   clock network delay (ideal)
                      0.150000    0.000000    0.000000 ^ u_input_buffer.mem[27][4]$_DFFE_PP_/CLK (sg13g2_dfrbpq_1)
     2    0.005519    0.044792    0.326558    0.326558 v u_input_buffer.mem[27][4]$_DFFE_PP_/Q (sg13g2_dfrbpq_1)
                                                         u_input_buffer.mem[27][4] (net)
                      0.044792    0.000000    0.326558 v _3460_/A (sg13g2_nor2_1)
     1    0.002783    0.066393    0.088212    0.414770 ^ _3460_/Y (sg13g2_nor2_1)
                                                         _0647_ (net)
                      0.066393    0.000000    0.414770 ^ _3461_/B1 (sg13g2_a21oi_1)
     1    0.001355    0.028782    0.049497    0.464267 v _3461_/Y (sg13g2_a21oi_1)
                                                         _0204_ (net)
                      0.028782    0.000000    0.464267 v u_input_buffer.mem[27][4]$_DFFE_PP_/D (sg13g2_dfrbpq_1)
                                              0.464267   data arrival time

                      0.150000    0.000000    0.000000   clock clk (rise edge)
                                  0.000000    0.000000   clock network delay (ideal)
                                  0.250000    0.250000   clock uncertainty
                                  0.000000    0.250000   clock reconvergence pessimism
                                              0.250000 ^ u_input_buffer.mem[27][4]$_DFFE_PP_/CLK (sg13g2_dfrbpq_1)
                                 -0.015129    0.234871   library hold time
                                              0.234871   data required time
---------------------------------------------------------------------------------------------
                                              0.234871   data required time
                                             -0.464267   data arrival time
---------------------------------------------------------------------------------------------
                                              0.229396   slack (MET)


Startpoint: u_input_buffer.mem[27][5]$_DFFE_PP_
            (rising edge-triggered flip-flop clocked by clk)
Endpoint: u_input_buffer.mem[27][5]$_DFFE_PP_
          (rising edge-triggered flip-flop clocked by clk)
Path Group: clk
Path Type: min

Fanout         Cap        Slew       Delay        Time   Description
---------------------------------------------------------------------------------------------
                      0.150000    0.000000    0.000000   clock clk (rise edge)
                                  0.000000    0.000000   clock network delay (ideal)
                      0.150000    0.000000    0.000000 ^ u_input_buffer.mem[27][5]$_DFFE_PP_/CLK (sg13g2_dfrbpq_1)
     2    0.005519    0.044792    0.326558    0.326558 v u_input_buffer.mem[27][5]$_DFFE_PP_/Q (sg13g2_dfrbpq_1)
                                                         u_input_buffer.mem[27][5] (net)
                      0.044792    0.000000    0.326558 v _3462_/A (sg13g2_nor2_1)
     1    0.002783    0.066393    0.088212    0.414770 ^ _3462_/Y (sg13g2_nor2_1)
                                                         _0648_ (net)
                      0.066393    0.000000    0.414770 ^ _3463_/B1 (sg13g2_a21oi_1)
     1    0.001355    0.028782    0.049497    0.464267 v _3463_/Y (sg13g2_a21oi_1)
                                                         _0205_ (net)
                      0.028782    0.000000    0.464267 v u_input_buffer.mem[27][5]$_DFFE_PP_/D (sg13g2_dfrbpq_1)
                                              0.464267   data arrival time

                      0.150000    0.000000    0.000000   clock clk (rise edge)
                                  0.000000    0.000000   clock network delay (ideal)
                                  0.250000    0.250000   clock uncertainty
                                  0.000000    0.250000   clock reconvergence pessimism
                                              0.250000 ^ u_input_buffer.mem[27][5]$_DFFE_PP_/CLK (sg13g2_dfrbpq_1)
                                 -0.015129    0.234871   library hold time
                                              0.234871   data required time
---------------------------------------------------------------------------------------------
                                              0.234871   data required time
                                             -0.464267   data arrival time
---------------------------------------------------------------------------------------------
                                              0.229396   slack (MET)


Startpoint: u_input_buffer.mem[27][6]$_DFFE_PP_
            (rising edge-triggered flip-flop clocked by clk)
Endpoint: u_input_buffer.mem[27][6]$_DFFE_PP_
          (rising edge-triggered flip-flop clocked by clk)
Path Group: clk
Path Type: min

Fanout         Cap        Slew       Delay        Time   Description
---------------------------------------------------------------------------------------------
                      0.150000    0.000000    0.000000   clock clk (rise edge)
                                  0.000000    0.000000   clock network delay (ideal)
                      0.150000    0.000000    0.000000 ^ u_input_buffer.mem[27][6]$_DFFE_PP_/CLK (sg13g2_dfrbpq_1)
     2    0.005519    0.044792    0.326558    0.326558 v u_input_buffer.mem[27][6]$_DFFE_PP_/Q (sg13g2_dfrbpq_1)
                                                         u_input_buffer.mem[27][6] (net)
                      0.044792    0.000000    0.326558 v _3464_/A (sg13g2_nor2_1)
     1    0.002783    0.066393    0.088212    0.414770 ^ _3464_/Y (sg13g2_nor2_1)
                                                         _0649_ (net)
                      0.066393    0.000000    0.414770 ^ _3465_/B1 (sg13g2_a21oi_1)
     1    0.001355    0.028782    0.049497    0.464267 v _3465_/Y (sg13g2_a21oi_1)
                                                         _0206_ (net)
                      0.028782    0.000000    0.464267 v u_input_buffer.mem[27][6]$_DFFE_PP_/D (sg13g2_dfrbpq_1)
                                              0.464267   data arrival time

                      0.150000    0.000000    0.000000   clock clk (rise edge)
                                  0.000000    0.000000   clock network delay (ideal)
                                  0.250000    0.250000   clock uncertainty
                                  0.000000    0.250000   clock reconvergence pessimism
                                              0.250000 ^ u_input_buffer.mem[27][6]$_DFFE_PP_/CLK (sg13g2_dfrbpq_1)
                                 -0.015129    0.234871   library hold time
                                              0.234871   data required time
---------------------------------------------------------------------------------------------
                                              0.234871   data required time
                                             -0.464267   data arrival time
---------------------------------------------------------------------------------------------
                                              0.229396   slack (MET)


Startpoint: u_input_buffer.mem[27][7]$_DFFE_PP_
            (rising edge-triggered flip-flop clocked by clk)
Endpoint: u_input_buffer.mem[27][7]$_DFFE_PP_
          (rising edge-triggered flip-flop clocked by clk)
Path Group: clk
Path Type: min

Fanout         Cap        Slew       Delay        Time   Description
---------------------------------------------------------------------------------------------
                      0.150000    0.000000    0.000000   clock clk (rise edge)
                                  0.000000    0.000000   clock network delay (ideal)
                      0.150000    0.000000    0.000000 ^ u_input_buffer.mem[27][7]$_DFFE_PP_/CLK (sg13g2_dfrbpq_1)
     2    0.005519    0.044792    0.326558    0.326558 v u_input_buffer.mem[27][7]$_DFFE_PP_/Q (sg13g2_dfrbpq_1)
                                                         u_input_buffer.mem[27][7] (net)
                      0.044792    0.000000    0.326558 v _3466_/A (sg13g2_nor2_1)
     1    0.002783    0.066393    0.088212    0.414770 ^ _3466_/Y (sg13g2_nor2_1)
                                                         _0650_ (net)
                      0.066393    0.000000    0.414770 ^ _3467_/B1 (sg13g2_a21oi_1)
     1    0.001355    0.028782    0.049497    0.464267 v _3467_/Y (sg13g2_a21oi_1)
                                                         _0207_ (net)
                      0.028782    0.000000    0.464267 v u_input_buffer.mem[27][7]$_DFFE_PP_/D (sg13g2_dfrbpq_1)
                                              0.464267   data arrival time

                      0.150000    0.000000    0.000000   clock clk (rise edge)
                                  0.000000    0.000000   clock network delay (ideal)
                                  0.250000    0.250000   clock uncertainty
                                  0.000000    0.250000   clock reconvergence pessimism
                                              0.250000 ^ u_input_buffer.mem[27][7]$_DFFE_PP_/CLK (sg13g2_dfrbpq_1)
                                 -0.015129    0.234871   library hold time
                                              0.234871   data required time
---------------------------------------------------------------------------------------------
                                              0.234871   data required time
                                             -0.464267   data arrival time
---------------------------------------------------------------------------------------------
                                              0.229396   slack (MET)


Startpoint: u_input_buffer.mem[23][3]$_DFFE_PP_
            (rising edge-triggered flip-flop clocked by clk)
Endpoint: u_input_buffer.mem[23][3]$_DFFE_PP_
          (rising edge-triggered flip-flop clocked by clk)
Path Group: clk
Path Type: min

Fanout         Cap        Slew       Delay        Time   Description
---------------------------------------------------------------------------------------------
                      0.150000    0.000000    0.000000   clock clk (rise edge)
                                  0.000000    0.000000   clock network delay (ideal)
                      0.150000    0.000000    0.000000 ^ u_input_buffer.mem[23][3]$_DFFE_PP_/CLK (sg13g2_dfrbpq_1)
     2    0.005523    0.044812    0.326575    0.326575 v u_input_buffer.mem[23][3]$_DFFE_PP_/Q (sg13g2_dfrbpq_1)
                                                         u_input_buffer.mem[23][3] (net)
                      0.044812    0.000000    0.326575 v _3389_/A (sg13g2_nor2_1)
     1    0.002783    0.066395    0.088220    0.414795 ^ _3389_/Y (sg13g2_nor2_1)
                                                         _0609_ (net)
                      0.066395    0.000000    0.414795 ^ _3390_/B1 (sg13g2_a21oi_1)
     1    0.001355    0.028782    0.049498    0.464293 v _3390_/Y (sg13g2_a21oi_1)
                                                         _0171_ (net)
                      0.028782    0.000000    0.464293 v u_input_buffer.mem[23][3]$_DFFE_PP_/D (sg13g2_dfrbpq_1)
                                              0.464293   data arrival time

                      0.150000    0.000000    0.000000   clock clk (rise edge)
                                  0.000000    0.000000   clock network delay (ideal)
                                  0.250000    0.250000   clock uncertainty
                                  0.000000    0.250000   clock reconvergence pessimism
                                              0.250000 ^ u_input_buffer.mem[23][3]$_DFFE_PP_/CLK (sg13g2_dfrbpq_1)
                                 -0.015129    0.234871   library hold time
                                              0.234871   data required time
---------------------------------------------------------------------------------------------
                                              0.234871   data required time
                                             -0.464293   data arrival time
---------------------------------------------------------------------------------------------
                                              0.229422   slack (MET)


Startpoint: u_input_buffer.mem[15][5]$_DFFE_PP_
            (rising edge-triggered flip-flop clocked by clk)
Endpoint: u_input_buffer.mem[15][5]$_DFFE_PP_
          (rising edge-triggered flip-flop clocked by clk)
Path Group: clk
Path Type: min

Fanout         Cap        Slew       Delay        Time   Description
---------------------------------------------------------------------------------------------
                      0.150000    0.000000    0.000000   clock clk (rise edge)
                                  0.000000    0.000000   clock network delay (ideal)
                      0.150000    0.000000    0.000000 ^ u_input_buffer.mem[15][5]$_DFFE_PP_/CLK (sg13g2_dfrbpq_1)
     2    0.005813    0.046192    0.327744    0.327744 v u_input_buffer.mem[15][5]$_DFFE_PP_/Q (sg13g2_dfrbpq_1)
                                                         u_input_buffer.mem[15][5] (net)
                      0.046192    0.000000    0.327744 v _3237_/A (sg13g2_nor2_1)
     1    0.002783    0.066502    0.088770    0.416514 ^ _3237_/Y (sg13g2_nor2_1)
                                                         _0527_ (net)
                      0.066502    0.000000    0.416514 ^ _3238_/B1 (sg13g2_a21oi_1)
     1    0.001355    0.028805    0.049538    0.466052 v _3238_/Y (sg13g2_a21oi_1)
                                                         _0101_ (net)
                      0.028805    0.000000    0.466052 v u_input_buffer.mem[15][5]$_DFFE_PP_/D (sg13g2_dfrbpq_1)
                                              0.466052   data arrival time

                      0.150000    0.000000    0.000000   clock clk (rise edge)
                                  0.000000    0.000000   clock network delay (ideal)
                                  0.250000    0.250000   clock uncertainty
                                  0.000000    0.250000   clock reconvergence pessimism
                                              0.250000 ^ u_input_buffer.mem[15][5]$_DFFE_PP_/CLK (sg13g2_dfrbpq_1)
                                 -0.015138    0.234862   library hold time
                                              0.234862   data required time
---------------------------------------------------------------------------------------------
                                              0.234862   data required time
                                             -0.466052   data arrival time
---------------------------------------------------------------------------------------------
                                              0.231190   slack (MET)


Startpoint: u_input_buffer.mem[15][6]$_DFFE_PP_
            (rising edge-triggered flip-flop clocked by clk)
Endpoint: u_input_buffer.mem[15][6]$_DFFE_PP_
          (rising edge-triggered flip-flop clocked by clk)
Path Group: clk
Path Type: min

Fanout         Cap        Slew       Delay        Time   Description
---------------------------------------------------------------------------------------------
                      0.150000    0.000000    0.000000   clock clk (rise edge)
                                  0.000000    0.000000   clock network delay (ideal)
                      0.150000    0.000000    0.000000 ^ u_input_buffer.mem[15][6]$_DFFE_PP_/CLK (sg13g2_dfrbpq_1)
     2    0.005813    0.046192    0.327744    0.327744 v u_input_buffer.mem[15][6]$_DFFE_PP_/Q (sg13g2_dfrbpq_1)
                                                         u_input_buffer.mem[15][6] (net)
                      0.046192    0.000000    0.327744 v _3239_/A (sg13g2_nor2_1)
     1    0.002783    0.066502    0.088770    0.416514 ^ _3239_/Y (sg13g2_nor2_1)
                                                         _0528_ (net)
                      0.066502    0.000000    0.416514 ^ _3240_/B1 (sg13g2_a21oi_1)
     1    0.001355    0.028805    0.049538    0.466052 v _3240_/Y (sg13g2_a21oi_1)
                                                         _0102_ (net)
                      0.028805    0.000000    0.466052 v u_input_buffer.mem[15][6]$_DFFE_PP_/D (sg13g2_dfrbpq_1)
                                              0.466052   data arrival time

                      0.150000    0.000000    0.000000   clock clk (rise edge)
                                  0.000000    0.000000   clock network delay (ideal)
                                  0.250000    0.250000   clock uncertainty
                                  0.000000    0.250000   clock reconvergence pessimism
                                              0.250000 ^ u_input_buffer.mem[15][6]$_DFFE_PP_/CLK (sg13g2_dfrbpq_1)
                                 -0.015138    0.234862   library hold time
                                              0.234862   data required time
---------------------------------------------------------------------------------------------
                                              0.234862   data required time
                                             -0.466052   data arrival time
---------------------------------------------------------------------------------------------
                                              0.231190   slack (MET)


Startpoint: u_input_buffer.mem[19][7]$_DFFE_PP_
            (rising edge-triggered flip-flop clocked by clk)
Endpoint: u_input_buffer.mem[19][7]$_DFFE_PP_
          (rising edge-triggered flip-flop clocked by clk)
Path Group: clk
Path Type: min

Fanout         Cap        Slew       Delay        Time   Description
---------------------------------------------------------------------------------------------
                      0.150000    0.000000    0.000000   clock clk (rise edge)
                                  0.000000    0.000000   clock network delay (ideal)
                      0.150000    0.000000    0.000000 ^ u_input_buffer.mem[19][7]$_DFFE_PP_/CLK (sg13g2_dfrbpq_1)
     2    0.005813    0.046192    0.327744    0.327744 v u_input_buffer.mem[19][7]$_DFFE_PP_/Q (sg13g2_dfrbpq_1)
                                                         u_input_buffer.mem[19][7] (net)
                      0.046192    0.000000    0.327744 v _3311_/A (sg13g2_nor2_1)
     1    0.002783    0.066502    0.088770    0.416514 ^ _3311_/Y (sg13g2_nor2_1)
                                                         _0567_ (net)
                      0.066502    0.000000    0.416514 ^ _3312_/B1 (sg13g2_a21oi_1)
     1    0.001355    0.028805    0.049538    0.466052 v _3312_/Y (sg13g2_a21oi_1)
                                                         _0135_ (net)
                      0.028805    0.000000    0.466052 v u_input_buffer.mem[19][7]$_DFFE_PP_/D (sg13g2_dfrbpq_1)
                                              0.466052   data arrival time

                      0.150000    0.000000    0.000000   clock clk (rise edge)
                                  0.000000    0.000000   clock network delay (ideal)
                                  0.250000    0.250000   clock uncertainty
                                  0.000000    0.250000   clock reconvergence pessimism
                                              0.250000 ^ u_input_buffer.mem[19][7]$_DFFE_PP_/CLK (sg13g2_dfrbpq_1)
                                 -0.015138    0.234862   library hold time
                                              0.234862   data required time
---------------------------------------------------------------------------------------------
                                              0.234862   data required time
                                             -0.466052   data arrival time
---------------------------------------------------------------------------------------------
                                              0.231190   slack (MET)


Startpoint: u_input_buffer.mem[3][4]$_DFFE_PP_
            (rising edge-triggered flip-flop clocked by clk)
Endpoint: u_input_buffer.mem[3][4]$_DFFE_PP_
          (rising edge-triggered flip-flop clocked by clk)
Path Group: clk
Path Type: min

Fanout         Cap        Slew       Delay        Time   Description
---------------------------------------------------------------------------------------------
                      0.150000    0.000000    0.000000   clock clk (rise edge)
                                  0.000000    0.000000   clock network delay (ideal)
                      0.150000    0.000000    0.000000 ^ u_input_buffer.mem[3][4]$_DFFE_PP_/CLK (sg13g2_dfrbpq_1)
     2    0.005813    0.046192    0.327744    0.327744 v u_input_buffer.mem[3][4]$_DFFE_PP_/Q (sg13g2_dfrbpq_1)
                                                         u_input_buffer.mem[3][4] (net)
                      0.046192    0.000000    0.327744 v _3562_/A (sg13g2_nor2_1)
     1    0.002783    0.066502    0.088770    0.416514 ^ _3562_/Y (sg13g2_nor2_1)
                                                         _0701_ (net)
                      0.066502    0.000000    0.416514 ^ _3563_/B1 (sg13g2_a21oi_1)
     1    0.001355    0.028805    0.049538    0.466052 v _3563_/Y (sg13g2_a21oi_1)
                                                         _0252_ (net)
                      0.028805    0.000000    0.466052 v u_input_buffer.mem[3][4]$_DFFE_PP_/D (sg13g2_dfrbpq_1)
                                              0.466052   data arrival time

                      0.150000    0.000000    0.000000   clock clk (rise edge)
                                  0.000000    0.000000   clock network delay (ideal)
                                  0.250000    0.250000   clock uncertainty
                                  0.000000    0.250000   clock reconvergence pessimism
                                              0.250000 ^ u_input_buffer.mem[3][4]$_DFFE_PP_/CLK (sg13g2_dfrbpq_1)
                                 -0.015138    0.234862   library hold time
                                              0.234862   data required time
---------------------------------------------------------------------------------------------
                                              0.234862   data required time
                                             -0.466052   data arrival time
---------------------------------------------------------------------------------------------
                                              0.231190   slack (MET)


Startpoint: u_input_buffer.mem[7][2]$_DFFE_PP_
            (rising edge-triggered flip-flop clocked by clk)
Endpoint: u_input_buffer.mem[7][2]$_DFFE_PP_
          (rising edge-triggered flip-flop clocked by clk)
Path Group: clk
Path Type: min

Fanout         Cap        Slew       Delay        Time   Description
---------------------------------------------------------------------------------------------
                      0.150000    0.000000    0.000000   clock clk (rise edge)
                                  0.000000    0.000000   clock network delay (ideal)
                      0.150000    0.000000    0.000000 ^ u_input_buffer.mem[7][2]$_DFFE_PP_/CLK (sg13g2_dfrbpq_1)
     2    0.005813    0.046192    0.327744    0.327744 v u_input_buffer.mem[7][2]$_DFFE_PP_/Q (sg13g2_dfrbpq_1)
                                                         u_input_buffer.mem[7][2] (net)
                      0.046192    0.000000    0.327744 v _3627_/A (sg13g2_nor2_1)
     1    0.002783    0.066502    0.088770    0.416514 ^ _3627_/Y (sg13g2_nor2_1)
                                                         _0736_ (net)
                      0.066502    0.000000    0.416514 ^ _3628_/B1 (sg13g2_a21oi_1)
     1    0.001355    0.028805    0.049538    0.466052 v _3628_/Y (sg13g2_a21oi_1)
                                                         _0282_ (net)
                      0.028805    0.000000    0.466052 v u_input_buffer.mem[7][2]$_DFFE_PP_/D (sg13g2_dfrbpq_1)
                                              0.466052   data arrival time

                      0.150000    0.000000    0.000000   clock clk (rise edge)
                                  0.000000    0.000000   clock network delay (ideal)
                                  0.250000    0.250000   clock uncertainty
                                  0.000000    0.250000   clock reconvergence pessimism
                                              0.250000 ^ u_input_buffer.mem[7][2]$_DFFE_PP_/CLK (sg13g2_dfrbpq_1)
                                 -0.015138    0.234862   library hold time
                                              0.234862   data required time
---------------------------------------------------------------------------------------------
                                              0.234862   data required time
                                             -0.466052   data arrival time
---------------------------------------------------------------------------------------------
                                              0.231190   slack (MET)


Startpoint: u_mac_3.temp_res[17]$_SDFF_PP0_
            (rising edge-triggered flip-flop clocked by clk)
Endpoint: u_mac_3.temp_res[17]$_SDFF_PP0_
          (rising edge-triggered flip-flop clocked by clk)
Path Group: clk
Path Type: min

Fanout         Cap        Slew       Delay        Time   Description
---------------------------------------------------------------------------------------------
                      0.150000    0.000000    0.000000   clock clk (rise edge)
                                  0.000000    0.000000   clock network delay (ideal)
                      0.150000    0.000000    0.000000 ^ u_mac_3.temp_res[17]$_SDFF_PP0_/CLK (sg13g2_dfrbpq_1)
     2    0.007889    0.056048    0.336098    0.336098 v u_mac_3.temp_res[17]$_SDFF_PP0_/Q (sg13g2_dfrbpq_1)
                                                         u_mac_3.temp_res[17] (net)
                      0.056048    0.000000    0.336098 v _4953_/A (sg13g2_xnor2_1)
     1    0.002825    0.043994    0.113859    0.449957 ^ _4953_/Y (sg13g2_xnor2_1)
                                                         _1996_ (net)
                      0.043994    0.000000    0.449957 ^ _4954_/B (sg13g2_nor2_1)
     1    0.001355    0.023907    0.041368    0.491325 v _4954_/Y (sg13g2_nor2_1)
                                                         _0348_ (net)
                      0.023907    0.000000    0.491325 v u_mac_3.temp_res[17]$_SDFF_PP0_/D (sg13g2_dfrbpq_1)
                                              0.491325   data arrival time

                      0.150000    0.000000    0.000000   clock clk (rise edge)
                                  0.000000    0.000000   clock network delay (ideal)
                                  0.250000    0.250000   clock uncertainty
                                  0.000000    0.250000   clock reconvergence pessimism
                                              0.250000 ^ u_mac_3.temp_res[17]$_SDFF_PP0_/CLK (sg13g2_dfrbpq_1)
                                 -0.013163    0.236837   library hold time
                                              0.236837   data required time
---------------------------------------------------------------------------------------------
                                              0.236837   data required time
                                             -0.491325   data arrival time
---------------------------------------------------------------------------------------------
                                              0.254488   slack (MET)


Startpoint: u_ctrl.res_idx_r[2]$_SDFFE_PP0P_
            (rising edge-triggered flip-flop clocked by clk)
Endpoint: u_ctrl.res_idx_r[2]$_SDFFE_PP0P_
          (rising edge-triggered flip-flop clocked by clk)
Path Group: clk
Path Type: min

Fanout         Cap        Slew       Delay        Time   Description
---------------------------------------------------------------------------------------------
                      0.150000    0.000000    0.000000   clock clk (rise edge)
                                  0.000000    0.000000   clock network delay (ideal)
                      0.150000    0.000000    0.000000 ^ u_ctrl.res_idx_r[2]$_SDFFE_PP0P_/CLK (sg13g2_dfrbpq_1)
     3    0.007890    0.056052    0.336101    0.336101 v u_ctrl.res_idx_r[2]$_SDFFE_PP0P_/Q (sg13g2_dfrbpq_1)
                                                         res_index[2] (net)
                      0.056052    0.000000    0.336101 v _3086_/A (sg13g2_nor2_1)
     1    0.002844    0.068005    0.093258    0.429359 ^ _3086_/Y (sg13g2_nor2_1)
                                                         _0436_ (net)
                      0.068005    0.000000    0.429359 ^ _3088_/B (sg13g2_nor3_1)
     1    0.001355    0.033208    0.062894    0.492254 v _3088_/Y (sg13g2_nor3_1)
                                                         _0041_ (net)
                      0.033208    0.000000    0.492254 v u_ctrl.res_idx_r[2]$_SDFFE_PP0P_/D (sg13g2_dfrbpq_1)
                                              0.492254   data arrival time

                      0.150000    0.000000    0.000000   clock clk (rise edge)
                                  0.000000    0.000000   clock network delay (ideal)
                                  0.250000    0.250000   clock uncertainty
                                  0.000000    0.250000   clock reconvergence pessimism
                                              0.250000 ^ u_ctrl.res_idx_r[2]$_SDFFE_PP0P_/CLK (sg13g2_dfrbpq_1)
                                 -0.016913    0.233087   library hold time
                                              0.233087   data required time
---------------------------------------------------------------------------------------------
                                              0.233087   data required time
                                             -0.492254   data arrival time
---------------------------------------------------------------------------------------------
                                              0.259167   slack (MET)


Startpoint: ram_wrcnt[1]$_SDFFE_PP0P_
            (rising edge-triggered flip-flop clocked by clk)
Endpoint: ram_wrcnt[1]$_SDFFE_PP0P_
          (rising edge-triggered flip-flop clocked by clk)
Path Group: clk
Path Type: min

Fanout         Cap        Slew       Delay        Time   Description
---------------------------------------------------------------------------------------------
                      0.150000    0.000000    0.000000   clock clk (rise edge)
                                  0.000000    0.000000   clock network delay (ideal)
                      0.150000    0.000000    0.000000 ^ ram_wrcnt[1]$_SDFFE_PP0P_/CLK (sg13g2_dfrbpq_1)
     6    0.015484    0.092109    0.366661    0.366661 v ram_wrcnt[1]$_SDFFE_PP0P_/Q (sg13g2_dfrbpq_1)
                                                         ram_wrcnt[1] (net)
                      0.092109    0.000000    0.366661 v _5509_/B1 (sg13g2_a21oi_1)
     1    0.002825    0.061856    0.082129    0.448790 ^ _5509_/Y (sg13g2_a21oi_1)
                                                         _2506_ (net)
                      0.061856    0.000000    0.448790 ^ _5510_/B (sg13g2_nor2_1)
     1    0.001355    0.027668    0.048059    0.496849 v _5510_/Y (sg13g2_nor2_1)
                                                         _0008_ (net)
                      0.027668    0.000000    0.496849 v ram_wrcnt[1]$_SDFFE_PP0P_/D (sg13g2_dfrbpq_1)
                                              0.496849   data arrival time

                      0.150000    0.000000    0.000000   clock clk (rise edge)
                                  0.000000    0.000000   clock network delay (ideal)
                                  0.250000    0.250000   clock uncertainty
                                  0.000000    0.250000   clock reconvergence pessimism
                                              0.250000 ^ ram_wrcnt[1]$_SDFFE_PP0P_/CLK (sg13g2_dfrbpq_1)
                                 -0.014679    0.235321   library hold time
                                              0.235321   data required time
---------------------------------------------------------------------------------------------
                                              0.235321   data required time
                                             -0.496849   data arrival time
---------------------------------------------------------------------------------------------
                                              0.261528   slack (MET)


Startpoint: u_mac_3.temp_res[16]$_SDFF_PP0_
            (rising edge-triggered flip-flop clocked by clk)
Endpoint: u_mac_3.temp_res[16]$_SDFF_PP0_
          (rising edge-triggered flip-flop clocked by clk)
Path Group: clk
Path Type: min

Fanout         Cap        Slew       Delay        Time   Description
---------------------------------------------------------------------------------------------
                      0.150000    0.000000    0.000000   clock clk (rise edge)
                                  0.000000    0.000000   clock network delay (ideal)
                      0.150000    0.000000    0.000000 ^ u_mac_3.temp_res[16]$_SDFF_PP0_/CLK (sg13g2_dfrbpq_1)
     3    0.008269    0.057852    0.337626    0.337626 v u_mac_3.temp_res[16]$_SDFF_PP0_/Q (sg13g2_dfrbpq_1)
                                                         u_mac_3.temp_res[16] (net)
                      0.057852    0.000000    0.337626 v _4950_/A (sg13g2_nor2_1)
     1    0.002844    0.068143    0.093975    0.431602 ^ _4950_/Y (sg13g2_nor2_1)
                                                         _1994_ (net)
                      0.068143    0.000000    0.431602 ^ _4952_/B (sg13g2_nor3_1)
     1    0.001355    0.036584    0.062959    0.494561 v _4952_/Y (sg13g2_nor3_1)
                                                         _0347_ (net)
                      0.036584    0.000000    0.494561 v u_mac_3.temp_res[16]$_SDFF_PP0_/D (sg13g2_dfrbpq_1)
                                              0.494561   data arrival time

                      0.150000    0.000000    0.000000   clock clk (rise edge)
                                  0.000000    0.000000   clock network delay (ideal)
                                  0.250000    0.250000   clock uncertainty
                                  0.000000    0.250000   clock reconvergence pessimism
                                              0.250000 ^ u_mac_3.temp_res[16]$_SDFF_PP0_/CLK (sg13g2_dfrbpq_1)
                                 -0.018275    0.231725   library hold time
                                              0.231725   data required time
---------------------------------------------------------------------------------------------
                                              0.231725   data required time
                                             -0.494561   data arrival time
---------------------------------------------------------------------------------------------
                                              0.262835   slack (MET)


Startpoint: u_mac_4.temp_res[16]$_SDFF_PP0_
            (rising edge-triggered flip-flop clocked by clk)
Endpoint: u_mac_4.temp_res[16]$_SDFF_PP0_
          (rising edge-triggered flip-flop clocked by clk)
Path Group: clk
Path Type: min

Fanout         Cap        Slew       Delay        Time   Description
---------------------------------------------------------------------------------------------
                      0.150000    0.000000    0.000000   clock clk (rise edge)
                                  0.000000    0.000000   clock network delay (ideal)
                      0.150000    0.000000    0.000000 ^ u_mac_4.temp_res[16]$_SDFF_PP0_/CLK (sg13g2_dfrbpq_1)
     4    0.010730    0.069537    0.347531    0.347531 v u_mac_4.temp_res[16]$_SDFF_PP0_/Q (sg13g2_dfrbpq_1)
                                                         u_mac_4.temp_res[16] (net)
                      0.069537    0.000000    0.347531 v _5418_/A (sg13g2_inv_1)
     2    0.006062    0.058292    0.071102    0.418633 ^ _5418_/Y (sg13g2_inv_1)
                                                         _2433_ (net)
                      0.058292    0.000000    0.418633 ^ _5371_/A1 (sg13g2_a21oi_1)
     1    0.001355    0.035403    0.079691    0.498324 v _5371_/Y (sg13g2_a21oi_1)
                                                         _0365_ (net)
                      0.035403    0.000000    0.498324 v u_mac_4.temp_res[16]$_SDFF_PP0_/D (sg13g2_dfrbpq_1)
                                              0.498324   data arrival time

                      0.150000    0.000000    0.000000   clock clk (rise edge)
                                  0.000000    0.000000   clock network delay (ideal)
                                  0.250000    0.250000   clock uncertainty
                                  0.000000    0.250000   clock reconvergence pessimism
                                              0.250000 ^ u_mac_4.temp_res[16]$_SDFF_PP0_/CLK (sg13g2_dfrbpq_1)
                                 -0.017799    0.232202   library hold time
                                              0.232202   data required time
---------------------------------------------------------------------------------------------
                                              0.232202   data required time
                                             -0.498324   data arrival time
---------------------------------------------------------------------------------------------
                                              0.266123   slack (MET)


Startpoint: u_ctrl.state[1]$_DFF_P_
            (rising edge-triggered flip-flop clocked by clk)
Endpoint: u_ctrl.col_j[0]$_SDFFE_PP0P_
          (rising edge-triggered flip-flop clocked by clk)
Path Group: clk
Path Type: min

Fanout         Cap        Slew       Delay        Time   Description
---------------------------------------------------------------------------------------------
                      0.150000    0.000000    0.000000   clock clk (rise edge)
                                  0.000000    0.000000   clock network delay (ideal)
                      0.150000    0.000000    0.000000 ^ u_ctrl.state[1]$_DFF_P_/CLK (sg13g2_dfrbpq_1)
     4    0.010593    0.068884    0.346977    0.346977 v u_ctrl.state[1]$_DFF_P_/Q (sg13g2_dfrbpq_1)
                                                         u_ctrl.state[1] (net)
                      0.068884    0.000000    0.346977 v _5645_/A (sg13g2_nor2_1)
     1    0.002803    0.068497    0.097999    0.444976 ^ _5645_/Y (sg13g2_nor2_1)
                                                         _0420_ (net)
                      0.068497    0.000000    0.444976 ^ _5646_/C (sg13g2_nor3_1)
     1    0.001355    0.031934    0.055046    0.500022 v _5646_/Y (sg13g2_nor3_1)
                                                         _0028_ (net)
                      0.031934    0.000000    0.500022 v u_ctrl.col_j[0]$_SDFFE_PP0P_/D (sg13g2_dfrbpq_1)
                                              0.500022   data arrival time

                      0.150000    0.000000    0.000000   clock clk (rise edge)
                                  0.000000    0.000000   clock network delay (ideal)
                                  0.250000    0.250000   clock uncertainty
                                  0.000000    0.250000   clock reconvergence pessimism
                                              0.250000 ^ u_ctrl.col_j[0]$_SDFFE_PP0P_/CLK (sg13g2_dfrbpq_1)
                                 -0.016400    0.233600   library hold time
                                              0.233600   data required time
---------------------------------------------------------------------------------------------
                                              0.233600   data required time
                                             -0.500022   data arrival time
---------------------------------------------------------------------------------------------
                                              0.266422   slack (MET)


Startpoint: u_mac_1.temp_res[16]$_SDFF_PP0_
            (rising edge-triggered flip-flop clocked by clk)
Endpoint: u_mac_1.temp_res[16]$_SDFF_PP0_
          (rising edge-triggered flip-flop clocked by clk)
Path Group: clk
Path Type: min

Fanout         Cap        Slew       Delay        Time   Description
---------------------------------------------------------------------------------------------
                      0.150000    0.000000    0.000000   clock clk (rise edge)
                                  0.000000    0.000000   clock network delay (ideal)
                      0.150000    0.000000    0.000000 ^ u_mac_1.temp_res[16]$_SDFF_PP0_/CLK (sg13g2_dfrbpq_1)
     4    0.010866    0.070181    0.348076    0.348076 v u_mac_1.temp_res[16]$_SDFF_PP0_/Q (sg13g2_dfrbpq_1)
                                                         u_mac_1.temp_res[16] (net)
                      0.070181    0.000000    0.348076 v _5417_/A (sg13g2_inv_1)
     2    0.006062    0.058408    0.071359    0.419435 ^ _5417_/Y (sg13g2_inv_1)
                                                         _2432_ (net)
                      0.058408    0.000000    0.419435 ^ _4139_/A1 (sg13g2_a21oi_1)
     1    0.001355    0.035405    0.079743    0.499178 v _4139_/Y (sg13g2_a21oi_1)
                                                         _0311_ (net)
                      0.035405    0.000000    0.499178 v u_mac_1.temp_res[16]$_SDFF_PP0_/D (sg13g2_dfrbpq_1)
                                              0.499178   data arrival time

                      0.150000    0.000000    0.000000   clock clk (rise edge)
                                  0.000000    0.000000   clock network delay (ideal)
                                  0.250000    0.250000   clock uncertainty
                                  0.000000    0.250000   clock reconvergence pessimism
                                              0.250000 ^ u_mac_1.temp_res[16]$_SDFF_PP0_/CLK (sg13g2_dfrbpq_1)
                                 -0.017799    0.232201   library hold time
                                              0.232201   data required time
---------------------------------------------------------------------------------------------
                                              0.232201   data required time
                                             -0.499178   data arrival time
---------------------------------------------------------------------------------------------
                                              0.266977   slack (MET)


Startpoint: u_mac_2.temp_res[15]$_SDFF_PP0_
            (rising edge-triggered flip-flop clocked by clk)
Endpoint: u_mac_2.temp_res[15]$_SDFF_PP0_
          (rising edge-triggered flip-flop clocked by clk)
Path Group: clk
Path Type: min

Fanout         Cap        Slew       Delay        Time   Description
---------------------------------------------------------------------------------------------
                      0.150000    0.000000    0.000000   clock clk (rise edge)
                                  0.000000    0.000000   clock network delay (ideal)
                      0.150000    0.000000    0.000000 ^ u_mac_2.temp_res[15]$_SDFF_PP0_/CLK (sg13g2_dfrbpq_1)
     4    0.010977    0.070711    0.348525    0.348525 v u_mac_2.temp_res[15]$_SDFF_PP0_/Q (sg13g2_dfrbpq_1)
                                                         u_mac_2.temp_res[15] (net)
                      0.070711    0.000000    0.348525 v _4539_/A (sg13g2_nor2_1)
     1    0.002853    0.069247    0.099188    0.447714 ^ _4539_/Y (sg13g2_nor2_1)
                                                         _1602_ (net)
                      0.069247    0.000000    0.447714 ^ _4542_/A (sg13g2_nor2_1)
     1    0.001355    0.024636    0.058825    0.506539 v _4542_/Y (sg13g2_nor2_1)
                                                         _0328_ (net)
                      0.024636    0.000000    0.506539 v u_mac_2.temp_res[15]$_SDFF_PP0_/D (sg13g2_dfrbpq_1)
                                              0.506539   data arrival time

                      0.150000    0.000000    0.000000   clock clk (rise edge)
                                  0.000000    0.000000   clock network delay (ideal)
                                  0.250000    0.250000   clock uncertainty
                                  0.000000    0.250000   clock reconvergence pessimism
                                              0.250000 ^ u_mac_2.temp_res[15]$_SDFF_PP0_/CLK (sg13g2_dfrbpq_1)
                                 -0.013457    0.236543   library hold time
                                              0.236543   data required time
---------------------------------------------------------------------------------------------
                                              0.236543   data required time
                                             -0.506539   data arrival time
---------------------------------------------------------------------------------------------
                                              0.269996   slack (MET)


Startpoint: u_ctrl.input_cnt[1]$_SDFFE_PP0P_
            (rising edge-triggered flip-flop clocked by clk)
Endpoint: u_ctrl.input_cnt[1]$_SDFFE_PP0P_
          (rising edge-triggered flip-flop clocked by clk)
Path Group: clk
Path Type: min

Fanout         Cap        Slew       Delay        Time   Description
---------------------------------------------------------------------------------------------
                      0.150000    0.000000    0.000000   clock clk (rise edge)
                                  0.000000    0.000000   clock network delay (ideal)
                      0.150000    0.000000    0.000000 ^ u_ctrl.input_cnt[1]$_SDFFE_PP0P_/CLK (sg13g2_dfrbpq_1)
     6    0.016097    0.095017    0.369126    0.369126 v u_ctrl.input_cnt[1]$_SDFFE_PP0P_/Q (sg13g2_dfrbpq_1)
                                                         u_ctrl.input_cnt[1] (net)
                      0.095017    0.000000    0.369126 v _5652_/B1 (sg13g2_a21oi_1)
     1    0.002803    0.062198    0.083093    0.452220 ^ _5652_/Y (sg13g2_a21oi_1)
                                                         _0423_ (net)
                      0.062198    0.000000    0.452220 ^ _5653_/C (sg13g2_nor3_1)
     1    0.001355    0.030644    0.052461    0.504680 v _5653_/Y (sg13g2_nor3_1)
                                                         _0032_ (net)
                      0.030644    0.000000    0.504680 v u_ctrl.input_cnt[1]$_SDFFE_PP0P_/D (sg13g2_dfrbpq_1)
                                              0.504680   data arrival time

                      0.150000    0.000000    0.000000   clock clk (rise edge)
                                  0.000000    0.000000   clock network delay (ideal)
                                  0.250000    0.250000   clock uncertainty
                                  0.000000    0.250000   clock reconvergence pessimism
                                              0.250000 ^ u_ctrl.input_cnt[1]$_SDFFE_PP0P_/CLK (sg13g2_dfrbpq_1)
                                 -0.015880    0.234120   library hold time
                                              0.234120   data required time
---------------------------------------------------------------------------------------------
                                              0.234120   data required time
                                             -0.504680   data arrival time
---------------------------------------------------------------------------------------------
                                              0.270560   slack (MET)


Startpoint: u_ctrl.res_idx_r[8]$_SDFFE_PP0P_
            (rising edge-triggered flip-flop clocked by clk)
Endpoint: u_ctrl.res_idx_r[8]$_SDFFE_PP0P_
          (rising edge-triggered flip-flop clocked by clk)
Path Group: clk
Path Type: min

Fanout         Cap        Slew       Delay        Time   Description
---------------------------------------------------------------------------------------------
                      0.150000    0.000000    0.000000   clock clk (rise edge)
                                  0.000000    0.000000   clock network delay (ideal)
                      0.150000    0.000000    0.000000 ^ u_ctrl.res_idx_r[8]$_SDFFE_PP0P_/CLK (sg13g2_dfrbpq_1)
     3    0.008521    0.059048    0.338641    0.338641 v u_ctrl.res_idx_r[8]$_SDFFE_PP0P_/Q (sg13g2_dfrbpq_1)
                                                         res_index[8] (net)
                      0.059048    0.000000    0.338641 v _3104_/A1 (sg13g2_o21ai_1)
     1    0.002759    0.042596    0.133579    0.472220 ^ _3104_/Y (sg13g2_o21ai_1)
                                                         _0448_ (net)
                      0.042596    0.000000    0.472220 ^ _3105_/A (sg13g2_inv_1)
     1    0.001355    0.021694    0.037428    0.509647 v _3105_/Y (sg13g2_inv_1)
                                                         _0047_ (net)
                      0.021694    0.000000    0.509647 v u_ctrl.res_idx_r[8]$_SDFFE_PP0P_/D (sg13g2_dfrbpq_1)
                                              0.509647   data arrival time

                      0.150000    0.000000    0.000000   clock clk (rise edge)
                                  0.000000    0.000000   clock network delay (ideal)
                                  0.250000    0.250000   clock uncertainty
                                  0.000000    0.250000   clock reconvergence pessimism
                                              0.250000 ^ u_ctrl.res_idx_r[8]$_SDFFE_PP0P_/CLK (sg13g2_dfrbpq_1)
                                 -0.012270    0.237730   library hold time
                                              0.237730   data required time
---------------------------------------------------------------------------------------------
                                              0.237730   data required time
                                             -0.509647   data arrival time
---------------------------------------------------------------------------------------------
                                              0.271917   slack (MET)


Startpoint: u_mac_3.temp_res[0]$_SDFF_PP0_
            (rising edge-triggered flip-flop clocked by clk)
Endpoint: u_mac_3.temp_res[1]$_SDFF_PP0_
          (rising edge-triggered flip-flop clocked by clk)
Path Group: clk
Path Type: min

Fanout         Cap        Slew       Delay        Time   Description
---------------------------------------------------------------------------------------------
                      0.150000    0.000000    0.000000   clock clk (rise edge)
                                  0.000000    0.000000   clock network delay (ideal)
                      0.150000    0.000000    0.000000 ^ u_mac_3.temp_res[0]$_SDFF_PP0_/CLK (sg13g2_dfrbpq_1)
     3    0.008117    0.057131    0.337016    0.337016 v u_mac_3.temp_res[0]$_SDFF_PP0_/Q (sg13g2_dfrbpq_1)
                                                         u_mac_3.temp_res[0] (net)
                      0.057131    0.000000    0.337016 v _4576_/A (sg13g2_nand3_1)
     3    0.008036    0.075806    0.084684    0.421700 ^ _4576_/Y (sg13g2_nand3_1)
                                                         _1627_ (net)
                      0.075806    0.000000    0.421700 ^ _4956_/A1 (sg13g2_a21oi_1)
     1    0.001355    0.024469    0.087510    0.509210 v _4956_/Y (sg13g2_a21oi_1)
                                                         _0349_ (net)
                      0.024469    0.000000    0.509210 v u_mac_3.temp_res[1]$_SDFF_PP0_/D (sg13g2_dfrbpq_1)
                                              0.509210   data arrival time

                      0.150000    0.000000    0.000000   clock clk (rise edge)
                                  0.000000    0.000000   clock network delay (ideal)
                                  0.250000    0.250000   clock uncertainty
                                  0.000000    0.250000   clock reconvergence pessimism
                                              0.250000 ^ u_mac_3.temp_res[1]$_SDFF_PP0_/CLK (sg13g2_dfrbpq_1)
                                 -0.013389    0.236611   library hold time
                                              0.236611   data required time
---------------------------------------------------------------------------------------------
                                              0.236611   data required time
                                             -0.509210   data arrival time
---------------------------------------------------------------------------------------------
                                              0.272599   slack (MET)


Startpoint: u_mac_2.temp_res[0]$_SDFF_PP0_
            (rising edge-triggered flip-flop clocked by clk)
Endpoint: u_mac_2.temp_res[1]$_SDFF_PP0_
          (rising edge-triggered flip-flop clocked by clk)
Path Group: clk
Path Type: min

Fanout         Cap        Slew       Delay        Time   Description
---------------------------------------------------------------------------------------------
                      0.150000    0.000000    0.000000   clock clk (rise edge)
                                  0.000000    0.000000   clock network delay (ideal)
                      0.150000    0.000000    0.000000 ^ u_mac_2.temp_res[0]$_SDFF_PP0_/CLK (sg13g2_dfrbpq_1)
     3    0.008133    0.057207    0.337080    0.337080 v u_mac_2.temp_res[0]$_SDFF_PP0_/Q (sg13g2_dfrbpq_1)
                                                         u_mac_2.temp_res[0] (net)
                      0.057207    0.000000    0.337080 v _4171_/A (sg13g2_nand3_1)
     3    0.008036    0.075818    0.084719    0.421799 ^ _4171_/Y (sg13g2_nand3_1)
                                                         _1240_ (net)
                      0.075818    0.000000    0.421799 ^ _4549_/A1 (sg13g2_a21oi_1)
     1    0.001355    0.024469    0.087515    0.509314 v _4549_/Y (sg13g2_a21oi_1)
                                                         _0331_ (net)
                      0.024469    0.000000    0.509314 v u_mac_2.temp_res[1]$_SDFF_PP0_/D (sg13g2_dfrbpq_1)
                                              0.509314   data arrival time

                      0.150000    0.000000    0.000000   clock clk (rise edge)
                                  0.000000    0.000000   clock network delay (ideal)
                                  0.250000    0.250000   clock uncertainty
                                  0.000000    0.250000   clock reconvergence pessimism
                                              0.250000 ^ u_mac_2.temp_res[1]$_SDFF_PP0_/CLK (sg13g2_dfrbpq_1)
                                 -0.013389    0.236611   library hold time
                                              0.236611   data required time
---------------------------------------------------------------------------------------------
                                              0.236611   data required time
                                             -0.509314   data arrival time
---------------------------------------------------------------------------------------------
                                              0.272704   slack (MET)


Startpoint: u_mac_4.temp_res[0]$_SDFF_PP0_
            (rising edge-triggered flip-flop clocked by clk)
Endpoint: u_mac_4.temp_res[1]$_SDFF_PP0_
          (rising edge-triggered flip-flop clocked by clk)
Path Group: clk
Path Type: min

Fanout         Cap        Slew       Delay        Time   Description
---------------------------------------------------------------------------------------------
                      0.150000    0.000000    0.000000   clock clk (rise edge)
                                  0.000000    0.000000   clock network delay (ideal)
                      0.150000    0.000000    0.000000 ^ u_mac_4.temp_res[0]$_SDFF_PP0_/CLK (sg13g2_dfrbpq_1)
     3    0.008217    0.057606    0.337418    0.337418 v u_mac_4.temp_res[0]$_SDFF_PP0_/Q (sg13g2_dfrbpq_1)
                                                         u_mac_4.temp_res[0] (net)
                      0.057606    0.000000    0.337418 v _4983_/A (sg13g2_nand3_1)
     3    0.008036    0.075879    0.084902    0.422320 ^ _4983_/Y (sg13g2_nand3_1)
                                                         _2016_ (net)
                      0.075879    0.000000    0.422320 ^ _5376_/A1 (sg13g2_a21oi_1)
     1    0.001355    0.024009    0.087543    0.509863 v _5376_/Y (sg13g2_a21oi_1)
                                                         _0367_ (net)
                      0.024009    0.000000    0.509863 v u_mac_4.temp_res[1]$_SDFF_PP0_/D (sg13g2_dfrbpq_1)
                                              0.509863   data arrival time

                      0.150000    0.000000    0.000000   clock clk (rise edge)
                                  0.000000    0.000000   clock network delay (ideal)
                                  0.250000    0.250000   clock uncertainty
                                  0.000000    0.250000   clock reconvergence pessimism
                                              0.250000 ^ u_mac_4.temp_res[1]$_SDFF_PP0_/CLK (sg13g2_dfrbpq_1)
                                 -0.013204    0.236796   library hold time
                                              0.236796   data required time
---------------------------------------------------------------------------------------------
                                              0.236796   data required time
                                             -0.509863   data arrival time
---------------------------------------------------------------------------------------------
                                              0.273067   slack (MET)


Startpoint: u_mac_2.temp_res[17]$_SDFF_PP0_
            (rising edge-triggered flip-flop clocked by clk)
Endpoint: u_mac_2.temp_res[17]$_SDFF_PP0_
          (rising edge-triggered flip-flop clocked by clk)
Path Group: clk
Path Type: min

Fanout         Cap        Slew       Delay        Time   Description
---------------------------------------------------------------------------------------------
                      0.150000    0.000000    0.000000   clock clk (rise edge)
                                  0.000000    0.000000   clock network delay (ideal)
                      0.150000    0.000000    0.000000 ^ u_mac_2.temp_res[17]$_SDFF_PP0_/CLK (sg13g2_dfrbpq_1)
     2    0.007945    0.056313    0.336323    0.336323 v u_mac_2.temp_res[17]$_SDFF_PP0_/Q (sg13g2_dfrbpq_1)
                                                         u_mac_2.temp_res[17] (net)
                      0.056313    0.000000    0.336323 v _4546_/A (sg13g2_xor2_1)
     1    0.002825    0.070099    0.120971    0.457293 ^ _4546_/X (sg13g2_xor2_1)
                                                         _1607_ (net)
                      0.070099    0.000000    0.457293 ^ _4547_/B (sg13g2_nor2_1)
     1    0.001355    0.029403    0.051146    0.508439 v _4547_/Y (sg13g2_nor2_1)
                                                         _0330_ (net)
                      0.029403    0.000000    0.508439 v u_mac_2.temp_res[17]$_SDFF_PP0_/D (sg13g2_dfrbpq_1)
                                              0.508439   data arrival time

                      0.150000    0.000000    0.000000   clock clk (rise edge)
                                  0.000000    0.000000   clock network delay (ideal)
                                  0.250000    0.250000   clock uncertainty
                                  0.000000    0.250000   clock reconvergence pessimism
                                              0.250000 ^ u_mac_2.temp_res[17]$_SDFF_PP0_/CLK (sg13g2_dfrbpq_1)
                                 -0.015379    0.234621   library hold time
                                              0.234621   data required time
---------------------------------------------------------------------------------------------
                                              0.234621   data required time
                                             -0.508439   data arrival time
---------------------------------------------------------------------------------------------
                                              0.273818   slack (MET)


Startpoint: read_index[2]$_SDFFE_PP0P_
            (rising edge-triggered flip-flop clocked by clk)
Endpoint: read_index[2]$_SDFFE_PP0P_
          (rising edge-triggered flip-flop clocked by clk)
Path Group: clk
Path Type: min

Fanout         Cap        Slew       Delay        Time   Description
---------------------------------------------------------------------------------------------
                      0.150000    0.000000    0.000000   clock clk (rise edge)
                                  0.000000    0.000000   clock network delay (ideal)
                      0.150000    0.000000    0.000000 ^ read_index[2]$_SDFFE_PP0P_/CLK (sg13g2_dfrbpq_1)
     5    0.015198    0.090753    0.365512    0.365512 v read_index[2]$_SDFFE_PP0P_/Q (sg13g2_dfrbpq_1)
                                                         read_index[2] (net)
                      0.090753    0.000000    0.365512 v _5554_/B1 (sg13g2_a21oi_1)
     1    0.002844    0.061769    0.081739    0.447251 ^ _5554_/Y (sg13g2_a21oi_1)
                                                         _2539_ (net)
                      0.061769    0.000000    0.447251 ^ _5556_/B (sg13g2_nor3_1)
     1    0.001355    0.033880    0.059986    0.507237 v _5556_/Y (sg13g2_nor3_1)
                                                         _0021_ (net)
                      0.033880    0.000000    0.507237 v read_index[2]$_SDFFE_PP0P_/D (sg13g2_dfrbpq_1)
                                              0.507237   data arrival time

                      0.150000    0.000000    0.000000   clock clk (rise edge)
                                  0.000000    0.000000   clock network delay (ideal)
                                  0.250000    0.250000   clock uncertainty
                                  0.000000    0.250000   clock reconvergence pessimism
                                              0.250000 ^ read_index[2]$_SDFFE_PP0P_/CLK (sg13g2_dfrbpq_1)
                                 -0.017184    0.232816   library hold time
                                              0.232816   data required time
---------------------------------------------------------------------------------------------
                                              0.232816   data required time
                                             -0.507237   data arrival time
---------------------------------------------------------------------------------------------
                                              0.274422   slack (MET)


Startpoint: u_mac_1.temp_res[15]$_SDFF_PP0_
            (rising edge-triggered flip-flop clocked by clk)
Endpoint: u_mac_1.temp_res[15]$_SDFF_PP0_
          (rising edge-triggered flip-flop clocked by clk)
Path Group: clk
Path Type: min

Fanout         Cap        Slew       Delay        Time   Description
---------------------------------------------------------------------------------------------
                      0.150000    0.000000    0.000000   clock clk (rise edge)
                                  0.000000    0.000000   clock network delay (ideal)
                      0.150000    0.000000    0.000000 ^ u_mac_1.temp_res[15]$_SDFF_PP0_/CLK (sg13g2_dfrbpq_1)
     4    0.010906    0.070373    0.348239    0.348239 v u_mac_1.temp_res[15]$_SDFF_PP0_/Q (sg13g2_dfrbpq_1)
                                                         u_mac_1.temp_res[15] (net)
                      0.070373    0.000000    0.348239 v _4134_/A (sg13g2_nor2_1)
     1    0.002844    0.069108    0.098968    0.447207 ^ _4134_/Y (sg13g2_nor2_1)
                                                         _1215_ (net)
                      0.069108    0.000000    0.447207 ^ _4137_/B (sg13g2_nor3_1)
     1    0.001355    0.032719    0.063409    0.510616 v _4137_/Y (sg13g2_nor3_1)
                                                         _0310_ (net)
                      0.032719    0.000000    0.510616 v u_mac_1.temp_res[15]$_SDFF_PP0_/D (sg13g2_dfrbpq_1)
                                              0.510616   data arrival time

                      0.150000    0.000000    0.000000   clock clk (rise edge)
                                  0.000000    0.000000   clock network delay (ideal)
                                  0.250000    0.250000   clock uncertainty
                                  0.000000    0.250000   clock reconvergence pessimism
                                              0.250000 ^ u_mac_1.temp_res[15]$_SDFF_PP0_/CLK (sg13g2_dfrbpq_1)
                                 -0.016716    0.233284   library hold time
                                              0.233284   data required time
---------------------------------------------------------------------------------------------
                                              0.233284   data required time
                                             -0.510616   data arrival time
---------------------------------------------------------------------------------------------
                                              0.277332   slack (MET)


Startpoint: read_data_out[0]$_SDFFE_PP0P_
            (rising edge-triggered flip-flop clocked by clk)
Endpoint: read_data_out[0]$_SDFFE_PP0P_
          (rising edge-triggered flip-flop clocked by clk)
Path Group: clk
Path Type: min

Fanout         Cap        Slew       Delay        Time   Description
---------------------------------------------------------------------------------------------
                      0.150000    0.000000    0.000000   clock clk (rise edge)
                                  0.000000    0.000000   clock network delay (ideal)
                      0.150000    0.000000    0.000000 ^ read_data_out[0]$_SDFFE_PP0P_/CLK (sg13g2_dfrbpq_1)
     2    0.008986    0.061258    0.340513    0.340513 v read_data_out[0]$_SDFFE_PP0P_/Q (sg13g2_dfrbpq_1)
                                                         read_data_out[0] (net)
                      0.061258    0.000000    0.340513 v _5513_/A2 (sg13g2_o21ai_1)
     1    0.002783    0.068427    0.122681    0.463194 ^ _5513_/Y (sg13g2_o21ai_1)
                                                         _2509_ (net)
                      0.068427    0.000000    0.463194 ^ _5514_/B1 (sg13g2_a21oi_1)
     1    0.001355    0.029210    0.050258    0.513452 v _5514_/Y (sg13g2_a21oi_1)
                                                         _0010_ (net)
                      0.029210    0.000000    0.513452 v read_data_out[0]$_SDFFE_PP0P_/D (sg13g2_dfrbpq_1)
                                              0.513452   data arrival time

                      0.150000    0.000000    0.000000   clock clk (rise edge)
                                  0.000000    0.000000   clock network delay (ideal)
                                  0.250000    0.250000   clock uncertainty
                                  0.000000    0.250000   clock reconvergence pessimism
                                              0.250000 ^ read_data_out[0]$_SDFFE_PP0P_/CLK (sg13g2_dfrbpq_1)
                                 -0.015301    0.234699   library hold time
                                              0.234699   data required time
---------------------------------------------------------------------------------------------
                                              0.234699   data required time
                                             -0.513452   data arrival time
---------------------------------------------------------------------------------------------
                                              0.278753   slack (MET)


Startpoint: read_data_out[1]$_SDFFE_PP0P_
            (rising edge-triggered flip-flop clocked by clk)
Endpoint: read_data_out[1]$_SDFFE_PP0P_
          (rising edge-triggered flip-flop clocked by clk)
Path Group: clk
Path Type: min

Fanout         Cap        Slew       Delay        Time   Description
---------------------------------------------------------------------------------------------
                      0.150000    0.000000    0.000000   clock clk (rise edge)
                                  0.000000    0.000000   clock network delay (ideal)
                      0.150000    0.000000    0.000000 ^ read_data_out[1]$_SDFFE_PP0P_/CLK (sg13g2_dfrbpq_1)
     2    0.008986    0.061258    0.340513    0.340513 v read_data_out[1]$_SDFFE_PP0P_/Q (sg13g2_dfrbpq_1)
                                                         read_data_out[1] (net)
                      0.061258    0.000000    0.340513 v _5517_/A2 (sg13g2_o21ai_1)
     1    0.002783    0.068427    0.122681    0.463194 ^ _5517_/Y (sg13g2_o21ai_1)
                                                         _2512_ (net)
                      0.068427    0.000000    0.463194 ^ _5518_/B1 (sg13g2_a21oi_1)
     1    0.001355    0.029210    0.050258    0.513452 v _5518_/Y (sg13g2_a21oi_1)
                                                         _0011_ (net)
                      0.029210    0.000000    0.513452 v read_data_out[1]$_SDFFE_PP0P_/D (sg13g2_dfrbpq_1)
                                              0.513452   data arrival time

                      0.150000    0.000000    0.000000   clock clk (rise edge)
                                  0.000000    0.000000   clock network delay (ideal)
                                  0.250000    0.250000   clock uncertainty
                                  0.000000    0.250000   clock reconvergence pessimism
                                              0.250000 ^ read_data_out[1]$_SDFFE_PP0P_/CLK (sg13g2_dfrbpq_1)
                                 -0.015301    0.234699   library hold time
                                              0.234699   data required time
---------------------------------------------------------------------------------------------
                                              0.234699   data required time
                                             -0.513452   data arrival time
---------------------------------------------------------------------------------------------
                                              0.278753   slack (MET)


Startpoint: read_data_out[2]$_SDFFE_PP0P_
            (rising edge-triggered flip-flop clocked by clk)
Endpoint: read_data_out[2]$_SDFFE_PP0P_
          (rising edge-triggered flip-flop clocked by clk)
Path Group: clk
Path Type: min

Fanout         Cap        Slew       Delay        Time   Description
---------------------------------------------------------------------------------------------
                      0.150000    0.000000    0.000000   clock clk (rise edge)
                                  0.000000    0.000000   clock network delay (ideal)
                      0.150000    0.000000    0.000000 ^ read_data_out[2]$_SDFFE_PP0P_/CLK (sg13g2_dfrbpq_1)
     2    0.008986    0.061258    0.340513    0.340513 v read_data_out[2]$_SDFFE_PP0P_/Q (sg13g2_dfrbpq_1)
                                                         read_data_out[2] (net)
                      0.061258    0.000000    0.340513 v _5521_/A2 (sg13g2_o21ai_1)
     1    0.002783    0.068427    0.122681    0.463194 ^ _5521_/Y (sg13g2_o21ai_1)
                                                         _2515_ (net)
                      0.068427    0.000000    0.463194 ^ _5522_/B1 (sg13g2_a21oi_1)
     1    0.001355    0.029210    0.050258    0.513452 v _5522_/Y (sg13g2_a21oi_1)
                                                         _0012_ (net)
                      0.029210    0.000000    0.513452 v read_data_out[2]$_SDFFE_PP0P_/D (sg13g2_dfrbpq_1)
                                              0.513452   data arrival time

                      0.150000    0.000000    0.000000   clock clk (rise edge)
                                  0.000000    0.000000   clock network delay (ideal)
                                  0.250000    0.250000   clock uncertainty
                                  0.000000    0.250000   clock reconvergence pessimism
                                              0.250000 ^ read_data_out[2]$_SDFFE_PP0P_/CLK (sg13g2_dfrbpq_1)
                                 -0.015301    0.234699   library hold time
                                              0.234699   data required time
---------------------------------------------------------------------------------------------
                                              0.234699   data required time
                                             -0.513452   data arrival time
---------------------------------------------------------------------------------------------
                                              0.278753   slack (MET)


Startpoint: read_data_out[3]$_SDFFE_PP0P_
            (rising edge-triggered flip-flop clocked by clk)
Endpoint: read_data_out[3]$_SDFFE_PP0P_
          (rising edge-triggered flip-flop clocked by clk)
Path Group: clk
Path Type: min

Fanout         Cap        Slew       Delay        Time   Description
---------------------------------------------------------------------------------------------
                      0.150000    0.000000    0.000000   clock clk (rise edge)
                                  0.000000    0.000000   clock network delay (ideal)
                      0.150000    0.000000    0.000000 ^ read_data_out[3]$_SDFFE_PP0P_/CLK (sg13g2_dfrbpq_1)
     2    0.008986    0.061258    0.340513    0.340513 v read_data_out[3]$_SDFFE_PP0P_/Q (sg13g2_dfrbpq_1)
                                                         read_data_out[3] (net)
                      0.061258    0.000000    0.340513 v _5525_/A2 (sg13g2_o21ai_1)
     1    0.002783    0.068427    0.122681    0.463194 ^ _5525_/Y (sg13g2_o21ai_1)
                                                         _2518_ (net)
                      0.068427    0.000000    0.463194 ^ _5526_/B1 (sg13g2_a21oi_1)
     1    0.001355    0.029210    0.050258    0.513452 v _5526_/Y (sg13g2_a21oi_1)
                                                         _0013_ (net)
                      0.029210    0.000000    0.513452 v read_data_out[3]$_SDFFE_PP0P_/D (sg13g2_dfrbpq_1)
                                              0.513452   data arrival time

                      0.150000    0.000000    0.000000   clock clk (rise edge)
                                  0.000000    0.000000   clock network delay (ideal)
                                  0.250000    0.250000   clock uncertainty
                                  0.000000    0.250000   clock reconvergence pessimism
                                              0.250000 ^ read_data_out[3]$_SDFFE_PP0P_/CLK (sg13g2_dfrbpq_1)
                                 -0.015301    0.234699   library hold time
                                              0.234699   data required time
---------------------------------------------------------------------------------------------
                                              0.234699   data required time
                                             -0.513452   data arrival time
---------------------------------------------------------------------------------------------
                                              0.278753   slack (MET)


Startpoint: read_data_out[4]$_SDFFE_PP0P_
            (rising edge-triggered flip-flop clocked by clk)
Endpoint: read_data_out[4]$_SDFFE_PP0P_
          (rising edge-triggered flip-flop clocked by clk)
Path Group: clk
Path Type: min

Fanout         Cap        Slew       Delay        Time   Description
---------------------------------------------------------------------------------------------
                      0.150000    0.000000    0.000000   clock clk (rise edge)
                                  0.000000    0.000000   clock network delay (ideal)
                      0.150000    0.000000    0.000000 ^ read_data_out[4]$_SDFFE_PP0P_/CLK (sg13g2_dfrbpq_1)
     2    0.008986    0.061258    0.340513    0.340513 v read_data_out[4]$_SDFFE_PP0P_/Q (sg13g2_dfrbpq_1)
                                                         read_data_out[4] (net)
                      0.061258    0.000000    0.340513 v _5529_/A2 (sg13g2_o21ai_1)
     1    0.002783    0.068427    0.122681    0.463194 ^ _5529_/Y (sg13g2_o21ai_1)
                                                         _2521_ (net)
                      0.068427    0.000000    0.463194 ^ _5530_/B1 (sg13g2_a21oi_1)
     1    0.001355    0.029210    0.050258    0.513452 v _5530_/Y (sg13g2_a21oi_1)
                                                         _0014_ (net)
                      0.029210    0.000000    0.513452 v read_data_out[4]$_SDFFE_PP0P_/D (sg13g2_dfrbpq_1)
                                              0.513452   data arrival time

                      0.150000    0.000000    0.000000   clock clk (rise edge)
                                  0.000000    0.000000   clock network delay (ideal)
                                  0.250000    0.250000   clock uncertainty
                                  0.000000    0.250000   clock reconvergence pessimism
                                              0.250000 ^ read_data_out[4]$_SDFFE_PP0P_/CLK (sg13g2_dfrbpq_1)
                                 -0.015301    0.234699   library hold time
                                              0.234699   data required time
---------------------------------------------------------------------------------------------
                                              0.234699   data required time
                                             -0.513452   data arrival time
---------------------------------------------------------------------------------------------
                                              0.278753   slack (MET)


Startpoint: read_data_out[5]$_SDFFE_PP0P_
            (rising edge-triggered flip-flop clocked by clk)
Endpoint: read_data_out[5]$_SDFFE_PP0P_
          (rising edge-triggered flip-flop clocked by clk)
Path Group: clk
Path Type: min

Fanout         Cap        Slew       Delay        Time   Description
---------------------------------------------------------------------------------------------
                      0.150000    0.000000    0.000000   clock clk (rise edge)
                                  0.000000    0.000000   clock network delay (ideal)
                      0.150000    0.000000    0.000000 ^ read_data_out[5]$_SDFFE_PP0P_/CLK (sg13g2_dfrbpq_1)
     2    0.008986    0.061258    0.340513    0.340513 v read_data_out[5]$_SDFFE_PP0P_/Q (sg13g2_dfrbpq_1)
                                                         read_data_out[5] (net)
                      0.061258    0.000000    0.340513 v _5533_/A2 (sg13g2_o21ai_1)
     1    0.002783    0.068427    0.122681    0.463194 ^ _5533_/Y (sg13g2_o21ai_1)
                                                         _2524_ (net)
                      0.068427    0.000000    0.463194 ^ _5534_/B1 (sg13g2_a21oi_1)
     1    0.001355    0.029210    0.050258    0.513452 v _5534_/Y (sg13g2_a21oi_1)
                                                         _0015_ (net)
                      0.029210    0.000000    0.513452 v read_data_out[5]$_SDFFE_PP0P_/D (sg13g2_dfrbpq_1)
                                              0.513452   data arrival time

                      0.150000    0.000000    0.000000   clock clk (rise edge)
                                  0.000000    0.000000   clock network delay (ideal)
                                  0.250000    0.250000   clock uncertainty
                                  0.000000    0.250000   clock reconvergence pessimism
                                              0.250000 ^ read_data_out[5]$_SDFFE_PP0P_/CLK (sg13g2_dfrbpq_1)
                                 -0.015301    0.234699   library hold time
                                              0.234699   data required time
---------------------------------------------------------------------------------------------
                                              0.234699   data required time
                                             -0.513452   data arrival time
---------------------------------------------------------------------------------------------
                                              0.278753   slack (MET)


Startpoint: read_data_out[6]$_SDFFE_PP0P_
            (rising edge-triggered flip-flop clocked by clk)
Endpoint: read_data_out[6]$_SDFFE_PP0P_
          (rising edge-triggered flip-flop clocked by clk)
Path Group: clk
Path Type: min

Fanout         Cap        Slew       Delay        Time   Description
---------------------------------------------------------------------------------------------
                      0.150000    0.000000    0.000000   clock clk (rise edge)
                                  0.000000    0.000000   clock network delay (ideal)
                      0.150000    0.000000    0.000000 ^ read_data_out[6]$_SDFFE_PP0P_/CLK (sg13g2_dfrbpq_1)
     2    0.008986    0.061258    0.340513    0.340513 v read_data_out[6]$_SDFFE_PP0P_/Q (sg13g2_dfrbpq_1)
                                                         read_data_out[6] (net)
                      0.061258    0.000000    0.340513 v _5537_/A2 (sg13g2_o21ai_1)
     1    0.002783    0.068427    0.122681    0.463194 ^ _5537_/Y (sg13g2_o21ai_1)
                                                         _2527_ (net)
                      0.068427    0.000000    0.463194 ^ _5538_/B1 (sg13g2_a21oi_1)
     1    0.001355    0.029210    0.050258    0.513452 v _5538_/Y (sg13g2_a21oi_1)
                                                         _0016_ (net)
                      0.029210    0.000000    0.513452 v read_data_out[6]$_SDFFE_PP0P_/D (sg13g2_dfrbpq_1)
                                              0.513452   data arrival time

                      0.150000    0.000000    0.000000   clock clk (rise edge)
                                  0.000000    0.000000   clock network delay (ideal)
                                  0.250000    0.250000   clock uncertainty
                                  0.000000    0.250000   clock reconvergence pessimism
                                              0.250000 ^ read_data_out[6]$_SDFFE_PP0P_/CLK (sg13g2_dfrbpq_1)
                                 -0.015301    0.234699   library hold time
                                              0.234699   data required time
---------------------------------------------------------------------------------------------
                                              0.234699   data required time
                                             -0.513452   data arrival time
---------------------------------------------------------------------------------------------
                                              0.278753   slack (MET)


Startpoint: read_data_out[7]$_SDFFE_PP0P_
            (rising edge-triggered flip-flop clocked by clk)
Endpoint: read_data_out[7]$_SDFFE_PP0P_
          (rising edge-triggered flip-flop clocked by clk)
Path Group: clk
Path Type: min

Fanout         Cap        Slew       Delay        Time   Description
---------------------------------------------------------------------------------------------
                      0.150000    0.000000    0.000000   clock clk (rise edge)
                                  0.000000    0.000000   clock network delay (ideal)
                      0.150000    0.000000    0.000000 ^ read_data_out[7]$_SDFFE_PP0P_/CLK (sg13g2_dfrbpq_1)
     2    0.008986    0.061258    0.340513    0.340513 v read_data_out[7]$_SDFFE_PP0P_/Q (sg13g2_dfrbpq_1)
                                                         read_data_out[7] (net)
                      0.061258    0.000000    0.340513 v _5541_/A2 (sg13g2_o21ai_1)
     1    0.002783    0.068427    0.122681    0.463194 ^ _5541_/Y (sg13g2_o21ai_1)
                                                         _2530_ (net)
                      0.068427    0.000000    0.463194 ^ _5542_/B1 (sg13g2_a21oi_1)
     1    0.001355    0.029210    0.050258    0.513452 v _5542_/Y (sg13g2_a21oi_1)
                                                         _0017_ (net)
                      0.029210    0.000000    0.513452 v read_data_out[7]$_SDFFE_PP0P_/D (sg13g2_dfrbpq_1)
                                              0.513452   data arrival time

                      0.150000    0.000000    0.000000   clock clk (rise edge)
                                  0.000000    0.000000   clock network delay (ideal)
                                  0.250000    0.250000   clock uncertainty
                                  0.000000    0.250000   clock reconvergence pessimism
                                              0.250000 ^ read_data_out[7]$_SDFFE_PP0P_/CLK (sg13g2_dfrbpq_1)
                                 -0.015301    0.234699   library hold time
                                              0.234699   data required time
---------------------------------------------------------------------------------------------
                                              0.234699   data required time
                                             -0.513452   data arrival time
---------------------------------------------------------------------------------------------
                                              0.278753   slack (MET)


Startpoint: u_ctrl.state[4]$_DFF_P_
            (rising edge-triggered flip-flop clocked by clk)
Endpoint: u_ctrl.k_cnt[1]$_SDFFE_PP0P_
          (rising edge-triggered flip-flop clocked by clk)
Path Group: clk
Path Type: min

Fanout         Cap        Slew       Delay        Time   Description
---------------------------------------------------------------------------------------------
                      0.150000    0.000000    0.000000   clock clk (rise edge)
                                  0.000000    0.000000   clock network delay (ideal)
                      0.150000    0.000000    0.000000 ^ u_ctrl.state[4]$_DFF_P_/CLK (sg13g2_dfrbpq_1)
     2    0.004978    0.050222    0.327331    0.327331 ^ u_ctrl.state[4]$_DFF_P_/Q (sg13g2_dfrbpq_1)
                                                         u_ctrl.state[4] (net)
                      0.050222    0.000000    0.327331 ^ _5442_/B (sg13g2_nor2_1)
     2    0.005607    0.045294    0.061385    0.388716 v _5442_/Y (sg13g2_nor2_1)
                                                         _2455_ (net)
                      0.045294    0.000000    0.388716 v _5661_/A (sg13g2_nand2_1)
     3    0.008471    0.071201    0.076309    0.465024 ^ _5661_/Y (sg13g2_nand2_1)
                                                         _0428_ (net)
                      0.071201    0.000000    0.465024 ^ _3078_/B1 (sg13g2_a21oi_1)
     1    0.001355    0.029794    0.051296    0.516320 v _3078_/Y (sg13g2_a21oi_1)
                                                         _0037_ (net)
                      0.029794    0.000000    0.516320 v u_ctrl.k_cnt[1]$_SDFFE_PP0P_/D (sg13g2_dfrbpq_1)
                                              0.516320   data arrival time

                      0.150000    0.000000    0.000000   clock clk (rise edge)
                                  0.000000    0.000000   clock network delay (ideal)
                                  0.250000    0.250000   clock uncertainty
                                  0.000000    0.250000   clock reconvergence pessimism
                                              0.250000 ^ u_ctrl.k_cnt[1]$_SDFFE_PP0P_/CLK (sg13g2_dfrbpq_1)
                                 -0.015537    0.234463   library hold time
                                              0.234463   data required time
---------------------------------------------------------------------------------------------
                                              0.234463   data required time
                                             -0.516320   data arrival time
---------------------------------------------------------------------------------------------
                                              0.281857   slack (MET)


Startpoint: u_ctrl.state[0]$_DFF_P_
            (rising edge-triggered flip-flop clocked by clk)
Endpoint: u_ctrl.state[3]$_DFF_P_
          (rising edge-triggered flip-flop clocked by clk)
Path Group: clk
Path Type: min

Fanout         Cap        Slew       Delay        Time   Description
---------------------------------------------------------------------------------------------
                      0.150000    0.000000    0.000000   clock clk (rise edge)
                                  0.000000    0.000000   clock network delay (ideal)
                      0.150000    0.000000    0.000000 ^ u_ctrl.state[0]$_DFF_P_/CLK (sg13g2_dfrbpq_1)
     3    0.008069    0.056902    0.336821    0.336821 v u_ctrl.state[0]$_DFF_P_/Q (sg13g2_dfrbpq_1)
                                                         u_ctrl.state[0] (net)
                      0.056902    0.000000    0.336821 v _5431_/A2 (sg13g2_a22oi_1)
     1    0.002825    0.076756    0.126036    0.462857 ^ _5431_/Y (sg13g2_a22oi_1)
                                                         _2446_ (net)
                      0.076756    0.000000    0.462857 ^ _5432_/B (sg13g2_nor2_1)
     1    0.001355    0.030804    0.053639    0.516496 v _5432_/Y (sg13g2_nor2_1)
                                                         _0004_ (net)
                      0.030804    0.000000    0.516496 v u_ctrl.state[3]$_DFF_P_/D (sg13g2_dfrbpq_1)
                                              0.516496   data arrival time

                      0.150000    0.000000    0.000000   clock clk (rise edge)
                                  0.000000    0.000000   clock network delay (ideal)
                                  0.250000    0.250000   clock uncertainty
                                  0.000000    0.250000   clock reconvergence pessimism
                                              0.250000 ^ u_ctrl.state[3]$_DFF_P_/CLK (sg13g2_dfrbpq_1)
                                 -0.015944    0.234056   library hold time
                                              0.234056   data required time
---------------------------------------------------------------------------------------------
                                              0.234056   data required time
                                             -0.516496   data arrival time
---------------------------------------------------------------------------------------------
                                              0.282440   slack (MET)


Startpoint: read_index[3]$_SDFFE_PP0P_
            (rising edge-triggered flip-flop clocked by clk)
Endpoint: read_index[3]$_SDFFE_PP0P_
          (rising edge-triggered flip-flop clocked by clk)
Path Group: clk
Path Type: min

Fanout         Cap        Slew       Delay        Time   Description
---------------------------------------------------------------------------------------------
                      0.150000    0.000000    0.000000   clock clk (rise edge)
                                  0.000000    0.000000   clock network delay (ideal)
                      0.150000    0.000000    0.000000 ^ read_index[3]$_SDFFE_PP0P_/CLK (sg13g2_dfrbpq_1)
     3    0.012569    0.078270    0.354932    0.354932 v read_index[3]$_SDFFE_PP0P_/Q (sg13g2_dfrbpq_1)
                                                         read_index[3] (net)
                      0.078270    0.000000    0.354932 v _5557_/A (sg13g2_xnor2_1)
     1    0.002825    0.044354    0.123547    0.478479 ^ _5557_/Y (sg13g2_xnor2_1)
                                                         _2541_ (net)
                      0.044354    0.000000    0.478479 ^ _5558_/B (sg13g2_nor2_1)
     1    0.001355    0.023983    0.041503    0.519982 v _5558_/Y (sg13g2_nor2_1)
                                                         _0022_ (net)
                      0.023983    0.000000    0.519982 v read_index[3]$_SDFFE_PP0P_/D (sg13g2_dfrbpq_1)
                                              0.519982   data arrival time

                      0.150000    0.000000    0.000000   clock clk (rise edge)
                                  0.000000    0.000000   clock network delay (ideal)
                                  0.250000    0.250000   clock uncertainty
                                  0.000000    0.250000   clock reconvergence pessimism
                                              0.250000 ^ read_index[3]$_SDFFE_PP0P_/CLK (sg13g2_dfrbpq_1)
                                 -0.013193    0.236807   library hold time
                                              0.236807   data required time
---------------------------------------------------------------------------------------------
                                              0.236807   data required time
                                             -0.519982   data arrival time
---------------------------------------------------------------------------------------------
                                              0.283175   slack (MET)


Startpoint: u_ctrl.res_idx_r[5]$_SDFFE_PP0P_
            (rising edge-triggered flip-flop clocked by clk)
Endpoint: u_ctrl.res_idx_r[5]$_SDFFE_PP0P_
          (rising edge-triggered flip-flop clocked by clk)
Path Group: clk
Path Type: min

Fanout         Cap        Slew       Delay        Time   Description
---------------------------------------------------------------------------------------------
                      0.150000    0.000000    0.000000   clock clk (rise edge)
                                  0.000000    0.000000   clock network delay (ideal)
                      0.150000    0.000000    0.000000 ^ u_ctrl.res_idx_r[5]$_SDFFE_PP0P_/CLK (sg13g2_dfrbpq_1)
     4    0.012959    0.080121    0.356501    0.356501 v u_ctrl.res_idx_r[5]$_SDFFE_PP0P_/Q (sg13g2_dfrbpq_1)
                                                         res_index[5] (net)
                      0.080121    0.000000    0.356501 v _3095_/A (sg13g2_xnor2_1)
     1    0.002825    0.044424    0.124354    0.480855 ^ _3095_/Y (sg13g2_xnor2_1)
                                                         _0442_ (net)
                      0.044424    0.000000    0.480855 ^ _3096_/B (sg13g2_nor2_1)
     1    0.001355    0.023998    0.041529    0.522384 v _3096_/Y (sg13g2_nor2_1)
                                                         _0044_ (net)
                      0.023998    0.000000    0.522384 v u_ctrl.res_idx_r[5]$_SDFFE_PP0P_/D (sg13g2_dfrbpq_1)
                                              0.522384   data arrival time

                      0.150000    0.000000    0.000000   clock clk (rise edge)
                                  0.000000    0.000000   clock network delay (ideal)
                                  0.250000    0.250000   clock uncertainty
                                  0.000000    0.250000   clock reconvergence pessimism
                                              0.250000 ^ u_ctrl.res_idx_r[5]$_SDFFE_PP0P_/CLK (sg13g2_dfrbpq_1)
                                 -0.013199    0.236801   library hold time
                                              0.236801   data required time
---------------------------------------------------------------------------------------------
                                              0.236801   data required time
                                             -0.522384   data arrival time
---------------------------------------------------------------------------------------------
                                              0.285583   slack (MET)


Startpoint: ram_wrcnt[0]$_SDFFE_PP0P_
            (rising edge-triggered flip-flop clocked by clk)
Endpoint: ram_wrcnt[0]$_SDFFE_PP0P_
          (rising edge-triggered flip-flop clocked by clk)
Path Group: clk
Path Type: min

Fanout         Cap        Slew       Delay        Time   Description
---------------------------------------------------------------------------------------------
                      0.150000    0.000000    0.000000   clock clk (rise edge)
                                  0.000000    0.000000   clock network delay (ideal)
                      0.150000    0.000000    0.000000 ^ ram_wrcnt[0]$_SDFFE_PP0P_/CLK (sg13g2_dfrbpq_1)
     8    0.021448    0.147865    0.402595    0.402595 ^ ram_wrcnt[0]$_SDFFE_PP0P_/Q (sg13g2_dfrbpq_1)
                                                         ram_wrcnt[0] (net)
                      0.147865    0.000000    0.402595 ^ _5506_/A2 (sg13g2_a21oi_1)
     1    0.001355    0.032348    0.121972    0.524568 v _5506_/Y (sg13g2_a21oi_1)
                                                         _0007_ (net)
                      0.032348    0.000000    0.524568 v ram_wrcnt[0]$_SDFFE_PP0P_/D (sg13g2_dfrbpq_1)
                                              0.524568   data arrival time

                      0.150000    0.000000    0.000000   clock clk (rise edge)
                                  0.000000    0.000000   clock network delay (ideal)
                                  0.250000    0.250000   clock uncertainty
                                  0.000000    0.250000   clock reconvergence pessimism
                                              0.250000 ^ ram_wrcnt[0]$_SDFFE_PP0P_/CLK (sg13g2_dfrbpq_1)
                                 -0.016567    0.233433   library hold time
                                              0.233433   data required time
---------------------------------------------------------------------------------------------
                                              0.233433   data required time
                                             -0.524568   data arrival time
---------------------------------------------------------------------------------------------
                                              0.291134   slack (MET)


Startpoint: read_data_out[8]$_SDFFE_PP0P_
            (rising edge-triggered flip-flop clocked by clk)
Endpoint: read_data_out[8]$_SDFFE_PP0P_
          (rising edge-triggered flip-flop clocked by clk)
Path Group: clk
Path Type: min

Fanout         Cap        Slew       Delay        Time   Description
---------------------------------------------------------------------------------------------
                      0.150000    0.000000    0.000000   clock clk (rise edge)
                                  0.000000    0.000000   clock network delay (ideal)
                      0.150000    0.000000    0.000000 ^ read_data_out[8]$_SDFFE_PP0P_/CLK (sg13g2_dfrbpq_1)
     2    0.009039    0.061506    0.340724    0.340724 v read_data_out[8]$_SDFFE_PP0P_/Q (sg13g2_dfrbpq_1)
                                                         read_data_out[8] (net)
                      0.061506    0.000000    0.340724 v _5545_/A1 (sg13g2_o21ai_1)
     1    0.002783    0.068427    0.134899    0.475623 ^ _5545_/Y (sg13g2_o21ai_1)
                                                         _2533_ (net)
                      0.068427    0.000000    0.475623 ^ _5546_/B1 (sg13g2_a21oi_1)
     1    0.001355    0.029210    0.050258    0.525881 v _5546_/Y (sg13g2_a21oi_1)
                                                         _0018_ (net)
                      0.029210    0.000000    0.525881 v read_data_out[8]$_SDFFE_PP0P_/D (sg13g2_dfrbpq_1)
                                              0.525881   data arrival time

                      0.150000    0.000000    0.000000   clock clk (rise edge)
                                  0.000000    0.000000   clock network delay (ideal)
                                  0.250000    0.250000   clock uncertainty
                                  0.000000    0.250000   clock reconvergence pessimism
                                              0.250000 ^ read_data_out[8]$_SDFFE_PP0P_/CLK (sg13g2_dfrbpq_1)
                                 -0.015301    0.234699   library hold time
                                              0.234699   data required time
---------------------------------------------------------------------------------------------
                                              0.234699   data required time
                                             -0.525881   data arrival time
---------------------------------------------------------------------------------------------
                                              0.291182   slack (MET)


Startpoint: u_ctrl.res_idx_r[1]$_SDFFE_PP0P_
            (rising edge-triggered flip-flop clocked by clk)
Endpoint: u_ctrl.res_idx_r[1]$_SDFFE_PP0P_
          (rising edge-triggered flip-flop clocked by clk)
Path Group: clk
Path Type: min

Fanout         Cap        Slew       Delay        Time   Description
---------------------------------------------------------------------------------------------
                      0.150000    0.000000    0.000000   clock clk (rise edge)
                                  0.000000    0.000000   clock network delay (ideal)
                      0.150000    0.000000    0.000000 ^ u_ctrl.res_idx_r[1]$_SDFFE_PP0P_/CLK (sg13g2_dfrbpq_1)
     3    0.008055    0.056836    0.336766    0.336766 v u_ctrl.res_idx_r[1]$_SDFFE_PP0P_/Q (sg13g2_dfrbpq_1)
                                                         res_index[1] (net)
                      0.056836    0.000000    0.336766 v _3084_/A1 (sg13g2_o21ai_1)
     1    0.002825    0.083608    0.133340    0.470105 ^ _3084_/Y (sg13g2_o21ai_1)
                                                         _0435_ (net)
                      0.083608    0.000000    0.470105 ^ _3085_/B (sg13g2_nor2_1)
     1    0.001355    0.032247    0.056206    0.526311 v _3085_/Y (sg13g2_nor2_1)
                                                         _0040_ (net)
                      0.032247    0.000000    0.526311 v u_ctrl.res_idx_r[1]$_SDFFE_PP0P_/D (sg13g2_dfrbpq_1)
                                              0.526311   data arrival time

                      0.150000    0.000000    0.000000   clock clk (rise edge)
                                  0.000000    0.000000   clock network delay (ideal)
                                  0.250000    0.250000   clock uncertainty
                                  0.000000    0.250000   clock reconvergence pessimism
                                              0.250000 ^ u_ctrl.res_idx_r[1]$_SDFFE_PP0P_/CLK (sg13g2_dfrbpq_1)
                                 -0.016526    0.233474   library hold time
                                              0.233474   data required time
---------------------------------------------------------------------------------------------
                                              0.233474   data required time
                                             -0.526311   data arrival time
---------------------------------------------------------------------------------------------
                                              0.292837   slack (MET)


Startpoint: u_ctrl.res_idx_r[3]$_SDFFE_PP0P_
            (rising edge-triggered flip-flop clocked by clk)
Endpoint: u_ctrl.res_idx_r[3]$_SDFFE_PP0P_
          (rising edge-triggered flip-flop clocked by clk)
Path Group: clk
Path Type: min

Fanout         Cap        Slew       Delay        Time   Description
---------------------------------------------------------------------------------------------
                      0.150000    0.000000    0.000000   clock clk (rise edge)
                                  0.000000    0.000000   clock network delay (ideal)
                      0.150000    0.000000    0.000000 ^ u_ctrl.res_idx_r[3]$_SDFFE_PP0P_/CLK (sg13g2_dfrbpq_1)
     3    0.008102    0.057058    0.336954    0.336954 v u_ctrl.res_idx_r[3]$_SDFFE_PP0P_/Q (sg13g2_dfrbpq_1)
                                                         res_index[3] (net)
                      0.057058    0.000000    0.336954 v _3090_/A1 (sg13g2_o21ai_1)
     1    0.002825    0.083608    0.133436    0.470390 ^ _3090_/Y (sg13g2_o21ai_1)
                                                         _0439_ (net)
                      0.083608    0.000000    0.470390 ^ _3091_/B (sg13g2_nor2_1)
     1    0.001355    0.032247    0.056206    0.526596 v _3091_/Y (sg13g2_nor2_1)
                                                         _0042_ (net)
                      0.032247    0.000000    0.526596 v u_ctrl.res_idx_r[3]$_SDFFE_PP0P_/D (sg13g2_dfrbpq_1)
                                              0.526596   data arrival time

                      0.150000    0.000000    0.000000   clock clk (rise edge)
                                  0.000000    0.000000   clock network delay (ideal)
                                  0.250000    0.250000   clock uncertainty
                                  0.000000    0.250000   clock reconvergence pessimism
                                              0.250000 ^ u_ctrl.res_idx_r[3]$_SDFFE_PP0P_/CLK (sg13g2_dfrbpq_1)
                                 -0.016526    0.233474   library hold time
                                              0.233474   data required time
---------------------------------------------------------------------------------------------
                                              0.233474   data required time
                                             -0.526596   data arrival time
---------------------------------------------------------------------------------------------
                                              0.293122   slack (MET)


Startpoint: u_ctrl.res_idx_r[4]$_SDFFE_PP0P_
            (rising edge-triggered flip-flop clocked by clk)
Endpoint: u_ctrl.res_idx_r[4]$_SDFFE_PP0P_
          (rising edge-triggered flip-flop clocked by clk)
Path Group: clk
Path Type: min

Fanout         Cap        Slew       Delay        Time   Description
---------------------------------------------------------------------------------------------
                      0.150000    0.000000    0.000000   clock clk (rise edge)
                                  0.000000    0.000000   clock network delay (ideal)
                      0.150000    0.000000    0.000000 ^ u_ctrl.res_idx_r[4]$_SDFFE_PP0P_/CLK (sg13g2_dfrbpq_1)
     3    0.008102    0.057058    0.336954    0.336954 v u_ctrl.res_idx_r[4]$_SDFFE_PP0P_/Q (sg13g2_dfrbpq_1)
                                                         res_index[4] (net)
                      0.057058    0.000000    0.336954 v _3093_/A1 (sg13g2_o21ai_1)
     1    0.002825    0.083608    0.133436    0.470390 ^ _3093_/Y (sg13g2_o21ai_1)
                                                         _0441_ (net)
                      0.083608    0.000000    0.470390 ^ _3094_/B (sg13g2_nor2_1)
     1    0.001355    0.032247    0.056206    0.526596 v _3094_/Y (sg13g2_nor2_1)
                                                         _0043_ (net)
                      0.032247    0.000000    0.526596 v u_ctrl.res_idx_r[4]$_SDFFE_PP0P_/D (sg13g2_dfrbpq_1)
                                              0.526596   data arrival time

                      0.150000    0.000000    0.000000   clock clk (rise edge)
                                  0.000000    0.000000   clock network delay (ideal)
                                  0.250000    0.250000   clock uncertainty
                                  0.000000    0.250000   clock reconvergence pessimism
                                              0.250000 ^ u_ctrl.res_idx_r[4]$_SDFFE_PP0P_/CLK (sg13g2_dfrbpq_1)
                                 -0.016526    0.233474   library hold time
                                              0.233474   data required time
---------------------------------------------------------------------------------------------
                                              0.233474   data required time
                                             -0.526596   data arrival time
---------------------------------------------------------------------------------------------
                                              0.293122   slack (MET)


Startpoint: u_ctrl.res_idx_r[7]$_SDFFE_PP0P_
            (rising edge-triggered flip-flop clocked by clk)
Endpoint: u_ctrl.res_idx_r[7]$_SDFFE_PP0P_
          (rising edge-triggered flip-flop clocked by clk)
Path Group: clk
Path Type: min

Fanout         Cap        Slew       Delay        Time   Description
---------------------------------------------------------------------------------------------
                      0.150000    0.000000    0.000000   clock clk (rise edge)
                                  0.000000    0.000000   clock network delay (ideal)
                      0.150000    0.000000    0.000000 ^ u_ctrl.res_idx_r[7]$_SDFFE_PP0P_/CLK (sg13g2_dfrbpq_1)
     3    0.008102    0.057058    0.336954    0.336954 v u_ctrl.res_idx_r[7]$_SDFFE_PP0P_/Q (sg13g2_dfrbpq_1)
                                                         res_index[7] (net)
                      0.057058    0.000000    0.336954 v _3101_/A1 (sg13g2_o21ai_1)
     1    0.002825    0.083608    0.133436    0.470390 ^ _3101_/Y (sg13g2_o21ai_1)
                                                         _0446_ (net)
                      0.083608    0.000000    0.470390 ^ _3102_/B (sg13g2_nor2_1)
     1    0.001355    0.032247    0.056206    0.526596 v _3102_/Y (sg13g2_nor2_1)
                                                         _0046_ (net)
                      0.032247    0.000000    0.526596 v u_ctrl.res_idx_r[7]$_SDFFE_PP0P_/D (sg13g2_dfrbpq_1)
                                              0.526596   data arrival time

                      0.150000    0.000000    0.000000   clock clk (rise edge)
                                  0.000000    0.000000   clock network delay (ideal)
                                  0.250000    0.250000   clock uncertainty
                                  0.000000    0.250000   clock reconvergence pessimism
                                              0.250000 ^ u_ctrl.res_idx_r[7]$_SDFFE_PP0P_/CLK (sg13g2_dfrbpq_1)
                                 -0.016526    0.233474   library hold time
                                              0.233474   data required time
---------------------------------------------------------------------------------------------
                                              0.233474   data required time
                                             -0.526596   data arrival time
---------------------------------------------------------------------------------------------
                                              0.293122   slack (MET)


Startpoint: read_index[7]$_SDFFE_PP0P_
            (rising edge-triggered flip-flop clocked by clk)
Endpoint: read_index[7]$_SDFFE_PP0P_
          (rising edge-triggered flip-flop clocked by clk)
Path Group: clk
Path Type: min

Fanout         Cap        Slew       Delay        Time   Description
---------------------------------------------------------------------------------------------
                      0.150000    0.000000    0.000000   clock clk (rise edge)
                                  0.000000    0.000000   clock network delay (ideal)
                      0.150000    0.000000    0.000000 ^ read_index[7]$_SDFFE_PP0P_/CLK (sg13g2_dfrbpq_1)
     3    0.008724    0.060010    0.339455    0.339455 v read_index[7]$_SDFFE_PP0P_/Q (sg13g2_dfrbpq_1)
                                                         read_index[7] (net)
                      0.060010    0.000000    0.339455 v _5565_/A1 (sg13g2_o21ai_1)
     1    0.002783    0.083332    0.134255    0.473710 ^ _5565_/Y (sg13g2_o21ai_1)
                                                         _2545_ (net)
                      0.083332    0.000000    0.473710 ^ _5566_/B1 (sg13g2_a21oi_1)
     1    0.001355    0.032348    0.055834    0.529544 v _5566_/Y (sg13g2_a21oi_1)
                                                         _0026_ (net)
                      0.032348    0.000000    0.529544 v read_index[7]$_SDFFE_PP0P_/D (sg13g2_dfrbpq_1)
                                              0.529544   data arrival time

                      0.150000    0.000000    0.000000   clock clk (rise edge)
                                  0.000000    0.000000   clock network delay (ideal)
                                  0.250000    0.250000   clock uncertainty
                                  0.000000    0.250000   clock reconvergence pessimism
                                              0.250000 ^ read_index[7]$_SDFFE_PP0P_/CLK (sg13g2_dfrbpq_1)
                                 -0.016567    0.233433   library hold time
                                              0.233433   data required time
---------------------------------------------------------------------------------------------
                                              0.233433   data required time
                                             -0.529544   data arrival time
---------------------------------------------------------------------------------------------
                                              0.296111   slack (MET)


Startpoint: u_ctrl.state[4]$_DFF_P_
            (rising edge-triggered flip-flop clocked by clk)
Endpoint: u_ctrl.k_cnt[2]$_SDFFE_PP0P_
          (rising edge-triggered flip-flop clocked by clk)
Path Group: clk
Path Type: min

Fanout         Cap        Slew       Delay        Time   Description
---------------------------------------------------------------------------------------------
                      0.150000    0.000000    0.000000   clock clk (rise edge)
                                  0.000000    0.000000   clock network delay (ideal)
                      0.150000    0.000000    0.000000 ^ u_ctrl.state[4]$_DFF_P_/CLK (sg13g2_dfrbpq_1)
     2    0.004978    0.050222    0.327331    0.327331 ^ u_ctrl.state[4]$_DFF_P_/Q (sg13g2_dfrbpq_1)
                                                         u_ctrl.state[4] (net)
                      0.050222    0.000000    0.327331 ^ _5442_/B (sg13g2_nor2_1)
     2    0.005607    0.045294    0.061385    0.388716 v _5442_/Y (sg13g2_nor2_1)
                                                         _2455_ (net)
                      0.045294    0.000000    0.388716 v _5661_/A (sg13g2_nand2_1)
     3    0.008471    0.071201    0.076309    0.465024 ^ _5661_/Y (sg13g2_nand2_1)
                                                         _0428_ (net)
                      0.071201    0.000000    0.465024 ^ _3080_/B (sg13g2_nor3_1)
     1    0.001355    0.034309    0.064385    0.529409 v _3080_/Y (sg13g2_nor3_1)
                                                         _0038_ (net)
                      0.034309    0.000000    0.529409 v u_ctrl.k_cnt[2]$_SDFFE_PP0P_/D (sg13g2_dfrbpq_1)
                                              0.529409   data arrival time

                      0.150000    0.000000    0.000000   clock clk (rise edge)
                                  0.000000    0.000000   clock network delay (ideal)
                                  0.250000    0.250000   clock uncertainty
                                  0.000000    0.250000   clock reconvergence pessimism
                                              0.250000 ^ u_ctrl.k_cnt[2]$_SDFFE_PP0P_/CLK (sg13g2_dfrbpq_1)
                                 -0.017358    0.232643   library hold time
                                              0.232643   data required time
---------------------------------------------------------------------------------------------
                                              0.232643   data required time
                                             -0.529409   data arrival time
---------------------------------------------------------------------------------------------
                                              0.296767   slack (MET)


Startpoint: u_ctrl.state[4]$_DFF_P_
            (rising edge-triggered flip-flop clocked by clk)
Endpoint: u_ctrl.k_cnt[0]$_SDFFE_PP0P_
          (rising edge-triggered flip-flop clocked by clk)
Path Group: clk
Path Type: min

Fanout         Cap        Slew       Delay        Time   Description
---------------------------------------------------------------------------------------------
                      0.150000    0.000000    0.000000   clock clk (rise edge)
                                  0.000000    0.000000   clock network delay (ideal)
                      0.150000    0.000000    0.000000 ^ u_ctrl.state[4]$_DFF_P_/CLK (sg13g2_dfrbpq_1)
     2    0.004978    0.050222    0.327331    0.327331 ^ u_ctrl.state[4]$_DFF_P_/Q (sg13g2_dfrbpq_1)
                                                         u_ctrl.state[4] (net)
                      0.050222    0.000000    0.327331 ^ _5442_/B (sg13g2_nor2_1)
     2    0.005607    0.045294    0.061385    0.388716 v _5442_/Y (sg13g2_nor2_1)
                                                         _2455_ (net)
                      0.045294    0.000000    0.388716 v _5661_/A (sg13g2_nand2_1)
     3    0.008471    0.071201    0.076309    0.465024 ^ _5661_/Y (sg13g2_nand2_1)
                                                         _0428_ (net)
                      0.071201    0.000000    0.465024 ^ _5663_/B (sg13g2_nor3_1)
     1    0.001355    0.034375    0.064385    0.529409 v _5663_/Y (sg13g2_nor3_1)
                                                         _0036_ (net)
                      0.034375    0.000000    0.529409 v u_ctrl.k_cnt[0]$_SDFFE_PP0P_/D (sg13g2_dfrbpq_1)
                                              0.529409   data arrival time

                      0.150000    0.000000    0.000000   clock clk (rise edge)
                                  0.000000    0.000000   clock network delay (ideal)
                                  0.250000    0.250000   clock uncertainty
                                  0.000000    0.250000   clock reconvergence pessimism
                                              0.250000 ^ u_ctrl.k_cnt[0]$_SDFFE_PP0P_/CLK (sg13g2_dfrbpq_1)
                                 -0.017384    0.232616   library hold time
                                              0.232616   data required time
---------------------------------------------------------------------------------------------
                                              0.232616   data required time
                                             -0.529409   data arrival time
---------------------------------------------------------------------------------------------
                                              0.296793   slack (MET)


Startpoint: u_mac_1.temp_res[0]$_SDFF_PP0_
            (rising edge-triggered flip-flop clocked by clk)
Endpoint: u_mac_1.temp_res[0]$_SDFF_PP0_
          (rising edge-triggered flip-flop clocked by clk)
Path Group: clk
Path Type: min

Fanout         Cap        Slew       Delay        Time   Description
---------------------------------------------------------------------------------------------
                      0.150000    0.000000    0.000000   clock clk (rise edge)
                                  0.000000    0.000000   clock network delay (ideal)
                      0.150000    0.000000    0.000000 ^ u_mac_1.temp_res[0]$_SDFF_PP0_/CLK (sg13g2_dfrbpq_1)
     3    0.008748    0.060125    0.339553    0.339553 v u_mac_1.temp_res[0]$_SDFF_PP0_/Q (sg13g2_dfrbpq_1)
                                                         u_mac_1.temp_res[0] (net)
                      0.060125    0.000000    0.339553 v _3711_/A1 (sg13g2_o21ai_1)
     1    0.002830    0.099012    0.134806    0.474358 ^ _3711_/Y (sg13g2_o21ai_1)
                                                         _0798_ (net)
                      0.099012    0.000000    0.474358 ^ _3712_/A (sg13g2_nor2b_1)
     1    0.001355    0.031204    0.061536    0.535895 v _3712_/Y (sg13g2_nor2b_1)
                                                         _0304_ (net)
                      0.031204    0.000000    0.535895 v u_mac_1.temp_res[0]$_SDFF_PP0_/D (sg13g2_dfrbpq_1)
                                              0.535895   data arrival time

                      0.150000    0.000000    0.000000   clock clk (rise edge)
                                  0.000000    0.000000   clock network delay (ideal)
                                  0.250000    0.250000   clock uncertainty
                                  0.000000    0.250000   clock reconvergence pessimism
                                              0.250000 ^ u_mac_1.temp_res[0]$_SDFF_PP0_/CLK (sg13g2_dfrbpq_1)
                                 -0.016105    0.233895   library hold time
                                              0.233895   data required time
---------------------------------------------------------------------------------------------
                                              0.233895   data required time
                                             -0.535895   data arrival time
---------------------------------------------------------------------------------------------
                                              0.302000   slack (MET)


Startpoint: read_index[8]$_SDFFE_PP0P_
            (rising edge-triggered flip-flop clocked by clk)
Endpoint: read_index[8]$_SDFFE_PP0P_
          (rising edge-triggered flip-flop clocked by clk)
Path Group: clk
Path Type: min

Fanout         Cap        Slew       Delay        Time   Description
---------------------------------------------------------------------------------------------
                      0.150000    0.000000    0.000000   clock clk (rise edge)
                                  0.000000    0.000000   clock network delay (ideal)
                      0.150000    0.000000    0.000000 ^ read_index[8]$_SDFFE_PP0P_/CLK (sg13g2_dfrbpq_1)
     3    0.011223    0.071878    0.349514    0.349514 v read_index[8]$_SDFFE_PP0P_/Q (sg13g2_dfrbpq_1)
                                                         read_index[8] (net)
                      0.071878    0.000000    0.349514 v _5567_/A1 (sg13g2_o21ai_1)
     1    0.002783    0.083332    0.139365    0.488879 ^ _5567_/Y (sg13g2_o21ai_1)
                                                         _2546_ (net)
                      0.083332    0.000000    0.488879 ^ _5568_/B1 (sg13g2_a21oi_1)
     1    0.001355    0.032348    0.055834    0.544714 v _5568_/Y (sg13g2_a21oi_1)
                                                         _0027_ (net)
                      0.032348    0.000000    0.544714 v read_index[8]$_SDFFE_PP0P_/D (sg13g2_dfrbpq_1)
                                              0.544714   data arrival time

                      0.150000    0.000000    0.000000   clock clk (rise edge)
                                  0.000000    0.000000   clock network delay (ideal)
                                  0.250000    0.250000   clock uncertainty
                                  0.000000    0.250000   clock reconvergence pessimism
                                              0.250000 ^ read_index[8]$_SDFFE_PP0P_/CLK (sg13g2_dfrbpq_1)
                                 -0.016567    0.233433   library hold time
                                              0.233433   data required time
---------------------------------------------------------------------------------------------
                                              0.233433   data required time
                                             -0.544714   data arrival time
---------------------------------------------------------------------------------------------
                                              0.311280   slack (MET)


Startpoint: read_index[5]$_SDFFE_PP0P_
            (rising edge-triggered flip-flop clocked by clk)
Endpoint: read_index[5]$_SDFFE_PP0P_
          (rising edge-triggered flip-flop clocked by clk)
Path Group: clk
Path Type: min

Fanout         Cap        Slew       Delay        Time   Description
---------------------------------------------------------------------------------------------
                      0.150000    0.000000    0.000000   clock clk (rise edge)
                                  0.000000    0.000000   clock network delay (ideal)
                      0.150000    0.000000    0.000000 ^ read_index[5]$_SDFFE_PP0P_/CLK (sg13g2_dfrbpq_1)
     5    0.013893    0.084555    0.360259    0.360259 v read_index[5]$_SDFFE_PP0P_/Q (sg13g2_dfrbpq_1)
                                                         read_index[5] (net)
                      0.084555    0.000000    0.360259 v _5561_/A1 (sg13g2_o21ai_1)
     1    0.002783    0.083332    0.144824    0.505082 ^ _5561_/Y (sg13g2_o21ai_1)
                                                         _2543_ (net)
                      0.083332    0.000000    0.505082 ^ _5562_/B1 (sg13g2_a21oi_1)
     1    0.001355    0.032348    0.055834    0.560916 v _5562_/Y (sg13g2_a21oi_1)
                                                         _0024_ (net)
                      0.032348    0.000000    0.560916 v read_index[5]$_SDFFE_PP0P_/D (sg13g2_dfrbpq_1)
                                              0.560916   data arrival time

                      0.150000    0.000000    0.000000   clock clk (rise edge)
                                  0.000000    0.000000   clock network delay (ideal)
                                  0.250000    0.250000   clock uncertainty
                                  0.000000    0.250000   clock reconvergence pessimism
                                              0.250000 ^ read_index[5]$_SDFFE_PP0P_/CLK (sg13g2_dfrbpq_1)
                                 -0.016567    0.233433   library hold time
                                              0.233433   data required time
---------------------------------------------------------------------------------------------
                                              0.233433   data required time
                                             -0.560916   data arrival time
---------------------------------------------------------------------------------------------
                                              0.327483   slack (MET)


Startpoint: read_index[6]$_SDFFE_PP0P_
            (rising edge-triggered flip-flop clocked by clk)
Endpoint: read_index[6]$_SDFFE_PP0P_
          (rising edge-triggered flip-flop clocked by clk)
Path Group: clk
Path Type: min

Fanout         Cap        Slew       Delay        Time   Description
---------------------------------------------------------------------------------------------
                      0.150000    0.000000    0.000000   clock clk (rise edge)
                                  0.000000    0.000000   clock network delay (ideal)
                      0.150000    0.000000    0.000000 ^ read_index[6]$_SDFFE_PP0P_/CLK (sg13g2_dfrbpq_1)
     4    0.013958    0.084864    0.360520    0.360520 v read_index[6]$_SDFFE_PP0P_/Q (sg13g2_dfrbpq_1)
                                                         read_index[6] (net)
                      0.084864    0.000000    0.360520 v _5563_/A1 (sg13g2_o21ai_1)
     1    0.002783    0.083332    0.144957    0.505477 ^ _5563_/Y (sg13g2_o21ai_1)
                                                         _2544_ (net)
                      0.083332    0.000000    0.505477 ^ _5564_/B1 (sg13g2_a21oi_1)
     1    0.001355    0.032348    0.055834    0.561311 v _5564_/Y (sg13g2_a21oi_1)
                                                         _0025_ (net)
                      0.032348    0.000000    0.561311 v read_index[6]$_SDFFE_PP0P_/D (sg13g2_dfrbpq_1)
                                              0.561311   data arrival time

                      0.150000    0.000000    0.000000   clock clk (rise edge)
                                  0.000000    0.000000   clock network delay (ideal)
                                  0.250000    0.250000   clock uncertainty
                                  0.000000    0.250000   clock reconvergence pessimism
                                              0.250000 ^ read_index[6]$_SDFFE_PP0P_/CLK (sg13g2_dfrbpq_1)
                                 -0.016567    0.233433   library hold time
                                              0.233433   data required time
---------------------------------------------------------------------------------------------
                                              0.233433   data required time
                                             -0.561311   data arrival time
---------------------------------------------------------------------------------------------
                                              0.327878   slack (MET)


Startpoint: u_mac_3.temp_res[14]$_SDFF_PP0_
            (rising edge-triggered flip-flop clocked by clk)
Endpoint: u_mac_3.temp_res[14]$_SDFF_PP0_
          (rising edge-triggered flip-flop clocked by clk)
Path Group: clk
Path Type: min

Fanout         Cap        Slew       Delay        Time   Description
---------------------------------------------------------------------------------------------
                      0.150000    0.000000    0.000000   clock clk (rise edge)
                                  0.000000    0.000000   clock network delay (ideal)
                      0.150000    0.000000    0.000000 ^ u_mac_3.temp_res[14]$_SDFF_PP0_/CLK (sg13g2_dfrbpq_1)
     3    0.010419    0.068060    0.346279    0.346279 v u_mac_3.temp_res[14]$_SDFF_PP0_/Q (sg13g2_dfrbpq_1)
                                                         u_mac_3.temp_res[14] (net)
                      0.068060    0.000000    0.346279 v _4940_/A (sg13g2_xnor2_1)
     2    0.005601    0.060600    0.144919    0.491198 ^ _4940_/Y (sg13g2_xnor2_1)
                                                         _1986_ (net)
                      0.060600    0.000000    0.491198 ^ _4945_/A1 (sg13g2_a21oi_1)
     1    0.001355    0.023569    0.080721    0.571919 v _4945_/Y (sg13g2_a21oi_1)
                                                         _0345_ (net)
                      0.023569    0.000000    0.571919 v u_mac_3.temp_res[14]$_SDFF_PP0_/D (sg13g2_dfrbpq_1)
                                              0.571919   data arrival time

                      0.150000    0.000000    0.000000   clock clk (rise edge)
                                  0.000000    0.000000   clock network delay (ideal)
                                  0.250000    0.250000   clock uncertainty
                                  0.000000    0.250000   clock reconvergence pessimism
                                              0.250000 ^ u_mac_3.temp_res[14]$_SDFF_PP0_/CLK (sg13g2_dfrbpq_1)
                                 -0.013026    0.236974   library hold time
                                              0.236974   data required time
---------------------------------------------------------------------------------------------
                                              0.236974   data required time
                                             -0.571919   data arrival time
---------------------------------------------------------------------------------------------
                                              0.334946   slack (MET)


Startpoint: u_mac_2.temp_res[8]$_SDFF_PP0_
            (rising edge-triggered flip-flop clocked by clk)
Endpoint: u_mac_2.temp_res[8]$_SDFF_PP0_
          (rising edge-triggered flip-flop clocked by clk)
Path Group: clk
Path Type: min

Fanout         Cap        Slew       Delay        Time   Description
---------------------------------------------------------------------------------------------
                      0.150000    0.000000    0.000000   clock clk (rise edge)
                                  0.000000    0.000000   clock network delay (ideal)
                      0.150000    0.000000    0.000000 ^ u_mac_2.temp_res[8]$_SDFF_PP0_/CLK (sg13g2_dfrbpq_1)
     4    0.015510    0.092230    0.366764    0.366764 v u_mac_2.temp_res[8]$_SDFF_PP0_/Q (sg13g2_dfrbpq_1)
                                                         u_mac_2.temp_res[8] (net)
                      0.092230    0.000000    0.366764 v _4469_/A (sg13g2_xnor2_1)
     1    0.002881    0.045146    0.130152    0.496916 ^ _4469_/Y (sg13g2_xnor2_1)
                                                         _1537_ (net)
                      0.045146    0.000000    0.496916 ^ _4563_/A2 (sg13g2_a21oi_1)
     1    0.001355    0.024815    0.080734    0.577650 v _4563_/Y (sg13g2_a21oi_1)
                                                         _0338_ (net)
                      0.024815    0.000000    0.577650 v u_mac_2.temp_res[8]$_SDFF_PP0_/D (sg13g2_dfrbpq_1)
                                              0.577650   data arrival time

                      0.150000    0.000000    0.000000   clock clk (rise edge)
                                  0.000000    0.000000   clock network delay (ideal)
                                  0.250000    0.250000   clock uncertainty
                                  0.000000    0.250000   clock reconvergence pessimism
                                              0.250000 ^ u_mac_2.temp_res[8]$_SDFF_PP0_/CLK (sg13g2_dfrbpq_1)
                                 -0.013529    0.236471   library hold time
                                              0.236471   data required time
---------------------------------------------------------------------------------------------
                                              0.236471   data required time
                                             -0.577650   data arrival time
---------------------------------------------------------------------------------------------
                                              0.341179   slack (MET)


Startpoint: u_ctrl.input_cnt[0]$_SDFFE_PP0P_
            (rising edge-triggered flip-flop clocked by clk)
Endpoint: u_ctrl.input_cnt[0]$_SDFFE_PP0P_
          (rising edge-triggered flip-flop clocked by clk)
Path Group: clk
Path Type: min

Fanout         Cap        Slew       Delay        Time   Description
---------------------------------------------------------------------------------------------
                      0.150000    0.000000    0.000000   clock clk (rise edge)
                                  0.000000    0.000000   clock network delay (ideal)
                      0.150000    0.000000    0.000000 ^ u_ctrl.input_cnt[0]$_SDFFE_PP0P_/CLK (sg13g2_dfrbpq_1)
    11    0.029975    0.200080    0.440178    0.440178 ^ u_ctrl.input_cnt[0]$_SDFFE_PP0P_/Q (sg13g2_dfrbpq_1)
                                                         u_ctrl.input_cnt[0] (net)
                      0.200080    0.000000    0.440178 ^ _5651_/A2 (sg13g2_a21oi_1)
     1    0.001355    0.032348    0.138100    0.578278 v _5651_/Y (sg13g2_a21oi_1)
                                                         _0031_ (net)
                      0.032348    0.000000    0.578278 v u_ctrl.input_cnt[0]$_SDFFE_PP0P_/D (sg13g2_dfrbpq_1)
                                              0.578278   data arrival time

                      0.150000    0.000000    0.000000   clock clk (rise edge)
                                  0.000000    0.000000   clock network delay (ideal)
                                  0.250000    0.250000   clock uncertainty
                                  0.000000    0.250000   clock reconvergence pessimism
                                              0.250000 ^ u_ctrl.input_cnt[0]$_SDFFE_PP0P_/CLK (sg13g2_dfrbpq_1)
                                 -0.016567    0.233433   library hold time
                                              0.233433   data required time
---------------------------------------------------------------------------------------------
                                              0.233433   data required time
                                             -0.578278   data arrival time
---------------------------------------------------------------------------------------------
                                              0.344845   slack (MET)


Startpoint: read_index[1]$_SDFFE_PP0P_
            (rising edge-triggered flip-flop clocked by clk)
Endpoint: read_index[1]$_SDFFE_PP0P_
          (rising edge-triggered flip-flop clocked by clk)
Path Group: clk
Path Type: min

Fanout         Cap        Slew       Delay        Time   Description
---------------------------------------------------------------------------------------------
                      0.150000    0.000000    0.000000   clock clk (rise edge)
                                  0.000000    0.000000   clock network delay (ideal)
                      0.150000    0.000000    0.000000 ^ read_index[1]$_SDFFE_PP0P_/CLK (sg13g2_dfrbpq_1)
     8    0.021077    0.118664    0.389168    0.389168 v read_index[1]$_SDFFE_PP0P_/Q (sg13g2_dfrbpq_1)
                                                         read_index[1] (net)
                      0.118664    0.000000    0.389168 v _5552_/A1 (sg13g2_o21ai_1)
     1    0.002759    0.042596    0.157327    0.546495 ^ _5552_/Y (sg13g2_o21ai_1)
                                                         _2538_ (net)
                      0.042596    0.000000    0.546495 ^ _5553_/A (sg13g2_inv_1)
     1    0.001355    0.021694    0.037428    0.583922 v _5553_/Y (sg13g2_inv_1)
                                                         _0020_ (net)
                      0.021694    0.000000    0.583922 v read_index[1]$_SDFFE_PP0P_/D (sg13g2_dfrbpq_1)
                                              0.583922   data arrival time

                      0.150000    0.000000    0.000000   clock clk (rise edge)
                                  0.000000    0.000000   clock network delay (ideal)
                                  0.250000    0.250000   clock uncertainty
                                  0.000000    0.250000   clock reconvergence pessimism
                                              0.250000 ^ read_index[1]$_SDFFE_PP0P_/CLK (sg13g2_dfrbpq_1)
                                 -0.012270    0.237730   library hold time
                                              0.237730   data required time
---------------------------------------------------------------------------------------------
                                              0.237730   data required time
                                             -0.583922   data arrival time
---------------------------------------------------------------------------------------------
                                              0.346193   slack (MET)


Startpoint: u_mac_3.temp_res[15]$_SDFF_PP0_
            (rising edge-triggered flip-flop clocked by clk)
Endpoint: u_mac_3.temp_res[15]$_SDFF_PP0_
          (rising edge-triggered flip-flop clocked by clk)
Path Group: clk
Path Type: min

Fanout         Cap        Slew       Delay        Time   Description
---------------------------------------------------------------------------------------------
                      0.150000    0.000000    0.000000   clock clk (rise edge)
                                  0.000000    0.000000   clock network delay (ideal)
                      0.150000    0.000000    0.000000 ^ u_mac_3.temp_res[15]$_SDFF_PP0_/CLK (sg13g2_dfrbpq_1)
     3    0.008247    0.057749    0.337539    0.337539 v u_mac_3.temp_res[15]$_SDFF_PP0_/Q (sg13g2_dfrbpq_1)
                                                         u_mac_3.temp_res[15] (net)
                      0.057749    0.000000    0.337539 v _4947_/A (sg13g2_nor3_1)
     1    0.002844    0.118196    0.157643    0.495182 ^ _4947_/Y (sg13g2_nor3_1)
                                                         _1992_ (net)
                      0.118196    0.000000    0.495182 ^ _4949_/B (sg13g2_nor3_1)
     1    0.001355    0.038689    0.082807    0.577989 v _4949_/Y (sg13g2_nor3_1)
                                                         _0346_ (net)
                      0.038689    0.000000    0.577989 v u_mac_3.temp_res[15]$_SDFF_PP0_/D (sg13g2_dfrbpq_1)
                                              0.577989   data arrival time

                      0.150000    0.000000    0.000000   clock clk (rise edge)
                                  0.000000    0.000000   clock network delay (ideal)
                                  0.250000    0.250000   clock uncertainty
                                  0.000000    0.250000   clock reconvergence pessimism
                                              0.250000 ^ u_mac_3.temp_res[15]$_SDFF_PP0_/CLK (sg13g2_dfrbpq_1)
                                 -0.019124    0.230876   library hold time
                                              0.230876   data required time
---------------------------------------------------------------------------------------------
                                              0.230876   data required time
                                             -0.577989   data arrival time
---------------------------------------------------------------------------------------------
                                              0.347112   slack (MET)


Startpoint: u_mac_4.temp_res[15]$_SDFF_PP0_
            (rising edge-triggered flip-flop clocked by clk)
Endpoint: u_mac_4.temp_res[15]$_SDFF_PP0_
          (rising edge-triggered flip-flop clocked by clk)
Path Group: clk
Path Type: min

Fanout         Cap        Slew       Delay        Time   Description
---------------------------------------------------------------------------------------------
                      0.150000    0.000000    0.000000   clock clk (rise edge)
                                  0.000000    0.000000   clock network delay (ideal)
                      0.150000    0.000000    0.000000 ^ u_mac_4.temp_res[15]$_SDFF_PP0_/CLK (sg13g2_dfrbpq_1)
     4    0.011612    0.089553    0.357648    0.357648 ^ u_mac_4.temp_res[15]$_SDFF_PP0_/Q (sg13g2_dfrbpq_1)
                                                         u_mac_4.temp_res[15] (net)
                      0.089553    0.000000    0.357648 ^ _5415_/A (sg13g2_inv_1)
     1    0.002653    0.037492    0.060074    0.417722 v _5415_/Y (sg13g2_inv_1)
                                                         _2430_ (net)
                      0.037492    0.000000    0.417722 v _5367_/B1 (sg13g2_a21oi_1)
     3    0.008075    0.099868    0.097420    0.515142 ^ _5367_/Y (sg13g2_a21oi_1)
                                                         _2394_ (net)
                      0.099868    0.000000    0.515142 ^ _5369_/C (sg13g2_nor3_1)
     1    0.001355    0.038327    0.067411    0.582553 v _5369_/Y (sg13g2_nor3_1)
                                                         _0364_ (net)
                      0.038327    0.000000    0.582553 v u_mac_4.temp_res[15]$_SDFF_PP0_/D (sg13g2_dfrbpq_1)
                                              0.582553   data arrival time

                      0.150000    0.000000    0.000000   clock clk (rise edge)
                                  0.000000    0.000000   clock network delay (ideal)
                                  0.250000    0.250000   clock uncertainty
                                  0.000000    0.250000   clock reconvergence pessimism
                                              0.250000 ^ u_mac_4.temp_res[15]$_SDFF_PP0_/CLK (sg13g2_dfrbpq_1)
                                 -0.018978    0.231022   library hold time
                                              0.231022   data required time
---------------------------------------------------------------------------------------------
                                              0.231022   data required time
                                             -0.582553   data arrival time
---------------------------------------------------------------------------------------------
                                              0.351531   slack (MET)


Startpoint: read_index[4]$_SDFFE_PP0P_
            (rising edge-triggered flip-flop clocked by clk)
Endpoint: read_index[4]$_SDFFE_PP0P_
          (rising edge-triggered flip-flop clocked by clk)
Path Group: clk
Path Type: min

Fanout         Cap        Slew       Delay        Time   Description
---------------------------------------------------------------------------------------------
                      0.150000    0.000000    0.000000   clock clk (rise edge)
                                  0.000000    0.000000   clock network delay (ideal)
                      0.150000    0.000000    0.000000 ^ read_index[4]$_SDFFE_PP0P_/CLK (sg13g2_dfrbpq_1)
     6    0.019216    0.109829    0.381680    0.381680 v read_index[4]$_SDFFE_PP0P_/Q (sg13g2_dfrbpq_1)
                                                         read_index[4] (net)
                      0.109829    0.000000    0.381680 v _5559_/A1 (sg13g2_o21ai_1)
     1    0.002783    0.083332    0.154556    0.536236 ^ _5559_/Y (sg13g2_o21ai_1)
                                                         _2542_ (net)
                      0.083332    0.000000    0.536236 ^ _5560_/B1 (sg13g2_a21oi_1)
     1    0.001355    0.032348    0.055834    0.592070 v _5560_/Y (sg13g2_a21oi_1)
                                                         _0023_ (net)
                      0.032348    0.000000    0.592070 v read_index[4]$_SDFFE_PP0P_/D (sg13g2_dfrbpq_1)
                                              0.592070   data arrival time

                      0.150000    0.000000    0.000000   clock clk (rise edge)
                                  0.000000    0.000000   clock network delay (ideal)
                                  0.250000    0.250000   clock uncertainty
                                  0.000000    0.250000   clock reconvergence pessimism
                                              0.250000 ^ read_index[4]$_SDFFE_PP0P_/CLK (sg13g2_dfrbpq_1)
                                 -0.016567    0.233433   library hold time
                                              0.233433   data required time
---------------------------------------------------------------------------------------------
                                              0.233433   data required time
                                             -0.592070   data arrival time
---------------------------------------------------------------------------------------------
                                              0.358637   slack (MET)


Startpoint: u_mac_2.temp_res[12]$_SDFF_PP0_
            (rising edge-triggered flip-flop clocked by clk)
Endpoint: u_mac_2.temp_res[12]$_SDFF_PP0_
          (rising edge-triggered flip-flop clocked by clk)
Path Group: clk
Path Type: min

Fanout         Cap        Slew       Delay        Time   Description
---------------------------------------------------------------------------------------------
                      0.150000    0.000000    0.000000   clock clk (rise edge)
                                  0.000000    0.000000   clock network delay (ideal)
                      0.150000    0.000000    0.000000 ^ u_mac_2.temp_res[12]$_SDFF_PP0_/CLK (sg13g2_dfrbpq_1)
     3    0.010592    0.068881    0.346975    0.346975 v u_mac_2.temp_res[12]$_SDFF_PP0_/Q (sg13g2_dfrbpq_1)
                                                         u_mac_2.temp_res[12] (net)
                      0.068881    0.000000    0.346975 v _4511_/A (sg13g2_xnor2_1)
     3    0.007922    0.074352    0.166875    0.513850 ^ _4511_/Y (sg13g2_xnor2_1)
                                                         _1577_ (net)
                      0.074352    0.000000    0.513850 ^ _4517_/A1 (sg13g2_a21oi_1)
     1    0.001355    0.024004    0.086861    0.600711 v _4517_/Y (sg13g2_a21oi_1)
                                                         _0325_ (net)
                      0.024004    0.000000    0.600711 v u_mac_2.temp_res[12]$_SDFF_PP0_/D (sg13g2_dfrbpq_1)
                                              0.600711   data arrival time

                      0.150000    0.000000    0.000000   clock clk (rise edge)
                                  0.000000    0.000000   clock network delay (ideal)
                                  0.250000    0.250000   clock uncertainty
                                  0.000000    0.250000   clock reconvergence pessimism
                                              0.250000 ^ u_mac_2.temp_res[12]$_SDFF_PP0_/CLK (sg13g2_dfrbpq_1)
                                 -0.013202    0.236798   library hold time
                                              0.236798   data required time
---------------------------------------------------------------------------------------------
                                              0.236798   data required time
                                             -0.600711   data arrival time
---------------------------------------------------------------------------------------------
                                              0.363912   slack (MET)


Startpoint: u_mac_1.temp_res[12]$_SDFF_PP0_
            (rising edge-triggered flip-flop clocked by clk)
Endpoint: u_mac_1.temp_res[12]$_SDFF_PP0_
          (rising edge-triggered flip-flop clocked by clk)
Path Group: clk
Path Type: min

Fanout         Cap        Slew       Delay        Time   Description
---------------------------------------------------------------------------------------------
                      0.150000    0.000000    0.000000   clock clk (rise edge)
                                  0.000000    0.000000   clock network delay (ideal)
                      0.150000    0.000000    0.000000 ^ u_mac_1.temp_res[12]$_SDFF_PP0_/CLK (sg13g2_dfrbpq_1)
     3    0.010855    0.070128    0.348031    0.348031 v u_mac_1.temp_res[12]$_SDFF_PP0_/Q (sg13g2_dfrbpq_1)
                                                         u_mac_1.temp_res[12] (net)
                      0.070128    0.000000    0.348031 v _4104_/A (sg13g2_xnor2_1)
     3    0.007922    0.074374    0.167427    0.515458 ^ _4104_/Y (sg13g2_xnor2_1)
                                                         _1188_ (net)
                      0.074374    0.000000    0.515458 ^ _4111_/A1 (sg13g2_a21oi_1)
     1    0.001355    0.024005    0.086871    0.602329 v _4111_/Y (sg13g2_a21oi_1)
                                                         _0307_ (net)
                      0.024005    0.000000    0.602329 v u_mac_1.temp_res[12]$_SDFF_PP0_/D (sg13g2_dfrbpq_1)
                                              0.602329   data arrival time

                      0.150000    0.000000    0.000000   clock clk (rise edge)
                                  0.000000    0.000000   clock network delay (ideal)
                                  0.250000    0.250000   clock uncertainty
                                  0.000000    0.250000   clock reconvergence pessimism
                                              0.250000 ^ u_mac_1.temp_res[12]$_SDFF_PP0_/CLK (sg13g2_dfrbpq_1)
                                 -0.013202    0.236798   library hold time
                                              0.236798   data required time
---------------------------------------------------------------------------------------------
                                              0.236798   data required time
                                             -0.602329   data arrival time
---------------------------------------------------------------------------------------------
                                              0.365531   slack (MET)


Startpoint: read_index[0]$_SDFFE_PP0P_
            (rising edge-triggered flip-flop clocked by clk)
Endpoint: read_index[0]$_SDFFE_PP0P_
          (rising edge-triggered flip-flop clocked by clk)
Path Group: clk
Path Type: min

Fanout         Cap        Slew       Delay        Time   Description
---------------------------------------------------------------------------------------------
                      0.150000    0.000000    0.000000   clock clk (rise edge)
                                  0.000000    0.000000   clock network delay (ideal)
                      0.150000    0.000000    0.000000 ^ read_index[0]$_SDFFE_PP0P_/CLK (sg13g2_dfrbpq_1)
     8    0.021548    0.120901    0.391064    0.391064 v read_index[0]$_SDFFE_PP0P_/Q (sg13g2_dfrbpq_1)
                                                         read_index[0] (net)
                      0.120901    0.000000    0.391064 v _5549_/A1 (sg13g2_o21ai_1)
     1    0.002825    0.083608    0.158818    0.549882 ^ _5549_/Y (sg13g2_o21ai_1)
                                                         _2536_ (net)
                      0.083608    0.000000    0.549882 ^ _5550_/B (sg13g2_nor2_1)
     1    0.001355    0.032247    0.056206    0.606088 v _5550_/Y (sg13g2_nor2_1)
                                                         _0019_ (net)
                      0.032247    0.000000    0.606088 v read_index[0]$_SDFFE_PP0P_/D (sg13g2_dfrbpq_1)
                                              0.606088   data arrival time

                      0.150000    0.000000    0.000000   clock clk (rise edge)
                                  0.000000    0.000000   clock network delay (ideal)
                                  0.250000    0.250000   clock uncertainty
                                  0.000000    0.250000   clock reconvergence pessimism
                                              0.250000 ^ read_index[0]$_SDFFE_PP0P_/CLK (sg13g2_dfrbpq_1)
                                 -0.016526    0.233474   library hold time
                                              0.233474   data required time
---------------------------------------------------------------------------------------------
                                              0.233474   data required time
                                             -0.606088   data arrival time
---------------------------------------------------------------------------------------------
                                              0.372614   slack (MET)


Startpoint: u_mac_1.temp_res[3]$_SDFF_PP0_
            (rising edge-triggered flip-flop clocked by clk)
Endpoint: u_mac_1.temp_res[4]$_SDFF_PP0_
          (rising edge-triggered flip-flop clocked by clk)
Path Group: clk
Path Type: min

Fanout         Cap        Slew       Delay        Time   Description
---------------------------------------------------------------------------------------------
                      0.150000    0.000000    0.000000   clock clk (rise edge)
                                  0.000000    0.000000   clock network delay (ideal)
                      0.150000    0.000000    0.000000 ^ u_mac_1.temp_res[3]$_SDFF_PP0_/CLK (sg13g2_dfrbpq_1)
     3    0.011250    0.087406    0.355993    0.355993 ^ u_mac_1.temp_res[3]$_SDFF_PP0_/Q (sg13g2_dfrbpq_1)
                                                         u_mac_1.temp_res[3] (net)
                      0.087406    0.000000    0.355993 ^ _4033_/A (sg13g2_nand2_1)
     1    0.002670    0.050431    0.082481    0.438474 v _4033_/Y (sg13g2_nand2_1)
                                                         _1119_ (net)
                      0.050431    0.000000    0.438474 v _4046_/A (sg13g2_nand2_1)
     3    0.008896    0.074519    0.080559    0.519033 ^ _4046_/Y (sg13g2_nand2_1)
                                                         _1132_ (net)
                      0.074519    0.000000    0.519033 ^ _4151_/A1 (sg13g2_a21oi_1)
     1    0.001355    0.035805    0.086935    0.605968 v _4151_/Y (sg13g2_a21oi_1)
                                                         _0316_ (net)
                      0.035805    0.000000    0.605968 v u_mac_1.temp_res[4]$_SDFF_PP0_/D (sg13g2_dfrbpq_1)
                                              0.605968   data arrival time

                      0.150000    0.000000    0.000000   clock clk (rise edge)
                                  0.000000    0.000000   clock network delay (ideal)
                                  0.250000    0.250000   clock uncertainty
                                  0.000000    0.250000   clock reconvergence pessimism
                                              0.250000 ^ u_mac_1.temp_res[4]$_SDFF_PP0_/CLK (sg13g2_dfrbpq_1)
                                 -0.017961    0.232039   library hold time
                                              0.232039   data required time
---------------------------------------------------------------------------------------------
                                              0.232039   data required time
                                             -0.605968   data arrival time
---------------------------------------------------------------------------------------------
                                              0.373929   slack (MET)


Startpoint: u_mac_1.temp_res[9]$_SDFF_PP0_
            (rising edge-triggered flip-flop clocked by clk)
Endpoint: u_mac_1.temp_res[9]$_SDFF_PP0_
          (rising edge-triggered flip-flop clocked by clk)
Path Group: clk
Path Type: min

Fanout         Cap        Slew       Delay        Time   Description
---------------------------------------------------------------------------------------------
                      0.150000    0.000000    0.000000   clock clk (rise edge)
                                  0.000000    0.000000   clock network delay (ideal)
                      0.150000    0.000000    0.000000 ^ u_mac_1.temp_res[9]$_SDFF_PP0_/CLK (sg13g2_dfrbpq_1)
     4    0.013775    0.083993    0.359783    0.359783 v u_mac_1.temp_res[9]$_SDFF_PP0_/Q (sg13g2_dfrbpq_1)
                                                         u_mac_1.temp_res[9] (net)
                      0.083993    0.000000    0.359783 v _4160_/A (sg13g2_xnor2_1)
     2    0.006168    0.064279    0.157207    0.516990 ^ _4160_/Y (sg13g2_xnor2_1)
                                                         _1230_ (net)
                      0.064279    0.000000    0.516990 ^ _4162_/A2 (sg13g2_a21oi_1)
     1    0.001355    0.035381    0.089492    0.606482 v _4162_/Y (sg13g2_a21oi_1)
                                                         _0321_ (net)
                      0.035381    0.000000    0.606482 v u_mac_1.temp_res[9]$_SDFF_PP0_/D (sg13g2_dfrbpq_1)
                                              0.606482   data arrival time

                      0.150000    0.000000    0.000000   clock clk (rise edge)
                                  0.000000    0.000000   clock network delay (ideal)
                                  0.250000    0.250000   clock uncertainty
                                  0.000000    0.250000   clock reconvergence pessimism
                                              0.250000 ^ u_mac_1.temp_res[9]$_SDFF_PP0_/CLK (sg13g2_dfrbpq_1)
                                 -0.017790    0.232210   library hold time
                                              0.232210   data required time
---------------------------------------------------------------------------------------------
                                              0.232210   data required time
                                             -0.606482   data arrival time
---------------------------------------------------------------------------------------------
                                              0.374272   slack (MET)


Startpoint: u_mac_4.temp_res[5]$_SDFF_PP0_
            (rising edge-triggered flip-flop clocked by clk)
Endpoint: u_mac_4.temp_res[6]$_SDFF_PP0_
          (rising edge-triggered flip-flop clocked by clk)
Path Group: clk
Path Type: min

Fanout         Cap        Slew       Delay        Time   Description
---------------------------------------------------------------------------------------------
                      0.150000    0.000000    0.000000   clock clk (rise edge)
                                  0.000000    0.000000   clock network delay (ideal)
                      0.150000    0.000000    0.000000 ^ u_mac_4.temp_res[5]$_SDFF_PP0_/CLK (sg13g2_dfrbpq_1)
     3    0.010855    0.085064    0.354187    0.354187 ^ u_mac_4.temp_res[5]$_SDFF_PP0_/Q (sg13g2_dfrbpq_1)
                                                         u_mac_4.temp_res[5] (net)
                      0.085064    0.000000    0.354187 ^ _5267_/A (sg13g2_nand2_1)
     1    0.002670    0.057174    0.081583    0.435771 v _5267_/Y (sg13g2_nand2_1)
                                                         _2299_ (net)
                      0.057174    0.000000    0.435771 v _5288_/A (sg13g2_nand2_1)
     3    0.008896    0.075550    0.083527    0.519298 ^ _5288_/Y (sg13g2_nand2_1)
                                                         _2320_ (net)
                      0.075550    0.000000    0.519298 ^ _5386_/A1 (sg13g2_a21oi_1)
     1    0.001355    0.035811    0.087396    0.606694 v _5386_/Y (sg13g2_a21oi_1)
                                                         _0372_ (net)
                      0.035811    0.000000    0.606694 v u_mac_4.temp_res[6]$_SDFF_PP0_/D (sg13g2_dfrbpq_1)
                                              0.606694   data arrival time

                      0.150000    0.000000    0.000000   clock clk (rise edge)
                                  0.000000    0.000000   clock network delay (ideal)
                                  0.250000    0.250000   clock uncertainty
                                  0.000000    0.250000   clock reconvergence pessimism
                                              0.250000 ^ u_mac_4.temp_res[6]$_SDFF_PP0_/CLK (sg13g2_dfrbpq_1)
                                 -0.017963    0.232037   library hold time
                                              0.232037   data required time
---------------------------------------------------------------------------------------------
                                              0.232037   data required time
                                             -0.606694   data arrival time
---------------------------------------------------------------------------------------------
                                              0.374657   slack (MET)


Startpoint: u_mac_3.temp_res[2]$_SDFF_PP0_
            (rising edge-triggered flip-flop clocked by clk)
Endpoint: u_mac_3.temp_res[3]$_SDFF_PP0_
          (rising edge-triggered flip-flop clocked by clk)
Path Group: clk
Path Type: min

Fanout         Cap        Slew       Delay        Time   Description
---------------------------------------------------------------------------------------------
                      0.150000    0.000000    0.000000   clock clk (rise edge)
                                  0.000000    0.000000   clock network delay (ideal)
                      0.150000    0.000000    0.000000 ^ u_mac_3.temp_res[2]$_SDFF_PP0_/CLK (sg13g2_dfrbpq_1)
     3    0.010942    0.085579    0.354584    0.354584 ^ u_mac_3.temp_res[2]$_SDFF_PP0_/Q (sg13g2_dfrbpq_1)
                                                         u_mac_3.temp_res[2] (net)
                      0.085579    0.000000    0.354584 ^ _4853_/A (sg13g2_nand2_1)
     1    0.002670    0.057267    0.081781    0.436365 v _4853_/Y (sg13g2_nand2_1)
                                                         _1903_ (net)
                      0.057267    0.000000    0.436365 v _4860_/A (sg13g2_nand2_1)
     3    0.008896    0.075564    0.083568    0.519933 ^ _4860_/Y (sg13g2_nand2_1)
                                                         _1910_ (net)
                      0.075564    0.000000    0.519933 ^ _4960_/A1 (sg13g2_a21oi_1)
     1    0.001355    0.035805    0.087402    0.607335 v _4960_/Y (sg13g2_a21oi_1)
                                                         _0351_ (net)
                      0.035805    0.000000    0.607335 v u_mac_3.temp_res[3]$_SDFF_PP0_/D (sg13g2_dfrbpq_1)
                                              0.607335   data arrival time

                      0.150000    0.000000    0.000000   clock clk (rise edge)
                                  0.000000    0.000000   clock network delay (ideal)
                                  0.250000    0.250000   clock uncertainty
                                  0.000000    0.250000   clock reconvergence pessimism
                                              0.250000 ^ u_mac_3.temp_res[3]$_SDFF_PP0_/CLK (sg13g2_dfrbpq_1)
                                 -0.017961    0.232039   library hold time
                                              0.232039   data required time
---------------------------------------------------------------------------------------------
                                              0.232039   data required time
                                             -0.607335   data arrival time
---------------------------------------------------------------------------------------------
                                              0.375296   slack (MET)


Startpoint: u_mac_4.temp_res[1]$_SDFF_PP0_
            (rising edge-triggered flip-flop clocked by clk)
Endpoint: u_mac_4.temp_res[2]$_SDFF_PP0_
          (rising edge-triggered flip-flop clocked by clk)
Path Group: clk
Path Type: min

Fanout         Cap        Slew       Delay        Time   Description
---------------------------------------------------------------------------------------------
                      0.150000    0.000000    0.000000   clock clk (rise edge)
                                  0.000000    0.000000   clock network delay (ideal)
                      0.150000    0.000000    0.000000 ^ u_mac_4.temp_res[1]$_SDFF_PP0_/CLK (sg13g2_dfrbpq_1)
     3    0.010950    0.085628    0.354622    0.354622 ^ u_mac_4.temp_res[1]$_SDFF_PP0_/Q (sg13g2_dfrbpq_1)
                                                         u_mac_4.temp_res[1] (net)
                      0.085628    0.000000    0.354622 ^ _5275_/A (sg13g2_nand2_1)
     1    0.002670    0.057250    0.081799    0.436421 v _5275_/Y (sg13g2_nand2_1)
                                                         _2307_ (net)
                      0.057250    0.000000    0.436421 v _5278_/A (sg13g2_nand2_1)
     3    0.008896    0.075562    0.083561    0.519982 ^ _5278_/Y (sg13g2_nand2_1)
                                                         _2310_ (net)
                      0.075562    0.000000    0.519982 ^ _5378_/A1 (sg13g2_a21oi_1)
     1    0.001355    0.035810    0.087401    0.607383 v _5378_/Y (sg13g2_a21oi_1)
                                                         _0368_ (net)
                      0.035810    0.000000    0.607383 v u_mac_4.temp_res[2]$_SDFF_PP0_/D (sg13g2_dfrbpq_1)
                                              0.607383   data arrival time

                      0.150000    0.000000    0.000000   clock clk (rise edge)
                                  0.000000    0.000000   clock network delay (ideal)
                                  0.250000    0.250000   clock uncertainty
                                  0.000000    0.250000   clock reconvergence pessimism
                                              0.250000 ^ u_mac_4.temp_res[2]$_SDFF_PP0_/CLK (sg13g2_dfrbpq_1)
                                 -0.017963    0.232037   library hold time
                                              0.232037   data required time
---------------------------------------------------------------------------------------------
                                              0.232037   data required time
                                             -0.607383   data arrival time
---------------------------------------------------------------------------------------------
                                              0.375346   slack (MET)


Startpoint: u_mac_2.temp_res[7]$_SDFF_PP0_
            (rising edge-triggered flip-flop clocked by clk)
Endpoint: u_mac_2.temp_res[7]$_SDFF_PP0_
          (rising edge-triggered flip-flop clocked by clk)
Path Group: clk
Path Type: min

Fanout         Cap        Slew       Delay        Time   Description
---------------------------------------------------------------------------------------------
                      0.150000    0.000000    0.000000   clock clk (rise edge)
                                  0.000000    0.000000   clock network delay (ideal)
                      0.150000    0.000000    0.000000 ^ u_mac_2.temp_res[7]$_SDFF_PP0_/CLK (sg13g2_dfrbpq_1)
     3    0.010592    0.068881    0.346975    0.346975 v u_mac_2.temp_res[7]$_SDFF_PP0_/Q (sg13g2_dfrbpq_1)
                                                         u_mac_2.temp_res[7] (net)
                      0.068881    0.000000    0.346975 v _4464_/A (sg13g2_xnor2_1)
     3    0.008361    0.076950    0.170960    0.517935 ^ _4464_/Y (sg13g2_xnor2_1)
                                                         _1532_ (net)
                      0.076950    0.000000    0.517935 ^ _4561_/A2 (sg13g2_a21oi_1)
     1    0.001355    0.023937    0.095293    0.613228 v _4561_/Y (sg13g2_a21oi_1)
                                                         _0337_ (net)
                      0.023937    0.000000    0.613228 v u_mac_2.temp_res[7]$_SDFF_PP0_/D (sg13g2_dfrbpq_1)
                                              0.613228   data arrival time

                      0.150000    0.000000    0.000000   clock clk (rise edge)
                                  0.000000    0.000000   clock network delay (ideal)
                                  0.250000    0.250000   clock uncertainty
                                  0.000000    0.250000   clock reconvergence pessimism
                                              0.250000 ^ u_mac_2.temp_res[7]$_SDFF_PP0_/CLK (sg13g2_dfrbpq_1)
                                 -0.013175    0.236825   library hold time
                                              0.236825   data required time
---------------------------------------------------------------------------------------------
                                              0.236825   data required time
                                             -0.613228   data arrival time
---------------------------------------------------------------------------------------------
                                              0.376402   slack (MET)


Startpoint: u_mac_3.temp_res[10]$_SDFF_PP0_
            (rising edge-triggered flip-flop clocked by clk)
Endpoint: u_mac_3.temp_res[10]$_SDFF_PP0_
          (rising edge-triggered flip-flop clocked by clk)
Path Group: clk
Path Type: min

Fanout         Cap        Slew       Delay        Time   Description
---------------------------------------------------------------------------------------------
                      0.150000    0.000000    0.000000   clock clk (rise edge)
                                  0.000000    0.000000   clock network delay (ideal)
                      0.150000    0.000000    0.000000 ^ u_mac_3.temp_res[10]$_SDFF_PP0_/CLK (sg13g2_dfrbpq_1)
     4    0.010486    0.068379    0.346549    0.346549 v u_mac_3.temp_res[10]$_SDFF_PP0_/Q (sg13g2_dfrbpq_1)
                                                         u_mac_3.temp_res[10] (net)
                      0.068379    0.000000    0.346549 v _4832_/B1 (sg13g2_a21oi_1)
     2    0.004569    0.073007    0.085338    0.431887 ^ _4832_/Y (sg13g2_a21oi_1)
                                                         _1882_ (net)
                      0.073007    0.000000    0.431887 ^ _4833_/B (sg13g2_or2_1)
     1    0.002833    0.036137    0.115926    0.547812 ^ _4833_/X (sg13g2_or2_1)
                                                         _1883_ (net)
                      0.036137    0.000000    0.547812 ^ _4882_/A1 (sg13g2_a21oi_1)
     1    0.001355    0.025422    0.069800    0.617612 v _4882_/Y (sg13g2_a21oi_1)
                                                         _0341_ (net)
                      0.025422    0.000000    0.617612 v u_mac_3.temp_res[10]$_SDFF_PP0_/D (sg13g2_dfrbpq_1)
                                              0.617612   data arrival time

                      0.150000    0.000000    0.000000   clock clk (rise edge)
                                  0.000000    0.000000   clock network delay (ideal)
                                  0.250000    0.250000   clock uncertainty
                                  0.000000    0.250000   clock reconvergence pessimism
                                              0.250000 ^ u_mac_3.temp_res[10]$_SDFF_PP0_/CLK (sg13g2_dfrbpq_1)
                                 -0.013774    0.236226   library hold time
                                              0.236226   data required time
---------------------------------------------------------------------------------------------
                                              0.236226   data required time
                                             -0.617612   data arrival time
---------------------------------------------------------------------------------------------
                                              0.381386   slack (MET)


Startpoint: u_mac_4.temp_res[12]$_SDFF_PP0_
            (rising edge-triggered flip-flop clocked by clk)
Endpoint: u_mac_4.temp_res[12]$_SDFF_PP0_
          (rising edge-triggered flip-flop clocked by clk)
Path Group: clk
Path Type: min

Fanout         Cap        Slew       Delay        Time   Description
---------------------------------------------------------------------------------------------
                      0.150000    0.000000    0.000000   clock clk (rise edge)
                                  0.000000    0.000000   clock network delay (ideal)
                      0.150000    0.000000    0.000000 ^ u_mac_4.temp_res[12]$_SDFF_PP0_/CLK (sg13g2_dfrbpq_1)
     2    0.005688    0.054432    0.330576    0.330576 ^ u_mac_4.temp_res[12]$_SDFF_PP0_/Q (sg13g2_dfrbpq_1)
                                                         u_mac_4.temp_res[12] (net)
                      0.054432    0.000000    0.330576 ^ _5411_/A (sg13g2_inv_1)
     2    0.007973    0.055250    0.069776    0.400352 v _5411_/Y (sg13g2_inv_1)
                                                         _2426_ (net)
                      0.055250    0.000000    0.400352 v _5337_/A (sg13g2_xnor2_1)
     2    0.005601    0.060401    0.139289    0.539641 ^ _5337_/Y (sg13g2_xnor2_1)
                                                         _2367_ (net)
                      0.060401    0.000000    0.539641 ^ _5343_/A1 (sg13g2_a21oi_1)
     1    0.001355    0.023620    0.080633    0.620273 v _5343_/Y (sg13g2_a21oi_1)
                                                         _0361_ (net)
                      0.023620    0.000000    0.620273 v u_mac_4.temp_res[12]$_SDFF_PP0_/D (sg13g2_dfrbpq_1)
                                              0.620273   data arrival time

                      0.150000    0.000000    0.000000   clock clk (rise edge)
                                  0.000000    0.000000   clock network delay (ideal)
                                  0.250000    0.250000   clock uncertainty
                                  0.000000    0.250000   clock reconvergence pessimism
                                              0.250000 ^ u_mac_4.temp_res[12]$_SDFF_PP0_/CLK (sg13g2_dfrbpq_1)
                                 -0.013047    0.236953   library hold time
                                              0.236953   data required time
---------------------------------------------------------------------------------------------
                                              0.236953   data required time
                                             -0.620273   data arrival time
---------------------------------------------------------------------------------------------
                                              0.383320   slack (MET)


Startpoint: u_ctrl.input_cnt[4]$_SDFFE_PP0P_
            (rising edge-triggered flip-flop clocked by clk)
Endpoint: u_ctrl.input_cnt[4]$_SDFFE_PP0P_
          (rising edge-triggered flip-flop clocked by clk)
Path Group: clk
Path Type: min

Fanout         Cap        Slew       Delay        Time   Description
---------------------------------------------------------------------------------------------
                      0.150000    0.000000    0.000000   clock clk (rise edge)
                                  0.000000    0.000000   clock network delay (ideal)
                      0.150000    0.000000    0.000000 ^ u_ctrl.input_cnt[4]$_SDFFE_PP0P_/CLK (sg13g2_dfrbpq_1)
    14    0.038075    0.250159    0.475496    0.475496 ^ u_ctrl.input_cnt[4]$_SDFFE_PP0P_/Q (sg13g2_dfrbpq_1)
                                                         u_ctrl.input_cnt[4] (net)
                      0.250159    0.000000    0.475496 ^ _5659_/A1 (sg13g2_a21oi_1)
     1    0.001355    0.032348    0.141366    0.616862 v _5659_/Y (sg13g2_a21oi_1)
                                                         _0035_ (net)
                      0.032348    0.000000    0.616862 v u_ctrl.input_cnt[4]$_SDFFE_PP0P_/D (sg13g2_dfrbpq_1)
                                              0.616862   data arrival time

                      0.150000    0.000000    0.000000   clock clk (rise edge)
                                  0.000000    0.000000   clock network delay (ideal)
                                  0.250000    0.250000   clock uncertainty
                                  0.000000    0.250000   clock reconvergence pessimism
                                              0.250000 ^ u_ctrl.input_cnt[4]$_SDFFE_PP0P_/CLK (sg13g2_dfrbpq_1)
                                 -0.016567    0.233433   library hold time
                                              0.233433   data required time
---------------------------------------------------------------------------------------------
                                              0.233433   data required time
                                             -0.616862   data arrival time
---------------------------------------------------------------------------------------------
                                              0.383429   slack (MET)


Startpoint: u_mac_2.temp_res[13]$_SDFF_PP0_
            (rising edge-triggered flip-flop clocked by clk)
Endpoint: u_mac_2.temp_res[13]$_SDFF_PP0_
          (rising edge-triggered flip-flop clocked by clk)
Path Group: clk
Path Type: min

Fanout         Cap        Slew       Delay        Time   Description
---------------------------------------------------------------------------------------------
                      0.150000    0.000000    0.000000   clock clk (rise edge)
                                  0.000000    0.000000   clock network delay (ideal)
                      0.150000    0.000000    0.000000 ^ u_mac_2.temp_res[13]$_SDFF_PP0_/CLK (sg13g2_dfrbpq_1)
     3    0.010519    0.068536    0.346682    0.346682 v u_mac_2.temp_res[13]$_SDFF_PP0_/Q (sg13g2_dfrbpq_1)
                                                         u_mac_2.temp_res[13] (net)
                      0.068536    0.000000    0.346682 v _4526_/A (sg13g2_xnor2_1)
     1    0.004766    0.071331    0.123018    0.469700 v _4526_/Y (sg13g2_xnor2_1)
                                                         _1591_ (net)
                      0.071331    0.000000    0.469700 v _4527_/B (sg13g2_xnor2_1)
     1    0.002825    0.043853    0.109340    0.579040 ^ _4527_/Y (sg13g2_xnor2_1)
                                                         _1592_ (net)
                      0.043853    0.000000    0.579040 ^ _4528_/B (sg13g2_nor2_1)
     1    0.001355    0.023877    0.041315    0.620355 v _4528_/Y (sg13g2_nor2_1)
                                                         _0326_ (net)
                      0.023877    0.000000    0.620355 v u_mac_2.temp_res[13]$_SDFF_PP0_/D (sg13g2_dfrbpq_1)
                                              0.620355   data arrival time

                      0.150000    0.000000    0.000000   clock clk (rise edge)
                                  0.000000    0.000000   clock network delay (ideal)
                                  0.250000    0.250000   clock uncertainty
                                  0.000000    0.250000   clock reconvergence pessimism
                                              0.250000 ^ u_mac_2.temp_res[13]$_SDFF_PP0_/CLK (sg13g2_dfrbpq_1)
                                 -0.013151    0.236849   library hold time
                                              0.236849   data required time
---------------------------------------------------------------------------------------------
                                              0.236849   data required time
                                             -0.620355   data arrival time
---------------------------------------------------------------------------------------------
                                              0.383506   slack (MET)


Startpoint: u_mac_1.temp_res[0]$_SDFF_PP0_
            (rising edge-triggered flip-flop clocked by clk)
Endpoint: u_mac_1.temp_res[1]$_SDFF_PP0_
          (rising edge-triggered flip-flop clocked by clk)
Path Group: clk
Path Type: min

Fanout         Cap        Slew       Delay        Time   Description
---------------------------------------------------------------------------------------------
                      0.150000    0.000000    0.000000   clock clk (rise edge)
                                  0.000000    0.000000   clock network delay (ideal)
                      0.150000    0.000000    0.000000 ^ u_mac_1.temp_res[0]$_SDFF_PP0_/CLK (sg13g2_dfrbpq_1)
     3    0.008748    0.060125    0.339553    0.339553 v u_mac_1.temp_res[0]$_SDFF_PP0_/Q (sg13g2_dfrbpq_1)
                                                         u_mac_1.temp_res[0] (net)
                      0.060125    0.000000    0.339553 v _3710_/A (sg13g2_nand2_1)
     3    0.007839    0.069827    0.079744    0.419297 ^ _3710_/Y (sg13g2_nand2_1)
                                                         _0797_ (net)
                      0.069827    0.000000    0.419297 ^ _4143_/A1 (sg13g2_a21oi_1)
     1    0.002083    0.057061    0.090083    0.509381 v _4143_/Y (sg13g2_a21oi_1)
                                                         _1221_ (net)
                      0.057061    0.000000    0.509381 v _4144_/B_N (sg13g2_nor2b_1)
     1    0.001355    0.030503    0.108547    0.617927 v _4144_/Y (sg13g2_nor2b_1)
                                                         _0313_ (net)
                      0.030503    0.000000    0.617927 v u_mac_1.temp_res[1]$_SDFF_PP0_/D (sg13g2_dfrbpq_1)
                                              0.617927   data arrival time

                      0.150000    0.000000    0.000000   clock clk (rise edge)
                                  0.000000    0.000000   clock network delay (ideal)
                                  0.250000    0.250000   clock uncertainty
                                  0.000000    0.250000   clock reconvergence pessimism
                                              0.250000 ^ u_mac_1.temp_res[1]$_SDFF_PP0_/CLK (sg13g2_dfrbpq_1)
                                 -0.015823    0.234177   library hold time
                                              0.234177   data required time
---------------------------------------------------------------------------------------------
                                              0.234177   data required time
                                             -0.617927   data arrival time
---------------------------------------------------------------------------------------------
                                              0.383750   slack (MET)


Startpoint: u_mac_1.temp_res[13]$_SDFF_PP0_
            (rising edge-triggered flip-flop clocked by clk)
Endpoint: u_mac_1.temp_res[13]$_SDFF_PP0_
          (rising edge-triggered flip-flop clocked by clk)
Path Group: clk
Path Type: min

Fanout         Cap        Slew       Delay        Time   Description
---------------------------------------------------------------------------------------------
                      0.150000    0.000000    0.000000   clock clk (rise edge)
                                  0.000000    0.000000   clock network delay (ideal)
                      0.150000    0.000000    0.000000 ^ u_mac_1.temp_res[13]$_SDFF_PP0_/CLK (sg13g2_dfrbpq_1)
     3    0.010830    0.070013    0.347934    0.347934 v u_mac_1.temp_res[13]$_SDFF_PP0_/Q (sg13g2_dfrbpq_1)
                                                         u_mac_1.temp_res[13] (net)
                      0.070013    0.000000    0.347934 v _4121_/A (sg13g2_xnor2_1)
     1    0.004766    0.071344    0.123713    0.471647 v _4121_/Y (sg13g2_xnor2_1)
                                                         _1204_ (net)
                      0.071344    0.000000    0.471647 v _4122_/B (sg13g2_xnor2_1)
     1    0.002825    0.043853    0.109345    0.580993 ^ _4122_/Y (sg13g2_xnor2_1)
                                                         _1205_ (net)
                      0.043853    0.000000    0.580993 ^ _4123_/B (sg13g2_nor2_1)
     1    0.001355    0.023877    0.041315    0.622308 v _4123_/Y (sg13g2_nor2_1)
                                                         _0308_ (net)
                      0.023877    0.000000    0.622308 v u_mac_1.temp_res[13]$_SDFF_PP0_/D (sg13g2_dfrbpq_1)
                                              0.622308   data arrival time

                      0.150000    0.000000    0.000000   clock clk (rise edge)
                                  0.000000    0.000000   clock network delay (ideal)
                                  0.250000    0.250000   clock uncertainty
                                  0.000000    0.250000   clock reconvergence pessimism
                                              0.250000 ^ u_mac_1.temp_res[13]$_SDFF_PP0_/CLK (sg13g2_dfrbpq_1)
                                 -0.013151    0.236849   library hold time
                                              0.236849   data required time
---------------------------------------------------------------------------------------------
                                              0.236849   data required time
                                             -0.622308   data arrival time
---------------------------------------------------------------------------------------------
                                              0.385459   slack (MET)


Startpoint: u_mac_2.temp_res[14]$_SDFF_PP0_
            (rising edge-triggered flip-flop clocked by clk)
Endpoint: u_mac_2.temp_res[14]$_SDFF_PP0_
          (rising edge-triggered flip-flop clocked by clk)
Path Group: clk
Path Type: min

Fanout         Cap        Slew       Delay        Time   Description
---------------------------------------------------------------------------------------------
                      0.150000    0.000000    0.000000   clock clk (rise edge)
                                  0.000000    0.000000   clock network delay (ideal)
                      0.150000    0.000000    0.000000 ^ u_mac_2.temp_res[14]$_SDFF_PP0_/CLK (sg13g2_dfrbpq_1)
     3    0.010025    0.066188    0.344692    0.344692 v u_mac_2.temp_res[14]$_SDFF_PP0_/Q (sg13g2_dfrbpq_1)
                                                         u_mac_2.temp_res[14] (net)
                      0.066188    0.000000    0.344692 v _4532_/A (sg13g2_xnor2_1)
     1    0.002646    0.052127    0.106826    0.451517 v _4532_/Y (sg13g2_xnor2_1)
                                                         _1596_ (net)
                      0.052127    0.000000    0.451517 v _4533_/A (sg13g2_inv_1)
     3    0.009291    0.074240    0.079597    0.531114 ^ _4533_/Y (sg13g2_inv_1)
                                                         _1597_ (net)
                      0.074240    0.000000    0.531114 ^ _4537_/A1 (sg13g2_a21oi_1)
     1    0.001355    0.035448    0.086811    0.617925 v _4537_/Y (sg13g2_a21oi_1)
                                                         _0327_ (net)
                      0.035448    0.000000    0.617925 v u_mac_2.temp_res[14]$_SDFF_PP0_/D (sg13g2_dfrbpq_1)
                                              0.617925   data arrival time

                      0.150000    0.000000    0.000000   clock clk (rise edge)
                                  0.000000    0.000000   clock network delay (ideal)
                                  0.250000    0.250000   clock uncertainty
                                  0.000000    0.250000   clock reconvergence pessimism
                                              0.250000 ^ u_mac_2.temp_res[14]$_SDFF_PP0_/CLK (sg13g2_dfrbpq_1)
                                 -0.017817    0.232183   library hold time
                                              0.232183   data required time
---------------------------------------------------------------------------------------------
                                              0.232183   data required time
                                             -0.617925   data arrival time
---------------------------------------------------------------------------------------------
                                              0.385742   slack (MET)


Startpoint: u_mac_1.temp_res[14]$_SDFF_PP0_
            (rising edge-triggered flip-flop clocked by clk)
Endpoint: u_mac_1.temp_res[14]$_SDFF_PP0_
          (rising edge-triggered flip-flop clocked by clk)
Path Group: clk
Path Type: min

Fanout         Cap        Slew       Delay        Time   Description
---------------------------------------------------------------------------------------------
                      0.150000    0.000000    0.000000   clock clk (rise edge)
                                  0.000000    0.000000   clock network delay (ideal)
                      0.150000    0.000000    0.000000 ^ u_mac_1.temp_res[14]$_SDFF_PP0_/CLK (sg13g2_dfrbpq_1)
     3    0.010855    0.070128    0.348031    0.348031 v u_mac_1.temp_res[14]$_SDFF_PP0_/Q (sg13g2_dfrbpq_1)
                                                         u_mac_1.temp_res[14] (net)
                      0.070128    0.000000    0.348031 v _4128_/A (sg13g2_xnor2_1)
     3    0.009291    0.082470    0.180164    0.528196 ^ _4128_/Y (sg13g2_xnor2_1)
                                                         _1210_ (net)
                      0.082470    0.000000    0.528196 ^ _4132_/A1 (sg13g2_a21oi_1)
     1    0.001355    0.035947    0.090485    0.618681 v _4132_/Y (sg13g2_a21oi_1)
                                                         _0309_ (net)
                      0.035947    0.000000    0.618681 v u_mac_1.temp_res[14]$_SDFF_PP0_/D (sg13g2_dfrbpq_1)
                                              0.618681   data arrival time

                      0.150000    0.000000    0.000000   clock clk (rise edge)
                                  0.000000    0.000000   clock network delay (ideal)
                                  0.250000    0.250000   clock uncertainty
                                  0.000000    0.250000   clock reconvergence pessimism
                                              0.250000 ^ u_mac_1.temp_res[14]$_SDFF_PP0_/CLK (sg13g2_dfrbpq_1)
                                 -0.018018    0.231982   library hold time
                                              0.231982   data required time
---------------------------------------------------------------------------------------------
                                              0.231982   data required time
                                             -0.618681   data arrival time
---------------------------------------------------------------------------------------------
                                              0.386699   slack (MET)


Startpoint: u_ctrl.state[1]$_DFF_P_
            (rising edge-triggered flip-flop clocked by clk)
Endpoint: u_ctrl.state[4]$_DFF_P_
          (rising edge-triggered flip-flop clocked by clk)
Path Group: clk
Path Type: min

Fanout         Cap        Slew       Delay        Time   Description
---------------------------------------------------------------------------------------------
                      0.150000    0.000000    0.000000   clock clk (rise edge)
                                  0.000000    0.000000   clock network delay (ideal)
                      0.150000    0.000000    0.000000 ^ u_ctrl.state[1]$_DFF_P_/CLK (sg13g2_dfrbpq_1)
     4    0.010593    0.068884    0.346977    0.346977 v u_ctrl.state[1]$_DFF_P_/Q (sg13g2_dfrbpq_1)
                                                         u_ctrl.state[1] (net)
                      0.068884    0.000000    0.346977 v _5455_/A (sg13g2_and2_1)
     3    0.009891    0.066966    0.145789    0.492766 v _5455_/X (sg13g2_and2_1)
                                                         _2465_ (net)
                      0.066966    0.000000    0.492766 v _5456_/C (sg13g2_and3_1)
     1    0.001355    0.028774    0.131440    0.624206 v _5456_/X (sg13g2_and3_1)
                                                         _0001_ (net)
                      0.028774    0.000000    0.624206 v u_ctrl.state[4]$_DFF_P_/D (sg13g2_dfrbpq_1)
                                              0.624206   data arrival time

                      0.150000    0.000000    0.000000   clock clk (rise edge)
                                  0.000000    0.000000   clock network delay (ideal)
                                  0.250000    0.250000   clock uncertainty
                                  0.000000    0.250000   clock reconvergence pessimism
                                              0.250000 ^ u_ctrl.state[4]$_DFF_P_/CLK (sg13g2_dfrbpq_1)
                                 -0.015126    0.234874   library hold time
                                              0.234874   data required time
---------------------------------------------------------------------------------------------
                                              0.234874   data required time
                                             -0.624206   data arrival time
---------------------------------------------------------------------------------------------
                                              0.389331   slack (MET)


Startpoint: u_mac_1.temp_res[5]$_SDFF_PP0_
            (rising edge-triggered flip-flop clocked by clk)
Endpoint: u_mac_1.temp_res[6]$_SDFF_PP0_
          (rising edge-triggered flip-flop clocked by clk)
Path Group: clk
Path Type: min

Fanout         Cap        Slew       Delay        Time   Description
---------------------------------------------------------------------------------------------
                      0.150000    0.000000    0.000000   clock clk (rise edge)
                                  0.000000    0.000000   clock network delay (ideal)
                      0.150000    0.000000    0.000000 ^ u_mac_1.temp_res[5]$_SDFF_PP0_/CLK (sg13g2_dfrbpq_1)
     3    0.011250    0.087406    0.355993    0.355993 ^ u_mac_1.temp_res[5]$_SDFF_PP0_/Q (sg13g2_dfrbpq_1)
                                                         u_mac_1.temp_res[5] (net)
                      0.087406    0.000000    0.355993 ^ _4029_/A (sg13g2_nand2_1)
     1    0.002937    0.052706    0.084455    0.440448 v _4029_/Y (sg13g2_nand2_1)
                                                         _1115_ (net)
                      0.052706    0.000000    0.440448 v _4050_/B1 (sg13g2_o21ai_1)
     3    0.008896    0.086512    0.093260    0.533708 ^ _4050_/Y (sg13g2_o21ai_1)
                                                         _1136_ (net)
                      0.086512    0.000000    0.533708 ^ _4155_/A1 (sg13g2_a21oi_1)
     1    0.001355    0.035894    0.092290    0.625998 v _4155_/Y (sg13g2_a21oi_1)
                                                         _0318_ (net)
                      0.035894    0.000000    0.625998 v u_mac_1.temp_res[6]$_SDFF_PP0_/D (sg13g2_dfrbpq_1)
                                              0.625998   data arrival time

                      0.150000    0.000000    0.000000   clock clk (rise edge)
                                  0.000000    0.000000   clock network delay (ideal)
                                  0.250000    0.250000   clock uncertainty
                                  0.000000    0.250000   clock reconvergence pessimism
                                              0.250000 ^ u_mac_1.temp_res[6]$_SDFF_PP0_/CLK (sg13g2_dfrbpq_1)
                                 -0.017997    0.232003   library hold time
                                              0.232003   data required time
---------------------------------------------------------------------------------------------
                                              0.232003   data required time
                                             -0.625998   data arrival time
---------------------------------------------------------------------------------------------
                                              0.393994   slack (MET)


Startpoint: u_mac_3.temp_res[4]$_SDFF_PP0_
            (rising edge-triggered flip-flop clocked by clk)
Endpoint: u_mac_3.temp_res[4]$_SDFF_PP0_
          (rising edge-triggered flip-flop clocked by clk)
Path Group: clk
Path Type: min

Fanout         Cap        Slew       Delay        Time   Description
---------------------------------------------------------------------------------------------
                      0.150000    0.000000    0.000000   clock clk (rise edge)
                                  0.000000    0.000000   clock network delay (ideal)
                      0.150000    0.000000    0.000000 ^ u_mac_3.temp_res[4]$_SDFF_PP0_/CLK (sg13g2_dfrbpq_1)
     3    0.010612    0.068976    0.347055    0.347055 v u_mac_3.temp_res[4]$_SDFF_PP0_/Q (sg13g2_dfrbpq_1)
                                                         u_mac_3.temp_res[4] (net)
                      0.068976    0.000000    0.347055 v _4863_/A (sg13g2_xnor2_1)
     3    0.009455    0.083422    0.181179    0.528234 ^ _4863_/Y (sg13g2_xnor2_1)
                                                         _1913_ (net)
                      0.083422    0.000000    0.528234 ^ _4962_/A2 (sg13g2_a21oi_1)
     1    0.001355    0.035461    0.098255    0.626489 v _4962_/Y (sg13g2_a21oi_1)
                                                         _0352_ (net)
                      0.035461    0.000000    0.626489 v u_mac_3.temp_res[4]$_SDFF_PP0_/D (sg13g2_dfrbpq_1)
                                              0.626489   data arrival time

                      0.150000    0.000000    0.000000   clock clk (rise edge)
                                  0.000000    0.000000   clock network delay (ideal)
                                  0.250000    0.250000   clock uncertainty
                                  0.000000    0.250000   clock reconvergence pessimism
                                              0.250000 ^ u_mac_3.temp_res[4]$_SDFF_PP0_/CLK (sg13g2_dfrbpq_1)
                                 -0.017822    0.232178   library hold time
                                              0.232178   data required time
---------------------------------------------------------------------------------------------
                                              0.232178   data required time
                                             -0.626489   data arrival time
---------------------------------------------------------------------------------------------
                                              0.394311   slack (MET)


Startpoint: u_mac_3.temp_res[7]$_SDFF_PP0_
            (rising edge-triggered flip-flop clocked by clk)
Endpoint: u_mac_3.temp_res[7]$_SDFF_PP0_
          (rising edge-triggered flip-flop clocked by clk)
Path Group: clk
Path Type: min

Fanout         Cap        Slew       Delay        Time   Description
---------------------------------------------------------------------------------------------
                      0.150000    0.000000    0.000000   clock clk (rise edge)
                                  0.000000    0.000000   clock network delay (ideal)
                      0.150000    0.000000    0.000000 ^ u_mac_3.temp_res[7]$_SDFF_PP0_/CLK (sg13g2_dfrbpq_1)
     3    0.010612    0.068976    0.347055    0.347055 v u_mac_3.temp_res[7]$_SDFF_PP0_/Q (sg13g2_dfrbpq_1)
                                                         u_mac_3.temp_res[7] (net)
                      0.068976    0.000000    0.347055 v _4872_/A (sg13g2_xnor2_1)
     3    0.009455    0.083422    0.181179    0.528234 ^ _4872_/Y (sg13g2_xnor2_1)
                                                         _1922_ (net)
                      0.083422    0.000000    0.528234 ^ _4968_/A2 (sg13g2_a21oi_1)
     1    0.001355    0.035476    0.098255    0.626489 v _4968_/Y (sg13g2_a21oi_1)
                                                         _0355_ (net)
                      0.035476    0.000000    0.626489 v u_mac_3.temp_res[7]$_SDFF_PP0_/D (sg13g2_dfrbpq_1)
                                              0.626489   data arrival time

                      0.150000    0.000000    0.000000   clock clk (rise edge)
                                  0.000000    0.000000   clock network delay (ideal)
                                  0.250000    0.250000   clock uncertainty
                                  0.000000    0.250000   clock reconvergence pessimism
                                              0.250000 ^ u_mac_3.temp_res[7]$_SDFF_PP0_/CLK (sg13g2_dfrbpq_1)
                                 -0.017828    0.232172   library hold time
                                              0.232172   data required time
---------------------------------------------------------------------------------------------
                                              0.232172   data required time
                                             -0.626489   data arrival time
---------------------------------------------------------------------------------------------
                                              0.394317   slack (MET)


Startpoint: u_mac_2.temp_res[3]$_SDFF_PP0_
            (rising edge-triggered flip-flop clocked by clk)
Endpoint: u_mac_2.temp_res[3]$_SDFF_PP0_
          (rising edge-triggered flip-flop clocked by clk)
Path Group: clk
Path Type: min

Fanout         Cap        Slew       Delay        Time   Description
---------------------------------------------------------------------------------------------
                      0.150000    0.000000    0.000000   clock clk (rise edge)
                                  0.000000    0.000000   clock network delay (ideal)
                      0.150000    0.000000    0.000000 ^ u_mac_2.temp_res[3]$_SDFF_PP0_/CLK (sg13g2_dfrbpq_1)
     3    0.010628    0.069052    0.347119    0.347119 v u_mac_2.temp_res[3]$_SDFF_PP0_/Q (sg13g2_dfrbpq_1)
                                                         u_mac_2.temp_res[3] (net)
                      0.069052    0.000000    0.347119 v _4452_/A (sg13g2_xnor2_1)
     3    0.009455    0.083417    0.181212    0.528332 ^ _4452_/Y (sg13g2_xnor2_1)
                                                         _1520_ (net)
                      0.083417    0.000000    0.528332 ^ _4553_/A2 (sg13g2_a21oi_1)
     1    0.001355    0.035478    0.098253    0.626585 v _4553_/Y (sg13g2_a21oi_1)
                                                         _0333_ (net)
                      0.035478    0.000000    0.626585 v u_mac_2.temp_res[3]$_SDFF_PP0_/D (sg13g2_dfrbpq_1)
                                              0.626585   data arrival time

                      0.150000    0.000000    0.000000   clock clk (rise edge)
                                  0.000000    0.000000   clock network delay (ideal)
                                  0.250000    0.250000   clock uncertainty
                                  0.000000    0.250000   clock reconvergence pessimism
                                              0.250000 ^ u_mac_2.temp_res[3]$_SDFF_PP0_/CLK (sg13g2_dfrbpq_1)
                                 -0.017829    0.232171   library hold time
                                              0.232171   data required time
---------------------------------------------------------------------------------------------
                                              0.232171   data required time
                                             -0.626585   data arrival time
---------------------------------------------------------------------------------------------
                                              0.394414   slack (MET)


Startpoint: u_mac_4.temp_res[3]$_SDFF_PP0_
            (rising edge-triggered flip-flop clocked by clk)
Endpoint: u_mac_4.temp_res[3]$_SDFF_PP0_
          (rising edge-triggered flip-flop clocked by clk)
Path Group: clk
Path Type: min

Fanout         Cap        Slew       Delay        Time   Description
---------------------------------------------------------------------------------------------
                      0.150000    0.000000    0.000000   clock clk (rise edge)
                                  0.000000    0.000000   clock network delay (ideal)
                      0.150000    0.000000    0.000000 ^ u_mac_4.temp_res[3]$_SDFF_PP0_/CLK (sg13g2_dfrbpq_1)
     3    0.010719    0.069484    0.347486    0.347486 v u_mac_4.temp_res[3]$_SDFF_PP0_/Q (sg13g2_dfrbpq_1)
                                                         u_mac_4.temp_res[3] (net)
                      0.069484    0.000000    0.347486 v _5281_/A (sg13g2_xnor2_1)
     3    0.009455    0.083423    0.181405    0.528890 ^ _5281_/Y (sg13g2_xnor2_1)
                                                         _2313_ (net)
                      0.083423    0.000000    0.528890 ^ _5380_/A2 (sg13g2_a21oi_1)
     1    0.001355    0.035489    0.098256    0.627146 v _5380_/Y (sg13g2_a21oi_1)
                                                         _0369_ (net)
                      0.035489    0.000000    0.627146 v u_mac_4.temp_res[3]$_SDFF_PP0_/D (sg13g2_dfrbpq_1)
                                              0.627146   data arrival time

                      0.150000    0.000000    0.000000   clock clk (rise edge)
                                  0.000000    0.000000   clock network delay (ideal)
                                  0.250000    0.250000   clock uncertainty
                                  0.000000    0.250000   clock reconvergence pessimism
                                              0.250000 ^ u_mac_4.temp_res[3]$_SDFF_PP0_/CLK (sg13g2_dfrbpq_1)
                                 -0.017833    0.232167   library hold time
                                              0.232167   data required time
---------------------------------------------------------------------------------------------
                                              0.232167   data required time
                                             -0.627146   data arrival time
---------------------------------------------------------------------------------------------
                                              0.394979   slack (MET)


Startpoint: u_mac_1.temp_res[5]$_SDFF_PP0_
            (rising edge-triggered flip-flop clocked by clk)
Endpoint: u_mac_1.temp_res[5]$_SDFF_PP0_
          (rising edge-triggered flip-flop clocked by clk)
Path Group: clk
Path Type: min

Fanout         Cap        Slew       Delay        Time   Description
---------------------------------------------------------------------------------------------
                      0.150000    0.000000    0.000000   clock clk (rise edge)
                                  0.000000    0.000000   clock network delay (ideal)
                      0.150000    0.000000    0.000000 ^ u_mac_1.temp_res[5]$_SDFF_PP0_/CLK (sg13g2_dfrbpq_1)
     3    0.010855    0.070128    0.348031    0.348031 v u_mac_1.temp_res[5]$_SDFF_PP0_/Q (sg13g2_dfrbpq_1)
                                                         u_mac_1.temp_res[5] (net)
                      0.070128    0.000000    0.348031 v _4049_/A (sg13g2_xnor2_1)
     3    0.009455    0.083440    0.181691    0.529722 ^ _4049_/Y (sg13g2_xnor2_1)
                                                         _1135_ (net)
                      0.083440    0.000000    0.529722 ^ _4153_/A2 (sg13g2_a21oi_1)
     1    0.001355    0.035462    0.098264    0.627986 v _4153_/Y (sg13g2_a21oi_1)
                                                         _0317_ (net)
                      0.035462    0.000000    0.627986 v u_mac_1.temp_res[5]$_SDFF_PP0_/D (sg13g2_dfrbpq_1)
                                              0.627986   data arrival time

                      0.150000    0.000000    0.000000   clock clk (rise edge)
                                  0.000000    0.000000   clock network delay (ideal)
                                  0.250000    0.250000   clock uncertainty
                                  0.000000    0.250000   clock reconvergence pessimism
                                              0.250000 ^ u_mac_1.temp_res[5]$_SDFF_PP0_/CLK (sg13g2_dfrbpq_1)
                                 -0.017822    0.232178   library hold time
                                              0.232178   data required time
---------------------------------------------------------------------------------------------
                                              0.232178   data required time
                                             -0.627986   data arrival time
---------------------------------------------------------------------------------------------
                                              0.395808   slack (MET)


Startpoint: u_mac_1.temp_res[7]$_SDFF_PP0_
            (rising edge-triggered flip-flop clocked by clk)
Endpoint: u_mac_1.temp_res[7]$_SDFF_PP0_
          (rising edge-triggered flip-flop clocked by clk)
Path Group: clk
Path Type: min

Fanout         Cap        Slew       Delay        Time   Description
---------------------------------------------------------------------------------------------
                      0.150000    0.000000    0.000000   clock clk (rise edge)
                                  0.000000    0.000000   clock network delay (ideal)
                      0.150000    0.000000    0.000000 ^ u_mac_1.temp_res[7]$_SDFF_PP0_/CLK (sg13g2_dfrbpq_1)
     3    0.010855    0.070128    0.348031    0.348031 v u_mac_1.temp_res[7]$_SDFF_PP0_/Q (sg13g2_dfrbpq_1)
                                                         u_mac_1.temp_res[7] (net)
                      0.070128    0.000000    0.348031 v _4053_/A (sg13g2_xnor2_1)
     3    0.009455    0.083440    0.181691    0.529722 ^ _4053_/Y (sg13g2_xnor2_1)
                                                         _1139_ (net)
                      0.083440    0.000000    0.529722 ^ _4157_/A2 (sg13g2_a21oi_1)
     1    0.001355    0.035462    0.098264    0.627986 v _4157_/Y (sg13g2_a21oi_1)
                                                         _0319_ (net)
                      0.035462    0.000000    0.627986 v u_mac_1.temp_res[7]$_SDFF_PP0_/D (sg13g2_dfrbpq_1)
                                              0.627986   data arrival time

                      0.150000    0.000000    0.000000   clock clk (rise edge)
                                  0.000000    0.000000   clock network delay (ideal)
                                  0.250000    0.250000   clock uncertainty
                                  0.000000    0.250000   clock reconvergence pessimism
                                              0.250000 ^ u_mac_1.temp_res[7]$_SDFF_PP0_/CLK (sg13g2_dfrbpq_1)
                                 -0.017822    0.232178   library hold time
                                              0.232178   data required time
---------------------------------------------------------------------------------------------
                                              0.232178   data required time
                                             -0.627986   data arrival time
---------------------------------------------------------------------------------------------
                                              0.395808   slack (MET)


Startpoint: u_mac_3.temp_res[12]$_SDFF_PP0_
            (rising edge-triggered flip-flop clocked by clk)
Endpoint: u_mac_3.temp_res[13]$_SDFF_PP0_
          (rising edge-triggered flip-flop clocked by clk)
Path Group: clk
Path Type: min

Fanout         Cap        Slew       Delay        Time   Description
---------------------------------------------------------------------------------------------
                      0.150000    0.000000    0.000000   clock clk (rise edge)
                                  0.000000    0.000000   clock network delay (ideal)
                      0.150000    0.000000    0.000000 ^ u_mac_3.temp_res[12]$_SDFF_PP0_/CLK (sg13g2_dfrbpq_1)
     4    0.014036    0.103922    0.368723    0.368723 ^ u_mac_3.temp_res[12]$_SDFF_PP0_/Q (sg13g2_dfrbpq_1)
                                                         u_mac_3.temp_res[12] (net)
                      0.103922    0.000000    0.368723 ^ _4917_/A (sg13g2_nand2_1)
     1    0.002670    0.060681    0.087957    0.456680 v _4917_/Y (sg13g2_nand2_1)
                                                         _1965_ (net)
                      0.060681    0.000000    0.456680 v _4923_/A (sg13g2_nand2_1)
     3    0.008896    0.076086    0.085071    0.541752 ^ _4923_/Y (sg13g2_nand2_1)
                                                         _1970_ (net)
                      0.076086    0.000000    0.541752 ^ _4937_/A1 (sg13g2_a21oi_1)
     1    0.001355    0.035642    0.087635    0.629387 v _4937_/Y (sg13g2_a21oi_1)
                                                         _0344_ (net)
                      0.035642    0.000000    0.629387 v u_mac_3.temp_res[13]$_SDFF_PP0_/D (sg13g2_dfrbpq_1)
                                              0.629387   data arrival time

                      0.150000    0.000000    0.000000   clock clk (rise edge)
                                  0.000000    0.000000   clock network delay (ideal)
                                  0.250000    0.250000   clock uncertainty
                                  0.000000    0.250000   clock reconvergence pessimism
                                              0.250000 ^ u_mac_3.temp_res[13]$_SDFF_PP0_/CLK (sg13g2_dfrbpq_1)
                                 -0.017895    0.232105   library hold time
                                              0.232105   data required time
---------------------------------------------------------------------------------------------
                                              0.232105   data required time
                                             -0.629387   data arrival time
---------------------------------------------------------------------------------------------
                                              0.397282   slack (MET)


Startpoint: u_mac_3.temp_res[4]$_SDFF_PP0_
            (rising edge-triggered flip-flop clocked by clk)
Endpoint: u_mac_3.temp_res[5]$_SDFF_PP0_
          (rising edge-triggered flip-flop clocked by clk)
Path Group: clk
Path Type: min

Fanout         Cap        Slew       Delay        Time   Description
---------------------------------------------------------------------------------------------
                      0.150000    0.000000    0.000000   clock clk (rise edge)
                                  0.000000    0.000000   clock network delay (ideal)
                      0.150000    0.000000    0.000000 ^ u_mac_3.temp_res[4]$_SDFF_PP0_/CLK (sg13g2_dfrbpq_1)
     3    0.010612    0.068976    0.347055    0.347055 v u_mac_3.temp_res[4]$_SDFF_PP0_/Q (sg13g2_dfrbpq_1)
                                                         u_mac_3.temp_res[4] (net)
                      0.068976    0.000000    0.347055 v _4849_/A (sg13g2_nand2_1)
     1    0.003115    0.043986    0.060479    0.407534 ^ _4849_/Y (sg13g2_nand2_1)
                                                         _1899_ (net)
                      0.043986    0.000000    0.407534 ^ _4864_/B1 (sg13g2_o21ai_1)
     2    0.004779    0.070293    0.081682    0.489216 v _4864_/Y (sg13g2_o21ai_1)
                                                         _1914_ (net)
                      0.070293    0.000000    0.489216 v _4963_/A (sg13g2_nor2b_1)
     1    0.002803    0.066028    0.088241    0.577457 ^ _4963_/Y (sg13g2_nor2b_1)
                                                         _2001_ (net)
                      0.066028    0.000000    0.577457 ^ _4964_/C (sg13g2_nor3_1)
     1    0.001355    0.031429    0.054033    0.631490 v _4964_/Y (sg13g2_nor3_1)
                                                         _0353_ (net)
                      0.031429    0.000000    0.631490 v u_mac_3.temp_res[5]$_SDFF_PP0_/D (sg13g2_dfrbpq_1)
                                              0.631490   data arrival time

                      0.150000    0.000000    0.000000   clock clk (rise edge)
                                  0.000000    0.000000   clock network delay (ideal)
                                  0.250000    0.250000   clock uncertainty
                                  0.000000    0.250000   clock reconvergence pessimism
                                              0.250000 ^ u_mac_3.temp_res[5]$_SDFF_PP0_/CLK (sg13g2_dfrbpq_1)
                                 -0.016196    0.233804   library hold time
                                              0.233804   data required time
---------------------------------------------------------------------------------------------
                                              0.233804   data required time
                                             -0.631490   data arrival time
---------------------------------------------------------------------------------------------
                                              0.397686   slack (MET)


Startpoint: u_mac_4.temp_res[9]$_SDFF_PP0_
            (rising edge-triggered flip-flop clocked by clk)
Endpoint: u_mac_4.temp_res[9]$_SDFF_PP0_
          (rising edge-triggered flip-flop clocked by clk)
Path Group: clk
Path Type: min

Fanout         Cap        Slew       Delay        Time   Description
---------------------------------------------------------------------------------------------
                      0.150000    0.000000    0.000000   clock clk (rise edge)
                                  0.000000    0.000000   clock network delay (ideal)
                      0.150000    0.000000    0.000000 ^ u_mac_4.temp_res[9]$_SDFF_PP0_/CLK (sg13g2_dfrbpq_1)
     4    0.013711    0.083691    0.359526    0.359526 v u_mac_4.temp_res[9]$_SDFF_PP0_/Q (sg13g2_dfrbpq_1)
                                                         u_mac_4.temp_res[9] (net)
                      0.083691    0.000000    0.359526 v _5391_/A (sg13g2_xor2_1)
     2    0.006168    0.112205    0.164423    0.523950 ^ _5391_/X (sg13g2_xor2_1)
                                                         _2407_ (net)
                      0.112205    0.000000    0.523950 ^ _5393_/A2 (sg13g2_a21oi_1)
     1    0.001355    0.035603    0.109671    0.633620 v _5393_/Y (sg13g2_a21oi_1)
                                                         _0375_ (net)
                      0.035603    0.000000    0.633620 v u_mac_4.temp_res[9]$_SDFF_PP0_/D (sg13g2_dfrbpq_1)
                                              0.633620   data arrival time

                      0.150000    0.000000    0.000000   clock clk (rise edge)
                                  0.000000    0.000000   clock network delay (ideal)
                                  0.250000    0.250000   clock uncertainty
                                  0.000000    0.250000   clock reconvergence pessimism
                                              0.250000 ^ u_mac_4.temp_res[9]$_SDFF_PP0_/CLK (sg13g2_dfrbpq_1)
                                 -0.017879    0.232121   library hold time
                                              0.232121   data required time
---------------------------------------------------------------------------------------------
                                              0.232121   data required time
                                             -0.633620   data arrival time
---------------------------------------------------------------------------------------------
                                              0.401499   slack (MET)


Startpoint: u_ctrl.input_cnt[3]$_SDFFE_PP0P_
            (rising edge-triggered flip-flop clocked by clk)
Endpoint: u_ctrl.input_cnt[3]$_SDFFE_PP0P_
          (rising edge-triggered flip-flop clocked by clk)
Path Group: clk
Path Type: min

Fanout         Cap        Slew       Delay        Time   Description
---------------------------------------------------------------------------------------------
                      0.150000    0.000000    0.000000   clock clk (rise edge)
                                  0.000000    0.000000   clock network delay (ideal)
                      0.150000    0.000000    0.000000 ^ u_ctrl.input_cnt[3]$_SDFFE_PP0P_/CLK (sg13g2_dfrbpq_1)
    10    0.026811    0.146451    0.411176    0.411176 v u_ctrl.input_cnt[3]$_SDFFE_PP0P_/Q (sg13g2_dfrbpq_1)
                                                         u_ctrl.input_cnt[3] (net)
                      0.146451    0.000000    0.411176 v _5656_/A1 (sg13g2_o21ai_1)
     1    0.002825    0.083608    0.167602    0.578778 ^ _5656_/Y (sg13g2_o21ai_1)
                                                         _0425_ (net)
                      0.083608    0.000000    0.578778 ^ _5657_/B (sg13g2_nor2_1)
     1    0.001355    0.032247    0.056206    0.634984 v _5657_/Y (sg13g2_nor2_1)
                                                         _0034_ (net)
                      0.032247    0.000000    0.634984 v u_ctrl.input_cnt[3]$_SDFFE_PP0P_/D (sg13g2_dfrbpq_1)
                                              0.634984   data arrival time

                      0.150000    0.000000    0.000000   clock clk (rise edge)
                                  0.000000    0.000000   clock network delay (ideal)
                                  0.250000    0.250000   clock uncertainty
                                  0.000000    0.250000   clock reconvergence pessimism
                                              0.250000 ^ u_ctrl.input_cnt[3]$_SDFFE_PP0P_/CLK (sg13g2_dfrbpq_1)
                                 -0.016526    0.233474   library hold time
                                              0.233474   data required time
---------------------------------------------------------------------------------------------
                                              0.233474   data required time
                                             -0.634984   data arrival time
---------------------------------------------------------------------------------------------
                                              0.401510   slack (MET)


Startpoint: u_mac_3.temp_res[9]$_SDFF_PP0_
            (rising edge-triggered flip-flop clocked by clk)
Endpoint: u_mac_3.temp_res[9]$_SDFF_PP0_
          (rising edge-triggered flip-flop clocked by clk)
Path Group: clk
Path Type: min

Fanout         Cap        Slew       Delay        Time   Description
---------------------------------------------------------------------------------------------
                      0.150000    0.000000    0.000000   clock clk (rise edge)
                                  0.000000    0.000000   clock network delay (ideal)
                      0.150000    0.000000    0.000000 ^ u_mac_3.temp_res[9]$_SDFF_PP0_/CLK (sg13g2_dfrbpq_1)
     4    0.013532    0.082841    0.358806    0.358806 v u_mac_3.temp_res[9]$_SDFF_PP0_/Q (sg13g2_dfrbpq_1)
                                                         u_mac_3.temp_res[9] (net)
                      0.082841    0.000000    0.358806 v _4971_/A (sg13g2_xnor2_1)
     1    0.004766    0.071460    0.129747    0.488554 v _4971_/Y (sg13g2_xnor2_1)
                                                         _2005_ (net)
                      0.071460    0.000000    0.488554 v _4972_/B (sg13g2_xnor2_1)
     1    0.002825    0.044250    0.109393    0.597947 ^ _4972_/Y (sg13g2_xnor2_1)
                                                         _2006_ (net)
                      0.044250    0.000000    0.597947 ^ _4973_/B (sg13g2_nor2_1)
     1    0.001355    0.023961    0.041464    0.639411 v _4973_/Y (sg13g2_nor2_1)
                                                         _0357_ (net)
                      0.023961    0.000000    0.639411 v u_mac_3.temp_res[9]$_SDFF_PP0_/D (sg13g2_dfrbpq_1)
                                              0.639411   data arrival time

                      0.150000    0.000000    0.000000   clock clk (rise edge)
                                  0.000000    0.000000   clock network delay (ideal)
                                  0.250000    0.250000   clock uncertainty
                                  0.000000    0.250000   clock reconvergence pessimism
                                              0.250000 ^ u_mac_3.temp_res[9]$_SDFF_PP0_/CLK (sg13g2_dfrbpq_1)
                                 -0.013185    0.236815   library hold time
                                              0.236815   data required time
---------------------------------------------------------------------------------------------
                                              0.236815   data required time
                                             -0.639411   data arrival time
---------------------------------------------------------------------------------------------
                                              0.402595   slack (MET)


Startpoint: u_ctrl.state[1]$_DFF_P_
            (rising edge-triggered flip-flop clocked by clk)
Endpoint: u_ctrl.col_j[1]$_SDFFE_PP0P_
          (rising edge-triggered flip-flop clocked by clk)
Path Group: clk
Path Type: min

Fanout         Cap        Slew       Delay        Time   Description
---------------------------------------------------------------------------------------------
                      0.150000    0.000000    0.000000   clock clk (rise edge)
                                  0.000000    0.000000   clock network delay (ideal)
                      0.150000    0.000000    0.000000 ^ u_ctrl.state[1]$_DFF_P_/CLK (sg13g2_dfrbpq_1)
     4    0.010593    0.068884    0.346977    0.346977 v u_ctrl.state[1]$_DFF_P_/Q (sg13g2_dfrbpq_1)
                                                         u_ctrl.state[1] (net)
                      0.068884    0.000000    0.346977 v _5455_/A (sg13g2_and2_1)
     3    0.009891    0.066966    0.145789    0.492766 v _5455_/X (sg13g2_and2_1)
                                                         _2465_ (net)
                      0.066966    0.000000    0.492766 v _5647_/B (sg13g2_xnor2_1)
     1    0.002825    0.044886    0.107547    0.600312 ^ _5647_/Y (sg13g2_xnor2_1)
                                                         _0421_ (net)
                      0.044886    0.000000    0.600312 ^ _5648_/B (sg13g2_nor2_1)
     1    0.001355    0.024095    0.041702    0.642014 v _5648_/Y (sg13g2_nor2_1)
                                                         _0029_ (net)
                      0.024095    0.000000    0.642014 v u_ctrl.col_j[1]$_SDFFE_PP0P_/D (sg13g2_dfrbpq_1)
                                              0.642014   data arrival time

                      0.150000    0.000000    0.000000   clock clk (rise edge)
                                  0.000000    0.000000   clock network delay (ideal)
                                  0.250000    0.250000   clock uncertainty
                                  0.000000    0.250000   clock reconvergence pessimism
                                              0.250000 ^ u_ctrl.col_j[1]$_SDFFE_PP0P_/CLK (sg13g2_dfrbpq_1)
                                 -0.013238    0.236762   library hold time
                                              0.236762   data required time
---------------------------------------------------------------------------------------------
                                              0.236762   data required time
                                             -0.642014   data arrival time
---------------------------------------------------------------------------------------------
                                              0.405253   slack (MET)


Startpoint: u_ctrl.state[1]$_DFF_P_
            (rising edge-triggered flip-flop clocked by clk)
Endpoint: u_ctrl.state[2]$_DFF_P_
          (rising edge-triggered flip-flop clocked by clk)
Path Group: clk
Path Type: min

Fanout         Cap        Slew       Delay        Time   Description
---------------------------------------------------------------------------------------------
                      0.150000    0.000000    0.000000   clock clk (rise edge)
                                  0.000000    0.000000   clock network delay (ideal)
                      0.150000    0.000000    0.000000 ^ u_ctrl.state[1]$_DFF_P_/CLK (sg13g2_dfrbpq_1)
     4    0.010593    0.068884    0.346977    0.346977 v u_ctrl.state[1]$_DFF_P_/Q (sg13g2_dfrbpq_1)
                                                         u_ctrl.state[1] (net)
                      0.068884    0.000000    0.346977 v _5399_/A (sg13g2_inv_1)
     1    0.003229    0.041826    0.056838    0.403814 ^ _5399_/Y (sg13g2_inv_1)
                                                         _2414_ (net)
                      0.041826    0.000000    0.403814 ^ _5450_/A1 (sg13g2_o21ai_1)
     1    0.002630    0.050466    0.092304    0.496118 v _5450_/Y (sg13g2_o21ai_1)
                                                         _2462_ (net)
                      0.050466    0.000000    0.496118 v _5451_/C1 (sg13g2_a221oi_1)
     1    0.002825    0.084387    0.091181    0.587299 ^ _5451_/Y (sg13g2_a221oi_1)
                                                         _2463_ (net)
                      0.084387    0.000000    0.587299 ^ _5452_/B (sg13g2_nor2_1)
     1    0.001355    0.032411    0.056498    0.643797 v _5452_/Y (sg13g2_nor2_1)
                                                         _0003_ (net)
                      0.032411    0.000000    0.643797 v u_ctrl.state[2]$_DFF_P_/D (sg13g2_dfrbpq_1)
                                              0.643797   data arrival time

                      0.150000    0.000000    0.000000   clock clk (rise edge)
                                  0.000000    0.000000   clock network delay (ideal)
                                  0.250000    0.250000   clock uncertainty
                                  0.000000    0.250000   clock reconvergence pessimism
                                              0.250000 ^ u_ctrl.state[2]$_DFF_P_/CLK (sg13g2_dfrbpq_1)
                                 -0.016592    0.233408   library hold time
                                              0.233408   data required time
---------------------------------------------------------------------------------------------
                                              0.233408   data required time
                                             -0.643797   data arrival time
---------------------------------------------------------------------------------------------
                                              0.410389   slack (MET)


Startpoint: u_mac_2.temp_res[1]$_SDFF_PP0_
            (rising edge-triggered flip-flop clocked by clk)
Endpoint: u_mac_2.temp_res[2]$_SDFF_PP0_
          (rising edge-triggered flip-flop clocked by clk)
Path Group: clk
Path Type: min

Fanout         Cap        Slew       Delay        Time   Description
---------------------------------------------------------------------------------------------
                      0.150000    0.000000    0.000000   clock clk (rise edge)
                                  0.000000    0.000000   clock network delay (ideal)
                      0.150000    0.000000    0.000000 ^ u_mac_2.temp_res[1]$_SDFF_PP0_/CLK (sg13g2_dfrbpq_1)
     3    0.010592    0.068881    0.346975    0.346975 v u_mac_2.temp_res[1]$_SDFF_PP0_/Q (sg13g2_dfrbpq_1)
                                                         u_mac_2.temp_res[1] (net)
                      0.068881    0.000000    0.346975 v _4446_/A (sg13g2_nand2_1)
     2    0.005323    0.056715    0.071229    0.418204 ^ _4446_/Y (sg13g2_nand2_1)
                                                         _1514_ (net)
                      0.056715    0.000000    0.418204 ^ _4550_/A (sg13g2_nand3_1)
     1    0.002316    0.075289    0.096408    0.514612 v _4550_/Y (sg13g2_nand3_1)
                                                         _1609_ (net)
                      0.075289    0.000000    0.514612 v _4551_/C (sg13g2_and3_1)
     1    0.001355    0.027663    0.135986    0.650598 v _4551_/X (sg13g2_and3_1)
                                                         _0332_ (net)
                      0.027663    0.000000    0.650598 v u_mac_2.temp_res[2]$_SDFF_PP0_/D (sg13g2_dfrbpq_1)
                                              0.650598   data arrival time

                      0.150000    0.000000    0.000000   clock clk (rise edge)
                                  0.000000    0.000000   clock network delay (ideal)
                                  0.250000    0.250000   clock uncertainty
                                  0.000000    0.250000   clock reconvergence pessimism
                                              0.250000 ^ u_mac_2.temp_res[2]$_SDFF_PP0_/CLK (sg13g2_dfrbpq_1)
                                 -0.014677    0.235323   library hold time
                                              0.235323   data required time
---------------------------------------------------------------------------------------------
                                              0.235323   data required time
                                             -0.650598   data arrival time
---------------------------------------------------------------------------------------------
                                              0.415276   slack (MET)


Startpoint: u_mac_3.temp_res[1]$_SDFF_PP0_
            (rising edge-triggered flip-flop clocked by clk)
Endpoint: u_mac_3.temp_res[2]$_SDFF_PP0_
          (rising edge-triggered flip-flop clocked by clk)
Path Group: clk
Path Type: min

Fanout         Cap        Slew       Delay        Time   Description
---------------------------------------------------------------------------------------------
                      0.150000    0.000000    0.000000   clock clk (rise edge)
                                  0.000000    0.000000   clock network delay (ideal)
                      0.150000    0.000000    0.000000 ^ u_mac_3.temp_res[1]$_SDFF_PP0_/CLK (sg13g2_dfrbpq_1)
     3    0.010612    0.068976    0.347055    0.347055 v u_mac_3.temp_res[1]$_SDFF_PP0_/Q (sg13g2_dfrbpq_1)
                                                         u_mac_3.temp_res[1] (net)
                      0.068976    0.000000    0.347055 v _4855_/A (sg13g2_nand2_1)
     2    0.005323    0.056732    0.071268    0.418323 ^ _4855_/Y (sg13g2_nand2_1)
                                                         _1905_ (net)
                      0.056732    0.000000    0.418323 ^ _4957_/A (sg13g2_nand3_1)
     1    0.002316    0.075289    0.096415    0.514737 v _4957_/Y (sg13g2_nand3_1)
                                                         _1998_ (net)
                      0.075289    0.000000    0.514737 v _4958_/C (sg13g2_and3_1)
     1    0.001355    0.027682    0.135987    0.650724 v _4958_/X (sg13g2_and3_1)
                                                         _0350_ (net)
                      0.027682    0.000000    0.650724 v u_mac_3.temp_res[2]$_SDFF_PP0_/D (sg13g2_dfrbpq_1)
                                              0.650724   data arrival time

                      0.150000    0.000000    0.000000   clock clk (rise edge)
                                  0.000000    0.000000   clock network delay (ideal)
                                  0.250000    0.250000   clock uncertainty
                                  0.000000    0.250000   clock reconvergence pessimism
                                              0.250000 ^ u_mac_3.temp_res[2]$_SDFF_PP0_/CLK (sg13g2_dfrbpq_1)
                                 -0.014685    0.235315   library hold time
                                              0.235315   data required time
---------------------------------------------------------------------------------------------
                                              0.235315   data required time
                                             -0.650724   data arrival time
---------------------------------------------------------------------------------------------
                                              0.415409   slack (MET)


Startpoint: u_mac_1.temp_res[7]$_SDFF_PP0_
            (rising edge-triggered flip-flop clocked by clk)
Endpoint: u_mac_1.temp_res[8]$_SDFF_PP0_
          (rising edge-triggered flip-flop clocked by clk)
Path Group: clk
Path Type: min

Fanout         Cap        Slew       Delay        Time   Description
---------------------------------------------------------------------------------------------
                      0.150000    0.000000    0.000000   clock clk (rise edge)
                                  0.000000    0.000000   clock network delay (ideal)
                      0.150000    0.000000    0.000000 ^ u_mac_1.temp_res[7]$_SDFF_PP0_/CLK (sg13g2_dfrbpq_1)
     3    0.011250    0.087406    0.355993    0.355993 ^ u_mac_1.temp_res[7]$_SDFF_PP0_/Q (sg13g2_dfrbpq_1)
                                                         u_mac_1.temp_res[7] (net)
                      0.087406    0.000000    0.355993 ^ _4025_/A (sg13g2_nand2_1)
     1    0.002937    0.059533    0.084455    0.440448 v _4025_/Y (sg13g2_nand2_1)
                                                         _1111_ (net)
                      0.059533    0.000000    0.440448 v _4054_/B1 (sg13g2_o21ai_1)
     4    0.011655    0.106537    0.111760    0.552208 ^ _4054_/Y (sg13g2_o21ai_1)
                                                         _1140_ (net)
                      0.106537    0.000000    0.552208 ^ _4159_/A1 (sg13g2_a21oi_1)
     1    0.001355    0.036202    0.100078    0.652286 v _4159_/Y (sg13g2_a21oi_1)
                                                         _0320_ (net)
                      0.036202    0.000000    0.652286 v u_mac_1.temp_res[8]$_SDFF_PP0_/D (sg13g2_dfrbpq_1)
                                              0.652286   data arrival time

                      0.150000    0.000000    0.000000   clock clk (rise edge)
                                  0.000000    0.000000   clock network delay (ideal)
                                  0.250000    0.250000   clock uncertainty
                                  0.000000    0.250000   clock reconvergence pessimism
                                              0.250000 ^ u_mac_1.temp_res[8]$_SDFF_PP0_/CLK (sg13g2_dfrbpq_1)
                                 -0.018121    0.231879   library hold time
                                              0.231879   data required time
---------------------------------------------------------------------------------------------
                                              0.231879   data required time
                                             -0.652286   data arrival time
---------------------------------------------------------------------------------------------
                                              0.420407   slack (MET)


Startpoint: u_mac_1.temp_res[2]$_SDFF_PP0_
            (rising edge-triggered flip-flop clocked by clk)
Endpoint: u_mac_1.temp_res[3]$_SDFF_PP0_
          (rising edge-triggered flip-flop clocked by clk)
Path Group: clk
Path Type: min

Fanout         Cap        Slew       Delay        Time   Description
---------------------------------------------------------------------------------------------
                      0.150000    0.000000    0.000000   clock clk (rise edge)
                                  0.000000    0.000000   clock network delay (ideal)
                      0.150000    0.000000    0.000000 ^ u_mac_1.temp_res[2]$_SDFF_PP0_/CLK (sg13g2_dfrbpq_1)
     3    0.010924    0.070458    0.348311    0.348311 v u_mac_1.temp_res[2]$_SDFF_PP0_/Q (sg13g2_dfrbpq_1)
                                                         u_mac_1.temp_res[2] (net)
                      0.070458    0.000000    0.348311 v _4036_/B (sg13g2_nand2b_1)
     2    0.005323    0.054181    0.079608    0.427919 ^ _4036_/Y (sg13g2_nand2b_1)
                                                         _1122_ (net)
                      0.054181    0.000000    0.427919 ^ _4148_/A (sg13g2_nand3_1)
     1    0.002316    0.075290    0.095445    0.523364 v _4148_/Y (sg13g2_nand3_1)
                                                         _1224_ (net)
                      0.075290    0.000000    0.523364 v _4149_/C (sg13g2_and3_1)
     1    0.001355    0.027682    0.135987    0.659351 v _4149_/X (sg13g2_and3_1)
                                                         _0315_ (net)
                      0.027682    0.000000    0.659351 v u_mac_1.temp_res[3]$_SDFF_PP0_/D (sg13g2_dfrbpq_1)
                                              0.659351   data arrival time

                      0.150000    0.000000    0.000000   clock clk (rise edge)
                                  0.000000    0.000000   clock network delay (ideal)
                                  0.250000    0.250000   clock uncertainty
                                  0.000000    0.250000   clock reconvergence pessimism
                                              0.250000 ^ u_mac_1.temp_res[3]$_SDFF_PP0_/CLK (sg13g2_dfrbpq_1)
                                 -0.014685    0.235315   library hold time
                                              0.235315   data required time
---------------------------------------------------------------------------------------------
                                              0.235315   data required time
                                             -0.659351   data arrival time
---------------------------------------------------------------------------------------------
                                              0.424036   slack (MET)


Startpoint: u_mac_3.temp_res[7]$_SDFF_PP0_
            (rising edge-triggered flip-flop clocked by clk)
Endpoint: u_mac_3.temp_res[8]$_SDFF_PP0_
          (rising edge-triggered flip-flop clocked by clk)
Path Group: clk
Path Type: min

Fanout         Cap        Slew       Delay        Time   Description
---------------------------------------------------------------------------------------------
                      0.150000    0.000000    0.000000   clock clk (rise edge)
                                  0.000000    0.000000   clock network delay (ideal)
                      0.150000    0.000000    0.000000 ^ u_mac_3.temp_res[7]$_SDFF_PP0_/CLK (sg13g2_dfrbpq_1)
     3    0.010612    0.068976    0.347055    0.347055 v u_mac_3.temp_res[7]$_SDFF_PP0_/Q (sg13g2_dfrbpq_1)
                                                         u_mac_3.temp_res[7] (net)
                      0.068976    0.000000    0.347055 v _4844_/A (sg13g2_nand2_1)
     1    0.003115    0.043986    0.060479    0.407534 ^ _4844_/Y (sg13g2_nand2_1)
                                                         _1894_ (net)
                      0.043986    0.000000    0.407534 ^ _4873_/B1 (sg13g2_o21ai_1)
     3    0.007499    0.094770    0.101345    0.508879 v _4873_/Y (sg13g2_o21ai_1)
                                                         _1923_ (net)
                      0.094770    0.000000    0.508879 v _4969_/A (sg13g2_nor2b_1)
     1    0.002803    0.065986    0.097296    0.606175 ^ _4969_/Y (sg13g2_nor2b_1)
                                                         _2004_ (net)
                      0.065986    0.000000    0.606175 ^ _4970_/C (sg13g2_nor3_1)
     1    0.001355    0.031420    0.054016    0.660190 v _4970_/Y (sg13g2_nor3_1)
                                                         _0356_ (net)
                      0.031420    0.000000    0.660190 v u_mac_3.temp_res[8]$_SDFF_PP0_/D (sg13g2_dfrbpq_1)
                                              0.660190   data arrival time

                      0.150000    0.000000    0.000000   clock clk (rise edge)
                                  0.000000    0.000000   clock network delay (ideal)
                                  0.250000    0.250000   clock uncertainty
                                  0.000000    0.250000   clock reconvergence pessimism
                                              0.250000 ^ u_mac_3.temp_res[8]$_SDFF_PP0_/CLK (sg13g2_dfrbpq_1)
                                 -0.016192    0.233808   library hold time
                                              0.233808   data required time
---------------------------------------------------------------------------------------------
                                              0.233808   data required time
                                             -0.660190   data arrival time
---------------------------------------------------------------------------------------------
                                              0.426383   slack (MET)


Startpoint: u_mac_2.temp_res[9]$_SDFF_PP0_
            (rising edge-triggered flip-flop clocked by clk)
Endpoint: u_mac_2.temp_res[9]$_SDFF_PP0_
          (rising edge-triggered flip-flop clocked by clk)
Path Group: clk
Path Type: min

Fanout         Cap        Slew       Delay        Time   Description
---------------------------------------------------------------------------------------------
                      0.150000    0.000000    0.000000   clock clk (rise edge)
                                  0.000000    0.000000   clock network delay (ideal)
                      0.150000    0.000000    0.000000 ^ u_mac_2.temp_res[9]$_SDFF_PP0_/CLK (sg13g2_dfrbpq_1)
     4    0.010766    0.084537    0.353781    0.353781 ^ u_mac_2.temp_res[9]$_SDFF_PP0_/Q (sg13g2_dfrbpq_1)
                                                         u_mac_2.temp_res[9] (net)
                      0.084537    0.000000    0.353781 ^ _4427_/A (sg13g2_nand2_1)
     3    0.008249    0.099134    0.122590    0.476371 v _4427_/Y (sg13g2_nand2_1)
                                                         _1495_ (net)
                      0.099134    0.000000    0.476371 v _4565_/A2 (sg13g2_a21oi_1)
     1    0.002853    0.062433    0.133714    0.610085 ^ _4565_/Y (sg13g2_a21oi_1)
                                                         _1617_ (net)
                      0.062433    0.000000    0.610085 ^ _4567_/A (sg13g2_nor2_1)
     1    0.001355    0.024824    0.055819    0.665904 v _4567_/Y (sg13g2_nor2_1)
                                                         _0339_ (net)
                      0.024824    0.000000    0.665904 v u_mac_2.temp_res[9]$_SDFF_PP0_/D (sg13g2_dfrbpq_1)
                                              0.665904   data arrival time

                      0.150000    0.000000    0.000000   clock clk (rise edge)
                                  0.000000    0.000000   clock network delay (ideal)
                                  0.250000    0.250000   clock uncertainty
                                  0.000000    0.250000   clock reconvergence pessimism
                                              0.250000 ^ u_mac_2.temp_res[9]$_SDFF_PP0_/CLK (sg13g2_dfrbpq_1)
                                 -0.013533    0.236467   library hold time
                                              0.236467   data required time
---------------------------------------------------------------------------------------------
                                              0.236467   data required time
                                             -0.665904   data arrival time
---------------------------------------------------------------------------------------------
                                              0.429437   slack (MET)


Startpoint: u_mac_4.temp_res[13]$_SDFF_PP0_
            (rising edge-triggered flip-flop clocked by clk)
Endpoint: u_mac_4.temp_res[14]$_SDFF_PP0_
          (rising edge-triggered flip-flop clocked by clk)
Path Group: clk
Path Type: min

Fanout         Cap        Slew       Delay        Time   Description
---------------------------------------------------------------------------------------------
                      0.150000    0.000000    0.000000   clock clk (rise edge)
                                  0.000000    0.000000   clock network delay (ideal)
                      0.150000    0.000000    0.000000 ^ u_mac_4.temp_res[13]$_SDFF_PP0_/CLK (sg13g2_dfrbpq_1)
     3    0.007706    0.055176    0.335359    0.335359 v u_mac_4.temp_res[13]$_SDFF_PP0_/Q (sg13g2_dfrbpq_1)
                                                         u_mac_4.temp_res[13] (net)
                      0.055176    0.000000    0.335359 v _5352_/A (sg13g2_nand2_1)
     4    0.010557    0.085018    0.090568    0.425927 ^ _5352_/Y (sg13g2_nand2_1)
                                                         _2381_ (net)
                      0.085018    0.000000    0.425927 ^ _5362_/A (sg13g2_and3_1)
     1    0.002844    0.050024    0.182145    0.608072 ^ _5362_/X (sg13g2_and3_1)
                                                         _2390_ (net)
                      0.050024    0.000000    0.608072 ^ _5365_/B (sg13g2_nor3_1)
     1    0.001355    0.033077    0.054508    0.662580 v _5365_/Y (sg13g2_nor3_1)
                                                         _0363_ (net)
                      0.033077    0.000000    0.662580 v u_mac_4.temp_res[14]$_SDFF_PP0_/D (sg13g2_dfrbpq_1)
                                              0.662580   data arrival time

                      0.150000    0.000000    0.000000   clock clk (rise edge)
                                  0.000000    0.000000   clock network delay (ideal)
                                  0.250000    0.250000   clock uncertainty
                                  0.000000    0.250000   clock reconvergence pessimism
                                              0.250000 ^ u_mac_4.temp_res[14]$_SDFF_PP0_/CLK (sg13g2_dfrbpq_1)
                                 -0.016861    0.233139   library hold time
                                              0.233139   data required time
---------------------------------------------------------------------------------------------
                                              0.233139   data required time
                                             -0.662580   data arrival time
---------------------------------------------------------------------------------------------
                                              0.429441   slack (MET)


Startpoint: u_mac_2.temp_res[11]$_SDFF_PP0_
            (rising edge-triggered flip-flop clocked by clk)
Endpoint: u_mac_2.temp_res[11]$_SDFF_PP0_
          (rising edge-triggered flip-flop clocked by clk)
Path Group: clk
Path Type: min

Fanout         Cap        Slew       Delay        Time   Description
---------------------------------------------------------------------------------------------
                      0.150000    0.000000    0.000000   clock clk (rise edge)
                                  0.000000    0.000000   clock network delay (ideal)
                      0.150000    0.000000    0.000000 ^ u_mac_2.temp_res[11]$_SDFF_PP0_/CLK (sg13g2_dfrbpq_1)
     5    0.016207    0.095541    0.369570    0.369570 v u_mac_2.temp_res[11]$_SDFF_PP0_/Q (sg13g2_dfrbpq_1)
                                                         u_mac_2.temp_res[11] (net)
                      0.095541    0.000000    0.369570 v _4497_/A (sg13g2_xnor2_1)
     1    0.005146    0.074855    0.138451    0.508021 v _4497_/Y (sg13g2_xnor2_1)
                                                         _1564_ (net)
                      0.074855    0.000000    0.508021 v _4499_/A (sg13g2_xnor2_1)
     1    0.002825    0.043873    0.122058    0.630079 ^ _4499_/Y (sg13g2_xnor2_1)
                                                         _1566_ (net)
                      0.043873    0.000000    0.630079 ^ _4500_/B (sg13g2_nor2_1)
     1    0.001355    0.023882    0.041323    0.671402 v _4500_/Y (sg13g2_nor2_1)
                                                         _0324_ (net)
                      0.023882    0.000000    0.671402 v u_mac_2.temp_res[11]$_SDFF_PP0_/D (sg13g2_dfrbpq_1)
                                              0.671402   data arrival time

                      0.150000    0.000000    0.000000   clock clk (rise edge)
                                  0.000000    0.000000   clock network delay (ideal)
                                  0.250000    0.250000   clock uncertainty
                                  0.000000    0.250000   clock reconvergence pessimism
                                              0.250000 ^ u_mac_2.temp_res[11]$_SDFF_PP0_/CLK (sg13g2_dfrbpq_1)
                                 -0.013153    0.236847   library hold time
                                              0.236847   data required time
---------------------------------------------------------------------------------------------
                                              0.236847   data required time
                                             -0.671402   data arrival time
---------------------------------------------------------------------------------------------
                                              0.434554   slack (MET)


Startpoint: u_mac_4.temp_res[7]$_SDFF_PP0_
            (rising edge-triggered flip-flop clocked by clk)
Endpoint: u_mac_4.temp_res[7]$_SDFF_PP0_
          (rising edge-triggered flip-flop clocked by clk)
Path Group: clk
Path Type: min

Fanout         Cap        Slew       Delay        Time   Description
---------------------------------------------------------------------------------------------
                      0.150000    0.000000    0.000000   clock clk (rise edge)
                                  0.000000    0.000000   clock network delay (ideal)
                      0.150000    0.000000    0.000000 ^ u_mac_4.temp_res[7]$_SDFF_PP0_/CLK (sg13g2_dfrbpq_1)
     2    0.005549    0.044938    0.326681    0.326681 v u_mac_4.temp_res[7]$_SDFF_PP0_/Q (sg13g2_dfrbpq_1)
                                                         u_mac_4.temp_res[7] (net)
                      0.044938    0.000000    0.326681 v _5406_/A (sg13g2_inv_1)
     2    0.007568    0.062865    0.068387    0.395069 ^ _5406_/Y (sg13g2_inv_1)
                                                         _2421_ (net)
                      0.062865    0.000000    0.395069 ^ _5291_/A (sg13g2_xnor2_1)
     3    0.009455    0.083199    0.173868    0.568936 ^ _5291_/Y (sg13g2_xnor2_1)
                                                         _2323_ (net)
                      0.083199    0.000000    0.568936 ^ _5388_/A2 (sg13g2_a21oi_1)
     1    0.001355    0.035461    0.098153    0.667090 v _5388_/Y (sg13g2_a21oi_1)
                                                         _0373_ (net)
                      0.035461    0.000000    0.667090 v u_mac_4.temp_res[7]$_SDFF_PP0_/D (sg13g2_dfrbpq_1)
                                              0.667090   data arrival time

                      0.150000    0.000000    0.000000   clock clk (rise edge)
                                  0.000000    0.000000   clock network delay (ideal)
                                  0.250000    0.250000   clock uncertainty
                                  0.000000    0.250000   clock reconvergence pessimism
                                              0.250000 ^ u_mac_4.temp_res[7]$_SDFF_PP0_/CLK (sg13g2_dfrbpq_1)
                                 -0.017822    0.232178   library hold time
                                              0.232178   data required time
---------------------------------------------------------------------------------------------
                                              0.232178   data required time
                                             -0.667090   data arrival time
---------------------------------------------------------------------------------------------
                                              0.434912   slack (MET)


Startpoint: u_mac_4.temp_res[13]$_SDFF_PP0_
            (rising edge-triggered flip-flop clocked by clk)
Endpoint: u_mac_4.temp_res[13]$_SDFF_PP0_
          (rising edge-triggered flip-flop clocked by clk)
Path Group: clk
Path Type: min

Fanout         Cap        Slew       Delay        Time   Description
---------------------------------------------------------------------------------------------
                      0.150000    0.000000    0.000000   clock clk (rise edge)
                                  0.000000    0.000000   clock network delay (ideal)
                      0.150000    0.000000    0.000000 ^ u_mac_4.temp_res[13]$_SDFF_PP0_/CLK (sg13g2_dfrbpq_1)
     3    0.007706    0.055176    0.335359    0.335359 v u_mac_4.temp_res[13]$_SDFF_PP0_/Q (sg13g2_dfrbpq_1)
                                                         u_mac_4.temp_res[13] (net)
                      0.055176    0.000000    0.335359 v _5352_/A (sg13g2_nand2_1)
     4    0.010557    0.085018    0.090568    0.425927 ^ _5352_/Y (sg13g2_nand2_1)
                                                         _2381_ (net)
                      0.085018    0.000000    0.425927 ^ _5354_/A (sg13g2_nand2_1)
     1    0.004766    0.067067    0.097057    0.522984 v _5354_/Y (sg13g2_nand2_1)
                                                         _2383_ (net)
                      0.067067    0.000000    0.522984 v _5356_/B (sg13g2_xnor2_1)
     1    0.002825    0.044243    0.107588    0.630572 ^ _5356_/Y (sg13g2_xnor2_1)
                                                         _2385_ (net)
                      0.044243    0.000000    0.630572 ^ _5357_/B (sg13g2_nor2_1)
     1    0.001355    0.023960    0.041461    0.672033 v _5357_/Y (sg13g2_nor2_1)
                                                         _0362_ (net)
                      0.023960    0.000000    0.672033 v u_mac_4.temp_res[13]$_SDFF_PP0_/D (sg13g2_dfrbpq_1)
                                              0.672033   data arrival time

                      0.150000    0.000000    0.000000   clock clk (rise edge)
                                  0.000000    0.000000   clock network delay (ideal)
                                  0.250000    0.250000   clock uncertainty
                                  0.000000    0.250000   clock reconvergence pessimism
                                              0.250000 ^ u_mac_4.temp_res[13]$_SDFF_PP0_/CLK (sg13g2_dfrbpq_1)
                                 -0.013184    0.236816   library hold time
                                              0.236816   data required time
---------------------------------------------------------------------------------------------
                                              0.236816   data required time
                                             -0.672033   data arrival time
---------------------------------------------------------------------------------------------
                                              0.435217   slack (MET)


Startpoint: u_mac_4.temp_res[11]$_SDFF_PP0_
            (rising edge-triggered flip-flop clocked by clk)
Endpoint: u_mac_4.temp_res[11]$_SDFF_PP0_
          (rising edge-triggered flip-flop clocked by clk)
Path Group: clk
Path Type: min

Fanout         Cap        Slew       Delay        Time   Description
---------------------------------------------------------------------------------------------
                      0.150000    0.000000    0.000000   clock clk (rise edge)
                                  0.000000    0.000000   clock network delay (ideal)
                      0.150000    0.000000    0.000000 ^ u_mac_4.temp_res[11]$_SDFF_PP0_/CLK (sg13g2_dfrbpq_1)
     4    0.013398    0.082204    0.358266    0.358266 v u_mac_4.temp_res[11]$_SDFF_PP0_/Q (sg13g2_dfrbpq_1)
                                                         u_mac_4.temp_res[11] (net)
                      0.082204    0.000000    0.358266 v _5322_/A (sg13g2_xnor2_1)
     1    0.005218    0.075444    0.132678    0.490945 v _5322_/Y (sg13g2_xnor2_1)
                                                         _2353_ (net)
                      0.075444    0.000000    0.490945 v _5324_/A (sg13g2_xor2_1)
     1    0.002825    0.069997    0.129605    0.620550 ^ _5324_/X (sg13g2_xor2_1)
                                                         _2355_ (net)
                      0.069997    0.000000    0.620550 ^ _5325_/B (sg13g2_nor2_1)
     1    0.001355    0.029381    0.051108    0.671657 v _5325_/Y (sg13g2_nor2_1)
                                                         _0360_ (net)
                      0.029381    0.000000    0.671657 v u_mac_4.temp_res[11]$_SDFF_PP0_/D (sg13g2_dfrbpq_1)
                                              0.671657   data arrival time

                      0.150000    0.000000    0.000000   clock clk (rise edge)
                                  0.000000    0.000000   clock network delay (ideal)
                                  0.250000    0.250000   clock uncertainty
                                  0.000000    0.250000   clock reconvergence pessimism
                                              0.250000 ^ u_mac_4.temp_res[11]$_SDFF_PP0_/CLK (sg13g2_dfrbpq_1)
                                 -0.015370    0.234630   library hold time
                                              0.234630   data required time
---------------------------------------------------------------------------------------------
                                              0.234630   data required time
                                             -0.671657   data arrival time
---------------------------------------------------------------------------------------------
                                              0.437028   slack (MET)


Startpoint: u_mac_4.temp_res[10]$_SDFF_PP0_
            (rising edge-triggered flip-flop clocked by clk)
Endpoint: u_mac_4.temp_res[10]$_SDFF_PP0_
          (rising edge-triggered flip-flop clocked by clk)
Path Group: clk
Path Type: min

Fanout         Cap        Slew       Delay        Time   Description
---------------------------------------------------------------------------------------------
                      0.150000    0.000000    0.000000   clock clk (rise edge)
                                  0.000000    0.000000   clock network delay (ideal)
                      0.150000    0.000000    0.000000 ^ u_mac_4.temp_res[10]$_SDFF_PP0_/CLK (sg13g2_dfrbpq_1)
     3    0.010419    0.068060    0.346279    0.346279 v u_mac_4.temp_res[10]$_SDFF_PP0_/Q (sg13g2_dfrbpq_1)
                                                         u_mac_4.temp_res[10] (net)
                      0.068060    0.000000    0.346279 v _5250_/A (sg13g2_xnor2_1)
     2    0.005572    0.060426    0.144647    0.490926 ^ _5250_/Y (sg13g2_xnor2_1)
                                                         _2282_ (net)
                      0.060426    0.000000    0.490926 ^ _5297_/B1 (sg13g2_o21ai_1)
     1    0.002309    0.050959    0.069623    0.560549 v _5297_/Y (sg13g2_o21ai_1)
                                                         _2329_ (net)
                      0.050959    0.000000    0.560549 v _5299_/B (sg13g2_and3_1)
     1    0.001355    0.027725    0.117111    0.677660 v _5299_/X (sg13g2_and3_1)
                                                         _0359_ (net)
                      0.027725    0.000000    0.677660 v u_mac_4.temp_res[10]$_SDFF_PP0_/D (sg13g2_dfrbpq_1)
                                              0.677660   data arrival time

                      0.150000    0.000000    0.000000   clock clk (rise edge)
                                  0.000000    0.000000   clock network delay (ideal)
                                  0.250000    0.250000   clock uncertainty
                                  0.000000    0.250000   clock reconvergence pessimism
                                              0.250000 ^ u_mac_4.temp_res[10]$_SDFF_PP0_/CLK (sg13g2_dfrbpq_1)
                                 -0.014702    0.235298   library hold time
                                              0.235298   data required time
---------------------------------------------------------------------------------------------
                                              0.235298   data required time
                                             -0.677660   data arrival time
---------------------------------------------------------------------------------------------
                                              0.442362   slack (MET)


Startpoint: u_mac_1.temp_res[10]$_SDFF_PP0_
            (rising edge-triggered flip-flop clocked by clk)
Endpoint: u_mac_1.temp_res[10]$_SDFF_PP0_
          (rising edge-triggered flip-flop clocked by clk)
Path Group: clk
Path Type: min

Fanout         Cap        Slew       Delay        Time   Description
---------------------------------------------------------------------------------------------
                      0.150000    0.000000    0.000000   clock clk (rise edge)
                                  0.000000    0.000000   clock network delay (ideal)
                      0.150000    0.000000    0.000000 ^ u_mac_1.temp_res[10]$_SDFF_PP0_/CLK (sg13g2_dfrbpq_1)
     3    0.010555    0.068704    0.346824    0.346824 v u_mac_1.temp_res[10]$_SDFF_PP0_/Q (sg13g2_dfrbpq_1)
                                                         u_mac_1.temp_res[10] (net)
                      0.068704    0.000000    0.346824 v _4010_/A (sg13g2_xnor2_1)
     2    0.005572    0.060447    0.144930    0.491754 ^ _4010_/Y (sg13g2_xnor2_1)
                                                         _1096_ (net)
                      0.060447    0.000000    0.491754 ^ _4058_/B1 (sg13g2_o21ai_1)
     1    0.002309    0.050962    0.069630    0.561384 v _4058_/Y (sg13g2_o21ai_1)
                                                         _1144_ (net)
                      0.050962    0.000000    0.561384 v _4060_/B (sg13g2_and3_1)
     1    0.001355    0.027725    0.117113    0.678497 v _4060_/X (sg13g2_and3_1)
                                                         _0305_ (net)
                      0.027725    0.000000    0.678497 v u_mac_1.temp_res[10]$_SDFF_PP0_/D (sg13g2_dfrbpq_1)
                                              0.678497   data arrival time

                      0.150000    0.000000    0.000000   clock clk (rise edge)
                                  0.000000    0.000000   clock network delay (ideal)
                                  0.250000    0.250000   clock uncertainty
                                  0.000000    0.250000   clock reconvergence pessimism
                                              0.250000 ^ u_mac_1.temp_res[10]$_SDFF_PP0_/CLK (sg13g2_dfrbpq_1)
                                 -0.014702    0.235298   library hold time
                                              0.235298   data required time
---------------------------------------------------------------------------------------------
                                              0.235298   data required time
                                             -0.678497   data arrival time
---------------------------------------------------------------------------------------------
                                              0.443200   slack (MET)


Startpoint: u_mac_4.temp_res[8]$_SDFF_PP0_
            (rising edge-triggered flip-flop clocked by clk)
Endpoint: u_mac_4.temp_res[8]$_SDFF_PP0_
          (rising edge-triggered flip-flop clocked by clk)
Path Group: clk
Path Type: min

Fanout         Cap        Slew       Delay        Time   Description
---------------------------------------------------------------------------------------------
                      0.150000    0.000000    0.000000   clock clk (rise edge)
                                  0.000000    0.000000   clock network delay (ideal)
                      0.150000    0.000000    0.000000 ^ u_mac_4.temp_res[8]$_SDFF_PP0_/CLK (sg13g2_dfrbpq_1)
     3    0.010491    0.068402    0.346568    0.346568 v u_mac_4.temp_res[8]$_SDFF_PP0_/Q (sg13g2_dfrbpq_1)
                                                         u_mac_4.temp_res[8] (net)
                      0.068402    0.000000    0.346568 v _5293_/A (sg13g2_xor2_1)
     3    0.008423    0.069842    0.142506    0.489074 v _5293_/X (sg13g2_xor2_1)
                                                         _2325_ (net)
                      0.069842    0.000000    0.489074 v _5389_/A2 (sg13g2_o21ai_1)
     1    0.002830    0.100995    0.126606    0.615680 ^ _5389_/Y (sg13g2_o21ai_1)
                                                         _2406_ (net)
                      0.100995    0.000000    0.615680 ^ _5390_/A (sg13g2_nor2b_1)
     1    0.001355    0.030797    0.062000    0.677680 v _5390_/Y (sg13g2_nor2b_1)
                                                         _0374_ (net)
                      0.030797    0.000000    0.677680 v u_mac_4.temp_res[8]$_SDFF_PP0_/D (sg13g2_dfrbpq_1)
                                              0.677680   data arrival time

                      0.150000    0.000000    0.000000   clock clk (rise edge)
                                  0.000000    0.000000   clock network delay (ideal)
                                  0.250000    0.250000   clock uncertainty
                                  0.000000    0.250000   clock reconvergence pessimism
                                              0.250000 ^ u_mac_4.temp_res[8]$_SDFF_PP0_/CLK (sg13g2_dfrbpq_1)
                                 -0.015941    0.234059   library hold time
                                              0.234059   data required time
---------------------------------------------------------------------------------------------
                                              0.234059   data required time
                                             -0.677680   data arrival time
---------------------------------------------------------------------------------------------
                                              0.443621   slack (MET)


Startpoint: u_mac_3.temp_res[5]$_SDFF_PP0_
            (rising edge-triggered flip-flop clocked by clk)
Endpoint: u_mac_3.temp_res[6]$_SDFF_PP0_
          (rising edge-triggered flip-flop clocked by clk)
Path Group: clk
Path Type: min

Fanout         Cap        Slew       Delay        Time   Description
---------------------------------------------------------------------------------------------
                      0.150000    0.000000    0.000000   clock clk (rise edge)
                                  0.000000    0.000000   clock network delay (ideal)
                      0.150000    0.000000    0.000000 ^ u_mac_3.temp_res[5]$_SDFF_PP0_/CLK (sg13g2_dfrbpq_1)
     3    0.010559    0.068723    0.346840    0.346840 v u_mac_3.temp_res[5]$_SDFF_PP0_/Q (sg13g2_dfrbpq_1)
                                                         u_mac_3.temp_res[5] (net)
                      0.068723    0.000000    0.346840 v _4867_/A1 (sg13g2_a21o_1)
     3    0.007591    0.059045    0.192903    0.539743 v _4867_/X (sg13g2_a21o_1)
                                                         _1917_ (net)
                      0.059045    0.000000    0.539743 v _4965_/A (sg13g2_nor2b_1)
     1    0.002803    0.065983    0.084080    0.623824 ^ _4965_/Y (sg13g2_nor2b_1)
                                                         _2002_ (net)
                      0.065983    0.000000    0.623824 ^ _4966_/C (sg13g2_nor3_1)
     1    0.001355    0.031419    0.054014    0.677838 v _4966_/Y (sg13g2_nor3_1)
                                                         _0354_ (net)
                      0.031419    0.000000    0.677838 v u_mac_3.temp_res[6]$_SDFF_PP0_/D (sg13g2_dfrbpq_1)
                                              0.677838   data arrival time

                      0.150000    0.000000    0.000000   clock clk (rise edge)
                                  0.000000    0.000000   clock network delay (ideal)
                                  0.250000    0.250000   clock uncertainty
                                  0.000000    0.250000   clock reconvergence pessimism
                                              0.250000 ^ u_mac_3.temp_res[6]$_SDFF_PP0_/CLK (sg13g2_dfrbpq_1)
                                 -0.016192    0.233808   library hold time
                                              0.233808   data required time
---------------------------------------------------------------------------------------------
                                              0.233808   data required time
                                             -0.677838   data arrival time
---------------------------------------------------------------------------------------------
                                              0.444030   slack (MET)


Startpoint: u_mac_1.temp_res[2]$_SDFF_PP0_
            (rising edge-triggered flip-flop clocked by clk)
Endpoint: u_mac_1.temp_res[2]$_SDFF_PP0_
          (rising edge-triggered flip-flop clocked by clk)
Path Group: clk
Path Type: min

Fanout         Cap        Slew       Delay        Time   Description
---------------------------------------------------------------------------------------------
                      0.150000    0.000000    0.000000   clock clk (rise edge)
                                  0.000000    0.000000   clock network delay (ideal)
                      0.150000    0.000000    0.000000 ^ u_mac_1.temp_res[2]$_SDFF_PP0_/CLK (sg13g2_dfrbpq_1)
     3    0.010924    0.070458    0.348311    0.348311 v u_mac_1.temp_res[2]$_SDFF_PP0_/Q (sg13g2_dfrbpq_1)
                                                         u_mac_1.temp_res[2] (net)
                      0.070458    0.000000    0.348311 v _4042_/A (sg13g2_xnor2_1)
     2    0.005609    0.078754    0.129927    0.478237 v _4042_/Y (sg13g2_xnor2_1)
                                                         _1128_ (net)
                      0.078754    0.000000    0.478237 v _4145_/C (sg13g2_nor3_1)
     1    0.002853    0.118169    0.131755    0.609992 ^ _4145_/Y (sg13g2_nor3_1)
                                                         _1222_ (net)
                      0.118169    0.000000    0.609992 ^ _4147_/A (sg13g2_nor2_1)
     1    0.001355    0.025644    0.077101    0.687093 v _4147_/Y (sg13g2_nor2_1)
                                                         _0314_ (net)
                      0.025644    0.000000    0.687093 v u_mac_1.temp_res[2]$_SDFF_PP0_/D (sg13g2_dfrbpq_1)
                                              0.687093   data arrival time

                      0.150000    0.000000    0.000000   clock clk (rise edge)
                                  0.000000    0.000000   clock network delay (ideal)
                                  0.250000    0.250000   clock uncertainty
                                  0.000000    0.250000   clock reconvergence pessimism
                                              0.250000 ^ u_mac_1.temp_res[2]$_SDFF_PP0_/CLK (sg13g2_dfrbpq_1)
                                 -0.013863    0.236137   library hold time
                                              0.236137   data required time
---------------------------------------------------------------------------------------------
                                              0.236137   data required time
                                             -0.687093   data arrival time
---------------------------------------------------------------------------------------------
                                              0.450956   slack (MET)


Startpoint: u_mac_2.temp_res[5]$_SDFF_PP0_
            (rising edge-triggered flip-flop clocked by clk)
Endpoint: u_mac_2.temp_res[5]$_SDFF_PP0_
          (rising edge-triggered flip-flop clocked by clk)
Path Group: clk
Path Type: min

Fanout         Cap        Slew       Delay        Time   Description
---------------------------------------------------------------------------------------------
                      0.150000    0.000000    0.000000   clock clk (rise edge)
                                  0.000000    0.000000   clock network delay (ideal)
                      0.150000    0.000000    0.000000 ^ u_mac_2.temp_res[5]$_SDFF_PP0_/CLK (sg13g2_dfrbpq_1)
     3    0.010612    0.068976    0.347055    0.347055 v u_mac_2.temp_res[5]$_SDFF_PP0_/Q (sg13g2_dfrbpq_1)
                                                         u_mac_2.temp_res[5] (net)
                      0.068976    0.000000    0.347055 v _4457_/A (sg13g2_xnor2_1)
     2    0.005056    0.057402    0.140253    0.487308 ^ _4457_/Y (sg13g2_xnor2_1)
                                                         _1525_ (net)
                      0.057402    0.000000    0.487308 ^ _4556_/B (sg13g2_nand2b_1)
     1    0.002316    0.049053    0.081210    0.568518 v _4556_/Y (sg13g2_nand2b_1)
                                                         _1612_ (net)
                      0.049053    0.000000    0.568518 v _4557_/C (sg13g2_and3_1)
     1    0.001355    0.027971    0.121655    0.690173 v _4557_/X (sg13g2_and3_1)
                                                         _0335_ (net)
                      0.027971    0.000000    0.690173 v u_mac_2.temp_res[5]$_SDFF_PP0_/D (sg13g2_dfrbpq_1)
                                              0.690173   data arrival time

                      0.150000    0.000000    0.000000   clock clk (rise edge)
                                  0.000000    0.000000   clock network delay (ideal)
                                  0.250000    0.250000   clock uncertainty
                                  0.000000    0.250000   clock reconvergence pessimism
                                              0.250000 ^ u_mac_2.temp_res[5]$_SDFF_PP0_/CLK (sg13g2_dfrbpq_1)
                                 -0.014802    0.235198   library hold time
                                              0.235198   data required time
---------------------------------------------------------------------------------------------
                                              0.235198   data required time
                                             -0.690173   data arrival time
---------------------------------------------------------------------------------------------
                                              0.454975   slack (MET)


Startpoint: u_mac_4.temp_res[5]$_SDFF_PP0_
            (rising edge-triggered flip-flop clocked by clk)
Endpoint: u_mac_4.temp_res[5]$_SDFF_PP0_
          (rising edge-triggered flip-flop clocked by clk)
Path Group: clk
Path Type: min

Fanout         Cap        Slew       Delay        Time   Description
---------------------------------------------------------------------------------------------
                      0.150000    0.000000    0.000000   clock clk (rise edge)
                                  0.000000    0.000000   clock network delay (ideal)
                      0.150000    0.000000    0.000000 ^ u_mac_4.temp_res[5]$_SDFF_PP0_/CLK (sg13g2_dfrbpq_1)
     3    0.010628    0.069052    0.347119    0.347119 v u_mac_4.temp_res[5]$_SDFF_PP0_/Q (sg13g2_dfrbpq_1)
                                                         u_mac_4.temp_res[5] (net)
                      0.069052    0.000000    0.347119 v _5286_/A (sg13g2_xnor2_1)
     2    0.005056    0.057396    0.140287    0.487406 ^ _5286_/Y (sg13g2_xnor2_1)
                                                         _2318_ (net)
                      0.057396    0.000000    0.487406 ^ _5383_/B (sg13g2_nand2b_1)
     1    0.002316    0.049053    0.081208    0.568614 v _5383_/Y (sg13g2_nand2b_1)
                                                         _2403_ (net)
                      0.049053    0.000000    0.568614 v _5384_/C (sg13g2_and3_1)
     1    0.001355    0.027971    0.121655    0.690269 v _5384_/X (sg13g2_and3_1)
                                                         _0371_ (net)
                      0.027971    0.000000    0.690269 v u_mac_4.temp_res[5]$_SDFF_PP0_/D (sg13g2_dfrbpq_1)
                                              0.690269   data arrival time

                      0.150000    0.000000    0.000000   clock clk (rise edge)
                                  0.000000    0.000000   clock network delay (ideal)
                                  0.250000    0.250000   clock uncertainty
                                  0.000000    0.250000   clock reconvergence pessimism
                                              0.250000 ^ u_mac_4.temp_res[5]$_SDFF_PP0_/CLK (sg13g2_dfrbpq_1)
                                 -0.014802    0.235198   library hold time
                                              0.235198   data required time
---------------------------------------------------------------------------------------------
                                              0.235198   data required time
                                             -0.690269   data arrival time
---------------------------------------------------------------------------------------------
                                              0.455070   slack (MET)


Startpoint: u_mac_2.temp_res[4]$_SDFF_PP0_
            (rising edge-triggered flip-flop clocked by clk)
Endpoint: u_mac_2.temp_res[4]$_SDFF_PP0_
          (rising edge-triggered flip-flop clocked by clk)
Path Group: clk
Path Type: min

Fanout         Cap        Slew       Delay        Time   Description
---------------------------------------------------------------------------------------------
                      0.150000    0.000000    0.000000   clock clk (rise edge)
                                  0.000000    0.000000   clock network delay (ideal)
                      0.150000    0.000000    0.000000 ^ u_mac_2.temp_res[4]$_SDFF_PP0_/CLK (sg13g2_dfrbpq_1)
     3    0.010628    0.069052    0.347119    0.347119 v u_mac_2.temp_res[4]$_SDFF_PP0_/Q (sg13g2_dfrbpq_1)
                                                         u_mac_2.temp_res[4] (net)
                      0.069052    0.000000    0.347119 v _4454_/A (sg13g2_xnor2_1)
     2    0.005056    0.057396    0.140287    0.487406 ^ _4454_/Y (sg13g2_xnor2_1)
                                                         _1522_ (net)
                      0.057396    0.000000    0.487406 ^ _4554_/B (sg13g2_nand2b_1)
     1    0.002316    0.049102    0.081208    0.568614 v _4554_/Y (sg13g2_nand2b_1)
                                                         _1611_ (net)
                      0.049102    0.000000    0.568614 v _4555_/C (sg13g2_and3_1)
     1    0.001355    0.027971    0.121681    0.690295 v _4555_/X (sg13g2_and3_1)
                                                         _0334_ (net)
                      0.027971    0.000000    0.690295 v u_mac_2.temp_res[4]$_SDFF_PP0_/D (sg13g2_dfrbpq_1)
                                              0.690295   data arrival time

                      0.150000    0.000000    0.000000   clock clk (rise edge)
                                  0.000000    0.000000   clock network delay (ideal)
                                  0.250000    0.250000   clock uncertainty
                                  0.000000    0.250000   clock reconvergence pessimism
                                              0.250000 ^ u_mac_2.temp_res[4]$_SDFF_PP0_/CLK (sg13g2_dfrbpq_1)
                                 -0.014802    0.235198   library hold time
                                              0.235198   data required time
---------------------------------------------------------------------------------------------
                                              0.235198   data required time
                                             -0.690295   data arrival time
---------------------------------------------------------------------------------------------
                                              0.455097   slack (MET)


Startpoint: u_mac_4.temp_res[4]$_SDFF_PP0_
            (rising edge-triggered flip-flop clocked by clk)
Endpoint: u_mac_4.temp_res[4]$_SDFF_PP0_
          (rising edge-triggered flip-flop clocked by clk)
Path Group: clk
Path Type: min

Fanout         Cap        Slew       Delay        Time   Description
---------------------------------------------------------------------------------------------
                      0.150000    0.000000    0.000000   clock clk (rise edge)
                                  0.000000    0.000000   clock network delay (ideal)
                      0.150000    0.000000    0.000000 ^ u_mac_4.temp_res[4]$_SDFF_PP0_/CLK (sg13g2_dfrbpq_1)
     3    0.010719    0.069484    0.347486    0.347486 v u_mac_4.temp_res[4]$_SDFF_PP0_/Q (sg13g2_dfrbpq_1)
                                                         u_mac_4.temp_res[4] (net)
                      0.069484    0.000000    0.347486 v _5283_/A (sg13g2_xnor2_1)
     2    0.005056    0.057402    0.140476    0.487962 ^ _5283_/Y (sg13g2_xnor2_1)
                                                         _2315_ (net)
                      0.057402    0.000000    0.487962 ^ _5381_/B (sg13g2_nand2b_1)
     1    0.002316    0.049102    0.081210    0.569173 v _5381_/Y (sg13g2_nand2b_1)
                                                         _2402_ (net)
                      0.049102    0.000000    0.569173 v _5382_/C (sg13g2_and3_1)
     1    0.001355    0.027971    0.121682    0.690854 v _5382_/X (sg13g2_and3_1)
                                                         _0370_ (net)
                      0.027971    0.000000    0.690854 v u_mac_4.temp_res[4]$_SDFF_PP0_/D (sg13g2_dfrbpq_1)
                                              0.690854   data arrival time

                      0.150000    0.000000    0.000000   clock clk (rise edge)
                                  0.000000    0.000000   clock network delay (ideal)
                                  0.250000    0.250000   clock uncertainty
                                  0.000000    0.250000   clock reconvergence pessimism
                                              0.250000 ^ u_mac_4.temp_res[4]$_SDFF_PP0_/CLK (sg13g2_dfrbpq_1)
                                 -0.014802    0.235198   library hold time
                                              0.235198   data required time
---------------------------------------------------------------------------------------------
                                              0.235198   data required time
                                             -0.690854   data arrival time
---------------------------------------------------------------------------------------------
                                              0.455656   slack (MET)


Startpoint: u_mac_2.temp_res[10]$_SDFF_PP0_
            (rising edge-triggered flip-flop clocked by clk)
Endpoint: u_mac_2.temp_res[10]$_SDFF_PP0_
          (rising edge-triggered flip-flop clocked by clk)
Path Group: clk
Path Type: min

Fanout         Cap        Slew       Delay        Time   Description
---------------------------------------------------------------------------------------------
                      0.150000    0.000000    0.000000   clock clk (rise edge)
                                  0.000000    0.000000   clock network delay (ideal)
                      0.150000    0.000000    0.000000 ^ u_mac_2.temp_res[10]$_SDFF_PP0_/CLK (sg13g2_dfrbpq_1)
     3    0.010400    0.067969    0.346202    0.346202 v u_mac_2.temp_res[10]$_SDFF_PP0_/Q (sg13g2_dfrbpq_1)
                                                         u_mac_2.temp_res[10] (net)
                      0.067969    0.000000    0.346202 v _4423_/A (sg13g2_xor2_1)
     2    0.005103    0.054175    0.118644    0.464846 v _4423_/X (sg13g2_xor2_1)
                                                         _1491_ (net)
                      0.054175    0.000000    0.464846 v _4474_/B1 (sg13g2_a21o_1)
     1    0.002309    0.034132    0.122105    0.586951 v _4474_/X (sg13g2_a21o_1)
                                                         _1542_ (net)
                      0.034132    0.000000    0.586951 v _4476_/B (sg13g2_and3_1)
     1    0.001355    0.027537    0.108145    0.695096 v _4476_/X (sg13g2_and3_1)
                                                         _0323_ (net)
                      0.027537    0.000000    0.695096 v u_mac_2.temp_res[10]$_SDFF_PP0_/D (sg13g2_dfrbpq_1)
                                              0.695096   data arrival time

                      0.150000    0.000000    0.000000   clock clk (rise edge)
                                  0.000000    0.000000   clock network delay (ideal)
                                  0.250000    0.250000   clock uncertainty
                                  0.000000    0.250000   clock reconvergence pessimism
                                              0.250000 ^ u_mac_2.temp_res[10]$_SDFF_PP0_/CLK (sg13g2_dfrbpq_1)
                                 -0.014627    0.235373   library hold time
                                              0.235373   data required time
---------------------------------------------------------------------------------------------
                                              0.235373   data required time
                                             -0.695096   data arrival time
---------------------------------------------------------------------------------------------
                                              0.459722   slack (MET)


Startpoint: u_mac_3.temp_res[10]$_SDFF_PP0_
            (rising edge-triggered flip-flop clocked by clk)
Endpoint: u_mac_3.temp_res[11]$_SDFF_PP0_
          (rising edge-triggered flip-flop clocked by clk)
Path Group: clk
Path Type: min

Fanout         Cap        Slew       Delay        Time   Description
---------------------------------------------------------------------------------------------
                      0.150000    0.000000    0.000000   clock clk (rise edge)
                                  0.000000    0.000000   clock network delay (ideal)
                      0.150000    0.000000    0.000000 ^ u_mac_3.temp_res[10]$_SDFF_PP0_/CLK (sg13g2_dfrbpq_1)
     4    0.010486    0.068379    0.346549    0.346549 v u_mac_3.temp_res[10]$_SDFF_PP0_/Q (sg13g2_dfrbpq_1)
                                                         u_mac_3.temp_res[10] (net)
                      0.068379    0.000000    0.346549 v _4831_/A (sg13g2_nand3_1)
     2    0.005703    0.064033    0.078680    0.425229 ^ _4831_/Y (sg13g2_nand3_1)
                                                         _1881_ (net)
                      0.064033    0.000000    0.425229 ^ _4883_/A (sg13g2_nand2_1)
     1    0.005218    0.072597    0.091961    0.517190 v _4883_/Y (sg13g2_nand2_1)
                                                         _1932_ (net)
                      0.072597    0.000000    0.517190 v _4904_/A (sg13g2_xor2_1)
     1    0.002825    0.070055    0.128320    0.645510 ^ _4904_/X (sg13g2_xor2_1)
                                                         _1953_ (net)
                      0.070055    0.000000    0.645510 ^ _4905_/B (sg13g2_nor2_1)
     1    0.001355    0.029394    0.051129    0.696640 v _4905_/Y (sg13g2_nor2_1)
                                                         _0342_ (net)
                      0.029394    0.000000    0.696640 v u_mac_3.temp_res[11]$_SDFF_PP0_/D (sg13g2_dfrbpq_1)
                                              0.696640   data arrival time

                      0.150000    0.000000    0.000000   clock clk (rise edge)
                                  0.000000    0.000000   clock network delay (ideal)
                                  0.250000    0.250000   clock uncertainty
                                  0.000000    0.250000   clock reconvergence pessimism
                                              0.250000 ^ u_mac_3.temp_res[11]$_SDFF_PP0_/CLK (sg13g2_dfrbpq_1)
                                 -0.015375    0.234625   library hold time
                                              0.234625   data required time
---------------------------------------------------------------------------------------------
                                              0.234625   data required time
                                             -0.696640   data arrival time
---------------------------------------------------------------------------------------------
                                              0.462015   slack (MET)


Startpoint: u_ctrl.input_cnt[2]$_SDFFE_PP0P_
            (rising edge-triggered flip-flop clocked by clk)
Endpoint: u_ctrl.input_cnt[2]$_SDFFE_PP0P_
          (rising edge-triggered flip-flop clocked by clk)
Path Group: clk
Path Type: min

Fanout         Cap        Slew       Delay        Time   Description
---------------------------------------------------------------------------------------------
                      0.150000    0.000000    0.000000   clock clk (rise edge)
                                  0.000000    0.000000   clock network delay (ideal)
                      0.150000    0.000000    0.000000 ^ u_ctrl.input_cnt[2]$_SDFFE_PP0P_/CLK (sg13g2_dfrbpq_1)
    15    0.039532    0.208970    0.458380    0.458380 v u_ctrl.input_cnt[2]$_SDFFE_PP0P_/Q (sg13g2_dfrbpq_1)
                                                         u_ctrl.input_cnt[2] (net)
                      0.208970    0.000000    0.458380 v _5654_/A1 (sg13g2_o21ai_1)
     1    0.002825    0.083608    0.186426    0.644805 ^ _5654_/Y (sg13g2_o21ai_1)
                                                         _0424_ (net)
                      0.083608    0.000000    0.644805 ^ _5655_/B (sg13g2_nor2_1)
     1    0.001355    0.032247    0.056206    0.701011 v _5655_/Y (sg13g2_nor2_1)
                                                         _0033_ (net)
                      0.032247    0.000000    0.701011 v u_ctrl.input_cnt[2]$_SDFFE_PP0P_/D (sg13g2_dfrbpq_1)
                                              0.701011   data arrival time

                      0.150000    0.000000    0.000000   clock clk (rise edge)
                                  0.000000    0.000000   clock network delay (ideal)
                                  0.250000    0.250000   clock uncertainty
                                  0.000000    0.250000   clock reconvergence pessimism
                                              0.250000 ^ u_ctrl.input_cnt[2]$_SDFFE_PP0P_/CLK (sg13g2_dfrbpq_1)
                                 -0.016526    0.233474   library hold time
                                              0.233474   data required time
---------------------------------------------------------------------------------------------
                                              0.233474   data required time
                                             -0.701011   data arrival time
---------------------------------------------------------------------------------------------
                                              0.467537   slack (MET)


Startpoint: u_mac_1.temp_res[10]$_SDFF_PP0_
            (rising edge-triggered flip-flop clocked by clk)
Endpoint: u_mac_1.temp_res[11]$_SDFF_PP0_
          (rising edge-triggered flip-flop clocked by clk)
Path Group: clk
Path Type: min

Fanout         Cap        Slew       Delay        Time   Description
---------------------------------------------------------------------------------------------
                      0.150000    0.000000    0.000000   clock clk (rise edge)
                                  0.000000    0.000000   clock network delay (ideal)
                      0.150000    0.000000    0.000000 ^ u_mac_1.temp_res[10]$_SDFF_PP0_/CLK (sg13g2_dfrbpq_1)
     3    0.010874    0.085179    0.354276    0.354276 ^ u_mac_1.temp_res[10]$_SDFF_PP0_/Q (sg13g2_dfrbpq_1)
                                                         u_mac_1.temp_res[10] (net)
                      0.085179    0.000000    0.354276 ^ _4009_/A (sg13g2_and2_1)
     2    0.005683    0.058072    0.156791    0.511068 ^ _4009_/X (sg13g2_and2_1)
                                                         _1095_ (net)
                      0.058072    0.000000    0.511068 ^ _4088_/A (sg13g2_nor2b_1)
     1    0.004766    0.042803    0.061058    0.572126 v _4088_/Y (sg13g2_nor2b_1)
                                                         _1173_ (net)
                      0.042803    0.000000    0.572126 v _4089_/B (sg13g2_xnor2_1)
     1    0.002825    0.043820    0.097621    0.669746 ^ _4089_/Y (sg13g2_xnor2_1)
                                                         _1174_ (net)
                      0.043820    0.000000    0.669746 ^ _4090_/B (sg13g2_nor2_1)
     1    0.001355    0.023870    0.041303    0.711049 v _4090_/Y (sg13g2_nor2_1)
                                                         _0306_ (net)
                      0.023870    0.000000    0.711049 v u_mac_1.temp_res[11]$_SDFF_PP0_/D (sg13g2_dfrbpq_1)
                                              0.711049   data arrival time

                      0.150000    0.000000    0.000000   clock clk (rise edge)
                                  0.000000    0.000000   clock network delay (ideal)
                                  0.250000    0.250000   clock uncertainty
                                  0.000000    0.250000   clock reconvergence pessimism
                                              0.250000 ^ u_mac_1.temp_res[11]$_SDFF_PP0_/CLK (sg13g2_dfrbpq_1)
                                 -0.013148    0.236852   library hold time
                                              0.236852   data required time
---------------------------------------------------------------------------------------------
                                              0.236852   data required time
                                             -0.711049   data arrival time
---------------------------------------------------------------------------------------------
                                              0.474197   slack (MET)


Startpoint: u_mac_2.temp_res[5]$_SDFF_PP0_
            (rising edge-triggered flip-flop clocked by clk)
Endpoint: u_mac_2.temp_res[6]$_SDFF_PP0_
          (rising edge-triggered flip-flop clocked by clk)
Path Group: clk
Path Type: min

Fanout         Cap        Slew       Delay        Time   Description
---------------------------------------------------------------------------------------------
                      0.150000    0.000000    0.000000   clock clk (rise edge)
                                  0.000000    0.000000   clock network delay (ideal)
                      0.150000    0.000000    0.000000 ^ u_mac_2.temp_res[5]$_SDFF_PP0_/CLK (sg13g2_dfrbpq_1)
     3    0.010942    0.085579    0.354584    0.354584 ^ u_mac_2.temp_res[5]$_SDFF_PP0_/Q (sg13g2_dfrbpq_1)
                                                         u_mac_2.temp_res[5] (net)
                      0.085579    0.000000    0.354584 ^ _4438_/A (sg13g2_nand2_1)
     1    0.002670    0.057267    0.081781    0.436365 v _4438_/Y (sg13g2_nand2_1)
                                                         _1506_ (net)
                      0.057267    0.000000    0.436365 v _4459_/A (sg13g2_nand2_1)
     3    0.007890    0.069665    0.078756    0.515121 ^ _4459_/Y (sg13g2_nand2_1)
                                                         _1527_ (net)
                      0.069665    0.000000    0.515121 ^ _4462_/B (sg13g2_nand2b_1)
     1    0.002309    0.049040    0.085941    0.601062 v _4462_/Y (sg13g2_nand2b_1)
                                                         _1530_ (net)
                      0.049040    0.000000    0.601062 v _4559_/B (sg13g2_and3_1)
     1    0.001355    0.027704    0.116089    0.717151 v _4559_/X (sg13g2_and3_1)
                                                         _0336_ (net)
                      0.027704    0.000000    0.717151 v u_mac_2.temp_res[6]$_SDFF_PP0_/D (sg13g2_dfrbpq_1)
                                              0.717151   data arrival time

                      0.150000    0.000000    0.000000   clock clk (rise edge)
                                  0.000000    0.000000   clock network delay (ideal)
                                  0.250000    0.250000   clock uncertainty
                                  0.000000    0.250000   clock reconvergence pessimism
                                              0.250000 ^ u_mac_2.temp_res[6]$_SDFF_PP0_/CLK (sg13g2_dfrbpq_1)
                                 -0.014694    0.235306   library hold time
                                              0.235306   data required time
---------------------------------------------------------------------------------------------
                                              0.235306   data required time
                                             -0.717151   data arrival time
---------------------------------------------------------------------------------------------
                                              0.481845   slack (MET)


Startpoint: read_count$_SDFF_PP0_
            (rising edge-triggered flip-flop clocked by clk)
Endpoint: half_sel$_SDFFE_PP0P_ (rising edge-triggered flip-flop clocked by clk)
Path Group: clk
Path Type: min

Fanout         Cap        Slew       Delay        Time   Description
---------------------------------------------------------------------------------------------
                      0.150000    0.000000    0.000000   clock clk (rise edge)
                                  0.000000    0.000000   clock network delay (ideal)
                      0.150000    0.000000    0.000000 ^ read_count$_SDFF_PP0_/CLK (sg13g2_dfrbpq_1)
    21    0.063071    0.404896    0.583997    0.583997 ^ read_count$_SDFF_PP0_/Q (sg13g2_dfrbpq_1)
                                                         read_count (net)
                      0.404896    0.000000    0.583997 ^ _5459_/A1 (sg13g2_a21oi_1)
     1    0.001355    0.029210    0.173827    0.757823 v _5459_/Y (sg13g2_a21oi_1)
                                                         _0006_ (net)
                      0.029210    0.000000    0.757823 v half_sel$_SDFFE_PP0P_/D (sg13g2_dfrbpq_1)
                                              0.757823   data arrival time

                      0.150000    0.000000    0.000000   clock clk (rise edge)
                                  0.000000    0.000000   clock network delay (ideal)
                                  0.250000    0.250000   clock uncertainty
                                  0.000000    0.250000   clock reconvergence pessimism
                                              0.250000 ^ half_sel$_SDFFE_PP0P_/CLK (sg13g2_dfrbpq_1)
                                 -0.015301    0.234699   library hold time
                                              0.234699   data required time
---------------------------------------------------------------------------------------------
                                              0.234699   data required time
                                             -0.757823   data arrival time
---------------------------------------------------------------------------------------------
                                              0.523125   slack (MET)


Startpoint: u_mac_3.temp_res[12]$_SDFF_PP0_
            (rising edge-triggered flip-flop clocked by clk)
Endpoint: u_mac_3.temp_res[12]$_SDFF_PP0_
          (rising edge-triggered flip-flop clocked by clk)
Path Group: clk
Path Type: min

Fanout         Cap        Slew       Delay        Time   Description
---------------------------------------------------------------------------------------------
                      0.150000    0.000000    0.000000   clock clk (rise edge)
                                  0.000000    0.000000   clock network delay (ideal)
                      0.150000    0.000000    0.000000 ^ u_mac_3.temp_res[12]$_SDFF_PP0_/CLK (sg13g2_dfrbpq_1)
     4    0.013587    0.083102    0.359027    0.359027 v u_mac_3.temp_res[12]$_SDFF_PP0_/Q (sg13g2_dfrbpq_1)
                                                         u_mac_3.temp_res[12] (net)
                      0.083102    0.000000    0.359027 v _4918_/A (sg13g2_xor2_1)
     2    0.005516    0.104077    0.158090    0.517117 ^ _4918_/X (sg13g2_xor2_1)
                                                         _1966_ (net)
                      0.104077    0.000000    0.517117 ^ _4921_/B1 (sg13g2_o21ai_1)
     3    0.007753    0.101105    0.126095    0.643212 v _4921_/Y (sg13g2_o21ai_1)
                                                         _1969_ (net)
                      0.101105    0.000000    0.643212 v _4922_/C (sg13g2_and3_1)
     1    0.001355    0.027727    0.149747    0.792959 v _4922_/X (sg13g2_and3_1)
                                                         _0343_ (net)
                      0.027727    0.000000    0.792959 v u_mac_3.temp_res[12]$_SDFF_PP0_/D (sg13g2_dfrbpq_1)
                                              0.792959   data arrival time

                      0.150000    0.000000    0.000000   clock clk (rise edge)
                                  0.000000    0.000000   clock network delay (ideal)
                                  0.250000    0.250000   clock uncertainty
                                  0.000000    0.250000   clock reconvergence pessimism
                                              0.250000 ^ u_mac_3.temp_res[12]$_SDFF_PP0_/CLK (sg13g2_dfrbpq_1)
                                 -0.014703    0.235297   library hold time
                                              0.235297   data required time
---------------------------------------------------------------------------------------------
                                              0.235297   data required time
                                             -0.792959   data arrival time
---------------------------------------------------------------------------------------------
                                              0.557662   slack (MET)


Startpoint: u_ctrl.state[2]$_DFF_P_
            (rising edge-triggered flip-flop clocked by clk)
Endpoint: u_ctrl.state[5]$_DFF_P_
          (rising edge-triggered flip-flop clocked by clk)
Path Group: clk
Path Type: min

Fanout         Cap        Slew       Delay        Time   Description
---------------------------------------------------------------------------------------------
                      0.150000    0.000000    0.000000   clock clk (rise edge)
                                  0.000000    0.000000   clock network delay (ideal)
                      0.150000    0.000000    0.000000 ^ u_ctrl.state[2]$_DFF_P_/CLK (sg13g2_dfrbpq_1)
    12    0.032067    0.172275    0.430685    0.430685 v u_ctrl.state[2]$_DFF_P_/Q (sg13g2_dfrbpq_1)
                                                         mac_en (net)
                      0.172275    0.000000    0.430685 v _5434_/A (sg13g2_nand2_1)
     6    0.016913    0.140985    0.177017    0.607703 ^ _5434_/Y (sg13g2_nand2_1)
                                                         _2448_ (net)
                      0.140985    0.000000    0.607703 ^ _5437_/A (sg13g2_nor2_1)
     2    0.005458    0.066304    0.104428    0.712130 v _5437_/Y (sg13g2_nor2_1)
                                                         _2451_ (net)
                      0.066304    0.000000    0.712130 v _5440_/B1 (sg13g2_a21oi_1)
     1    0.002825    0.057144    0.072166    0.784296 ^ _5440_/Y (sg13g2_a21oi_1)
                                                         _2454_ (net)
                      0.057144    0.000000    0.784296 ^ _5441_/B (sg13g2_nor2_1)
     1    0.001355    0.026676    0.046293    0.830590 v _5441_/Y (sg13g2_nor2_1)
                                                         _0005_ (net)
                      0.026676    0.000000    0.830590 v u_ctrl.state[5]$_DFF_P_/D (sg13g2_dfrbpq_1)
                                              0.830590   data arrival time

                      0.150000    0.000000    0.000000   clock clk (rise edge)
                                  0.000000    0.000000   clock network delay (ideal)
                                  0.250000    0.250000   clock uncertainty
                                  0.000000    0.250000   clock reconvergence pessimism
                                              0.250000 ^ u_ctrl.state[5]$_DFF_P_/CLK (sg13g2_dfrbpq_1)
                                 -0.014279    0.235721   library hold time
                                              0.235721   data required time
---------------------------------------------------------------------------------------------
                                              0.235721   data required time
                                             -0.830590   data arrival time
---------------------------------------------------------------------------------------------
                                              0.594869   slack (MET)


Startpoint: ram_wrcnt[1]$_SDFFE_PP0P_
            (rising edge-triggered flip-flop clocked by clk)
Endpoint: u_ctrl.state[1]$_DFF_P_
          (rising edge-triggered flip-flop clocked by clk)
Path Group: clk
Path Type: min

Fanout         Cap        Slew       Delay        Time   Description
---------------------------------------------------------------------------------------------
                      0.150000    0.000000    0.000000   clock clk (rise edge)
                                  0.000000    0.000000   clock network delay (ideal)
                      0.150000    0.000000    0.000000 ^ ram_wrcnt[1]$_SDFFE_PP0P_/CLK (sg13g2_dfrbpq_1)
     6    0.015484    0.092109    0.366661    0.366661 v ram_wrcnt[1]$_SDFFE_PP0P_/Q (sg13g2_dfrbpq_1)
                                                         ram_wrcnt[1] (net)
                      0.092109    0.000000    0.366661 v _5438_/A (sg13g2_and2_1)
    21    0.058593    0.305506    0.343791    0.710452 v _5438_/X (sg13g2_and2_1)
                                                         _2452_ (net)
                      0.305506    0.000000    0.710452 v _5453_/B (sg13g2_nand2_1)
     2    0.005707    0.108076    0.153864    0.864315 ^ _5453_/Y (sg13g2_nand2_1)
                                                         _2464_ (net)
                      0.108076    0.000000    0.864315 ^ _5454_/B (sg13g2_nor2_1)
     1    0.001355    0.037112    0.063760    0.928075 v _5454_/Y (sg13g2_nor2_1)
                                                         _0000_ (net)
                      0.037112    0.000000    0.928075 v u_ctrl.state[1]$_DFF_P_/D (sg13g2_dfrbpq_1)
                                              0.928075   data arrival time

                      0.150000    0.000000    0.000000   clock clk (rise edge)
                                  0.000000    0.000000   clock network delay (ideal)
                                  0.250000    0.250000   clock uncertainty
                                  0.000000    0.250000   clock reconvergence pessimism
                                              0.250000 ^ u_ctrl.state[1]$_DFF_P_/CLK (sg13g2_dfrbpq_1)
                                 -0.018488    0.231512   library hold time
                                              0.231512   data required time
---------------------------------------------------------------------------------------------
                                              0.231512   data required time
                                             -0.928075   data arrival time
---------------------------------------------------------------------------------------------
                                              0.696563   slack (MET)


Startpoint: read_ram (input port clocked by clk)
Endpoint: read_count$_SDFF_PP0_ (rising edge-triggered flip-flop clocked by clk)
Path Group: clk
Path Type: min

Fanout         Cap        Slew       Delay        Time   Description
---------------------------------------------------------------------------------------------
                      0.150000    0.000000    0.000000   clock clk (rise edge)
                                  0.000000    0.000000   clock network delay (ideal)
                                  2.000000    2.000000 v input external delay
     3    0.004399    0.029243    0.004909    2.004909 v read_ram (in)
                                                         read_ram (net)
                      0.029243    0.000000    2.004909 v _5457_/B_N (sg13g2_nor2b_1)
    11    0.030722    0.172398    0.209252    2.214161 v _5457_/Y (sg13g2_nor2b_1)
                                                         _0009_ (net)
                      0.172398    0.000000    2.214161 v read_count$_SDFF_PP0_/D (sg13g2_dfrbpq_1)
                                              2.214161   data arrival time

                      0.150000    0.000000    0.000000   clock clk (rise edge)
                                  0.000000    0.000000   clock network delay (ideal)
                                  0.250000    0.250000   clock uncertainty
                                  0.000000    0.250000   clock reconvergence pessimism
                                              0.250000 ^ read_count$_SDFF_PP0_/CLK (sg13g2_dfrbpq_1)
                                 -0.073043    0.176957   library hold time
                                              0.176957   data required time
---------------------------------------------------------------------------------------------
                                              0.176957   data required time
                                             -2.214161   data arrival time
---------------------------------------------------------------------------------------------
                                              2.037204   slack (MET)


Startpoint: u_ctrl.finish$_SDFF_PP0_
            (rising edge-triggered flip-flop clocked by clk)
Endpoint: finish (output port clocked by clk)
Path Group: clk
Path Type: min

Fanout         Cap        Slew       Delay        Time   Description
---------------------------------------------------------------------------------------------
                      0.150000    0.000000    0.000000   clock clk (rise edge)
                                  0.000000    0.000000   clock network delay (ideal)
                      0.150000    0.000000    0.000000 ^ u_ctrl.finish$_SDFF_PP0_/CLK (sg13g2_dfrbpq_1)
     1    0.006000    0.047078    0.328495    0.328495 v u_ctrl.finish$_SDFF_PP0_/Q (sg13g2_dfrbpq_1)
                                                         finish (net)
                      0.047078    0.000000    0.328495 v finish (out)
                                              0.328495   data arrival time

                      0.150000    0.000000    0.000000   clock clk (rise edge)
                                  0.000000    0.000000   clock network delay (ideal)
                                  0.250000    0.250000   clock uncertainty
                                  0.000000    0.250000   clock reconvergence pessimism
                                 -2.000000   -1.750000   output external delay
                                             -1.750000   data required time
---------------------------------------------------------------------------------------------
                                             -1.750000   data required time
                                             -0.328495   data arrival time
---------------------------------------------------------------------------------------------
                                              2.078495   slack (MET)


Startpoint: read_data_out[0]$_SDFFE_PP0P_
            (rising edge-triggered flip-flop clocked by clk)
Endpoint: read_data_out[0] (output port clocked by clk)
Path Group: clk
Path Type: min

Fanout         Cap        Slew       Delay        Time   Description
---------------------------------------------------------------------------------------------
                      0.150000    0.000000    0.000000   clock clk (rise edge)
                                  0.000000    0.000000   clock network delay (ideal)
                      0.150000    0.000000    0.000000 ^ read_data_out[0]$_SDFFE_PP0P_/CLK (sg13g2_dfrbpq_1)
     2    0.008986    0.061258    0.340513    0.340513 v read_data_out[0]$_SDFFE_PP0P_/Q (sg13g2_dfrbpq_1)
                                                         read_data_out[0] (net)
                      0.061258    0.000000    0.340513 v read_data_out[0] (out)
                                              0.340513   data arrival time

                      0.150000    0.000000    0.000000   clock clk (rise edge)
                                  0.000000    0.000000   clock network delay (ideal)
                                  0.250000    0.250000   clock uncertainty
                                  0.000000    0.250000   clock reconvergence pessimism
                                 -2.000000   -1.750000   output external delay
                                             -1.750000   data required time
---------------------------------------------------------------------------------------------
                                             -1.750000   data required time
                                             -0.340513   data arrival time
---------------------------------------------------------------------------------------------
                                              2.090513   slack (MET)


Startpoint: read_data_out[1]$_SDFFE_PP0P_
            (rising edge-triggered flip-flop clocked by clk)
Endpoint: read_data_out[1] (output port clocked by clk)
Path Group: clk
Path Type: min

Fanout         Cap        Slew       Delay        Time   Description
---------------------------------------------------------------------------------------------
                      0.150000    0.000000    0.000000   clock clk (rise edge)
                                  0.000000    0.000000   clock network delay (ideal)
                      0.150000    0.000000    0.000000 ^ read_data_out[1]$_SDFFE_PP0P_/CLK (sg13g2_dfrbpq_1)
     2    0.008986    0.061258    0.340513    0.340513 v read_data_out[1]$_SDFFE_PP0P_/Q (sg13g2_dfrbpq_1)
                                                         read_data_out[1] (net)
                      0.061258    0.000000    0.340513 v read_data_out[1] (out)
                                              0.340513   data arrival time

                      0.150000    0.000000    0.000000   clock clk (rise edge)
                                  0.000000    0.000000   clock network delay (ideal)
                                  0.250000    0.250000   clock uncertainty
                                  0.000000    0.250000   clock reconvergence pessimism
                                 -2.000000   -1.750000   output external delay
                                             -1.750000   data required time
---------------------------------------------------------------------------------------------
                                             -1.750000   data required time
                                             -0.340513   data arrival time
---------------------------------------------------------------------------------------------
                                              2.090513   slack (MET)


Startpoint: read_data_out[2]$_SDFFE_PP0P_
            (rising edge-triggered flip-flop clocked by clk)
Endpoint: read_data_out[2] (output port clocked by clk)
Path Group: clk
Path Type: min

Fanout         Cap        Slew       Delay        Time   Description
---------------------------------------------------------------------------------------------
                      0.150000    0.000000    0.000000   clock clk (rise edge)
                                  0.000000    0.000000   clock network delay (ideal)
                      0.150000    0.000000    0.000000 ^ read_data_out[2]$_SDFFE_PP0P_/CLK (sg13g2_dfrbpq_1)
     2    0.008986    0.061258    0.340513    0.340513 v read_data_out[2]$_SDFFE_PP0P_/Q (sg13g2_dfrbpq_1)
                                                         read_data_out[2] (net)
                      0.061258    0.000000    0.340513 v read_data_out[2] (out)
                                              0.340513   data arrival time

                      0.150000    0.000000    0.000000   clock clk (rise edge)
                                  0.000000    0.000000   clock network delay (ideal)
                                  0.250000    0.250000   clock uncertainty
                                  0.000000    0.250000   clock reconvergence pessimism
                                 -2.000000   -1.750000   output external delay
                                             -1.750000   data required time
---------------------------------------------------------------------------------------------
                                             -1.750000   data required time
                                             -0.340513   data arrival time
---------------------------------------------------------------------------------------------
                                              2.090513   slack (MET)


Startpoint: read_data_out[3]$_SDFFE_PP0P_
            (rising edge-triggered flip-flop clocked by clk)
Endpoint: read_data_out[3] (output port clocked by clk)
Path Group: clk
Path Type: min

Fanout         Cap        Slew       Delay        Time   Description
---------------------------------------------------------------------------------------------
                      0.150000    0.000000    0.000000   clock clk (rise edge)
                                  0.000000    0.000000   clock network delay (ideal)
                      0.150000    0.000000    0.000000 ^ read_data_out[3]$_SDFFE_PP0P_/CLK (sg13g2_dfrbpq_1)
     2    0.008986    0.061258    0.340513    0.340513 v read_data_out[3]$_SDFFE_PP0P_/Q (sg13g2_dfrbpq_1)
                                                         read_data_out[3] (net)
                      0.061258    0.000000    0.340513 v read_data_out[3] (out)
                                              0.340513   data arrival time

                      0.150000    0.000000    0.000000   clock clk (rise edge)
                                  0.000000    0.000000   clock network delay (ideal)
                                  0.250000    0.250000   clock uncertainty
                                  0.000000    0.250000   clock reconvergence pessimism
                                 -2.000000   -1.750000   output external delay
                                             -1.750000   data required time
---------------------------------------------------------------------------------------------
                                             -1.750000   data required time
                                             -0.340513   data arrival time
---------------------------------------------------------------------------------------------
                                              2.090513   slack (MET)


Startpoint: read_data_out[4]$_SDFFE_PP0P_
            (rising edge-triggered flip-flop clocked by clk)
Endpoint: read_data_out[4] (output port clocked by clk)
Path Group: clk
Path Type: min

Fanout         Cap        Slew       Delay        Time   Description
---------------------------------------------------------------------------------------------
                      0.150000    0.000000    0.000000   clock clk (rise edge)
                                  0.000000    0.000000   clock network delay (ideal)
                      0.150000    0.000000    0.000000 ^ read_data_out[4]$_SDFFE_PP0P_/CLK (sg13g2_dfrbpq_1)
     2    0.008986    0.061258    0.340513    0.340513 v read_data_out[4]$_SDFFE_PP0P_/Q (sg13g2_dfrbpq_1)
                                                         read_data_out[4] (net)
                      0.061258    0.000000    0.340513 v read_data_out[4] (out)
                                              0.340513   data arrival time

                      0.150000    0.000000    0.000000   clock clk (rise edge)
                                  0.000000    0.000000   clock network delay (ideal)
                                  0.250000    0.250000   clock uncertainty
                                  0.000000    0.250000   clock reconvergence pessimism
                                 -2.000000   -1.750000   output external delay
                                             -1.750000   data required time
---------------------------------------------------------------------------------------------
                                             -1.750000   data required time
                                             -0.340513   data arrival time
---------------------------------------------------------------------------------------------
                                              2.090513   slack (MET)


Startpoint: read_data_out[5]$_SDFFE_PP0P_
            (rising edge-triggered flip-flop clocked by clk)
Endpoint: read_data_out[5] (output port clocked by clk)
Path Group: clk
Path Type: min

Fanout         Cap        Slew       Delay        Time   Description
---------------------------------------------------------------------------------------------
                      0.150000    0.000000    0.000000   clock clk (rise edge)
                                  0.000000    0.000000   clock network delay (ideal)
                      0.150000    0.000000    0.000000 ^ read_data_out[5]$_SDFFE_PP0P_/CLK (sg13g2_dfrbpq_1)
     2    0.008986    0.061258    0.340513    0.340513 v read_data_out[5]$_SDFFE_PP0P_/Q (sg13g2_dfrbpq_1)
                                                         read_data_out[5] (net)
                      0.061258    0.000000    0.340513 v read_data_out[5] (out)
                                              0.340513   data arrival time

                      0.150000    0.000000    0.000000   clock clk (rise edge)
                                  0.000000    0.000000   clock network delay (ideal)
                                  0.250000    0.250000   clock uncertainty
                                  0.000000    0.250000   clock reconvergence pessimism
                                 -2.000000   -1.750000   output external delay
                                             -1.750000   data required time
---------------------------------------------------------------------------------------------
                                             -1.750000   data required time
                                             -0.340513   data arrival time
---------------------------------------------------------------------------------------------
                                              2.090513   slack (MET)


Startpoint: read_data_out[6]$_SDFFE_PP0P_
            (rising edge-triggered flip-flop clocked by clk)
Endpoint: read_data_out[6] (output port clocked by clk)
Path Group: clk
Path Type: min

Fanout         Cap        Slew       Delay        Time   Description
---------------------------------------------------------------------------------------------
                      0.150000    0.000000    0.000000   clock clk (rise edge)
                                  0.000000    0.000000   clock network delay (ideal)
                      0.150000    0.000000    0.000000 ^ read_data_out[6]$_SDFFE_PP0P_/CLK (sg13g2_dfrbpq_1)
     2    0.008986    0.061258    0.340513    0.340513 v read_data_out[6]$_SDFFE_PP0P_/Q (sg13g2_dfrbpq_1)
                                                         read_data_out[6] (net)
                      0.061258    0.000000    0.340513 v read_data_out[6] (out)
                                              0.340513   data arrival time

                      0.150000    0.000000    0.000000   clock clk (rise edge)
                                  0.000000    0.000000   clock network delay (ideal)
                                  0.250000    0.250000   clock uncertainty
                                  0.000000    0.250000   clock reconvergence pessimism
                                 -2.000000   -1.750000   output external delay
                                             -1.750000   data required time
---------------------------------------------------------------------------------------------
                                             -1.750000   data required time
                                             -0.340513   data arrival time
---------------------------------------------------------------------------------------------
                                              2.090513   slack (MET)


Startpoint: read_data_out[7]$_SDFFE_PP0P_
            (rising edge-triggered flip-flop clocked by clk)
Endpoint: read_data_out[7] (output port clocked by clk)
Path Group: clk
Path Type: min

Fanout         Cap        Slew       Delay        Time   Description
---------------------------------------------------------------------------------------------
                      0.150000    0.000000    0.000000   clock clk (rise edge)
                                  0.000000    0.000000   clock network delay (ideal)
                      0.150000    0.000000    0.000000 ^ read_data_out[7]$_SDFFE_PP0P_/CLK (sg13g2_dfrbpq_1)
     2    0.008986    0.061258    0.340513    0.340513 v read_data_out[7]$_SDFFE_PP0P_/Q (sg13g2_dfrbpq_1)
                                                         read_data_out[7] (net)
                      0.061258    0.000000    0.340513 v read_data_out[7] (out)
                                              0.340513   data arrival time

                      0.150000    0.000000    0.000000   clock clk (rise edge)
                                  0.000000    0.000000   clock network delay (ideal)
                                  0.250000    0.250000   clock uncertainty
                                  0.000000    0.250000   clock reconvergence pessimism
                                 -2.000000   -1.750000   output external delay
                                             -1.750000   data required time
---------------------------------------------------------------------------------------------
                                             -1.750000   data required time
                                             -0.340513   data arrival time
---------------------------------------------------------------------------------------------
                                              2.090513   slack (MET)


Startpoint: read_data_out[8]$_SDFFE_PP0P_
            (rising edge-triggered flip-flop clocked by clk)
Endpoint: read_data_out[8] (output port clocked by clk)
Path Group: clk
Path Type: min

Fanout         Cap        Slew       Delay        Time   Description
---------------------------------------------------------------------------------------------
                      0.150000    0.000000    0.000000   clock clk (rise edge)
                                  0.000000    0.000000   clock network delay (ideal)
                      0.150000    0.000000    0.000000 ^ read_data_out[8]$_SDFFE_PP0P_/CLK (sg13g2_dfrbpq_1)
     2    0.009039    0.061506    0.340724    0.340724 v read_data_out[8]$_SDFFE_PP0P_/Q (sg13g2_dfrbpq_1)
                                                         read_data_out[8] (net)
                      0.061506    0.000000    0.340724 v read_data_out[8] (out)
                                              0.340724   data arrival time

                      0.150000    0.000000    0.000000   clock clk (rise edge)
                                  0.000000    0.000000   clock network delay (ideal)
                                  0.250000    0.250000   clock uncertainty
                                  0.000000    0.250000   clock reconvergence pessimism
                                 -2.000000   -1.750000   output external delay
                                             -1.750000   data required time
---------------------------------------------------------------------------------------------
                                             -1.750000   data required time
                                             -0.340724   data arrival time
---------------------------------------------------------------------------------------------
                                              2.090724   slack (MET)



