
===========================================================================
report_checks -path_delay min (Hold)
============================================================================
======================= nom_fast_1p32V_m40C Corner ===================================

Startpoint: u_ctrl.state[4]$_DFF_P_
            (rising edge-triggered flip-flop clocked by clk)
Endpoint: u_ctrl.finish$_SDFF_PP0_
          (rising edge-triggered flip-flop clocked by clk)
Path Group: clk
Path Type: min

Fanout         Cap        Slew       Delay        Time   Description
---------------------------------------------------------------------------------------------
                      0.150000    0.000000    0.000000   clock clk (rise edge)
                                  0.000000    0.000000   clock network delay (ideal)
                      0.150000    0.000000    0.000000 ^ u_ctrl.state[4]$_DFF_P_/CLK (sg13g2_dfrbpq_1)
     2    0.005440    0.018763    0.155515    0.155515 v u_ctrl.state[4]$_DFF_P_/Q (sg13g2_dfrbpq_1)
                                                         u_ctrl.state[4] (net)
                      0.018763    0.000000    0.155515 v _5649_/B_N (sg13g2_nor2b_1)
     1    0.001523    0.013646    0.042429    0.197944 v _5649_/Y (sg13g2_nor2b_1)
                                                         _0030_ (net)
                      0.013646    0.000000    0.197944 v u_ctrl.finish$_SDFF_PP0_/D (sg13g2_dfrbpq_1)
                                              0.197944   data arrival time

                      0.150000    0.000000    0.000000   clock clk (rise edge)
                                  0.000000    0.000000   clock network delay (ideal)
                                  0.250000    0.250000   clock uncertainty
                                  0.000000    0.250000   clock reconvergence pessimism
                                              0.250000 ^ u_ctrl.finish$_SDFF_PP0_/CLK (sg13g2_dfrbpq_1)
                                  0.000051    0.250051   library hold time
                                              0.250051   data required time
---------------------------------------------------------------------------------------------
                                              0.250051   data required time
                                             -0.197944   data arrival time
---------------------------------------------------------------------------------------------
                                             -0.052107   slack (VIOLATED)


Startpoint: u_input_buffer.mem[31][1]$_DFFE_PP_
            (rising edge-triggered flip-flop clocked by clk)
Endpoint: u_input_buffer.mem[31][1]$_DFFE_PP_
          (rising edge-triggered flip-flop clocked by clk)
Path Group: clk
Path Type: min

Fanout         Cap        Slew       Delay        Time   Description
---------------------------------------------------------------------------------------------
                      0.150000    0.000000    0.000000   clock clk (rise edge)
                                  0.000000    0.000000   clock network delay (ideal)
                      0.150000    0.000000    0.000000 ^ u_input_buffer.mem[31][1]$_DFFE_PP_/CLK (sg13g2_dfrbpq_1)
     2    0.005460    0.018802    0.155548    0.155548 v u_input_buffer.mem[31][1]$_DFFE_PP_/Q (sg13g2_dfrbpq_1)
                                                         u_input_buffer.mem[31][1] (net)
                      0.018802    0.000000    0.155548 v _3539_/A (sg13g2_nand2_1)
     1    0.003500    0.017115    0.021404    0.176952 ^ _3539_/Y (sg13g2_nand2_1)
                                                         _0689_ (net)
                      0.017115    0.000000    0.176952 ^ _3540_/B1 (sg13g2_o21ai_1)
     1    0.001523    0.016560    0.023853    0.200805 v _3540_/Y (sg13g2_o21ai_1)
                                                         _0241_ (net)
                      0.016560    0.000000    0.200805 v u_input_buffer.mem[31][1]$_DFFE_PP_/D (sg13g2_dfrbpq_1)
                                              0.200805   data arrival time

                      0.150000    0.000000    0.000000   clock clk (rise edge)
                                  0.000000    0.000000   clock network delay (ideal)
                                  0.250000    0.250000   clock uncertainty
                                  0.000000    0.250000   clock reconvergence pessimism
                                              0.250000 ^ u_input_buffer.mem[31][1]$_DFFE_PP_/CLK (sg13g2_dfrbpq_1)
                                 -0.000631    0.249369   library hold time
                                              0.249369   data required time
---------------------------------------------------------------------------------------------
                                              0.249369   data required time
                                             -0.200805   data arrival time
---------------------------------------------------------------------------------------------
                                             -0.048564   slack (VIOLATED)


Startpoint: u_input_buffer.mem[16][0]$_DFFE_PP_
            (rising edge-triggered flip-flop clocked by clk)
Endpoint: u_input_buffer.mem[16][0]$_DFFE_PP_
          (rising edge-triggered flip-flop clocked by clk)
Path Group: clk
Path Type: min

Fanout         Cap        Slew       Delay        Time   Description
---------------------------------------------------------------------------------------------
                      0.150000    0.000000    0.000000   clock clk (rise edge)
                                  0.000000    0.000000   clock network delay (ideal)
                      0.150000    0.000000    0.000000 ^ u_input_buffer.mem[16][0]$_DFFE_PP_/CLK (sg13g2_dfrbpq_1)
     2    0.005999    0.019859    0.156440    0.156440 v u_input_buffer.mem[16][0]$_DFFE_PP_/Q (sg13g2_dfrbpq_1)
                                                         u_input_buffer.mem[16][0] (net)
                      0.019859    0.000000    0.156440 v _3246_/A (sg13g2_nand2_1)
     1    0.003500    0.017314    0.021616    0.178055 ^ _3246_/Y (sg13g2_nand2_1)
                                                         _0533_ (net)
                      0.017314    0.000000    0.178055 ^ _3247_/B1 (sg13g2_o21ai_1)
     1    0.001523    0.016594    0.023891    0.201946 v _3247_/Y (sg13g2_o21ai_1)
                                                         _0104_ (net)
                      0.016594    0.000000    0.201946 v u_input_buffer.mem[16][0]$_DFFE_PP_/D (sg13g2_dfrbpq_1)
                                              0.201946   data arrival time

                      0.150000    0.000000    0.000000   clock clk (rise edge)
                                  0.000000    0.000000   clock network delay (ideal)
                                  0.250000    0.250000   clock uncertainty
                                  0.000000    0.250000   clock reconvergence pessimism
                                              0.250000 ^ u_input_buffer.mem[16][0]$_DFFE_PP_/CLK (sg13g2_dfrbpq_1)
                                 -0.000639    0.249361   library hold time
                                              0.249361   data required time
---------------------------------------------------------------------------------------------
                                              0.249361   data required time
                                             -0.201946   data arrival time
---------------------------------------------------------------------------------------------
                                             -0.047415   slack (VIOLATED)


Startpoint: u_input_buffer.mem[16][1]$_DFFE_PP_
            (rising edge-triggered flip-flop clocked by clk)
Endpoint: u_input_buffer.mem[16][1]$_DFFE_PP_
          (rising edge-triggered flip-flop clocked by clk)
Path Group: clk
Path Type: min

Fanout         Cap        Slew       Delay        Time   Description
---------------------------------------------------------------------------------------------
                      0.150000    0.000000    0.000000   clock clk (rise edge)
                                  0.000000    0.000000   clock network delay (ideal)
                      0.150000    0.000000    0.000000 ^ u_input_buffer.mem[16][1]$_DFFE_PP_/CLK (sg13g2_dfrbpq_1)
     2    0.005999    0.019859    0.156440    0.156440 v u_input_buffer.mem[16][1]$_DFFE_PP_/Q (sg13g2_dfrbpq_1)
                                                         u_input_buffer.mem[16][1] (net)
                      0.019859    0.000000    0.156440 v _3248_/A (sg13g2_nand2_1)
     1    0.003500    0.017314    0.021616    0.178055 ^ _3248_/Y (sg13g2_nand2_1)
                                                         _0534_ (net)
                      0.017314    0.000000    0.178055 ^ _3249_/B1 (sg13g2_o21ai_1)
     1    0.001523    0.016594    0.023891    0.201946 v _3249_/Y (sg13g2_o21ai_1)
                                                         _0105_ (net)
                      0.016594    0.000000    0.201946 v u_input_buffer.mem[16][1]$_DFFE_PP_/D (sg13g2_dfrbpq_1)
                                              0.201946   data arrival time

                      0.150000    0.000000    0.000000   clock clk (rise edge)
                                  0.000000    0.000000   clock network delay (ideal)
                                  0.250000    0.250000   clock uncertainty
                                  0.000000    0.250000   clock reconvergence pessimism
                                              0.250000 ^ u_input_buffer.mem[16][1]$_DFFE_PP_/CLK (sg13g2_dfrbpq_1)
                                 -0.000639    0.249361   library hold time
                                              0.249361   data required time
---------------------------------------------------------------------------------------------
                                              0.249361   data required time
                                             -0.201946   data arrival time
---------------------------------------------------------------------------------------------
                                             -0.047415   slack (VIOLATED)


Startpoint: u_input_buffer.mem[16][2]$_DFFE_PP_
            (rising edge-triggered flip-flop clocked by clk)
Endpoint: u_input_buffer.mem[16][2]$_DFFE_PP_
          (rising edge-triggered flip-flop clocked by clk)
Path Group: clk
Path Type: min

Fanout         Cap        Slew       Delay        Time   Description
---------------------------------------------------------------------------------------------
                      0.150000    0.000000    0.000000   clock clk (rise edge)
                                  0.000000    0.000000   clock network delay (ideal)
                      0.150000    0.000000    0.000000 ^ u_input_buffer.mem[16][2]$_DFFE_PP_/CLK (sg13g2_dfrbpq_1)
     2    0.005999    0.019859    0.156440    0.156440 v u_input_buffer.mem[16][2]$_DFFE_PP_/Q (sg13g2_dfrbpq_1)
                                                         u_input_buffer.mem[16][2] (net)
                      0.019859    0.000000    0.156440 v _3250_/A (sg13g2_nand2_1)
     1    0.003500    0.017314    0.021616    0.178055 ^ _3250_/Y (sg13g2_nand2_1)
                                                         _0535_ (net)
                      0.017314    0.000000    0.178055 ^ _3251_/B1 (sg13g2_o21ai_1)
     1    0.001523    0.016594    0.023891    0.201946 v _3251_/Y (sg13g2_o21ai_1)
                                                         _0106_ (net)
                      0.016594    0.000000    0.201946 v u_input_buffer.mem[16][2]$_DFFE_PP_/D (sg13g2_dfrbpq_1)
                                              0.201946   data arrival time

                      0.150000    0.000000    0.000000   clock clk (rise edge)
                                  0.000000    0.000000   clock network delay (ideal)
                                  0.250000    0.250000   clock uncertainty
                                  0.000000    0.250000   clock reconvergence pessimism
                                              0.250000 ^ u_input_buffer.mem[16][2]$_DFFE_PP_/CLK (sg13g2_dfrbpq_1)
                                 -0.000639    0.249361   library hold time
                                              0.249361   data required time
---------------------------------------------------------------------------------------------
                                              0.249361   data required time
                                             -0.201946   data arrival time
---------------------------------------------------------------------------------------------
                                             -0.047415   slack (VIOLATED)


Startpoint: u_input_buffer.mem[16][3]$_DFFE_PP_
            (rising edge-triggered flip-flop clocked by clk)
Endpoint: u_input_buffer.mem[16][3]$_DFFE_PP_
          (rising edge-triggered flip-flop clocked by clk)
Path Group: clk
Path Type: min

Fanout         Cap        Slew       Delay        Time   Description
---------------------------------------------------------------------------------------------
                      0.150000    0.000000    0.000000   clock clk (rise edge)
                                  0.000000    0.000000   clock network delay (ideal)
                      0.150000    0.000000    0.000000 ^ u_input_buffer.mem[16][3]$_DFFE_PP_/CLK (sg13g2_dfrbpq_1)
     2    0.005999    0.019859    0.156440    0.156440 v u_input_buffer.mem[16][3]$_DFFE_PP_/Q (sg13g2_dfrbpq_1)
                                                         u_input_buffer.mem[16][3] (net)
                      0.019859    0.000000    0.156440 v _3252_/A (sg13g2_nand2_1)
     1    0.003500    0.017314    0.021616    0.178055 ^ _3252_/Y (sg13g2_nand2_1)
                                                         _0536_ (net)
                      0.017314    0.000000    0.178055 ^ _3253_/B1 (sg13g2_o21ai_1)
     1    0.001523    0.016594    0.023891    0.201946 v _3253_/Y (sg13g2_o21ai_1)
                                                         _0107_ (net)
                      0.016594    0.000000    0.201946 v u_input_buffer.mem[16][3]$_DFFE_PP_/D (sg13g2_dfrbpq_1)
                                              0.201946   data arrival time

                      0.150000    0.000000    0.000000   clock clk (rise edge)
                                  0.000000    0.000000   clock network delay (ideal)
                                  0.250000    0.250000   clock uncertainty
                                  0.000000    0.250000   clock reconvergence pessimism
                                              0.250000 ^ u_input_buffer.mem[16][3]$_DFFE_PP_/CLK (sg13g2_dfrbpq_1)
                                 -0.000639    0.249361   library hold time
                                              0.249361   data required time
---------------------------------------------------------------------------------------------
                                              0.249361   data required time
                                             -0.201946   data arrival time
---------------------------------------------------------------------------------------------
                                             -0.047415   slack (VIOLATED)


Startpoint: u_input_buffer.mem[16][4]$_DFFE_PP_
            (rising edge-triggered flip-flop clocked by clk)
Endpoint: u_input_buffer.mem[16][4]$_DFFE_PP_
          (rising edge-triggered flip-flop clocked by clk)
Path Group: clk
Path Type: min

Fanout         Cap        Slew       Delay        Time   Description
---------------------------------------------------------------------------------------------
                      0.150000    0.000000    0.000000   clock clk (rise edge)
                                  0.000000    0.000000   clock network delay (ideal)
                      0.150000    0.000000    0.000000 ^ u_input_buffer.mem[16][4]$_DFFE_PP_/CLK (sg13g2_dfrbpq_1)
     2    0.005999    0.019859    0.156440    0.156440 v u_input_buffer.mem[16][4]$_DFFE_PP_/Q (sg13g2_dfrbpq_1)
                                                         u_input_buffer.mem[16][4] (net)
                      0.019859    0.000000    0.156440 v _3254_/A (sg13g2_nand2_1)
     1    0.003500    0.017314    0.021616    0.178055 ^ _3254_/Y (sg13g2_nand2_1)
                                                         _0537_ (net)
                      0.017314    0.000000    0.178055 ^ _3255_/B1 (sg13g2_o21ai_1)
     1    0.001523    0.016594    0.023891    0.201946 v _3255_/Y (sg13g2_o21ai_1)
                                                         _0108_ (net)
                      0.016594    0.000000    0.201946 v u_input_buffer.mem[16][4]$_DFFE_PP_/D (sg13g2_dfrbpq_1)
                                              0.201946   data arrival time

                      0.150000    0.000000    0.000000   clock clk (rise edge)
                                  0.000000    0.000000   clock network delay (ideal)
                                  0.250000    0.250000   clock uncertainty
                                  0.000000    0.250000   clock reconvergence pessimism
                                              0.250000 ^ u_input_buffer.mem[16][4]$_DFFE_PP_/CLK (sg13g2_dfrbpq_1)
                                 -0.000639    0.249361   library hold time
                                              0.249361   data required time
---------------------------------------------------------------------------------------------
                                              0.249361   data required time
                                             -0.201946   data arrival time
---------------------------------------------------------------------------------------------
                                             -0.047415   slack (VIOLATED)


Startpoint: u_input_buffer.mem[16][5]$_DFFE_PP_
            (rising edge-triggered flip-flop clocked by clk)
Endpoint: u_input_buffer.mem[16][5]$_DFFE_PP_
          (rising edge-triggered flip-flop clocked by clk)
Path Group: clk
Path Type: min

Fanout         Cap        Slew       Delay        Time   Description
---------------------------------------------------------------------------------------------
                      0.150000    0.000000    0.000000   clock clk (rise edge)
                                  0.000000    0.000000   clock network delay (ideal)
                      0.150000    0.000000    0.000000 ^ u_input_buffer.mem[16][5]$_DFFE_PP_/CLK (sg13g2_dfrbpq_1)
     2    0.005999    0.019859    0.156440    0.156440 v u_input_buffer.mem[16][5]$_DFFE_PP_/Q (sg13g2_dfrbpq_1)
                                                         u_input_buffer.mem[16][5] (net)
                      0.019859    0.000000    0.156440 v _3256_/A (sg13g2_nand2_1)
     1    0.003500    0.017314    0.021616    0.178055 ^ _3256_/Y (sg13g2_nand2_1)
                                                         _0538_ (net)
                      0.017314    0.000000    0.178055 ^ _3257_/B1 (sg13g2_o21ai_1)
     1    0.001523    0.016594    0.023891    0.201946 v _3257_/Y (sg13g2_o21ai_1)
                                                         _0109_ (net)
                      0.016594    0.000000    0.201946 v u_input_buffer.mem[16][5]$_DFFE_PP_/D (sg13g2_dfrbpq_1)
                                              0.201946   data arrival time

                      0.150000    0.000000    0.000000   clock clk (rise edge)
                                  0.000000    0.000000   clock network delay (ideal)
                                  0.250000    0.250000   clock uncertainty
                                  0.000000    0.250000   clock reconvergence pessimism
                                              0.250000 ^ u_input_buffer.mem[16][5]$_DFFE_PP_/CLK (sg13g2_dfrbpq_1)
                                 -0.000639    0.249361   library hold time
                                              0.249361   data required time
---------------------------------------------------------------------------------------------
                                              0.249361   data required time
                                             -0.201946   data arrival time
---------------------------------------------------------------------------------------------
                                             -0.047415   slack (VIOLATED)


Startpoint: u_input_buffer.mem[16][6]$_DFFE_PP_
            (rising edge-triggered flip-flop clocked by clk)
Endpoint: u_input_buffer.mem[16][6]$_DFFE_PP_
          (rising edge-triggered flip-flop clocked by clk)
Path Group: clk
Path Type: min

Fanout         Cap        Slew       Delay        Time   Description
---------------------------------------------------------------------------------------------
                      0.150000    0.000000    0.000000   clock clk (rise edge)
                                  0.000000    0.000000   clock network delay (ideal)
                      0.150000    0.000000    0.000000 ^ u_input_buffer.mem[16][6]$_DFFE_PP_/CLK (sg13g2_dfrbpq_1)
     2    0.005999    0.019859    0.156440    0.156440 v u_input_buffer.mem[16][6]$_DFFE_PP_/Q (sg13g2_dfrbpq_1)
                                                         u_input_buffer.mem[16][6] (net)
                      0.019859    0.000000    0.156440 v _3258_/A (sg13g2_nand2_1)
     1    0.003500    0.017314    0.021616    0.178055 ^ _3258_/Y (sg13g2_nand2_1)
                                                         _0539_ (net)
                      0.017314    0.000000    0.178055 ^ _3259_/B1 (sg13g2_o21ai_1)
     1    0.001523    0.016594    0.023891    0.201946 v _3259_/Y (sg13g2_o21ai_1)
                                                         _0110_ (net)
                      0.016594    0.000000    0.201946 v u_input_buffer.mem[16][6]$_DFFE_PP_/D (sg13g2_dfrbpq_1)
                                              0.201946   data arrival time

                      0.150000    0.000000    0.000000   clock clk (rise edge)
                                  0.000000    0.000000   clock network delay (ideal)
                                  0.250000    0.250000   clock uncertainty
                                  0.000000    0.250000   clock reconvergence pessimism
                                              0.250000 ^ u_input_buffer.mem[16][6]$_DFFE_PP_/CLK (sg13g2_dfrbpq_1)
                                 -0.000639    0.249361   library hold time
                                              0.249361   data required time
---------------------------------------------------------------------------------------------
                                              0.249361   data required time
                                             -0.201946   data arrival time
---------------------------------------------------------------------------------------------
                                             -0.047415   slack (VIOLATED)


Startpoint: u_input_buffer.mem[16][7]$_DFFE_PP_
            (rising edge-triggered flip-flop clocked by clk)
Endpoint: u_input_buffer.mem[16][7]$_DFFE_PP_
          (rising edge-triggered flip-flop clocked by clk)
Path Group: clk
Path Type: min

Fanout         Cap        Slew       Delay        Time   Description
---------------------------------------------------------------------------------------------
                      0.150000    0.000000    0.000000   clock clk (rise edge)
                                  0.000000    0.000000   clock network delay (ideal)
                      0.150000    0.000000    0.000000 ^ u_input_buffer.mem[16][7]$_DFFE_PP_/CLK (sg13g2_dfrbpq_1)
     2    0.005999    0.019859    0.156440    0.156440 v u_input_buffer.mem[16][7]$_DFFE_PP_/Q (sg13g2_dfrbpq_1)
                                                         u_input_buffer.mem[16][7] (net)
                      0.019859    0.000000    0.156440 v _3260_/A (sg13g2_nand2_1)
     1    0.003500    0.017314    0.021616    0.178055 ^ _3260_/Y (sg13g2_nand2_1)
                                                         _0540_ (net)
                      0.017314    0.000000    0.178055 ^ _3261_/B1 (sg13g2_o21ai_1)
     1    0.001523    0.016594    0.023891    0.201946 v _3261_/Y (sg13g2_o21ai_1)
                                                         _0111_ (net)
                      0.016594    0.000000    0.201946 v u_input_buffer.mem[16][7]$_DFFE_PP_/D (sg13g2_dfrbpq_1)
                                              0.201946   data arrival time

                      0.150000    0.000000    0.000000   clock clk (rise edge)
                                  0.000000    0.000000   clock network delay (ideal)
                                  0.250000    0.250000   clock uncertainty
                                  0.000000    0.250000   clock reconvergence pessimism
                                              0.250000 ^ u_input_buffer.mem[16][7]$_DFFE_PP_/CLK (sg13g2_dfrbpq_1)
                                 -0.000639    0.249361   library hold time
                                              0.249361   data required time
---------------------------------------------------------------------------------------------
                                              0.249361   data required time
                                             -0.201946   data arrival time
---------------------------------------------------------------------------------------------
                                             -0.047415   slack (VIOLATED)


Startpoint: u_input_buffer.mem[17][0]$_DFFE_PP_
            (rising edge-triggered flip-flop clocked by clk)
Endpoint: u_input_buffer.mem[17][0]$_DFFE_PP_
          (rising edge-triggered flip-flop clocked by clk)
Path Group: clk
Path Type: min

Fanout         Cap        Slew       Delay        Time   Description
---------------------------------------------------------------------------------------------
                      0.150000    0.000000    0.000000   clock clk (rise edge)
                                  0.000000    0.000000   clock network delay (ideal)
                      0.150000    0.000000    0.000000 ^ u_input_buffer.mem[17][0]$_DFFE_PP_/CLK (sg13g2_dfrbpq_1)
     2    0.005999    0.019859    0.156440    0.156440 v u_input_buffer.mem[17][0]$_DFFE_PP_/Q (sg13g2_dfrbpq_1)
                                                         u_input_buffer.mem[17][0] (net)
                      0.019859    0.000000    0.156440 v _3263_/A (sg13g2_nand2_1)
     1    0.003500    0.017314    0.021616    0.178055 ^ _3263_/Y (sg13g2_nand2_1)
                                                         _0542_ (net)
                      0.017314    0.000000    0.178055 ^ _3264_/B1 (sg13g2_o21ai_1)
     1    0.001523    0.016594    0.023891    0.201946 v _3264_/Y (sg13g2_o21ai_1)
                                                         _0112_ (net)
                      0.016594    0.000000    0.201946 v u_input_buffer.mem[17][0]$_DFFE_PP_/D (sg13g2_dfrbpq_1)
                                              0.201946   data arrival time

                      0.150000    0.000000    0.000000   clock clk (rise edge)
                                  0.000000    0.000000   clock network delay (ideal)
                                  0.250000    0.250000   clock uncertainty
                                  0.000000    0.250000   clock reconvergence pessimism
                                              0.250000 ^ u_input_buffer.mem[17][0]$_DFFE_PP_/CLK (sg13g2_dfrbpq_1)
                                 -0.000639    0.249361   library hold time
                                              0.249361   data required time
---------------------------------------------------------------------------------------------
                                              0.249361   data required time
                                             -0.201946   data arrival time
---------------------------------------------------------------------------------------------
                                             -0.047415   slack (VIOLATED)


Startpoint: u_input_buffer.mem[17][1]$_DFFE_PP_
            (rising edge-triggered flip-flop clocked by clk)
Endpoint: u_input_buffer.mem[17][1]$_DFFE_PP_
          (rising edge-triggered flip-flop clocked by clk)
Path Group: clk
Path Type: min

Fanout         Cap        Slew       Delay        Time   Description
---------------------------------------------------------------------------------------------
                      0.150000    0.000000    0.000000   clock clk (rise edge)
                                  0.000000    0.000000   clock network delay (ideal)
                      0.150000    0.000000    0.000000 ^ u_input_buffer.mem[17][1]$_DFFE_PP_/CLK (sg13g2_dfrbpq_1)
     2    0.005999    0.019859    0.156440    0.156440 v u_input_buffer.mem[17][1]$_DFFE_PP_/Q (sg13g2_dfrbpq_1)
                                                         u_input_buffer.mem[17][1] (net)
                      0.019859    0.000000    0.156440 v _3265_/A (sg13g2_nand2_1)
     1    0.003500    0.017314    0.021616    0.178055 ^ _3265_/Y (sg13g2_nand2_1)
                                                         _0543_ (net)
                      0.017314    0.000000    0.178055 ^ _3266_/B1 (sg13g2_o21ai_1)
     1    0.001523    0.016594    0.023891    0.201946 v _3266_/Y (sg13g2_o21ai_1)
                                                         _0113_ (net)
                      0.016594    0.000000    0.201946 v u_input_buffer.mem[17][1]$_DFFE_PP_/D (sg13g2_dfrbpq_1)
                                              0.201946   data arrival time

                      0.150000    0.000000    0.000000   clock clk (rise edge)
                                  0.000000    0.000000   clock network delay (ideal)
                                  0.250000    0.250000   clock uncertainty
                                  0.000000    0.250000   clock reconvergence pessimism
                                              0.250000 ^ u_input_buffer.mem[17][1]$_DFFE_PP_/CLK (sg13g2_dfrbpq_1)
                                 -0.000639    0.249361   library hold time
                                              0.249361   data required time
---------------------------------------------------------------------------------------------
                                              0.249361   data required time
                                             -0.201946   data arrival time
---------------------------------------------------------------------------------------------
                                             -0.047415   slack (VIOLATED)


Startpoint: u_input_buffer.mem[17][2]$_DFFE_PP_
            (rising edge-triggered flip-flop clocked by clk)
Endpoint: u_input_buffer.mem[17][2]$_DFFE_PP_
          (rising edge-triggered flip-flop clocked by clk)
Path Group: clk
Path Type: min

Fanout         Cap        Slew       Delay        Time   Description
---------------------------------------------------------------------------------------------
                      0.150000    0.000000    0.000000   clock clk (rise edge)
                                  0.000000    0.000000   clock network delay (ideal)
                      0.150000    0.000000    0.000000 ^ u_input_buffer.mem[17][2]$_DFFE_PP_/CLK (sg13g2_dfrbpq_1)
     2    0.005999    0.019859    0.156440    0.156440 v u_input_buffer.mem[17][2]$_DFFE_PP_/Q (sg13g2_dfrbpq_1)
                                                         u_input_buffer.mem[17][2] (net)
                      0.019859    0.000000    0.156440 v _3267_/A (sg13g2_nand2_1)
     1    0.003500    0.017314    0.021616    0.178055 ^ _3267_/Y (sg13g2_nand2_1)
                                                         _0544_ (net)
                      0.017314    0.000000    0.178055 ^ _3268_/B1 (sg13g2_o21ai_1)
     1    0.001523    0.016594    0.023891    0.201946 v _3268_/Y (sg13g2_o21ai_1)
                                                         _0114_ (net)
                      0.016594    0.000000    0.201946 v u_input_buffer.mem[17][2]$_DFFE_PP_/D (sg13g2_dfrbpq_1)
                                              0.201946   data arrival time

                      0.150000    0.000000    0.000000   clock clk (rise edge)
                                  0.000000    0.000000   clock network delay (ideal)
                                  0.250000    0.250000   clock uncertainty
                                  0.000000    0.250000   clock reconvergence pessimism
                                              0.250000 ^ u_input_buffer.mem[17][2]$_DFFE_PP_/CLK (sg13g2_dfrbpq_1)
                                 -0.000639    0.249361   library hold time
                                              0.249361   data required time
---------------------------------------------------------------------------------------------
                                              0.249361   data required time
                                             -0.201946   data arrival time
---------------------------------------------------------------------------------------------
                                             -0.047415   slack (VIOLATED)


Startpoint: u_input_buffer.mem[17][3]$_DFFE_PP_
            (rising edge-triggered flip-flop clocked by clk)
Endpoint: u_input_buffer.mem[17][3]$_DFFE_PP_
          (rising edge-triggered flip-flop clocked by clk)
Path Group: clk
Path Type: min

Fanout         Cap        Slew       Delay        Time   Description
---------------------------------------------------------------------------------------------
                      0.150000    0.000000    0.000000   clock clk (rise edge)
                                  0.000000    0.000000   clock network delay (ideal)
                      0.150000    0.000000    0.000000 ^ u_input_buffer.mem[17][3]$_DFFE_PP_/CLK (sg13g2_dfrbpq_1)
     2    0.005999    0.019859    0.156440    0.156440 v u_input_buffer.mem[17][3]$_DFFE_PP_/Q (sg13g2_dfrbpq_1)
                                                         u_input_buffer.mem[17][3] (net)
                      0.019859    0.000000    0.156440 v _3269_/A (sg13g2_nand2_1)
     1    0.003500    0.017314    0.021616    0.178055 ^ _3269_/Y (sg13g2_nand2_1)
                                                         _0545_ (net)
                      0.017314    0.000000    0.178055 ^ _3270_/B1 (sg13g2_o21ai_1)
     1    0.001523    0.016594    0.023891    0.201946 v _3270_/Y (sg13g2_o21ai_1)
                                                         _0115_ (net)
                      0.016594    0.000000    0.201946 v u_input_buffer.mem[17][3]$_DFFE_PP_/D (sg13g2_dfrbpq_1)
                                              0.201946   data arrival time

                      0.150000    0.000000    0.000000   clock clk (rise edge)
                                  0.000000    0.000000   clock network delay (ideal)
                                  0.250000    0.250000   clock uncertainty
                                  0.000000    0.250000   clock reconvergence pessimism
                                              0.250000 ^ u_input_buffer.mem[17][3]$_DFFE_PP_/CLK (sg13g2_dfrbpq_1)
                                 -0.000639    0.249361   library hold time
                                              0.249361   data required time
---------------------------------------------------------------------------------------------
                                              0.249361   data required time
                                             -0.201946   data arrival time
---------------------------------------------------------------------------------------------
                                             -0.047415   slack (VIOLATED)


Startpoint: u_input_buffer.mem[17][4]$_DFFE_PP_
            (rising edge-triggered flip-flop clocked by clk)
Endpoint: u_input_buffer.mem[17][4]$_DFFE_PP_
          (rising edge-triggered flip-flop clocked by clk)
Path Group: clk
Path Type: min

Fanout         Cap        Slew       Delay        Time   Description
---------------------------------------------------------------------------------------------
                      0.150000    0.000000    0.000000   clock clk (rise edge)
                                  0.000000    0.000000   clock network delay (ideal)
                      0.150000    0.000000    0.000000 ^ u_input_buffer.mem[17][4]$_DFFE_PP_/CLK (sg13g2_dfrbpq_1)
     2    0.005999    0.019859    0.156440    0.156440 v u_input_buffer.mem[17][4]$_DFFE_PP_/Q (sg13g2_dfrbpq_1)
                                                         u_input_buffer.mem[17][4] (net)
                      0.019859    0.000000    0.156440 v _3271_/A (sg13g2_nand2_1)
     1    0.003500    0.017314    0.021616    0.178055 ^ _3271_/Y (sg13g2_nand2_1)
                                                         _0546_ (net)
                      0.017314    0.000000    0.178055 ^ _3272_/B1 (sg13g2_o21ai_1)
     1    0.001523    0.016594    0.023891    0.201946 v _3272_/Y (sg13g2_o21ai_1)
                                                         _0116_ (net)
                      0.016594    0.000000    0.201946 v u_input_buffer.mem[17][4]$_DFFE_PP_/D (sg13g2_dfrbpq_1)
                                              0.201946   data arrival time

                      0.150000    0.000000    0.000000   clock clk (rise edge)
                                  0.000000    0.000000   clock network delay (ideal)
                                  0.250000    0.250000   clock uncertainty
                                  0.000000    0.250000   clock reconvergence pessimism
                                              0.250000 ^ u_input_buffer.mem[17][4]$_DFFE_PP_/CLK (sg13g2_dfrbpq_1)
                                 -0.000639    0.249361   library hold time
                                              0.249361   data required time
---------------------------------------------------------------------------------------------
                                              0.249361   data required time
                                             -0.201946   data arrival time
---------------------------------------------------------------------------------------------
                                             -0.047415   slack (VIOLATED)


Startpoint: u_input_buffer.mem[17][5]$_DFFE_PP_
            (rising edge-triggered flip-flop clocked by clk)
Endpoint: u_input_buffer.mem[17][5]$_DFFE_PP_
          (rising edge-triggered flip-flop clocked by clk)
Path Group: clk
Path Type: min

Fanout         Cap        Slew       Delay        Time   Description
---------------------------------------------------------------------------------------------
                      0.150000    0.000000    0.000000   clock clk (rise edge)
                                  0.000000    0.000000   clock network delay (ideal)
                      0.150000    0.000000    0.000000 ^ u_input_buffer.mem[17][5]$_DFFE_PP_/CLK (sg13g2_dfrbpq_1)
     2    0.005999    0.019859    0.156440    0.156440 v u_input_buffer.mem[17][5]$_DFFE_PP_/Q (sg13g2_dfrbpq_1)
                                                         u_input_buffer.mem[17][5] (net)
                      0.019859    0.000000    0.156440 v _3273_/A (sg13g2_nand2_1)
     1    0.003500    0.017314    0.021616    0.178055 ^ _3273_/Y (sg13g2_nand2_1)
                                                         _0547_ (net)
                      0.017314    0.000000    0.178055 ^ _3274_/B1 (sg13g2_o21ai_1)
     1    0.001523    0.016594    0.023891    0.201946 v _3274_/Y (sg13g2_o21ai_1)
                                                         _0117_ (net)
                      0.016594    0.000000    0.201946 v u_input_buffer.mem[17][5]$_DFFE_PP_/D (sg13g2_dfrbpq_1)
                                              0.201946   data arrival time

                      0.150000    0.000000    0.000000   clock clk (rise edge)
                                  0.000000    0.000000   clock network delay (ideal)
                                  0.250000    0.250000   clock uncertainty
                                  0.000000    0.250000   clock reconvergence pessimism
                                              0.250000 ^ u_input_buffer.mem[17][5]$_DFFE_PP_/CLK (sg13g2_dfrbpq_1)
                                 -0.000639    0.249361   library hold time
                                              0.249361   data required time
---------------------------------------------------------------------------------------------
                                              0.249361   data required time
                                             -0.201946   data arrival time
---------------------------------------------------------------------------------------------
                                             -0.047415   slack (VIOLATED)


Startpoint: u_input_buffer.mem[17][6]$_DFFE_PP_
            (rising edge-triggered flip-flop clocked by clk)
Endpoint: u_input_buffer.mem[17][6]$_DFFE_PP_
          (rising edge-triggered flip-flop clocked by clk)
Path Group: clk
Path Type: min

Fanout         Cap        Slew       Delay        Time   Description
---------------------------------------------------------------------------------------------
                      0.150000    0.000000    0.000000   clock clk (rise edge)
                                  0.000000    0.000000   clock network delay (ideal)
                      0.150000    0.000000    0.000000 ^ u_input_buffer.mem[17][6]$_DFFE_PP_/CLK (sg13g2_dfrbpq_1)
     2    0.005999    0.019859    0.156440    0.156440 v u_input_buffer.mem[17][6]$_DFFE_PP_/Q (sg13g2_dfrbpq_1)
                                                         u_input_buffer.mem[17][6] (net)
                      0.019859    0.000000    0.156440 v _3275_/A (sg13g2_nand2_1)
     1    0.003500    0.017314    0.021616    0.178055 ^ _3275_/Y (sg13g2_nand2_1)
                                                         _0548_ (net)
                      0.017314    0.000000    0.178055 ^ _3276_/B1 (sg13g2_o21ai_1)
     1    0.001523    0.016594    0.023891    0.201946 v _3276_/Y (sg13g2_o21ai_1)
                                                         _0118_ (net)
                      0.016594    0.000000    0.201946 v u_input_buffer.mem[17][6]$_DFFE_PP_/D (sg13g2_dfrbpq_1)
                                              0.201946   data arrival time

                      0.150000    0.000000    0.000000   clock clk (rise edge)
                                  0.000000    0.000000   clock network delay (ideal)
                                  0.250000    0.250000   clock uncertainty
                                  0.000000    0.250000   clock reconvergence pessimism
                                              0.250000 ^ u_input_buffer.mem[17][6]$_DFFE_PP_/CLK (sg13g2_dfrbpq_1)
                                 -0.000639    0.249361   library hold time
                                              0.249361   data required time
---------------------------------------------------------------------------------------------
                                              0.249361   data required time
                                             -0.201946   data arrival time
---------------------------------------------------------------------------------------------
                                             -0.047415   slack (VIOLATED)


Startpoint: u_input_buffer.mem[17][7]$_DFFE_PP_
            (rising edge-triggered flip-flop clocked by clk)
Endpoint: u_input_buffer.mem[17][7]$_DFFE_PP_
          (rising edge-triggered flip-flop clocked by clk)
Path Group: clk
Path Type: min

Fanout         Cap        Slew       Delay        Time   Description
---------------------------------------------------------------------------------------------
                      0.150000    0.000000    0.000000   clock clk (rise edge)
                                  0.000000    0.000000   clock network delay (ideal)
                      0.150000    0.000000    0.000000 ^ u_input_buffer.mem[17][7]$_DFFE_PP_/CLK (sg13g2_dfrbpq_1)
     2    0.005999    0.019859    0.156440    0.156440 v u_input_buffer.mem[17][7]$_DFFE_PP_/Q (sg13g2_dfrbpq_1)
                                                         u_input_buffer.mem[17][7] (net)
                      0.019859    0.000000    0.156440 v _3277_/A (sg13g2_nand2_1)
     1    0.003500    0.017314    0.021616    0.178055 ^ _3277_/Y (sg13g2_nand2_1)
                                                         _0549_ (net)
                      0.017314    0.000000    0.178055 ^ _3278_/B1 (sg13g2_o21ai_1)
     1    0.001523    0.016594    0.023891    0.201946 v _3278_/Y (sg13g2_o21ai_1)
                                                         _0119_ (net)
                      0.016594    0.000000    0.201946 v u_input_buffer.mem[17][7]$_DFFE_PP_/D (sg13g2_dfrbpq_1)
                                              0.201946   data arrival time

                      0.150000    0.000000    0.000000   clock clk (rise edge)
                                  0.000000    0.000000   clock network delay (ideal)
                                  0.250000    0.250000   clock uncertainty
                                  0.000000    0.250000   clock reconvergence pessimism
                                              0.250000 ^ u_input_buffer.mem[17][7]$_DFFE_PP_/CLK (sg13g2_dfrbpq_1)
                                 -0.000639    0.249361   library hold time
                                              0.249361   data required time
---------------------------------------------------------------------------------------------
                                              0.249361   data required time
                                             -0.201946   data arrival time
---------------------------------------------------------------------------------------------
                                             -0.047415   slack (VIOLATED)


Startpoint: u_input_buffer.mem[1][0]$_DFFE_PP_
            (rising edge-triggered flip-flop clocked by clk)
Endpoint: u_input_buffer.mem[1][0]$_DFFE_PP_
          (rising edge-triggered flip-flop clocked by clk)
Path Group: clk
Path Type: min

Fanout         Cap        Slew       Delay        Time   Description
---------------------------------------------------------------------------------------------
                      0.150000    0.000000    0.000000   clock clk (rise edge)
                                  0.000000    0.000000   clock network delay (ideal)
                      0.150000    0.000000    0.000000 ^ u_input_buffer.mem[1][0]$_DFFE_PP_/CLK (sg13g2_dfrbpq_1)
     2    0.005999    0.019859    0.156440    0.156440 v u_input_buffer.mem[1][0]$_DFFE_PP_/Q (sg13g2_dfrbpq_1)
                                                         u_input_buffer.mem[1][0] (net)
                      0.019859    0.000000    0.156440 v _3314_/A (sg13g2_nand2_1)
     1    0.003500    0.017314    0.021616    0.178055 ^ _3314_/Y (sg13g2_nand2_1)
                                                         _0569_ (net)
                      0.017314    0.000000    0.178055 ^ _3315_/B1 (sg13g2_o21ai_1)
     1    0.001523    0.016594    0.023891    0.201946 v _3315_/Y (sg13g2_o21ai_1)
                                                         _0136_ (net)
                      0.016594    0.000000    0.201946 v u_input_buffer.mem[1][0]$_DFFE_PP_/D (sg13g2_dfrbpq_1)
                                              0.201946   data arrival time

                      0.150000    0.000000    0.000000   clock clk (rise edge)
                                  0.000000    0.000000   clock network delay (ideal)
                                  0.250000    0.250000   clock uncertainty
                                  0.000000    0.250000   clock reconvergence pessimism
                                              0.250000 ^ u_input_buffer.mem[1][0]$_DFFE_PP_/CLK (sg13g2_dfrbpq_1)
                                 -0.000639    0.249361   library hold time
                                              0.249361   data required time
---------------------------------------------------------------------------------------------
                                              0.249361   data required time
                                             -0.201946   data arrival time
---------------------------------------------------------------------------------------------
                                             -0.047415   slack (VIOLATED)


Startpoint: u_input_buffer.mem[1][1]$_DFFE_PP_
            (rising edge-triggered flip-flop clocked by clk)
Endpoint: u_input_buffer.mem[1][1]$_DFFE_PP_
          (rising edge-triggered flip-flop clocked by clk)
Path Group: clk
Path Type: min

Fanout         Cap        Slew       Delay        Time   Description
---------------------------------------------------------------------------------------------
                      0.150000    0.000000    0.000000   clock clk (rise edge)
                                  0.000000    0.000000   clock network delay (ideal)
                      0.150000    0.000000    0.000000 ^ u_input_buffer.mem[1][1]$_DFFE_PP_/CLK (sg13g2_dfrbpq_1)
     2    0.005999    0.019859    0.156440    0.156440 v u_input_buffer.mem[1][1]$_DFFE_PP_/Q (sg13g2_dfrbpq_1)
                                                         u_input_buffer.mem[1][1] (net)
                      0.019859    0.000000    0.156440 v _3316_/A (sg13g2_nand2_1)
     1    0.003500    0.017314    0.021616    0.178055 ^ _3316_/Y (sg13g2_nand2_1)
                                                         _0570_ (net)
                      0.017314    0.000000    0.178055 ^ _3317_/B1 (sg13g2_o21ai_1)
     1    0.001523    0.016594    0.023891    0.201946 v _3317_/Y (sg13g2_o21ai_1)
                                                         _0137_ (net)
                      0.016594    0.000000    0.201946 v u_input_buffer.mem[1][1]$_DFFE_PP_/D (sg13g2_dfrbpq_1)
                                              0.201946   data arrival time

                      0.150000    0.000000    0.000000   clock clk (rise edge)
                                  0.000000    0.000000   clock network delay (ideal)
                                  0.250000    0.250000   clock uncertainty
                                  0.000000    0.250000   clock reconvergence pessimism
                                              0.250000 ^ u_input_buffer.mem[1][1]$_DFFE_PP_/CLK (sg13g2_dfrbpq_1)
                                 -0.000639    0.249361   library hold time
                                              0.249361   data required time
---------------------------------------------------------------------------------------------
                                              0.249361   data required time
                                             -0.201946   data arrival time
---------------------------------------------------------------------------------------------
                                             -0.047415   slack (VIOLATED)


Startpoint: u_input_buffer.mem[1][2]$_DFFE_PP_
            (rising edge-triggered flip-flop clocked by clk)
Endpoint: u_input_buffer.mem[1][2]$_DFFE_PP_
          (rising edge-triggered flip-flop clocked by clk)
Path Group: clk
Path Type: min

Fanout         Cap        Slew       Delay        Time   Description
---------------------------------------------------------------------------------------------
                      0.150000    0.000000    0.000000   clock clk (rise edge)
                                  0.000000    0.000000   clock network delay (ideal)
                      0.150000    0.000000    0.000000 ^ u_input_buffer.mem[1][2]$_DFFE_PP_/CLK (sg13g2_dfrbpq_1)
     2    0.005999    0.019859    0.156440    0.156440 v u_input_buffer.mem[1][2]$_DFFE_PP_/Q (sg13g2_dfrbpq_1)
                                                         u_input_buffer.mem[1][2] (net)
                      0.019859    0.000000    0.156440 v _3318_/A (sg13g2_nand2_1)
     1    0.003500    0.017314    0.021616    0.178055 ^ _3318_/Y (sg13g2_nand2_1)
                                                         _0571_ (net)
                      0.017314    0.000000    0.178055 ^ _3319_/B1 (sg13g2_o21ai_1)
     1    0.001523    0.016594    0.023891    0.201946 v _3319_/Y (sg13g2_o21ai_1)
                                                         _0138_ (net)
                      0.016594    0.000000    0.201946 v u_input_buffer.mem[1][2]$_DFFE_PP_/D (sg13g2_dfrbpq_1)
                                              0.201946   data arrival time

                      0.150000    0.000000    0.000000   clock clk (rise edge)
                                  0.000000    0.000000   clock network delay (ideal)
                                  0.250000    0.250000   clock uncertainty
                                  0.000000    0.250000   clock reconvergence pessimism
                                              0.250000 ^ u_input_buffer.mem[1][2]$_DFFE_PP_/CLK (sg13g2_dfrbpq_1)
                                 -0.000639    0.249361   library hold time
                                              0.249361   data required time
---------------------------------------------------------------------------------------------
                                              0.249361   data required time
                                             -0.201946   data arrival time
---------------------------------------------------------------------------------------------
                                             -0.047415   slack (VIOLATED)


Startpoint: u_input_buffer.mem[1][3]$_DFFE_PP_
            (rising edge-triggered flip-flop clocked by clk)
Endpoint: u_input_buffer.mem[1][3]$_DFFE_PP_
          (rising edge-triggered flip-flop clocked by clk)
Path Group: clk
Path Type: min

Fanout         Cap        Slew       Delay        Time   Description
---------------------------------------------------------------------------------------------
                      0.150000    0.000000    0.000000   clock clk (rise edge)
                                  0.000000    0.000000   clock network delay (ideal)
                      0.150000    0.000000    0.000000 ^ u_input_buffer.mem[1][3]$_DFFE_PP_/CLK (sg13g2_dfrbpq_1)
     2    0.005999    0.019859    0.156440    0.156440 v u_input_buffer.mem[1][3]$_DFFE_PP_/Q (sg13g2_dfrbpq_1)
                                                         u_input_buffer.mem[1][3] (net)
                      0.019859    0.000000    0.156440 v _3320_/A (sg13g2_nand2_1)
     1    0.003500    0.017314    0.021616    0.178055 ^ _3320_/Y (sg13g2_nand2_1)
                                                         _0572_ (net)
                      0.017314    0.000000    0.178055 ^ _3321_/B1 (sg13g2_o21ai_1)
     1    0.001523    0.016594    0.023891    0.201946 v _3321_/Y (sg13g2_o21ai_1)
                                                         _0139_ (net)
                      0.016594    0.000000    0.201946 v u_input_buffer.mem[1][3]$_DFFE_PP_/D (sg13g2_dfrbpq_1)
                                              0.201946   data arrival time

                      0.150000    0.000000    0.000000   clock clk (rise edge)
                                  0.000000    0.000000   clock network delay (ideal)
                                  0.250000    0.250000   clock uncertainty
                                  0.000000    0.250000   clock reconvergence pessimism
                                              0.250000 ^ u_input_buffer.mem[1][3]$_DFFE_PP_/CLK (sg13g2_dfrbpq_1)
                                 -0.000639    0.249361   library hold time
                                              0.249361   data required time
---------------------------------------------------------------------------------------------
                                              0.249361   data required time
                                             -0.201946   data arrival time
---------------------------------------------------------------------------------------------
                                             -0.047415   slack (VIOLATED)


Startpoint: u_input_buffer.mem[1][4]$_DFFE_PP_
            (rising edge-triggered flip-flop clocked by clk)
Endpoint: u_input_buffer.mem[1][4]$_DFFE_PP_
          (rising edge-triggered flip-flop clocked by clk)
Path Group: clk
Path Type: min

Fanout         Cap        Slew       Delay        Time   Description
---------------------------------------------------------------------------------------------
                      0.150000    0.000000    0.000000   clock clk (rise edge)
                                  0.000000    0.000000   clock network delay (ideal)
                      0.150000    0.000000    0.000000 ^ u_input_buffer.mem[1][4]$_DFFE_PP_/CLK (sg13g2_dfrbpq_1)
     2    0.005999    0.019859    0.156440    0.156440 v u_input_buffer.mem[1][4]$_DFFE_PP_/Q (sg13g2_dfrbpq_1)
                                                         u_input_buffer.mem[1][4] (net)
                      0.019859    0.000000    0.156440 v _3322_/A (sg13g2_nand2_1)
     1    0.003500    0.017314    0.021616    0.178055 ^ _3322_/Y (sg13g2_nand2_1)
                                                         _0573_ (net)
                      0.017314    0.000000    0.178055 ^ _3323_/B1 (sg13g2_o21ai_1)
     1    0.001523    0.016594    0.023891    0.201946 v _3323_/Y (sg13g2_o21ai_1)
                                                         _0140_ (net)
                      0.016594    0.000000    0.201946 v u_input_buffer.mem[1][4]$_DFFE_PP_/D (sg13g2_dfrbpq_1)
                                              0.201946   data arrival time

                      0.150000    0.000000    0.000000   clock clk (rise edge)
                                  0.000000    0.000000   clock network delay (ideal)
                                  0.250000    0.250000   clock uncertainty
                                  0.000000    0.250000   clock reconvergence pessimism
                                              0.250000 ^ u_input_buffer.mem[1][4]$_DFFE_PP_/CLK (sg13g2_dfrbpq_1)
                                 -0.000639    0.249361   library hold time
                                              0.249361   data required time
---------------------------------------------------------------------------------------------
                                              0.249361   data required time
                                             -0.201946   data arrival time
---------------------------------------------------------------------------------------------
                                             -0.047415   slack (VIOLATED)


Startpoint: u_input_buffer.mem[1][5]$_DFFE_PP_
            (rising edge-triggered flip-flop clocked by clk)
Endpoint: u_input_buffer.mem[1][5]$_DFFE_PP_
          (rising edge-triggered flip-flop clocked by clk)
Path Group: clk
Path Type: min

Fanout         Cap        Slew       Delay        Time   Description
---------------------------------------------------------------------------------------------
                      0.150000    0.000000    0.000000   clock clk (rise edge)
                                  0.000000    0.000000   clock network delay (ideal)
                      0.150000    0.000000    0.000000 ^ u_input_buffer.mem[1][5]$_DFFE_PP_/CLK (sg13g2_dfrbpq_1)
     2    0.005999    0.019859    0.156440    0.156440 v u_input_buffer.mem[1][5]$_DFFE_PP_/Q (sg13g2_dfrbpq_1)
                                                         u_input_buffer.mem[1][5] (net)
                      0.019859    0.000000    0.156440 v _3324_/A (sg13g2_nand2_1)
     1    0.003500    0.017314    0.021616    0.178055 ^ _3324_/Y (sg13g2_nand2_1)
                                                         _0574_ (net)
                      0.017314    0.000000    0.178055 ^ _3325_/B1 (sg13g2_o21ai_1)
     1    0.001523    0.016594    0.023891    0.201946 v _3325_/Y (sg13g2_o21ai_1)
                                                         _0141_ (net)
                      0.016594    0.000000    0.201946 v u_input_buffer.mem[1][5]$_DFFE_PP_/D (sg13g2_dfrbpq_1)
                                              0.201946   data arrival time

                      0.150000    0.000000    0.000000   clock clk (rise edge)
                                  0.000000    0.000000   clock network delay (ideal)
                                  0.250000    0.250000   clock uncertainty
                                  0.000000    0.250000   clock reconvergence pessimism
                                              0.250000 ^ u_input_buffer.mem[1][5]$_DFFE_PP_/CLK (sg13g2_dfrbpq_1)
                                 -0.000639    0.249361   library hold time
                                              0.249361   data required time
---------------------------------------------------------------------------------------------
                                              0.249361   data required time
                                             -0.201946   data arrival time
---------------------------------------------------------------------------------------------
                                             -0.047415   slack (VIOLATED)


Startpoint: u_input_buffer.mem[1][6]$_DFFE_PP_
            (rising edge-triggered flip-flop clocked by clk)
Endpoint: u_input_buffer.mem[1][6]$_DFFE_PP_
          (rising edge-triggered flip-flop clocked by clk)
Path Group: clk
Path Type: min

Fanout         Cap        Slew       Delay        Time   Description
---------------------------------------------------------------------------------------------
                      0.150000    0.000000    0.000000   clock clk (rise edge)
                                  0.000000    0.000000   clock network delay (ideal)
                      0.150000    0.000000    0.000000 ^ u_input_buffer.mem[1][6]$_DFFE_PP_/CLK (sg13g2_dfrbpq_1)
     2    0.005999    0.019859    0.156440    0.156440 v u_input_buffer.mem[1][6]$_DFFE_PP_/Q (sg13g2_dfrbpq_1)
                                                         u_input_buffer.mem[1][6] (net)
                      0.019859    0.000000    0.156440 v _3326_/A (sg13g2_nand2_1)
     1    0.003500    0.017314    0.021616    0.178055 ^ _3326_/Y (sg13g2_nand2_1)
                                                         _0575_ (net)
                      0.017314    0.000000    0.178055 ^ _3327_/B1 (sg13g2_o21ai_1)
     1    0.001523    0.016594    0.023891    0.201946 v _3327_/Y (sg13g2_o21ai_1)
                                                         _0142_ (net)
                      0.016594    0.000000    0.201946 v u_input_buffer.mem[1][6]$_DFFE_PP_/D (sg13g2_dfrbpq_1)
                                              0.201946   data arrival time

                      0.150000    0.000000    0.000000   clock clk (rise edge)
                                  0.000000    0.000000   clock network delay (ideal)
                                  0.250000    0.250000   clock uncertainty
                                  0.000000    0.250000   clock reconvergence pessimism
                                              0.250000 ^ u_input_buffer.mem[1][6]$_DFFE_PP_/CLK (sg13g2_dfrbpq_1)
                                 -0.000639    0.249361   library hold time
                                              0.249361   data required time
---------------------------------------------------------------------------------------------
                                              0.249361   data required time
                                             -0.201946   data arrival time
---------------------------------------------------------------------------------------------
                                             -0.047415   slack (VIOLATED)


Startpoint: u_input_buffer.mem[1][7]$_DFFE_PP_
            (rising edge-triggered flip-flop clocked by clk)
Endpoint: u_input_buffer.mem[1][7]$_DFFE_PP_
          (rising edge-triggered flip-flop clocked by clk)
Path Group: clk
Path Type: min

Fanout         Cap        Slew       Delay        Time   Description
---------------------------------------------------------------------------------------------
                      0.150000    0.000000    0.000000   clock clk (rise edge)
                                  0.000000    0.000000   clock network delay (ideal)
                      0.150000    0.000000    0.000000 ^ u_input_buffer.mem[1][7]$_DFFE_PP_/CLK (sg13g2_dfrbpq_1)
     2    0.005999    0.019859    0.156440    0.156440 v u_input_buffer.mem[1][7]$_DFFE_PP_/Q (sg13g2_dfrbpq_1)
                                                         u_input_buffer.mem[1][7] (net)
                      0.019859    0.000000    0.156440 v _3328_/A (sg13g2_nand2_1)
     1    0.003500    0.017314    0.021616    0.178055 ^ _3328_/Y (sg13g2_nand2_1)
                                                         _0576_ (net)
                      0.017314    0.000000    0.178055 ^ _3329_/B1 (sg13g2_o21ai_1)
     1    0.001523    0.016594    0.023891    0.201946 v _3329_/Y (sg13g2_o21ai_1)
                                                         _0143_ (net)
                      0.016594    0.000000    0.201946 v u_input_buffer.mem[1][7]$_DFFE_PP_/D (sg13g2_dfrbpq_1)
                                              0.201946   data arrival time

                      0.150000    0.000000    0.000000   clock clk (rise edge)
                                  0.000000    0.000000   clock network delay (ideal)
                                  0.250000    0.250000   clock uncertainty
                                  0.000000    0.250000   clock reconvergence pessimism
                                              0.250000 ^ u_input_buffer.mem[1][7]$_DFFE_PP_/CLK (sg13g2_dfrbpq_1)
                                 -0.000639    0.249361   library hold time
                                              0.249361   data required time
---------------------------------------------------------------------------------------------
                                              0.249361   data required time
                                             -0.201946   data arrival time
---------------------------------------------------------------------------------------------
                                             -0.047415   slack (VIOLATED)


Startpoint: u_input_buffer.mem[8][0]$_DFFE_PP_
            (rising edge-triggered flip-flop clocked by clk)
Endpoint: u_input_buffer.mem[8][0]$_DFFE_PP_
          (rising edge-triggered flip-flop clocked by clk)
Path Group: clk
Path Type: min

Fanout         Cap        Slew       Delay        Time   Description
---------------------------------------------------------------------------------------------
                      0.150000    0.000000    0.000000   clock clk (rise edge)
                                  0.000000    0.000000   clock network delay (ideal)
                      0.150000    0.000000    0.000000 ^ u_input_buffer.mem[8][0]$_DFFE_PP_/CLK (sg13g2_dfrbpq_1)
     2    0.005999    0.019859    0.156440    0.156440 v u_input_buffer.mem[8][0]$_DFFE_PP_/Q (sg13g2_dfrbpq_1)
                                                         u_input_buffer.mem[8][0] (net)
                      0.019859    0.000000    0.156440 v _3640_/A (sg13g2_nand2_1)
     1    0.003500    0.017314    0.021616    0.178055 ^ _3640_/Y (sg13g2_nand2_1)
                                                         _0743_ (net)
                      0.017314    0.000000    0.178055 ^ _3641_/B1 (sg13g2_o21ai_1)
     1    0.001523    0.016594    0.023891    0.201946 v _3641_/Y (sg13g2_o21ai_1)
                                                         _0288_ (net)
                      0.016594    0.000000    0.201946 v u_input_buffer.mem[8][0]$_DFFE_PP_/D (sg13g2_dfrbpq_1)
                                              0.201946   data arrival time

                      0.150000    0.000000    0.000000   clock clk (rise edge)
                                  0.000000    0.000000   clock network delay (ideal)
                                  0.250000    0.250000   clock uncertainty
                                  0.000000    0.250000   clock reconvergence pessimism
                                              0.250000 ^ u_input_buffer.mem[8][0]$_DFFE_PP_/CLK (sg13g2_dfrbpq_1)
                                 -0.000639    0.249361   library hold time
                                              0.249361   data required time
---------------------------------------------------------------------------------------------
                                              0.249361   data required time
                                             -0.201946   data arrival time
---------------------------------------------------------------------------------------------
                                             -0.047415   slack (VIOLATED)


Startpoint: u_input_buffer.mem[8][1]$_DFFE_PP_
            (rising edge-triggered flip-flop clocked by clk)
Endpoint: u_input_buffer.mem[8][1]$_DFFE_PP_
          (rising edge-triggered flip-flop clocked by clk)
Path Group: clk
Path Type: min

Fanout         Cap        Slew       Delay        Time   Description
---------------------------------------------------------------------------------------------
                      0.150000    0.000000    0.000000   clock clk (rise edge)
                                  0.000000    0.000000   clock network delay (ideal)
                      0.150000    0.000000    0.000000 ^ u_input_buffer.mem[8][1]$_DFFE_PP_/CLK (sg13g2_dfrbpq_1)
     2    0.005999    0.019859    0.156440    0.156440 v u_input_buffer.mem[8][1]$_DFFE_PP_/Q (sg13g2_dfrbpq_1)
                                                         u_input_buffer.mem[8][1] (net)
                      0.019859    0.000000    0.156440 v _3642_/A (sg13g2_nand2_1)
     1    0.003500    0.017314    0.021616    0.178055 ^ _3642_/Y (sg13g2_nand2_1)
                                                         _0744_ (net)
                      0.017314    0.000000    0.178055 ^ _3643_/B1 (sg13g2_o21ai_1)
     1    0.001523    0.016594    0.023891    0.201946 v _3643_/Y (sg13g2_o21ai_1)
                                                         _0289_ (net)
                      0.016594    0.000000    0.201946 v u_input_buffer.mem[8][1]$_DFFE_PP_/D (sg13g2_dfrbpq_1)
                                              0.201946   data arrival time

                      0.150000    0.000000    0.000000   clock clk (rise edge)
                                  0.000000    0.000000   clock network delay (ideal)
                                  0.250000    0.250000   clock uncertainty
                                  0.000000    0.250000   clock reconvergence pessimism
                                              0.250000 ^ u_input_buffer.mem[8][1]$_DFFE_PP_/CLK (sg13g2_dfrbpq_1)
                                 -0.000639    0.249361   library hold time
                                              0.249361   data required time
---------------------------------------------------------------------------------------------
                                              0.249361   data required time
                                             -0.201946   data arrival time
---------------------------------------------------------------------------------------------
                                             -0.047415   slack (VIOLATED)


Startpoint: u_input_buffer.mem[8][2]$_DFFE_PP_
            (rising edge-triggered flip-flop clocked by clk)
Endpoint: u_input_buffer.mem[8][2]$_DFFE_PP_
          (rising edge-triggered flip-flop clocked by clk)
Path Group: clk
Path Type: min

Fanout         Cap        Slew       Delay        Time   Description
---------------------------------------------------------------------------------------------
                      0.150000    0.000000    0.000000   clock clk (rise edge)
                                  0.000000    0.000000   clock network delay (ideal)
                      0.150000    0.000000    0.000000 ^ u_input_buffer.mem[8][2]$_DFFE_PP_/CLK (sg13g2_dfrbpq_1)
     2    0.005999    0.019859    0.156440    0.156440 v u_input_buffer.mem[8][2]$_DFFE_PP_/Q (sg13g2_dfrbpq_1)
                                                         u_input_buffer.mem[8][2] (net)
                      0.019859    0.000000    0.156440 v _3644_/A (sg13g2_nand2_1)
     1    0.003500    0.017314    0.021616    0.178055 ^ _3644_/Y (sg13g2_nand2_1)
                                                         _0745_ (net)
                      0.017314    0.000000    0.178055 ^ _3645_/B1 (sg13g2_o21ai_1)
     1    0.001523    0.016594    0.023891    0.201946 v _3645_/Y (sg13g2_o21ai_1)
                                                         _0290_ (net)
                      0.016594    0.000000    0.201946 v u_input_buffer.mem[8][2]$_DFFE_PP_/D (sg13g2_dfrbpq_1)
                                              0.201946   data arrival time

                      0.150000    0.000000    0.000000   clock clk (rise edge)
                                  0.000000    0.000000   clock network delay (ideal)
                                  0.250000    0.250000   clock uncertainty
                                  0.000000    0.250000   clock reconvergence pessimism
                                              0.250000 ^ u_input_buffer.mem[8][2]$_DFFE_PP_/CLK (sg13g2_dfrbpq_1)
                                 -0.000639    0.249361   library hold time
                                              0.249361   data required time
---------------------------------------------------------------------------------------------
                                              0.249361   data required time
                                             -0.201946   data arrival time
---------------------------------------------------------------------------------------------
                                             -0.047415   slack (VIOLATED)


Startpoint: u_input_buffer.mem[8][3]$_DFFE_PP_
            (rising edge-triggered flip-flop clocked by clk)
Endpoint: u_input_buffer.mem[8][3]$_DFFE_PP_
          (rising edge-triggered flip-flop clocked by clk)
Path Group: clk
Path Type: min

Fanout         Cap        Slew       Delay        Time   Description
---------------------------------------------------------------------------------------------
                      0.150000    0.000000    0.000000   clock clk (rise edge)
                                  0.000000    0.000000   clock network delay (ideal)
                      0.150000    0.000000    0.000000 ^ u_input_buffer.mem[8][3]$_DFFE_PP_/CLK (sg13g2_dfrbpq_1)
     2    0.005999    0.019859    0.156440    0.156440 v u_input_buffer.mem[8][3]$_DFFE_PP_/Q (sg13g2_dfrbpq_1)
                                                         u_input_buffer.mem[8][3] (net)
                      0.019859    0.000000    0.156440 v _3646_/A (sg13g2_nand2_1)
     1    0.003500    0.017314    0.021616    0.178055 ^ _3646_/Y (sg13g2_nand2_1)
                                                         _0746_ (net)
                      0.017314    0.000000    0.178055 ^ _3647_/B1 (sg13g2_o21ai_1)
     1    0.001523    0.016594    0.023891    0.201946 v _3647_/Y (sg13g2_o21ai_1)
                                                         _0291_ (net)
                      0.016594    0.000000    0.201946 v u_input_buffer.mem[8][3]$_DFFE_PP_/D (sg13g2_dfrbpq_1)
                                              0.201946   data arrival time

                      0.150000    0.000000    0.000000   clock clk (rise edge)
                                  0.000000    0.000000   clock network delay (ideal)
                                  0.250000    0.250000   clock uncertainty
                                  0.000000    0.250000   clock reconvergence pessimism
                                              0.250000 ^ u_input_buffer.mem[8][3]$_DFFE_PP_/CLK (sg13g2_dfrbpq_1)
                                 -0.000639    0.249361   library hold time
                                              0.249361   data required time
---------------------------------------------------------------------------------------------
                                              0.249361   data required time
                                             -0.201946   data arrival time
---------------------------------------------------------------------------------------------
                                             -0.047415   slack (VIOLATED)


Startpoint: u_input_buffer.mem[8][4]$_DFFE_PP_
            (rising edge-triggered flip-flop clocked by clk)
Endpoint: u_input_buffer.mem[8][4]$_DFFE_PP_
          (rising edge-triggered flip-flop clocked by clk)
Path Group: clk
Path Type: min

Fanout         Cap        Slew       Delay        Time   Description
---------------------------------------------------------------------------------------------
                      0.150000    0.000000    0.000000   clock clk (rise edge)
                                  0.000000    0.000000   clock network delay (ideal)
                      0.150000    0.000000    0.000000 ^ u_input_buffer.mem[8][4]$_DFFE_PP_/CLK (sg13g2_dfrbpq_1)
     2    0.005999    0.019859    0.156440    0.156440 v u_input_buffer.mem[8][4]$_DFFE_PP_/Q (sg13g2_dfrbpq_1)
                                                         u_input_buffer.mem[8][4] (net)
                      0.019859    0.000000    0.156440 v _3648_/A (sg13g2_nand2_1)
     1    0.003500    0.017314    0.021616    0.178055 ^ _3648_/Y (sg13g2_nand2_1)
                                                         _0747_ (net)
                      0.017314    0.000000    0.178055 ^ _3649_/B1 (sg13g2_o21ai_1)
     1    0.001523    0.016594    0.023891    0.201946 v _3649_/Y (sg13g2_o21ai_1)
                                                         _0292_ (net)
                      0.016594    0.000000    0.201946 v u_input_buffer.mem[8][4]$_DFFE_PP_/D (sg13g2_dfrbpq_1)
                                              0.201946   data arrival time

                      0.150000    0.000000    0.000000   clock clk (rise edge)
                                  0.000000    0.000000   clock network delay (ideal)
                                  0.250000    0.250000   clock uncertainty
                                  0.000000    0.250000   clock reconvergence pessimism
                                              0.250000 ^ u_input_buffer.mem[8][4]$_DFFE_PP_/CLK (sg13g2_dfrbpq_1)
                                 -0.000639    0.249361   library hold time
                                              0.249361   data required time
---------------------------------------------------------------------------------------------
                                              0.249361   data required time
                                             -0.201946   data arrival time
---------------------------------------------------------------------------------------------
                                             -0.047415   slack (VIOLATED)


Startpoint: u_input_buffer.mem[8][5]$_DFFE_PP_
            (rising edge-triggered flip-flop clocked by clk)
Endpoint: u_input_buffer.mem[8][5]$_DFFE_PP_
          (rising edge-triggered flip-flop clocked by clk)
Path Group: clk
Path Type: min

Fanout         Cap        Slew       Delay        Time   Description
---------------------------------------------------------------------------------------------
                      0.150000    0.000000    0.000000   clock clk (rise edge)
                                  0.000000    0.000000   clock network delay (ideal)
                      0.150000    0.000000    0.000000 ^ u_input_buffer.mem[8][5]$_DFFE_PP_/CLK (sg13g2_dfrbpq_1)
     2    0.005999    0.019859    0.156440    0.156440 v u_input_buffer.mem[8][5]$_DFFE_PP_/Q (sg13g2_dfrbpq_1)
                                                         u_input_buffer.mem[8][5] (net)
                      0.019859    0.000000    0.156440 v _3650_/A (sg13g2_nand2_1)
     1    0.003500    0.017314    0.021616    0.178055 ^ _3650_/Y (sg13g2_nand2_1)
                                                         _0748_ (net)
                      0.017314    0.000000    0.178055 ^ _3651_/B1 (sg13g2_o21ai_1)
     1    0.001523    0.016594    0.023891    0.201946 v _3651_/Y (sg13g2_o21ai_1)
                                                         _0293_ (net)
                      0.016594    0.000000    0.201946 v u_input_buffer.mem[8][5]$_DFFE_PP_/D (sg13g2_dfrbpq_1)
                                              0.201946   data arrival time

                      0.150000    0.000000    0.000000   clock clk (rise edge)
                                  0.000000    0.000000   clock network delay (ideal)
                                  0.250000    0.250000   clock uncertainty
                                  0.000000    0.250000   clock reconvergence pessimism
                                              0.250000 ^ u_input_buffer.mem[8][5]$_DFFE_PP_/CLK (sg13g2_dfrbpq_1)
                                 -0.000639    0.249361   library hold time
                                              0.249361   data required time
---------------------------------------------------------------------------------------------
                                              0.249361   data required time
                                             -0.201946   data arrival time
---------------------------------------------------------------------------------------------
                                             -0.047415   slack (VIOLATED)


Startpoint: u_input_buffer.mem[8][6]$_DFFE_PP_
            (rising edge-triggered flip-flop clocked by clk)
Endpoint: u_input_buffer.mem[8][6]$_DFFE_PP_
          (rising edge-triggered flip-flop clocked by clk)
Path Group: clk
Path Type: min

Fanout         Cap        Slew       Delay        Time   Description
---------------------------------------------------------------------------------------------
                      0.150000    0.000000    0.000000   clock clk (rise edge)
                                  0.000000    0.000000   clock network delay (ideal)
                      0.150000    0.000000    0.000000 ^ u_input_buffer.mem[8][6]$_DFFE_PP_/CLK (sg13g2_dfrbpq_1)
     2    0.005999    0.019859    0.156440    0.156440 v u_input_buffer.mem[8][6]$_DFFE_PP_/Q (sg13g2_dfrbpq_1)
                                                         u_input_buffer.mem[8][6] (net)
                      0.019859    0.000000    0.156440 v _3652_/A (sg13g2_nand2_1)
     1    0.003500    0.017314    0.021616    0.178055 ^ _3652_/Y (sg13g2_nand2_1)
                                                         _0749_ (net)
                      0.017314    0.000000    0.178055 ^ _3653_/B1 (sg13g2_o21ai_1)
     1    0.001523    0.016594    0.023891    0.201946 v _3653_/Y (sg13g2_o21ai_1)
                                                         _0294_ (net)
                      0.016594    0.000000    0.201946 v u_input_buffer.mem[8][6]$_DFFE_PP_/D (sg13g2_dfrbpq_1)
                                              0.201946   data arrival time

                      0.150000    0.000000    0.000000   clock clk (rise edge)
                                  0.000000    0.000000   clock network delay (ideal)
                                  0.250000    0.250000   clock uncertainty
                                  0.000000    0.250000   clock reconvergence pessimism
                                              0.250000 ^ u_input_buffer.mem[8][6]$_DFFE_PP_/CLK (sg13g2_dfrbpq_1)
                                 -0.000639    0.249361   library hold time
                                              0.249361   data required time
---------------------------------------------------------------------------------------------
                                              0.249361   data required time
                                             -0.201946   data arrival time
---------------------------------------------------------------------------------------------
                                             -0.047415   slack (VIOLATED)


Startpoint: u_input_buffer.mem[8][7]$_DFFE_PP_
            (rising edge-triggered flip-flop clocked by clk)
Endpoint: u_input_buffer.mem[8][7]$_DFFE_PP_
          (rising edge-triggered flip-flop clocked by clk)
Path Group: clk
Path Type: min

Fanout         Cap        Slew       Delay        Time   Description
---------------------------------------------------------------------------------------------
                      0.150000    0.000000    0.000000   clock clk (rise edge)
                                  0.000000    0.000000   clock network delay (ideal)
                      0.150000    0.000000    0.000000 ^ u_input_buffer.mem[8][7]$_DFFE_PP_/CLK (sg13g2_dfrbpq_1)
     2    0.005999    0.019859    0.156440    0.156440 v u_input_buffer.mem[8][7]$_DFFE_PP_/Q (sg13g2_dfrbpq_1)
                                                         u_input_buffer.mem[8][7] (net)
                      0.019859    0.000000    0.156440 v _3654_/A (sg13g2_nand2_1)
     1    0.003500    0.017314    0.021616    0.178055 ^ _3654_/Y (sg13g2_nand2_1)
                                                         _0750_ (net)
                      0.017314    0.000000    0.178055 ^ _3655_/B1 (sg13g2_o21ai_1)
     1    0.001523    0.016594    0.023891    0.201946 v _3655_/Y (sg13g2_o21ai_1)
                                                         _0295_ (net)
                      0.016594    0.000000    0.201946 v u_input_buffer.mem[8][7]$_DFFE_PP_/D (sg13g2_dfrbpq_1)
                                              0.201946   data arrival time

                      0.150000    0.000000    0.000000   clock clk (rise edge)
                                  0.000000    0.000000   clock network delay (ideal)
                                  0.250000    0.250000   clock uncertainty
                                  0.000000    0.250000   clock reconvergence pessimism
                                              0.250000 ^ u_input_buffer.mem[8][7]$_DFFE_PP_/CLK (sg13g2_dfrbpq_1)
                                 -0.000639    0.249361   library hold time
                                              0.249361   data required time
---------------------------------------------------------------------------------------------
                                              0.249361   data required time
                                             -0.201946   data arrival time
---------------------------------------------------------------------------------------------
                                             -0.047415   slack (VIOLATED)


Startpoint: u_input_buffer.mem[9][0]$_DFFE_PP_
            (rising edge-triggered flip-flop clocked by clk)
Endpoint: u_input_buffer.mem[9][0]$_DFFE_PP_
          (rising edge-triggered flip-flop clocked by clk)
Path Group: clk
Path Type: min

Fanout         Cap        Slew       Delay        Time   Description
---------------------------------------------------------------------------------------------
                      0.150000    0.000000    0.000000   clock clk (rise edge)
                                  0.000000    0.000000   clock network delay (ideal)
                      0.150000    0.000000    0.000000 ^ u_input_buffer.mem[9][0]$_DFFE_PP_/CLK (sg13g2_dfrbpq_1)
     2    0.005999    0.019859    0.156440    0.156440 v u_input_buffer.mem[9][0]$_DFFE_PP_/Q (sg13g2_dfrbpq_1)
                                                         u_input_buffer.mem[9][0] (net)
                      0.019859    0.000000    0.156440 v _3657_/A (sg13g2_nand2_1)
     1    0.003500    0.017314    0.021616    0.178055 ^ _3657_/Y (sg13g2_nand2_1)
                                                         _0752_ (net)
                      0.017314    0.000000    0.178055 ^ _3658_/B1 (sg13g2_o21ai_1)
     1    0.001523    0.016594    0.023891    0.201946 v _3658_/Y (sg13g2_o21ai_1)
                                                         _0296_ (net)
                      0.016594    0.000000    0.201946 v u_input_buffer.mem[9][0]$_DFFE_PP_/D (sg13g2_dfrbpq_1)
                                              0.201946   data arrival time

                      0.150000    0.000000    0.000000   clock clk (rise edge)
                                  0.000000    0.000000   clock network delay (ideal)
                                  0.250000    0.250000   clock uncertainty
                                  0.000000    0.250000   clock reconvergence pessimism
                                              0.250000 ^ u_input_buffer.mem[9][0]$_DFFE_PP_/CLK (sg13g2_dfrbpq_1)
                                 -0.000639    0.249361   library hold time
                                              0.249361   data required time
---------------------------------------------------------------------------------------------
                                              0.249361   data required time
                                             -0.201946   data arrival time
---------------------------------------------------------------------------------------------
                                             -0.047415   slack (VIOLATED)


Startpoint: u_input_buffer.mem[9][1]$_DFFE_PP_
            (rising edge-triggered flip-flop clocked by clk)
Endpoint: u_input_buffer.mem[9][1]$_DFFE_PP_
          (rising edge-triggered flip-flop clocked by clk)
Path Group: clk
Path Type: min

Fanout         Cap        Slew       Delay        Time   Description
---------------------------------------------------------------------------------------------
                      0.150000    0.000000    0.000000   clock clk (rise edge)
                                  0.000000    0.000000   clock network delay (ideal)
                      0.150000    0.000000    0.000000 ^ u_input_buffer.mem[9][1]$_DFFE_PP_/CLK (sg13g2_dfrbpq_1)
     2    0.005999    0.019859    0.156440    0.156440 v u_input_buffer.mem[9][1]$_DFFE_PP_/Q (sg13g2_dfrbpq_1)
                                                         u_input_buffer.mem[9][1] (net)
                      0.019859    0.000000    0.156440 v _3659_/A (sg13g2_nand2_1)
     1    0.003500    0.017314    0.021616    0.178055 ^ _3659_/Y (sg13g2_nand2_1)
                                                         _0753_ (net)
                      0.017314    0.000000    0.178055 ^ _3660_/B1 (sg13g2_o21ai_1)
     1    0.001523    0.016594    0.023891    0.201946 v _3660_/Y (sg13g2_o21ai_1)
                                                         _0297_ (net)
                      0.016594    0.000000    0.201946 v u_input_buffer.mem[9][1]$_DFFE_PP_/D (sg13g2_dfrbpq_1)
                                              0.201946   data arrival time

                      0.150000    0.000000    0.000000   clock clk (rise edge)
                                  0.000000    0.000000   clock network delay (ideal)
                                  0.250000    0.250000   clock uncertainty
                                  0.000000    0.250000   clock reconvergence pessimism
                                              0.250000 ^ u_input_buffer.mem[9][1]$_DFFE_PP_/CLK (sg13g2_dfrbpq_1)
                                 -0.000639    0.249361   library hold time
                                              0.249361   data required time
---------------------------------------------------------------------------------------------
                                              0.249361   data required time
                                             -0.201946   data arrival time
---------------------------------------------------------------------------------------------
                                             -0.047415   slack (VIOLATED)


Startpoint: u_input_buffer.mem[9][2]$_DFFE_PP_
            (rising edge-triggered flip-flop clocked by clk)
Endpoint: u_input_buffer.mem[9][2]$_DFFE_PP_
          (rising edge-triggered flip-flop clocked by clk)
Path Group: clk
Path Type: min

Fanout         Cap        Slew       Delay        Time   Description
---------------------------------------------------------------------------------------------
                      0.150000    0.000000    0.000000   clock clk (rise edge)
                                  0.000000    0.000000   clock network delay (ideal)
                      0.150000    0.000000    0.000000 ^ u_input_buffer.mem[9][2]$_DFFE_PP_/CLK (sg13g2_dfrbpq_1)
     2    0.005999    0.019859    0.156440    0.156440 v u_input_buffer.mem[9][2]$_DFFE_PP_/Q (sg13g2_dfrbpq_1)
                                                         u_input_buffer.mem[9][2] (net)
                      0.019859    0.000000    0.156440 v _3661_/A (sg13g2_nand2_1)
     1    0.003500    0.017314    0.021616    0.178055 ^ _3661_/Y (sg13g2_nand2_1)
                                                         _0754_ (net)
                      0.017314    0.000000    0.178055 ^ _3662_/B1 (sg13g2_o21ai_1)
     1    0.001523    0.016594    0.023891    0.201946 v _3662_/Y (sg13g2_o21ai_1)
                                                         _0298_ (net)
                      0.016594    0.000000    0.201946 v u_input_buffer.mem[9][2]$_DFFE_PP_/D (sg13g2_dfrbpq_1)
                                              0.201946   data arrival time

                      0.150000    0.000000    0.000000   clock clk (rise edge)
                                  0.000000    0.000000   clock network delay (ideal)
                                  0.250000    0.250000   clock uncertainty
                                  0.000000    0.250000   clock reconvergence pessimism
                                              0.250000 ^ u_input_buffer.mem[9][2]$_DFFE_PP_/CLK (sg13g2_dfrbpq_1)
                                 -0.000639    0.249361   library hold time
                                              0.249361   data required time
---------------------------------------------------------------------------------------------
                                              0.249361   data required time
                                             -0.201946   data arrival time
---------------------------------------------------------------------------------------------
                                             -0.047415   slack (VIOLATED)


Startpoint: u_input_buffer.mem[9][3]$_DFFE_PP_
            (rising edge-triggered flip-flop clocked by clk)
Endpoint: u_input_buffer.mem[9][3]$_DFFE_PP_
          (rising edge-triggered flip-flop clocked by clk)
Path Group: clk
Path Type: min

Fanout         Cap        Slew       Delay        Time   Description
---------------------------------------------------------------------------------------------
                      0.150000    0.000000    0.000000   clock clk (rise edge)
                                  0.000000    0.000000   clock network delay (ideal)
                      0.150000    0.000000    0.000000 ^ u_input_buffer.mem[9][3]$_DFFE_PP_/CLK (sg13g2_dfrbpq_1)
     2    0.005999    0.019859    0.156440    0.156440 v u_input_buffer.mem[9][3]$_DFFE_PP_/Q (sg13g2_dfrbpq_1)
                                                         u_input_buffer.mem[9][3] (net)
                      0.019859    0.000000    0.156440 v _3663_/A (sg13g2_nand2_1)
     1    0.003500    0.017314    0.021616    0.178055 ^ _3663_/Y (sg13g2_nand2_1)
                                                         _0755_ (net)
                      0.017314    0.000000    0.178055 ^ _3664_/B1 (sg13g2_o21ai_1)
     1    0.001523    0.016594    0.023891    0.201946 v _3664_/Y (sg13g2_o21ai_1)
                                                         _0299_ (net)
                      0.016594    0.000000    0.201946 v u_input_buffer.mem[9][3]$_DFFE_PP_/D (sg13g2_dfrbpq_1)
                                              0.201946   data arrival time

                      0.150000    0.000000    0.000000   clock clk (rise edge)
                                  0.000000    0.000000   clock network delay (ideal)
                                  0.250000    0.250000   clock uncertainty
                                  0.000000    0.250000   clock reconvergence pessimism
                                              0.250000 ^ u_input_buffer.mem[9][3]$_DFFE_PP_/CLK (sg13g2_dfrbpq_1)
                                 -0.000639    0.249361   library hold time
                                              0.249361   data required time
---------------------------------------------------------------------------------------------
                                              0.249361   data required time
                                             -0.201946   data arrival time
---------------------------------------------------------------------------------------------
                                             -0.047415   slack (VIOLATED)


Startpoint: u_input_buffer.mem[9][4]$_DFFE_PP_
            (rising edge-triggered flip-flop clocked by clk)
Endpoint: u_input_buffer.mem[9][4]$_DFFE_PP_
          (rising edge-triggered flip-flop clocked by clk)
Path Group: clk
Path Type: min

Fanout         Cap        Slew       Delay        Time   Description
---------------------------------------------------------------------------------------------
                      0.150000    0.000000    0.000000   clock clk (rise edge)
                                  0.000000    0.000000   clock network delay (ideal)
                      0.150000    0.000000    0.000000 ^ u_input_buffer.mem[9][4]$_DFFE_PP_/CLK (sg13g2_dfrbpq_1)
     2    0.005999    0.019859    0.156440    0.156440 v u_input_buffer.mem[9][4]$_DFFE_PP_/Q (sg13g2_dfrbpq_1)
                                                         u_input_buffer.mem[9][4] (net)
                      0.019859    0.000000    0.156440 v _3665_/A (sg13g2_nand2_1)
     1    0.003500    0.017314    0.021616    0.178055 ^ _3665_/Y (sg13g2_nand2_1)
                                                         _0756_ (net)
                      0.017314    0.000000    0.178055 ^ _3666_/B1 (sg13g2_o21ai_1)
     1    0.001523    0.016594    0.023891    0.201946 v _3666_/Y (sg13g2_o21ai_1)
                                                         _0300_ (net)
                      0.016594    0.000000    0.201946 v u_input_buffer.mem[9][4]$_DFFE_PP_/D (sg13g2_dfrbpq_1)
                                              0.201946   data arrival time

                      0.150000    0.000000    0.000000   clock clk (rise edge)
                                  0.000000    0.000000   clock network delay (ideal)
                                  0.250000    0.250000   clock uncertainty
                                  0.000000    0.250000   clock reconvergence pessimism
                                              0.250000 ^ u_input_buffer.mem[9][4]$_DFFE_PP_/CLK (sg13g2_dfrbpq_1)
                                 -0.000639    0.249361   library hold time
                                              0.249361   data required time
---------------------------------------------------------------------------------------------
                                              0.249361   data required time
                                             -0.201946   data arrival time
---------------------------------------------------------------------------------------------
                                             -0.047415   slack (VIOLATED)


Startpoint: u_input_buffer.mem[9][5]$_DFFE_PP_
            (rising edge-triggered flip-flop clocked by clk)
Endpoint: u_input_buffer.mem[9][5]$_DFFE_PP_
          (rising edge-triggered flip-flop clocked by clk)
Path Group: clk
Path Type: min

Fanout         Cap        Slew       Delay        Time   Description
---------------------------------------------------------------------------------------------
                      0.150000    0.000000    0.000000   clock clk (rise edge)
                                  0.000000    0.000000   clock network delay (ideal)
                      0.150000    0.000000    0.000000 ^ u_input_buffer.mem[9][5]$_DFFE_PP_/CLK (sg13g2_dfrbpq_1)
     2    0.005999    0.019859    0.156440    0.156440 v u_input_buffer.mem[9][5]$_DFFE_PP_/Q (sg13g2_dfrbpq_1)
                                                         u_input_buffer.mem[9][5] (net)
                      0.019859    0.000000    0.156440 v _3667_/A (sg13g2_nand2_1)
     1    0.003500    0.017314    0.021616    0.178055 ^ _3667_/Y (sg13g2_nand2_1)
                                                         _0757_ (net)
                      0.017314    0.000000    0.178055 ^ _3668_/B1 (sg13g2_o21ai_1)
     1    0.001523    0.016594    0.023891    0.201946 v _3668_/Y (sg13g2_o21ai_1)
                                                         _0301_ (net)
                      0.016594    0.000000    0.201946 v u_input_buffer.mem[9][5]$_DFFE_PP_/D (sg13g2_dfrbpq_1)
                                              0.201946   data arrival time

                      0.150000    0.000000    0.000000   clock clk (rise edge)
                                  0.000000    0.000000   clock network delay (ideal)
                                  0.250000    0.250000   clock uncertainty
                                  0.000000    0.250000   clock reconvergence pessimism
                                              0.250000 ^ u_input_buffer.mem[9][5]$_DFFE_PP_/CLK (sg13g2_dfrbpq_1)
                                 -0.000639    0.249361   library hold time
                                              0.249361   data required time
---------------------------------------------------------------------------------------------
                                              0.249361   data required time
                                             -0.201946   data arrival time
---------------------------------------------------------------------------------------------
                                             -0.047415   slack (VIOLATED)


Startpoint: u_input_buffer.mem[9][6]$_DFFE_PP_
            (rising edge-triggered flip-flop clocked by clk)
Endpoint: u_input_buffer.mem[9][6]$_DFFE_PP_
          (rising edge-triggered flip-flop clocked by clk)
Path Group: clk
Path Type: min

Fanout         Cap        Slew       Delay        Time   Description
---------------------------------------------------------------------------------------------
                      0.150000    0.000000    0.000000   clock clk (rise edge)
                                  0.000000    0.000000   clock network delay (ideal)
                      0.150000    0.000000    0.000000 ^ u_input_buffer.mem[9][6]$_DFFE_PP_/CLK (sg13g2_dfrbpq_1)
     2    0.005999    0.019859    0.156440    0.156440 v u_input_buffer.mem[9][6]$_DFFE_PP_/Q (sg13g2_dfrbpq_1)
                                                         u_input_buffer.mem[9][6] (net)
                      0.019859    0.000000    0.156440 v _3669_/A (sg13g2_nand2_1)
     1    0.003500    0.017314    0.021616    0.178055 ^ _3669_/Y (sg13g2_nand2_1)
                                                         _0758_ (net)
                      0.017314    0.000000    0.178055 ^ _3670_/B1 (sg13g2_o21ai_1)
     1    0.001523    0.016594    0.023891    0.201946 v _3670_/Y (sg13g2_o21ai_1)
                                                         _0302_ (net)
                      0.016594    0.000000    0.201946 v u_input_buffer.mem[9][6]$_DFFE_PP_/D (sg13g2_dfrbpq_1)
                                              0.201946   data arrival time

                      0.150000    0.000000    0.000000   clock clk (rise edge)
                                  0.000000    0.000000   clock network delay (ideal)
                                  0.250000    0.250000   clock uncertainty
                                  0.000000    0.250000   clock reconvergence pessimism
                                              0.250000 ^ u_input_buffer.mem[9][6]$_DFFE_PP_/CLK (sg13g2_dfrbpq_1)
                                 -0.000639    0.249361   library hold time
                                              0.249361   data required time
---------------------------------------------------------------------------------------------
                                              0.249361   data required time
                                             -0.201946   data arrival time
---------------------------------------------------------------------------------------------
                                             -0.047415   slack (VIOLATED)


Startpoint: u_input_buffer.mem[9][7]$_DFFE_PP_
            (rising edge-triggered flip-flop clocked by clk)
Endpoint: u_input_buffer.mem[9][7]$_DFFE_PP_
          (rising edge-triggered flip-flop clocked by clk)
Path Group: clk
Path Type: min

Fanout         Cap        Slew       Delay        Time   Description
---------------------------------------------------------------------------------------------
                      0.150000    0.000000    0.000000   clock clk (rise edge)
                                  0.000000    0.000000   clock network delay (ideal)
                      0.150000    0.000000    0.000000 ^ u_input_buffer.mem[9][7]$_DFFE_PP_/CLK (sg13g2_dfrbpq_1)
     2    0.005999    0.019859    0.156440    0.156440 v u_input_buffer.mem[9][7]$_DFFE_PP_/Q (sg13g2_dfrbpq_1)
                                                         u_input_buffer.mem[9][7] (net)
                      0.019859    0.000000    0.156440 v _3671_/A (sg13g2_nand2_1)
     1    0.003500    0.017314    0.021616    0.178055 ^ _3671_/Y (sg13g2_nand2_1)
                                                         _0759_ (net)
                      0.017314    0.000000    0.178055 ^ _3672_/B1 (sg13g2_o21ai_1)
     1    0.001523    0.016594    0.023891    0.201946 v _3672_/Y (sg13g2_o21ai_1)
                                                         _0303_ (net)
                      0.016594    0.000000    0.201946 v u_input_buffer.mem[9][7]$_DFFE_PP_/D (sg13g2_dfrbpq_1)
                                              0.201946   data arrival time

                      0.150000    0.000000    0.000000   clock clk (rise edge)
                                  0.000000    0.000000   clock network delay (ideal)
                                  0.250000    0.250000   clock uncertainty
                                  0.000000    0.250000   clock reconvergence pessimism
                                              0.250000 ^ u_input_buffer.mem[9][7]$_DFFE_PP_/CLK (sg13g2_dfrbpq_1)
                                 -0.000639    0.249361   library hold time
                                              0.249361   data required time
---------------------------------------------------------------------------------------------
                                              0.249361   data required time
                                             -0.201946   data arrival time
---------------------------------------------------------------------------------------------
                                             -0.047415   slack (VIOLATED)


Startpoint: u_input_buffer.mem[31][0]$_DFFE_PP_
            (rising edge-triggered flip-flop clocked by clk)
Endpoint: u_input_buffer.mem[31][0]$_DFFE_PP_
          (rising edge-triggered flip-flop clocked by clk)
Path Group: clk
Path Type: min

Fanout         Cap        Slew       Delay        Time   Description
---------------------------------------------------------------------------------------------
                      0.150000    0.000000    0.000000   clock clk (rise edge)
                                  0.000000    0.000000   clock network delay (ideal)
                      0.150000    0.000000    0.000000 ^ u_input_buffer.mem[31][0]$_DFFE_PP_/CLK (sg13g2_dfrbpq_1)
     2    0.006070    0.019998    0.156556    0.156556 v u_input_buffer.mem[31][0]$_DFFE_PP_/Q (sg13g2_dfrbpq_1)
                                                         u_input_buffer.mem[31][0] (net)
                      0.019998    0.000000    0.156556 v _3537_/A (sg13g2_nand2_1)
     1    0.003500    0.017340    0.021643    0.178200 ^ _3537_/Y (sg13g2_nand2_1)
                                                         _0688_ (net)
                      0.017340    0.000000    0.178200 ^ _3538_/B1 (sg13g2_o21ai_1)
     1    0.001523    0.016598    0.023896    0.202096 v _3538_/Y (sg13g2_o21ai_1)
                                                         _0240_ (net)
                      0.016598    0.000000    0.202096 v u_input_buffer.mem[31][0]$_DFFE_PP_/D (sg13g2_dfrbpq_1)
                                              0.202096   data arrival time

                      0.150000    0.000000    0.000000   clock clk (rise edge)
                                  0.000000    0.000000   clock network delay (ideal)
                                  0.250000    0.250000   clock uncertainty
                                  0.000000    0.250000   clock reconvergence pessimism
                                              0.250000 ^ u_input_buffer.mem[31][0]$_DFFE_PP_/CLK (sg13g2_dfrbpq_1)
                                 -0.000640    0.249360   library hold time
                                              0.249360   data required time
---------------------------------------------------------------------------------------------
                                              0.249360   data required time
                                             -0.202096   data arrival time
---------------------------------------------------------------------------------------------
                                             -0.047264   slack (VIOLATED)


Startpoint: u_input_buffer.mem[31][2]$_DFFE_PP_
            (rising edge-triggered flip-flop clocked by clk)
Endpoint: u_input_buffer.mem[31][2]$_DFFE_PP_
          (rising edge-triggered flip-flop clocked by clk)
Path Group: clk
Path Type: min

Fanout         Cap        Slew       Delay        Time   Description
---------------------------------------------------------------------------------------------
                      0.150000    0.000000    0.000000   clock clk (rise edge)
                                  0.000000    0.000000   clock network delay (ideal)
                      0.150000    0.000000    0.000000 ^ u_input_buffer.mem[31][2]$_DFFE_PP_/CLK (sg13g2_dfrbpq_1)
     2    0.006073    0.020003    0.156560    0.156560 v u_input_buffer.mem[31][2]$_DFFE_PP_/Q (sg13g2_dfrbpq_1)
                                                         u_input_buffer.mem[31][2] (net)
                      0.020003    0.000000    0.156560 v _3541_/A (sg13g2_nand2_1)
     1    0.003500    0.017341    0.021644    0.178205 ^ _3541_/Y (sg13g2_nand2_1)
                                                         _0690_ (net)
                      0.017341    0.000000    0.178205 ^ _3542_/B1 (sg13g2_o21ai_1)
     1    0.001523    0.016598    0.023896    0.202101 v _3542_/Y (sg13g2_o21ai_1)
                                                         _0242_ (net)
                      0.016598    0.000000    0.202101 v u_input_buffer.mem[31][2]$_DFFE_PP_/D (sg13g2_dfrbpq_1)
                                              0.202101   data arrival time

                      0.150000    0.000000    0.000000   clock clk (rise edge)
                                  0.000000    0.000000   clock network delay (ideal)
                                  0.250000    0.250000   clock uncertainty
                                  0.000000    0.250000   clock reconvergence pessimism
                                              0.250000 ^ u_input_buffer.mem[31][2]$_DFFE_PP_/CLK (sg13g2_dfrbpq_1)
                                 -0.000640    0.249360   library hold time
                                              0.249360   data required time
---------------------------------------------------------------------------------------------
                                              0.249360   data required time
                                             -0.202101   data arrival time
---------------------------------------------------------------------------------------------
                                             -0.047259   slack (VIOLATED)


Startpoint: u_input_buffer.mem[31][4]$_DFFE_PP_
            (rising edge-triggered flip-flop clocked by clk)
Endpoint: u_input_buffer.mem[31][4]$_DFFE_PP_
          (rising edge-triggered flip-flop clocked by clk)
Path Group: clk
Path Type: min

Fanout         Cap        Slew       Delay        Time   Description
---------------------------------------------------------------------------------------------
                      0.150000    0.000000    0.000000   clock clk (rise edge)
                                  0.000000    0.000000   clock network delay (ideal)
                      0.150000    0.000000    0.000000 ^ u_input_buffer.mem[31][4]$_DFFE_PP_/CLK (sg13g2_dfrbpq_1)
     2    0.006073    0.020003    0.156560    0.156560 v u_input_buffer.mem[31][4]$_DFFE_PP_/Q (sg13g2_dfrbpq_1)
                                                         u_input_buffer.mem[31][4] (net)
                      0.020003    0.000000    0.156560 v _3545_/A (sg13g2_nand2_1)
     1    0.003500    0.017341    0.021644    0.178205 ^ _3545_/Y (sg13g2_nand2_1)
                                                         _0692_ (net)
                      0.017341    0.000000    0.178205 ^ _3546_/B1 (sg13g2_o21ai_1)
     1    0.001523    0.016598    0.023896    0.202101 v _3546_/Y (sg13g2_o21ai_1)
                                                         _0244_ (net)
                      0.016598    0.000000    0.202101 v u_input_buffer.mem[31][4]$_DFFE_PP_/D (sg13g2_dfrbpq_1)
                                              0.202101   data arrival time

                      0.150000    0.000000    0.000000   clock clk (rise edge)
                                  0.000000    0.000000   clock network delay (ideal)
                                  0.250000    0.250000   clock uncertainty
                                  0.000000    0.250000   clock reconvergence pessimism
                                              0.250000 ^ u_input_buffer.mem[31][4]$_DFFE_PP_/CLK (sg13g2_dfrbpq_1)
                                 -0.000640    0.249360   library hold time
                                              0.249360   data required time
---------------------------------------------------------------------------------------------
                                              0.249360   data required time
                                             -0.202101   data arrival time
---------------------------------------------------------------------------------------------
                                             -0.047259   slack (VIOLATED)


Startpoint: u_input_buffer.mem[31][5]$_DFFE_PP_
            (rising edge-triggered flip-flop clocked by clk)
Endpoint: u_input_buffer.mem[31][5]$_DFFE_PP_
          (rising edge-triggered flip-flop clocked by clk)
Path Group: clk
Path Type: min

Fanout         Cap        Slew       Delay        Time   Description
---------------------------------------------------------------------------------------------
                      0.150000    0.000000    0.000000   clock clk (rise edge)
                                  0.000000    0.000000   clock network delay (ideal)
                      0.150000    0.000000    0.000000 ^ u_input_buffer.mem[31][5]$_DFFE_PP_/CLK (sg13g2_dfrbpq_1)
     2    0.006073    0.020003    0.156560    0.156560 v u_input_buffer.mem[31][5]$_DFFE_PP_/Q (sg13g2_dfrbpq_1)
                                                         u_input_buffer.mem[31][5] (net)
                      0.020003    0.000000    0.156560 v _3547_/A (sg13g2_nand2_1)
     1    0.003500    0.017341    0.021644    0.178205 ^ _3547_/Y (sg13g2_nand2_1)
                                                         _0693_ (net)
                      0.017341    0.000000    0.178205 ^ _3548_/B1 (sg13g2_o21ai_1)
     1    0.001523    0.016598    0.023896    0.202101 v _3548_/Y (sg13g2_o21ai_1)
                                                         _0245_ (net)
                      0.016598    0.000000    0.202101 v u_input_buffer.mem[31][5]$_DFFE_PP_/D (sg13g2_dfrbpq_1)
                                              0.202101   data arrival time

                      0.150000    0.000000    0.000000   clock clk (rise edge)
                                  0.000000    0.000000   clock network delay (ideal)
                                  0.250000    0.250000   clock uncertainty
                                  0.000000    0.250000   clock reconvergence pessimism
                                              0.250000 ^ u_input_buffer.mem[31][5]$_DFFE_PP_/CLK (sg13g2_dfrbpq_1)
                                 -0.000640    0.249360   library hold time
                                              0.249360   data required time
---------------------------------------------------------------------------------------------
                                              0.249360   data required time
                                             -0.202101   data arrival time
---------------------------------------------------------------------------------------------
                                             -0.047259   slack (VIOLATED)


Startpoint: u_input_buffer.mem[31][6]$_DFFE_PP_
            (rising edge-triggered flip-flop clocked by clk)
Endpoint: u_input_buffer.mem[31][6]$_DFFE_PP_
          (rising edge-triggered flip-flop clocked by clk)
Path Group: clk
Path Type: min

Fanout         Cap        Slew       Delay        Time   Description
---------------------------------------------------------------------------------------------
                      0.150000    0.000000    0.000000   clock clk (rise edge)
                                  0.000000    0.000000   clock network delay (ideal)
                      0.150000    0.000000    0.000000 ^ u_input_buffer.mem[31][6]$_DFFE_PP_/CLK (sg13g2_dfrbpq_1)
     2    0.006073    0.020003    0.156560    0.156560 v u_input_buffer.mem[31][6]$_DFFE_PP_/Q (sg13g2_dfrbpq_1)
                                                         u_input_buffer.mem[31][6] (net)
                      0.020003    0.000000    0.156560 v _3549_/A (sg13g2_nand2_1)
     1    0.003500    0.017341    0.021644    0.178205 ^ _3549_/Y (sg13g2_nand2_1)
                                                         _0694_ (net)
                      0.017341    0.000000    0.178205 ^ _3550_/B1 (sg13g2_o21ai_1)
     1    0.001523    0.016598    0.023896    0.202101 v _3550_/Y (sg13g2_o21ai_1)
                                                         _0246_ (net)
                      0.016598    0.000000    0.202101 v u_input_buffer.mem[31][6]$_DFFE_PP_/D (sg13g2_dfrbpq_1)
                                              0.202101   data arrival time

                      0.150000    0.000000    0.000000   clock clk (rise edge)
                                  0.000000    0.000000   clock network delay (ideal)
                                  0.250000    0.250000   clock uncertainty
                                  0.000000    0.250000   clock reconvergence pessimism
                                              0.250000 ^ u_input_buffer.mem[31][6]$_DFFE_PP_/CLK (sg13g2_dfrbpq_1)
                                 -0.000640    0.249360   library hold time
                                              0.249360   data required time
---------------------------------------------------------------------------------------------
                                              0.249360   data required time
                                             -0.202101   data arrival time
---------------------------------------------------------------------------------------------
                                             -0.047259   slack (VIOLATED)


Startpoint: u_input_buffer.mem[31][7]$_DFFE_PP_
            (rising edge-triggered flip-flop clocked by clk)
Endpoint: u_input_buffer.mem[31][7]$_DFFE_PP_
          (rising edge-triggered flip-flop clocked by clk)
Path Group: clk
Path Type: min

Fanout         Cap        Slew       Delay        Time   Description
---------------------------------------------------------------------------------------------
                      0.150000    0.000000    0.000000   clock clk (rise edge)
                                  0.000000    0.000000   clock network delay (ideal)
                      0.150000    0.000000    0.000000 ^ u_input_buffer.mem[31][7]$_DFFE_PP_/CLK (sg13g2_dfrbpq_1)
     2    0.006073    0.020003    0.156560    0.156560 v u_input_buffer.mem[31][7]$_DFFE_PP_/Q (sg13g2_dfrbpq_1)
                                                         u_input_buffer.mem[31][7] (net)
                      0.020003    0.000000    0.156560 v _3551_/A (sg13g2_nand2_1)
     1    0.003500    0.017341    0.021644    0.178205 ^ _3551_/Y (sg13g2_nand2_1)
                                                         _0695_ (net)
                      0.017341    0.000000    0.178205 ^ _3552_/B1 (sg13g2_o21ai_1)
     1    0.001523    0.016598    0.023896    0.202101 v _3552_/Y (sg13g2_o21ai_1)
                                                         _0247_ (net)
                      0.016598    0.000000    0.202101 v u_input_buffer.mem[31][7]$_DFFE_PP_/D (sg13g2_dfrbpq_1)
                                              0.202101   data arrival time

                      0.150000    0.000000    0.000000   clock clk (rise edge)
                                  0.000000    0.000000   clock network delay (ideal)
                                  0.250000    0.250000   clock uncertainty
                                  0.000000    0.250000   clock reconvergence pessimism
                                              0.250000 ^ u_input_buffer.mem[31][7]$_DFFE_PP_/CLK (sg13g2_dfrbpq_1)
                                 -0.000640    0.249360   library hold time
                                              0.249360   data required time
---------------------------------------------------------------------------------------------
                                              0.249360   data required time
                                             -0.202101   data arrival time
---------------------------------------------------------------------------------------------
                                             -0.047259   slack (VIOLATED)


Startpoint: u_input_buffer.mem[31][3]$_DFFE_PP_
            (rising edge-triggered flip-flop clocked by clk)
Endpoint: u_input_buffer.mem[31][3]$_DFFE_PP_
          (rising edge-triggered flip-flop clocked by clk)
Path Group: clk
Path Type: min

Fanout         Cap        Slew       Delay        Time   Description
---------------------------------------------------------------------------------------------
                      0.150000    0.000000    0.000000   clock clk (rise edge)
                                  0.000000    0.000000   clock network delay (ideal)
                      0.150000    0.000000    0.000000 ^ u_input_buffer.mem[31][3]$_DFFE_PP_/CLK (sg13g2_dfrbpq_1)
     2    0.006394    0.020632    0.157091    0.157091 v u_input_buffer.mem[31][3]$_DFFE_PP_/Q (sg13g2_dfrbpq_1)
                                                         u_input_buffer.mem[31][3] (net)
                      0.020632    0.000000    0.157091 v _3543_/A (sg13g2_nand2_1)
     1    0.003500    0.017459    0.021770    0.178861 ^ _3543_/Y (sg13g2_nand2_1)
                                                         _0691_ (net)
                      0.017459    0.000000    0.178861 ^ _3544_/B1 (sg13g2_o21ai_1)
     1    0.001523    0.016618    0.023919    0.202780 v _3544_/Y (sg13g2_o21ai_1)
                                                         _0243_ (net)
                      0.016618    0.000000    0.202780 v u_input_buffer.mem[31][3]$_DFFE_PP_/D (sg13g2_dfrbpq_1)
                                              0.202780   data arrival time

                      0.150000    0.000000    0.000000   clock clk (rise edge)
                                  0.000000    0.000000   clock network delay (ideal)
                                  0.250000    0.250000   clock uncertainty
                                  0.000000    0.250000   clock reconvergence pessimism
                                              0.250000 ^ u_input_buffer.mem[31][3]$_DFFE_PP_/CLK (sg13g2_dfrbpq_1)
                                 -0.000645    0.249355   library hold time
                                              0.249355   data required time
---------------------------------------------------------------------------------------------
                                              0.249355   data required time
                                             -0.202780   data arrival time
---------------------------------------------------------------------------------------------
                                             -0.046575   slack (VIOLATED)


Startpoint: u_ctrl.res_idx_r[0]$_SDFFE_PP0P_
            (rising edge-triggered flip-flop clocked by clk)
Endpoint: u_ctrl.res_idx_r[0]$_SDFFE_PP0P_
          (rising edge-triggered flip-flop clocked by clk)
Path Group: clk
Path Type: min

Fanout         Cap        Slew       Delay        Time   Description
---------------------------------------------------------------------------------------------
                      0.150000    0.000000    0.000000   clock clk (rise edge)
                                  0.000000    0.000000   clock network delay (ideal)
                      0.150000    0.000000    0.000000 ^ u_ctrl.res_idx_r[0]$_SDFFE_PP0P_/CLK (sg13g2_dfrbpq_1)
     2    0.005685    0.019242    0.155919    0.155919 v u_ctrl.res_idx_r[0]$_SDFFE_PP0P_/Q (sg13g2_dfrbpq_1)
                                                         res_index[0] (net)
                      0.019242    0.000000    0.155919 v _3081_/B (sg13g2_nor2_1)
     1    0.003189    0.030081    0.033076    0.188995 ^ _3081_/Y (sg13g2_nor2_1)
                                                         _0433_ (net)
                      0.030081    0.000000    0.188995 ^ _3082_/C (sg13g2_nor3_1)
     1    0.001523    0.013274    0.021280    0.210275 v _3082_/Y (sg13g2_nor3_1)
                                                         _0039_ (net)
                      0.013274    0.000000    0.210275 v u_ctrl.res_idx_r[0]$_SDFFE_PP0P_/D (sg13g2_dfrbpq_1)
                                              0.210275   data arrival time

                      0.150000    0.000000    0.000000   clock clk (rise edge)
                                  0.000000    0.000000   clock network delay (ideal)
                                  0.250000    0.250000   clock uncertainty
                                  0.000000    0.250000   clock reconvergence pessimism
                                              0.250000 ^ u_ctrl.res_idx_r[0]$_SDFFE_PP0P_/CLK (sg13g2_dfrbpq_1)
                                  0.000138    0.250138   library hold time
                                              0.250138   data required time
---------------------------------------------------------------------------------------------
                                              0.250138   data required time
                                             -0.210275   data arrival time
---------------------------------------------------------------------------------------------
                                             -0.039864   slack (VIOLATED)


Startpoint: u_mac_3.temp_res[0]$_SDFF_PP0_
            (rising edge-triggered flip-flop clocked by clk)
Endpoint: u_mac_3.temp_res[0]$_SDFF_PP0_
          (rising edge-triggered flip-flop clocked by clk)
Path Group: clk
Path Type: min

Fanout         Cap        Slew       Delay        Time   Description
---------------------------------------------------------------------------------------------
                      0.150000    0.000000    0.000000   clock clk (rise edge)
                                  0.000000    0.000000   clock network delay (ideal)
                      0.150000    0.000000    0.000000 ^ u_mac_3.temp_res[0]$_SDFF_PP0_/CLK (sg13g2_dfrbpq_1)
     3    0.009167    0.026069    0.161676    0.161676 v u_mac_3.temp_res[0]$_SDFF_PP0_/Q (sg13g2_dfrbpq_1)
                                                         u_mac_3.temp_res[0] (net)
                      0.026069    0.000000    0.161676 v _4575_/B1 (sg13g2_a21oi_1)
     1    0.003192    0.024519    0.028361    0.190037 ^ _4575_/Y (sg13g2_a21oi_1)
                                                         _1626_ (net)
                      0.024519    0.000000    0.190037 ^ _4578_/A (sg13g2_nor2_1)
     1    0.001523    0.011861    0.021479    0.211517 v _4578_/Y (sg13g2_nor2_1)
                                                         _0340_ (net)
                      0.011861    0.000000    0.211517 v u_mac_3.temp_res[0]$_SDFF_PP0_/D (sg13g2_dfrbpq_1)
                                              0.211517   data arrival time

                      0.150000    0.000000    0.000000   clock clk (rise edge)
                                  0.000000    0.000000   clock network delay (ideal)
                                  0.250000    0.250000   clock uncertainty
                                  0.000000    0.250000   clock reconvergence pessimism
                                              0.250000 ^ u_mac_3.temp_res[0]$_SDFF_PP0_/CLK (sg13g2_dfrbpq_1)
                                  0.000469    0.250469   library hold time
                                              0.250469   data required time
---------------------------------------------------------------------------------------------
                                              0.250469   data required time
                                             -0.211517   data arrival time
---------------------------------------------------------------------------------------------
                                             -0.038953   slack (VIOLATED)


Startpoint: u_mac_2.temp_res[0]$_SDFF_PP0_
            (rising edge-triggered flip-flop clocked by clk)
Endpoint: u_mac_2.temp_res[0]$_SDFF_PP0_
          (rising edge-triggered flip-flop clocked by clk)
Path Group: clk
Path Type: min

Fanout         Cap        Slew       Delay        Time   Description
---------------------------------------------------------------------------------------------
                      0.150000    0.000000    0.000000   clock clk (rise edge)
                                  0.000000    0.000000   clock network delay (ideal)
                      0.150000    0.000000    0.000000 ^ u_mac_2.temp_res[0]$_SDFF_PP0_/CLK (sg13g2_dfrbpq_1)
     3    0.009354    0.026434    0.161984    0.161984 v u_mac_2.temp_res[0]$_SDFF_PP0_/Q (sg13g2_dfrbpq_1)
                                                         u_mac_2.temp_res[0] (net)
                      0.026434    0.000000    0.161984 v _4170_/B1 (sg13g2_a21oi_1)
     1    0.003192    0.024585    0.028439    0.190423 ^ _4170_/Y (sg13g2_a21oi_1)
                                                         _1239_ (net)
                      0.024585    0.000000    0.190423 ^ _4173_/A (sg13g2_nor2_1)
     1    0.001523    0.011860    0.021496    0.211919 v _4173_/Y (sg13g2_nor2_1)
                                                         _0322_ (net)
                      0.011860    0.000000    0.211919 v u_mac_2.temp_res[0]$_SDFF_PP0_/D (sg13g2_dfrbpq_1)
                                              0.211919   data arrival time

                      0.150000    0.000000    0.000000   clock clk (rise edge)
                                  0.000000    0.000000   clock network delay (ideal)
                                  0.250000    0.250000   clock uncertainty
                                  0.000000    0.250000   clock reconvergence pessimism
                                              0.250000 ^ u_mac_2.temp_res[0]$_SDFF_PP0_/CLK (sg13g2_dfrbpq_1)
                                  0.000469    0.250469   library hold time
                                              0.250469   data required time
---------------------------------------------------------------------------------------------
                                              0.250469   data required time
                                             -0.211919   data arrival time
---------------------------------------------------------------------------------------------
                                             -0.038551   slack (VIOLATED)


Startpoint: u_input_buffer.mem[27][0]$_DFFE_PP_
            (rising edge-triggered flip-flop clocked by clk)
Endpoint: u_input_buffer.mem[27][0]$_DFFE_PP_
          (rising edge-triggered flip-flop clocked by clk)
Path Group: clk
Path Type: min

Fanout         Cap        Slew       Delay        Time   Description
---------------------------------------------------------------------------------------------
                      0.150000    0.000000    0.000000   clock clk (rise edge)
                                  0.000000    0.000000   clock network delay (ideal)
                      0.150000    0.000000    0.000000 ^ u_input_buffer.mem[27][0]$_DFFE_PP_/CLK (sg13g2_dfrbpq_1)
     2    0.005738    0.019346    0.156007    0.156007 v u_input_buffer.mem[27][0]$_DFFE_PP_/Q (sg13g2_dfrbpq_1)
                                                         u_input_buffer.mem[27][0] (net)
                      0.019346    0.000000    0.156007 v _3452_/A (sg13g2_nor2_1)
     1    0.003144    0.028990    0.037024    0.193031 ^ _3452_/Y (sg13g2_nor2_1)
                                                         _0643_ (net)
                      0.028990    0.000000    0.193031 ^ _3453_/B1 (sg13g2_a21oi_1)
     1    0.001523    0.011976    0.019207    0.212238 v _3453_/Y (sg13g2_a21oi_1)
                                                         _0200_ (net)
                      0.011976    0.000000    0.212238 v u_input_buffer.mem[27][0]$_DFFE_PP_/D (sg13g2_dfrbpq_1)
                                              0.212238   data arrival time

                      0.150000    0.000000    0.000000   clock clk (rise edge)
                                  0.000000    0.000000   clock network delay (ideal)
                                  0.250000    0.250000   clock uncertainty
                                  0.000000    0.250000   clock reconvergence pessimism
                                              0.250000 ^ u_input_buffer.mem[27][0]$_DFFE_PP_/CLK (sg13g2_dfrbpq_1)
                                  0.000442    0.250442   library hold time
                                              0.250442   data required time
---------------------------------------------------------------------------------------------
                                              0.250442   data required time
                                             -0.212238   data arrival time
---------------------------------------------------------------------------------------------
                                             -0.038204   slack (VIOLATED)


Startpoint: u_input_buffer.mem[27][1]$_DFFE_PP_
            (rising edge-triggered flip-flop clocked by clk)
Endpoint: u_input_buffer.mem[27][1]$_DFFE_PP_
          (rising edge-triggered flip-flop clocked by clk)
Path Group: clk
Path Type: min

Fanout         Cap        Slew       Delay        Time   Description
---------------------------------------------------------------------------------------------
                      0.150000    0.000000    0.000000   clock clk (rise edge)
                                  0.000000    0.000000   clock network delay (ideal)
                      0.150000    0.000000    0.000000 ^ u_input_buffer.mem[27][1]$_DFFE_PP_/CLK (sg13g2_dfrbpq_1)
     2    0.005738    0.019346    0.156007    0.156007 v u_input_buffer.mem[27][1]$_DFFE_PP_/Q (sg13g2_dfrbpq_1)
                                                         u_input_buffer.mem[27][1] (net)
                      0.019346    0.000000    0.156007 v _3454_/A (sg13g2_nor2_1)
     1    0.003144    0.028990    0.037024    0.193031 ^ _3454_/Y (sg13g2_nor2_1)
                                                         _0644_ (net)
                      0.028990    0.000000    0.193031 ^ _3455_/B1 (sg13g2_a21oi_1)
     1    0.001523    0.011976    0.019207    0.212238 v _3455_/Y (sg13g2_a21oi_1)
                                                         _0201_ (net)
                      0.011976    0.000000    0.212238 v u_input_buffer.mem[27][1]$_DFFE_PP_/D (sg13g2_dfrbpq_1)
                                              0.212238   data arrival time

                      0.150000    0.000000    0.000000   clock clk (rise edge)
                                  0.000000    0.000000   clock network delay (ideal)
                                  0.250000    0.250000   clock uncertainty
                                  0.000000    0.250000   clock reconvergence pessimism
                                              0.250000 ^ u_input_buffer.mem[27][1]$_DFFE_PP_/CLK (sg13g2_dfrbpq_1)
                                  0.000442    0.250442   library hold time
                                              0.250442   data required time
---------------------------------------------------------------------------------------------
                                              0.250442   data required time
                                             -0.212238   data arrival time
---------------------------------------------------------------------------------------------
                                             -0.038204   slack (VIOLATED)


Startpoint: u_mac_4.temp_res[17]$_SDFF_PP0_
            (rising edge-triggered flip-flop clocked by clk)
Endpoint: u_mac_4.temp_res[17]$_SDFF_PP0_
          (rising edge-triggered flip-flop clocked by clk)
Path Group: clk
Path Type: min

Fanout         Cap        Slew       Delay        Time   Description
---------------------------------------------------------------------------------------------
                      0.150000    0.000000    0.000000   clock clk (rise edge)
                                  0.000000    0.000000   clock network delay (ideal)
                      0.150000    0.000000    0.000000 ^ u_mac_4.temp_res[17]$_SDFF_PP0_/CLK (sg13g2_dfrbpq_1)
     3    0.008713    0.025179    0.160925    0.160925 v u_mac_4.temp_res[17]$_SDFF_PP0_/Q (sg13g2_dfrbpq_1)
                                                         u_mac_4.temp_res[17] (net)
                      0.025179    0.000000    0.160925 v _5372_/B1 (sg13g2_a21oi_1)
     1    0.003211    0.024427    0.028224    0.189149 ^ _5372_/Y (sg13g2_a21oi_1)
                                                         _2397_ (net)
                      0.024427    0.000000    0.189149 ^ _5374_/B (sg13g2_nor3_1)
     1    0.001523    0.011922    0.023190    0.212340 v _5374_/Y (sg13g2_nor3_1)
                                                         _0366_ (net)
                      0.011922    0.000000    0.212340 v u_mac_4.temp_res[17]$_SDFF_PP0_/D (sg13g2_dfrbpq_1)
                                              0.212340   data arrival time

                      0.150000    0.000000    0.000000   clock clk (rise edge)
                                  0.000000    0.000000   clock network delay (ideal)
                                  0.250000    0.250000   clock uncertainty
                                  0.000000    0.250000   clock reconvergence pessimism
                                              0.250000 ^ u_mac_4.temp_res[17]$_SDFF_PP0_/CLK (sg13g2_dfrbpq_1)
                                  0.000455    0.250455   library hold time
                                              0.250455   data required time
---------------------------------------------------------------------------------------------
                                              0.250455   data required time
                                             -0.212340   data arrival time
---------------------------------------------------------------------------------------------
                                             -0.038115   slack (VIOLATED)


Startpoint: u_ctrl.res_idx_r[6]$_SDFFE_PP0P_
            (rising edge-triggered flip-flop clocked by clk)
Endpoint: u_ctrl.res_idx_r[6]$_SDFFE_PP0P_
          (rising edge-triggered flip-flop clocked by clk)
Path Group: clk
Path Type: min

Fanout         Cap        Slew       Delay        Time   Description
---------------------------------------------------------------------------------------------
                      0.150000    0.000000    0.000000   clock clk (rise edge)
                                  0.000000    0.000000   clock network delay (ideal)
                      0.150000    0.000000    0.000000 ^ u_ctrl.res_idx_r[6]$_SDFFE_PP0P_/CLK (sg13g2_dfrbpq_1)
     3    0.008811    0.025371    0.161087    0.161087 v u_ctrl.res_idx_r[6]$_SDFFE_PP0P_/Q (sg13g2_dfrbpq_1)
                                                         res_index[6] (net)
                      0.025371    0.000000    0.161087 v _3097_/B1 (sg13g2_a21oi_1)
     1    0.003211    0.024462    0.028265    0.189352 ^ _3097_/Y (sg13g2_a21oi_1)
                                                         _0443_ (net)
                      0.024462    0.000000    0.189352 ^ _3099_/B (sg13g2_nor3_1)
     1    0.001523    0.014795    0.023199    0.212552 v _3099_/Y (sg13g2_nor3_1)
                                                         _0045_ (net)
                      0.014795    0.000000    0.212552 v u_ctrl.res_idx_r[6]$_SDFFE_PP0P_/D (sg13g2_dfrbpq_1)
                                              0.212552   data arrival time

                      0.150000    0.000000    0.000000   clock clk (rise edge)
                                  0.000000    0.000000   clock network delay (ideal)
                                  0.250000    0.250000   clock uncertainty
                                  0.000000    0.250000   clock reconvergence pessimism
                                              0.250000 ^ u_ctrl.res_idx_r[6]$_SDFFE_PP0P_/CLK (sg13g2_dfrbpq_1)
                                 -0.000218    0.249782   library hold time
                                              0.249782   data required time
---------------------------------------------------------------------------------------------
                                              0.249782   data required time
                                             -0.212552   data arrival time
---------------------------------------------------------------------------------------------
                                             -0.037230   slack (VIOLATED)


Startpoint: u_mac_2.temp_res[16]$_SDFF_PP0_
            (rising edge-triggered flip-flop clocked by clk)
Endpoint: u_mac_2.temp_res[16]$_SDFF_PP0_
          (rising edge-triggered flip-flop clocked by clk)
Path Group: clk
Path Type: min

Fanout         Cap        Slew       Delay        Time   Description
---------------------------------------------------------------------------------------------
                      0.150000    0.000000    0.000000   clock clk (rise edge)
                                  0.000000    0.000000   clock network delay (ideal)
                      0.150000    0.000000    0.000000 ^ u_mac_2.temp_res[16]$_SDFF_PP0_/CLK (sg13g2_dfrbpq_1)
     3    0.009435    0.026594    0.162119    0.162119 v u_mac_2.temp_res[16]$_SDFF_PP0_/Q (sg13g2_dfrbpq_1)
                                                         u_mac_2.temp_res[16] (net)
                      0.026594    0.000000    0.162119 v _5420_/A (sg13g2_inv_1)
     1    0.003149    0.016547    0.020600    0.182719 ^ _5420_/Y (sg13g2_inv_1)
                                                         _2435_ (net)
                      0.016547    0.000000    0.182719 ^ _4545_/A1 (sg13g2_a21oi_1)
     1    0.001523    0.011794    0.030630    0.213349 v _4545_/Y (sg13g2_a21oi_1)
                                                         _0329_ (net)
                      0.011794    0.000000    0.213349 v u_mac_2.temp_res[16]$_SDFF_PP0_/D (sg13g2_dfrbpq_1)
                                              0.213349   data arrival time

                      0.150000    0.000000    0.000000   clock clk (rise edge)
                                  0.000000    0.000000   clock network delay (ideal)
                                  0.250000    0.250000   clock uncertainty
                                  0.000000    0.250000   clock reconvergence pessimism
                                              0.250000 ^ u_mac_2.temp_res[16]$_SDFF_PP0_/CLK (sg13g2_dfrbpq_1)
                                  0.000485    0.250485   library hold time
                                              0.250485   data required time
---------------------------------------------------------------------------------------------
                                              0.250485   data required time
                                             -0.213349   data arrival time
---------------------------------------------------------------------------------------------
                                             -0.037136   slack (VIOLATED)


Startpoint: u_input_buffer.mem[0][0]$_DFFE_PP_
            (rising edge-triggered flip-flop clocked by clk)
Endpoint: u_input_buffer.mem[0][0]$_DFFE_PP_
          (rising edge-triggered flip-flop clocked by clk)
Path Group: clk
Path Type: min

Fanout         Cap        Slew       Delay        Time   Description
---------------------------------------------------------------------------------------------
                      0.150000    0.000000    0.000000   clock clk (rise edge)
                                  0.000000    0.000000   clock network delay (ideal)
                      0.150000    0.000000    0.000000 ^ u_input_buffer.mem[0][0]$_DFFE_PP_/CLK (sg13g2_dfrbpq_1)
     2    0.006287    0.020422    0.156914    0.156914 v u_input_buffer.mem[0][0]$_DFFE_PP_/Q (sg13g2_dfrbpq_1)
                                                         u_input_buffer.mem[0][0] (net)
                      0.020422    0.000000    0.156914 v _3111_/A (sg13g2_nor2_1)
     1    0.003144    0.029128    0.037240    0.194155 ^ _3111_/Y (sg13g2_nor2_1)
                                                         _0454_ (net)
                      0.029128    0.000000    0.194155 ^ _3112_/B1 (sg13g2_a21oi_1)
     1    0.001523    0.012000    0.019234    0.213388 v _3112_/Y (sg13g2_a21oi_1)
                                                         _0048_ (net)
                      0.012000    0.000000    0.213388 v u_input_buffer.mem[0][0]$_DFFE_PP_/D (sg13g2_dfrbpq_1)
                                              0.213388   data arrival time

                      0.150000    0.000000    0.000000   clock clk (rise edge)
                                  0.000000    0.000000   clock network delay (ideal)
                                  0.250000    0.250000   clock uncertainty
                                  0.000000    0.250000   clock reconvergence pessimism
                                              0.250000 ^ u_input_buffer.mem[0][0]$_DFFE_PP_/CLK (sg13g2_dfrbpq_1)
                                  0.000437    0.250437   library hold time
                                              0.250437   data required time
---------------------------------------------------------------------------------------------
                                              0.250437   data required time
                                             -0.213388   data arrival time
---------------------------------------------------------------------------------------------
                                             -0.037049   slack (VIOLATED)


Startpoint: u_input_buffer.mem[0][1]$_DFFE_PP_
            (rising edge-triggered flip-flop clocked by clk)
Endpoint: u_input_buffer.mem[0][1]$_DFFE_PP_
          (rising edge-triggered flip-flop clocked by clk)
Path Group: clk
Path Type: min

Fanout         Cap        Slew       Delay        Time   Description
---------------------------------------------------------------------------------------------
                      0.150000    0.000000    0.000000   clock clk (rise edge)
                                  0.000000    0.000000   clock network delay (ideal)
                      0.150000    0.000000    0.000000 ^ u_input_buffer.mem[0][1]$_DFFE_PP_/CLK (sg13g2_dfrbpq_1)
     2    0.006287    0.020422    0.156914    0.156914 v u_input_buffer.mem[0][1]$_DFFE_PP_/Q (sg13g2_dfrbpq_1)
                                                         u_input_buffer.mem[0][1] (net)
                      0.020422    0.000000    0.156914 v _3114_/A (sg13g2_nor2_1)
     1    0.003144    0.029128    0.037240    0.194155 ^ _3114_/Y (sg13g2_nor2_1)
                                                         _0456_ (net)
                      0.029128    0.000000    0.194155 ^ _3115_/B1 (sg13g2_a21oi_1)
     1    0.001523    0.012000    0.019234    0.213388 v _3115_/Y (sg13g2_a21oi_1)
                                                         _0049_ (net)
                      0.012000    0.000000    0.213388 v u_input_buffer.mem[0][1]$_DFFE_PP_/D (sg13g2_dfrbpq_1)
                                              0.213388   data arrival time

                      0.150000    0.000000    0.000000   clock clk (rise edge)
                                  0.000000    0.000000   clock network delay (ideal)
                                  0.250000    0.250000   clock uncertainty
                                  0.000000    0.250000   clock reconvergence pessimism
                                              0.250000 ^ u_input_buffer.mem[0][1]$_DFFE_PP_/CLK (sg13g2_dfrbpq_1)
                                  0.000437    0.250437   library hold time
                                              0.250437   data required time
---------------------------------------------------------------------------------------------
                                              0.250437   data required time
                                             -0.213388   data arrival time
---------------------------------------------------------------------------------------------
                                             -0.037049   slack (VIOLATED)


Startpoint: u_input_buffer.mem[0][2]$_DFFE_PP_
            (rising edge-triggered flip-flop clocked by clk)
Endpoint: u_input_buffer.mem[0][2]$_DFFE_PP_
          (rising edge-triggered flip-flop clocked by clk)
Path Group: clk
Path Type: min

Fanout         Cap        Slew       Delay        Time   Description
---------------------------------------------------------------------------------------------
                      0.150000    0.000000    0.000000   clock clk (rise edge)
                                  0.000000    0.000000   clock network delay (ideal)
                      0.150000    0.000000    0.000000 ^ u_input_buffer.mem[0][2]$_DFFE_PP_/CLK (sg13g2_dfrbpq_1)
     2    0.006287    0.020422    0.156914    0.156914 v u_input_buffer.mem[0][2]$_DFFE_PP_/Q (sg13g2_dfrbpq_1)
                                                         u_input_buffer.mem[0][2] (net)
                      0.020422    0.000000    0.156914 v _3117_/A (sg13g2_nor2_1)
     1    0.003144    0.029128    0.037240    0.194155 ^ _3117_/Y (sg13g2_nor2_1)
                                                         _0458_ (net)
                      0.029128    0.000000    0.194155 ^ _3118_/B1 (sg13g2_a21oi_1)
     1    0.001523    0.012000    0.019234    0.213388 v _3118_/Y (sg13g2_a21oi_1)
                                                         _0050_ (net)
                      0.012000    0.000000    0.213388 v u_input_buffer.mem[0][2]$_DFFE_PP_/D (sg13g2_dfrbpq_1)
                                              0.213388   data arrival time

                      0.150000    0.000000    0.000000   clock clk (rise edge)
                                  0.000000    0.000000   clock network delay (ideal)
                                  0.250000    0.250000   clock uncertainty
                                  0.000000    0.250000   clock reconvergence pessimism
                                              0.250000 ^ u_input_buffer.mem[0][2]$_DFFE_PP_/CLK (sg13g2_dfrbpq_1)
                                  0.000437    0.250437   library hold time
                                              0.250437   data required time
---------------------------------------------------------------------------------------------
                                              0.250437   data required time
                                             -0.213388   data arrival time
---------------------------------------------------------------------------------------------
                                             -0.037049   slack (VIOLATED)


Startpoint: u_input_buffer.mem[0][3]$_DFFE_PP_
            (rising edge-triggered flip-flop clocked by clk)
Endpoint: u_input_buffer.mem[0][3]$_DFFE_PP_
          (rising edge-triggered flip-flop clocked by clk)
Path Group: clk
Path Type: min

Fanout         Cap        Slew       Delay        Time   Description
---------------------------------------------------------------------------------------------
                      0.150000    0.000000    0.000000   clock clk (rise edge)
                                  0.000000    0.000000   clock network delay (ideal)
                      0.150000    0.000000    0.000000 ^ u_input_buffer.mem[0][3]$_DFFE_PP_/CLK (sg13g2_dfrbpq_1)
     2    0.006287    0.020422    0.156914    0.156914 v u_input_buffer.mem[0][3]$_DFFE_PP_/Q (sg13g2_dfrbpq_1)
                                                         u_input_buffer.mem[0][3] (net)
                      0.020422    0.000000    0.156914 v _3120_/A (sg13g2_nor2_1)
     1    0.003144    0.029128    0.037240    0.194155 ^ _3120_/Y (sg13g2_nor2_1)
                                                         _0460_ (net)
                      0.029128    0.000000    0.194155 ^ _3121_/B1 (sg13g2_a21oi_1)
     1    0.001523    0.012000    0.019234    0.213388 v _3121_/Y (sg13g2_a21oi_1)
                                                         _0051_ (net)
                      0.012000    0.000000    0.213388 v u_input_buffer.mem[0][3]$_DFFE_PP_/D (sg13g2_dfrbpq_1)
                                              0.213388   data arrival time

                      0.150000    0.000000    0.000000   clock clk (rise edge)
                                  0.000000    0.000000   clock network delay (ideal)
                                  0.250000    0.250000   clock uncertainty
                                  0.000000    0.250000   clock reconvergence pessimism
                                              0.250000 ^ u_input_buffer.mem[0][3]$_DFFE_PP_/CLK (sg13g2_dfrbpq_1)
                                  0.000437    0.250437   library hold time
                                              0.250437   data required time
---------------------------------------------------------------------------------------------
                                              0.250437   data required time
                                             -0.213388   data arrival time
---------------------------------------------------------------------------------------------
                                             -0.037049   slack (VIOLATED)


Startpoint: u_input_buffer.mem[0][4]$_DFFE_PP_
            (rising edge-triggered flip-flop clocked by clk)
Endpoint: u_input_buffer.mem[0][4]$_DFFE_PP_
          (rising edge-triggered flip-flop clocked by clk)
Path Group: clk
Path Type: min

Fanout         Cap        Slew       Delay        Time   Description
---------------------------------------------------------------------------------------------
                      0.150000    0.000000    0.000000   clock clk (rise edge)
                                  0.000000    0.000000   clock network delay (ideal)
                      0.150000    0.000000    0.000000 ^ u_input_buffer.mem[0][4]$_DFFE_PP_/CLK (sg13g2_dfrbpq_1)
     2    0.006287    0.020422    0.156914    0.156914 v u_input_buffer.mem[0][4]$_DFFE_PP_/Q (sg13g2_dfrbpq_1)
                                                         u_input_buffer.mem[0][4] (net)
                      0.020422    0.000000    0.156914 v _3123_/A (sg13g2_nor2_1)
     1    0.003144    0.029128    0.037240    0.194155 ^ _3123_/Y (sg13g2_nor2_1)
                                                         _0462_ (net)
                      0.029128    0.000000    0.194155 ^ _3124_/B1 (sg13g2_a21oi_1)
     1    0.001523    0.012000    0.019234    0.213388 v _3124_/Y (sg13g2_a21oi_1)
                                                         _0052_ (net)
                      0.012000    0.000000    0.213388 v u_input_buffer.mem[0][4]$_DFFE_PP_/D (sg13g2_dfrbpq_1)
                                              0.213388   data arrival time

                      0.150000    0.000000    0.000000   clock clk (rise edge)
                                  0.000000    0.000000   clock network delay (ideal)
                                  0.250000    0.250000   clock uncertainty
                                  0.000000    0.250000   clock reconvergence pessimism
                                              0.250000 ^ u_input_buffer.mem[0][4]$_DFFE_PP_/CLK (sg13g2_dfrbpq_1)
                                  0.000437    0.250437   library hold time
                                              0.250437   data required time
---------------------------------------------------------------------------------------------
                                              0.250437   data required time
                                             -0.213388   data arrival time
---------------------------------------------------------------------------------------------
                                             -0.037049   slack (VIOLATED)


Startpoint: u_input_buffer.mem[0][5]$_DFFE_PP_
            (rising edge-triggered flip-flop clocked by clk)
Endpoint: u_input_buffer.mem[0][5]$_DFFE_PP_
          (rising edge-triggered flip-flop clocked by clk)
Path Group: clk
Path Type: min

Fanout         Cap        Slew       Delay        Time   Description
---------------------------------------------------------------------------------------------
                      0.150000    0.000000    0.000000   clock clk (rise edge)
                                  0.000000    0.000000   clock network delay (ideal)
                      0.150000    0.000000    0.000000 ^ u_input_buffer.mem[0][5]$_DFFE_PP_/CLK (sg13g2_dfrbpq_1)
     2    0.006287    0.020422    0.156914    0.156914 v u_input_buffer.mem[0][5]$_DFFE_PP_/Q (sg13g2_dfrbpq_1)
                                                         u_input_buffer.mem[0][5] (net)
                      0.020422    0.000000    0.156914 v _3126_/A (sg13g2_nor2_1)
     1    0.003144    0.029128    0.037240    0.194155 ^ _3126_/Y (sg13g2_nor2_1)
                                                         _0464_ (net)
                      0.029128    0.000000    0.194155 ^ _3127_/B1 (sg13g2_a21oi_1)
     1    0.001523    0.012000    0.019234    0.213388 v _3127_/Y (sg13g2_a21oi_1)
                                                         _0053_ (net)
                      0.012000    0.000000    0.213388 v u_input_buffer.mem[0][5]$_DFFE_PP_/D (sg13g2_dfrbpq_1)
                                              0.213388   data arrival time

                      0.150000    0.000000    0.000000   clock clk (rise edge)
                                  0.000000    0.000000   clock network delay (ideal)
                                  0.250000    0.250000   clock uncertainty
                                  0.000000    0.250000   clock reconvergence pessimism
                                              0.250000 ^ u_input_buffer.mem[0][5]$_DFFE_PP_/CLK (sg13g2_dfrbpq_1)
                                  0.000437    0.250437   library hold time
                                              0.250437   data required time
---------------------------------------------------------------------------------------------
                                              0.250437   data required time
                                             -0.213388   data arrival time
---------------------------------------------------------------------------------------------
                                             -0.037049   slack (VIOLATED)


Startpoint: u_input_buffer.mem[0][6]$_DFFE_PP_
            (rising edge-triggered flip-flop clocked by clk)
Endpoint: u_input_buffer.mem[0][6]$_DFFE_PP_
          (rising edge-triggered flip-flop clocked by clk)
Path Group: clk
Path Type: min

Fanout         Cap        Slew       Delay        Time   Description
---------------------------------------------------------------------------------------------
                      0.150000    0.000000    0.000000   clock clk (rise edge)
                                  0.000000    0.000000   clock network delay (ideal)
                      0.150000    0.000000    0.000000 ^ u_input_buffer.mem[0][6]$_DFFE_PP_/CLK (sg13g2_dfrbpq_1)
     2    0.006287    0.020422    0.156914    0.156914 v u_input_buffer.mem[0][6]$_DFFE_PP_/Q (sg13g2_dfrbpq_1)
                                                         u_input_buffer.mem[0][6] (net)
                      0.020422    0.000000    0.156914 v _3129_/A (sg13g2_nor2_1)
     1    0.003144    0.029128    0.037240    0.194155 ^ _3129_/Y (sg13g2_nor2_1)
                                                         _0466_ (net)
                      0.029128    0.000000    0.194155 ^ _3130_/B1 (sg13g2_a21oi_1)
     1    0.001523    0.012000    0.019234    0.213388 v _3130_/Y (sg13g2_a21oi_1)
                                                         _0054_ (net)
                      0.012000    0.000000    0.213388 v u_input_buffer.mem[0][6]$_DFFE_PP_/D (sg13g2_dfrbpq_1)
                                              0.213388   data arrival time

                      0.150000    0.000000    0.000000   clock clk (rise edge)
                                  0.000000    0.000000   clock network delay (ideal)
                                  0.250000    0.250000   clock uncertainty
                                  0.000000    0.250000   clock reconvergence pessimism
                                              0.250000 ^ u_input_buffer.mem[0][6]$_DFFE_PP_/CLK (sg13g2_dfrbpq_1)
                                  0.000437    0.250437   library hold time
                                              0.250437   data required time
---------------------------------------------------------------------------------------------
                                              0.250437   data required time
                                             -0.213388   data arrival time
---------------------------------------------------------------------------------------------
                                             -0.037049   slack (VIOLATED)


Startpoint: u_input_buffer.mem[0][7]$_DFFE_PP_
            (rising edge-triggered flip-flop clocked by clk)
Endpoint: u_input_buffer.mem[0][7]$_DFFE_PP_
          (rising edge-triggered flip-flop clocked by clk)
Path Group: clk
Path Type: min

Fanout         Cap        Slew       Delay        Time   Description
---------------------------------------------------------------------------------------------
                      0.150000    0.000000    0.000000   clock clk (rise edge)
                                  0.000000    0.000000   clock network delay (ideal)
                      0.150000    0.000000    0.000000 ^ u_input_buffer.mem[0][7]$_DFFE_PP_/CLK (sg13g2_dfrbpq_1)
     2    0.006287    0.020422    0.156914    0.156914 v u_input_buffer.mem[0][7]$_DFFE_PP_/Q (sg13g2_dfrbpq_1)
                                                         u_input_buffer.mem[0][7] (net)
                      0.020422    0.000000    0.156914 v _3132_/A (sg13g2_nor2_1)
     1    0.003144    0.029128    0.037240    0.194155 ^ _3132_/Y (sg13g2_nor2_1)
                                                         _0468_ (net)
                      0.029128    0.000000    0.194155 ^ _3133_/B1 (sg13g2_a21oi_1)
     1    0.001523    0.012000    0.019234    0.213388 v _3133_/Y (sg13g2_a21oi_1)
                                                         _0055_ (net)
                      0.012000    0.000000    0.213388 v u_input_buffer.mem[0][7]$_DFFE_PP_/D (sg13g2_dfrbpq_1)
                                              0.213388   data arrival time

                      0.150000    0.000000    0.000000   clock clk (rise edge)
                                  0.000000    0.000000   clock network delay (ideal)
                                  0.250000    0.250000   clock uncertainty
                                  0.000000    0.250000   clock reconvergence pessimism
                                              0.250000 ^ u_input_buffer.mem[0][7]$_DFFE_PP_/CLK (sg13g2_dfrbpq_1)
                                  0.000437    0.250437   library hold time
                                              0.250437   data required time
---------------------------------------------------------------------------------------------
                                              0.250437   data required time
                                             -0.213388   data arrival time
---------------------------------------------------------------------------------------------
                                             -0.037049   slack (VIOLATED)


Startpoint: u_input_buffer.mem[10][0]$_DFFE_PP_
            (rising edge-triggered flip-flop clocked by clk)
Endpoint: u_input_buffer.mem[10][0]$_DFFE_PP_
          (rising edge-triggered flip-flop clocked by clk)
Path Group: clk
Path Type: min

Fanout         Cap        Slew       Delay        Time   Description
---------------------------------------------------------------------------------------------
                      0.150000    0.000000    0.000000   clock clk (rise edge)
                                  0.000000    0.000000   clock network delay (ideal)
                      0.150000    0.000000    0.000000 ^ u_input_buffer.mem[10][0]$_DFFE_PP_/CLK (sg13g2_dfrbpq_1)
     2    0.006287    0.020422    0.156914    0.156914 v u_input_buffer.mem[10][0]$_DFFE_PP_/Q (sg13g2_dfrbpq_1)
                                                         u_input_buffer.mem[10][0] (net)
                      0.020422    0.000000    0.156914 v _3139_/A (sg13g2_nor2_1)
     1    0.003144    0.029128    0.037240    0.194155 ^ _3139_/Y (sg13g2_nor2_1)
                                                         _0474_ (net)
                      0.029128    0.000000    0.194155 ^ _3140_/B1 (sg13g2_a21oi_1)
     1    0.001523    0.012000    0.019234    0.213388 v _3140_/Y (sg13g2_a21oi_1)
                                                         _0056_ (net)
                      0.012000    0.000000    0.213388 v u_input_buffer.mem[10][0]$_DFFE_PP_/D (sg13g2_dfrbpq_1)
                                              0.213388   data arrival time

                      0.150000    0.000000    0.000000   clock clk (rise edge)
                                  0.000000    0.000000   clock network delay (ideal)
                                  0.250000    0.250000   clock uncertainty
                                  0.000000    0.250000   clock reconvergence pessimism
                                              0.250000 ^ u_input_buffer.mem[10][0]$_DFFE_PP_/CLK (sg13g2_dfrbpq_1)
                                  0.000437    0.250437   library hold time
                                              0.250437   data required time
---------------------------------------------------------------------------------------------
                                              0.250437   data required time
                                             -0.213388   data arrival time
---------------------------------------------------------------------------------------------
                                             -0.037049   slack (VIOLATED)


Startpoint: u_input_buffer.mem[10][1]$_DFFE_PP_
            (rising edge-triggered flip-flop clocked by clk)
Endpoint: u_input_buffer.mem[10][1]$_DFFE_PP_
          (rising edge-triggered flip-flop clocked by clk)
Path Group: clk
Path Type: min

Fanout         Cap        Slew       Delay        Time   Description
---------------------------------------------------------------------------------------------
                      0.150000    0.000000    0.000000   clock clk (rise edge)
                                  0.000000    0.000000   clock network delay (ideal)
                      0.150000    0.000000    0.000000 ^ u_input_buffer.mem[10][1]$_DFFE_PP_/CLK (sg13g2_dfrbpq_1)
     2    0.006287    0.020422    0.156914    0.156914 v u_input_buffer.mem[10][1]$_DFFE_PP_/Q (sg13g2_dfrbpq_1)
                                                         u_input_buffer.mem[10][1] (net)
                      0.020422    0.000000    0.156914 v _3141_/A (sg13g2_nor2_1)
     1    0.003144    0.029128    0.037240    0.194155 ^ _3141_/Y (sg13g2_nor2_1)
                                                         _0475_ (net)
                      0.029128    0.000000    0.194155 ^ _3142_/B1 (sg13g2_a21oi_1)
     1    0.001523    0.012000    0.019234    0.213388 v _3142_/Y (sg13g2_a21oi_1)
                                                         _0057_ (net)
                      0.012000    0.000000    0.213388 v u_input_buffer.mem[10][1]$_DFFE_PP_/D (sg13g2_dfrbpq_1)
                                              0.213388   data arrival time

                      0.150000    0.000000    0.000000   clock clk (rise edge)
                                  0.000000    0.000000   clock network delay (ideal)
                                  0.250000    0.250000   clock uncertainty
                                  0.000000    0.250000   clock reconvergence pessimism
                                              0.250000 ^ u_input_buffer.mem[10][1]$_DFFE_PP_/CLK (sg13g2_dfrbpq_1)
                                  0.000437    0.250437   library hold time
                                              0.250437   data required time
---------------------------------------------------------------------------------------------
                                              0.250437   data required time
                                             -0.213388   data arrival time
---------------------------------------------------------------------------------------------
                                             -0.037049   slack (VIOLATED)


Startpoint: u_input_buffer.mem[10][2]$_DFFE_PP_
            (rising edge-triggered flip-flop clocked by clk)
Endpoint: u_input_buffer.mem[10][2]$_DFFE_PP_
          (rising edge-triggered flip-flop clocked by clk)
Path Group: clk
Path Type: min

Fanout         Cap        Slew       Delay        Time   Description
---------------------------------------------------------------------------------------------
                      0.150000    0.000000    0.000000   clock clk (rise edge)
                                  0.000000    0.000000   clock network delay (ideal)
                      0.150000    0.000000    0.000000 ^ u_input_buffer.mem[10][2]$_DFFE_PP_/CLK (sg13g2_dfrbpq_1)
     2    0.006287    0.020422    0.156914    0.156914 v u_input_buffer.mem[10][2]$_DFFE_PP_/Q (sg13g2_dfrbpq_1)
                                                         u_input_buffer.mem[10][2] (net)
                      0.020422    0.000000    0.156914 v _3143_/A (sg13g2_nor2_1)
     1    0.003144    0.029128    0.037240    0.194155 ^ _3143_/Y (sg13g2_nor2_1)
                                                         _0476_ (net)
                      0.029128    0.000000    0.194155 ^ _3144_/B1 (sg13g2_a21oi_1)
     1    0.001523    0.012000    0.019234    0.213388 v _3144_/Y (sg13g2_a21oi_1)
                                                         _0058_ (net)
                      0.012000    0.000000    0.213388 v u_input_buffer.mem[10][2]$_DFFE_PP_/D (sg13g2_dfrbpq_1)
                                              0.213388   data arrival time

                      0.150000    0.000000    0.000000   clock clk (rise edge)
                                  0.000000    0.000000   clock network delay (ideal)
                                  0.250000    0.250000   clock uncertainty
                                  0.000000    0.250000   clock reconvergence pessimism
                                              0.250000 ^ u_input_buffer.mem[10][2]$_DFFE_PP_/CLK (sg13g2_dfrbpq_1)
                                  0.000437    0.250437   library hold time
                                              0.250437   data required time
---------------------------------------------------------------------------------------------
                                              0.250437   data required time
                                             -0.213388   data arrival time
---------------------------------------------------------------------------------------------
                                             -0.037049   slack (VIOLATED)


Startpoint: u_input_buffer.mem[10][3]$_DFFE_PP_
            (rising edge-triggered flip-flop clocked by clk)
Endpoint: u_input_buffer.mem[10][3]$_DFFE_PP_
          (rising edge-triggered flip-flop clocked by clk)
Path Group: clk
Path Type: min

Fanout         Cap        Slew       Delay        Time   Description
---------------------------------------------------------------------------------------------
                      0.150000    0.000000    0.000000   clock clk (rise edge)
                                  0.000000    0.000000   clock network delay (ideal)
                      0.150000    0.000000    0.000000 ^ u_input_buffer.mem[10][3]$_DFFE_PP_/CLK (sg13g2_dfrbpq_1)
     2    0.006287    0.020422    0.156914    0.156914 v u_input_buffer.mem[10][3]$_DFFE_PP_/Q (sg13g2_dfrbpq_1)
                                                         u_input_buffer.mem[10][3] (net)
                      0.020422    0.000000    0.156914 v _3145_/A (sg13g2_nor2_1)
     1    0.003144    0.029128    0.037240    0.194155 ^ _3145_/Y (sg13g2_nor2_1)
                                                         _0477_ (net)
                      0.029128    0.000000    0.194155 ^ _3146_/B1 (sg13g2_a21oi_1)
     1    0.001523    0.012000    0.019234    0.213388 v _3146_/Y (sg13g2_a21oi_1)
                                                         _0059_ (net)
                      0.012000    0.000000    0.213388 v u_input_buffer.mem[10][3]$_DFFE_PP_/D (sg13g2_dfrbpq_1)
                                              0.213388   data arrival time

                      0.150000    0.000000    0.000000   clock clk (rise edge)
                                  0.000000    0.000000   clock network delay (ideal)
                                  0.250000    0.250000   clock uncertainty
                                  0.000000    0.250000   clock reconvergence pessimism
                                              0.250000 ^ u_input_buffer.mem[10][3]$_DFFE_PP_/CLK (sg13g2_dfrbpq_1)
                                  0.000437    0.250437   library hold time
                                              0.250437   data required time
---------------------------------------------------------------------------------------------
                                              0.250437   data required time
                                             -0.213388   data arrival time
---------------------------------------------------------------------------------------------
                                             -0.037049   slack (VIOLATED)


Startpoint: u_input_buffer.mem[10][4]$_DFFE_PP_
            (rising edge-triggered flip-flop clocked by clk)
Endpoint: u_input_buffer.mem[10][4]$_DFFE_PP_
          (rising edge-triggered flip-flop clocked by clk)
Path Group: clk
Path Type: min

Fanout         Cap        Slew       Delay        Time   Description
---------------------------------------------------------------------------------------------
                      0.150000    0.000000    0.000000   clock clk (rise edge)
                                  0.000000    0.000000   clock network delay (ideal)
                      0.150000    0.000000    0.000000 ^ u_input_buffer.mem[10][4]$_DFFE_PP_/CLK (sg13g2_dfrbpq_1)
     2    0.006287    0.020422    0.156914    0.156914 v u_input_buffer.mem[10][4]$_DFFE_PP_/Q (sg13g2_dfrbpq_1)
                                                         u_input_buffer.mem[10][4] (net)
                      0.020422    0.000000    0.156914 v _3147_/A (sg13g2_nor2_1)
     1    0.003144    0.029128    0.037240    0.194155 ^ _3147_/Y (sg13g2_nor2_1)
                                                         _0478_ (net)
                      0.029128    0.000000    0.194155 ^ _3148_/B1 (sg13g2_a21oi_1)
     1    0.001523    0.012000    0.019234    0.213388 v _3148_/Y (sg13g2_a21oi_1)
                                                         _0060_ (net)
                      0.012000    0.000000    0.213388 v u_input_buffer.mem[10][4]$_DFFE_PP_/D (sg13g2_dfrbpq_1)
                                              0.213388   data arrival time

                      0.150000    0.000000    0.000000   clock clk (rise edge)
                                  0.000000    0.000000   clock network delay (ideal)
                                  0.250000    0.250000   clock uncertainty
                                  0.000000    0.250000   clock reconvergence pessimism
                                              0.250000 ^ u_input_buffer.mem[10][4]$_DFFE_PP_/CLK (sg13g2_dfrbpq_1)
                                  0.000437    0.250437   library hold time
                                              0.250437   data required time
---------------------------------------------------------------------------------------------
                                              0.250437   data required time
                                             -0.213388   data arrival time
---------------------------------------------------------------------------------------------
                                             -0.037049   slack (VIOLATED)


Startpoint: u_input_buffer.mem[10][5]$_DFFE_PP_
            (rising edge-triggered flip-flop clocked by clk)
Endpoint: u_input_buffer.mem[10][5]$_DFFE_PP_
          (rising edge-triggered flip-flop clocked by clk)
Path Group: clk
Path Type: min

Fanout         Cap        Slew       Delay        Time   Description
---------------------------------------------------------------------------------------------
                      0.150000    0.000000    0.000000   clock clk (rise edge)
                                  0.000000    0.000000   clock network delay (ideal)
                      0.150000    0.000000    0.000000 ^ u_input_buffer.mem[10][5]$_DFFE_PP_/CLK (sg13g2_dfrbpq_1)
     2    0.006287    0.020422    0.156914    0.156914 v u_input_buffer.mem[10][5]$_DFFE_PP_/Q (sg13g2_dfrbpq_1)
                                                         u_input_buffer.mem[10][5] (net)
                      0.020422    0.000000    0.156914 v _3149_/A (sg13g2_nor2_1)
     1    0.003144    0.029128    0.037240    0.194155 ^ _3149_/Y (sg13g2_nor2_1)
                                                         _0479_ (net)
                      0.029128    0.000000    0.194155 ^ _3150_/B1 (sg13g2_a21oi_1)
     1    0.001523    0.012000    0.019234    0.213388 v _3150_/Y (sg13g2_a21oi_1)
                                                         _0061_ (net)
                      0.012000    0.000000    0.213388 v u_input_buffer.mem[10][5]$_DFFE_PP_/D (sg13g2_dfrbpq_1)
                                              0.213388   data arrival time

                      0.150000    0.000000    0.000000   clock clk (rise edge)
                                  0.000000    0.000000   clock network delay (ideal)
                                  0.250000    0.250000   clock uncertainty
                                  0.000000    0.250000   clock reconvergence pessimism
                                              0.250000 ^ u_input_buffer.mem[10][5]$_DFFE_PP_/CLK (sg13g2_dfrbpq_1)
                                  0.000437    0.250437   library hold time
                                              0.250437   data required time
---------------------------------------------------------------------------------------------
                                              0.250437   data required time
                                             -0.213388   data arrival time
---------------------------------------------------------------------------------------------
                                             -0.037049   slack (VIOLATED)


Startpoint: u_input_buffer.mem[10][6]$_DFFE_PP_
            (rising edge-triggered flip-flop clocked by clk)
Endpoint: u_input_buffer.mem[10][6]$_DFFE_PP_
          (rising edge-triggered flip-flop clocked by clk)
Path Group: clk
Path Type: min

Fanout         Cap        Slew       Delay        Time   Description
---------------------------------------------------------------------------------------------
                      0.150000    0.000000    0.000000   clock clk (rise edge)
                                  0.000000    0.000000   clock network delay (ideal)
                      0.150000    0.000000    0.000000 ^ u_input_buffer.mem[10][6]$_DFFE_PP_/CLK (sg13g2_dfrbpq_1)
     2    0.006287    0.020422    0.156914    0.156914 v u_input_buffer.mem[10][6]$_DFFE_PP_/Q (sg13g2_dfrbpq_1)
                                                         u_input_buffer.mem[10][6] (net)
                      0.020422    0.000000    0.156914 v _3151_/A (sg13g2_nor2_1)
     1    0.003144    0.029128    0.037240    0.194155 ^ _3151_/Y (sg13g2_nor2_1)
                                                         _0480_ (net)
                      0.029128    0.000000    0.194155 ^ _3152_/B1 (sg13g2_a21oi_1)
     1    0.001523    0.012000    0.019234    0.213388 v _3152_/Y (sg13g2_a21oi_1)
                                                         _0062_ (net)
                      0.012000    0.000000    0.213388 v u_input_buffer.mem[10][6]$_DFFE_PP_/D (sg13g2_dfrbpq_1)
                                              0.213388   data arrival time

                      0.150000    0.000000    0.000000   clock clk (rise edge)
                                  0.000000    0.000000   clock network delay (ideal)
                                  0.250000    0.250000   clock uncertainty
                                  0.000000    0.250000   clock reconvergence pessimism
                                              0.250000 ^ u_input_buffer.mem[10][6]$_DFFE_PP_/CLK (sg13g2_dfrbpq_1)
                                  0.000437    0.250437   library hold time
                                              0.250437   data required time
---------------------------------------------------------------------------------------------
                                              0.250437   data required time
                                             -0.213388   data arrival time
---------------------------------------------------------------------------------------------
                                             -0.037049   slack (VIOLATED)


Startpoint: u_input_buffer.mem[10][7]$_DFFE_PP_
            (rising edge-triggered flip-flop clocked by clk)
Endpoint: u_input_buffer.mem[10][7]$_DFFE_PP_
          (rising edge-triggered flip-flop clocked by clk)
Path Group: clk
Path Type: min

Fanout         Cap        Slew       Delay        Time   Description
---------------------------------------------------------------------------------------------
                      0.150000    0.000000    0.000000   clock clk (rise edge)
                                  0.000000    0.000000   clock network delay (ideal)
                      0.150000    0.000000    0.000000 ^ u_input_buffer.mem[10][7]$_DFFE_PP_/CLK (sg13g2_dfrbpq_1)
     2    0.006287    0.020422    0.156914    0.156914 v u_input_buffer.mem[10][7]$_DFFE_PP_/Q (sg13g2_dfrbpq_1)
                                                         u_input_buffer.mem[10][7] (net)
                      0.020422    0.000000    0.156914 v _3153_/A (sg13g2_nor2_1)
     1    0.003144    0.029128    0.037240    0.194155 ^ _3153_/Y (sg13g2_nor2_1)
                                                         _0481_ (net)
                      0.029128    0.000000    0.194155 ^ _3154_/B1 (sg13g2_a21oi_1)
     1    0.001523    0.012000    0.019234    0.213388 v _3154_/Y (sg13g2_a21oi_1)
                                                         _0063_ (net)
                      0.012000    0.000000    0.213388 v u_input_buffer.mem[10][7]$_DFFE_PP_/D (sg13g2_dfrbpq_1)
                                              0.213388   data arrival time

                      0.150000    0.000000    0.000000   clock clk (rise edge)
                                  0.000000    0.000000   clock network delay (ideal)
                                  0.250000    0.250000   clock uncertainty
                                  0.000000    0.250000   clock reconvergence pessimism
                                              0.250000 ^ u_input_buffer.mem[10][7]$_DFFE_PP_/CLK (sg13g2_dfrbpq_1)
                                  0.000437    0.250437   library hold time
                                              0.250437   data required time
---------------------------------------------------------------------------------------------
                                              0.250437   data required time
                                             -0.213388   data arrival time
---------------------------------------------------------------------------------------------
                                             -0.037049   slack (VIOLATED)


Startpoint: u_input_buffer.mem[11][0]$_DFFE_PP_
            (rising edge-triggered flip-flop clocked by clk)
Endpoint: u_input_buffer.mem[11][0]$_DFFE_PP_
          (rising edge-triggered flip-flop clocked by clk)
Path Group: clk
Path Type: min

Fanout         Cap        Slew       Delay        Time   Description
---------------------------------------------------------------------------------------------
                      0.150000    0.000000    0.000000   clock clk (rise edge)
                                  0.000000    0.000000   clock network delay (ideal)
                      0.150000    0.000000    0.000000 ^ u_input_buffer.mem[11][0]$_DFFE_PP_/CLK (sg13g2_dfrbpq_1)
     2    0.006287    0.020422    0.156914    0.156914 v u_input_buffer.mem[11][0]$_DFFE_PP_/Q (sg13g2_dfrbpq_1)
                                                         u_input_buffer.mem[11][0] (net)
                      0.020422    0.000000    0.156914 v _3157_/A (sg13g2_nor2_1)
     1    0.003144    0.029128    0.037240    0.194155 ^ _3157_/Y (sg13g2_nor2_1)
                                                         _0484_ (net)
                      0.029128    0.000000    0.194155 ^ _3158_/B1 (sg13g2_a21oi_1)
     1    0.001523    0.012000    0.019234    0.213388 v _3158_/Y (sg13g2_a21oi_1)
                                                         _0064_ (net)
                      0.012000    0.000000    0.213388 v u_input_buffer.mem[11][0]$_DFFE_PP_/D (sg13g2_dfrbpq_1)
                                              0.213388   data arrival time

                      0.150000    0.000000    0.000000   clock clk (rise edge)
                                  0.000000    0.000000   clock network delay (ideal)
                                  0.250000    0.250000   clock uncertainty
                                  0.000000    0.250000   clock reconvergence pessimism
                                              0.250000 ^ u_input_buffer.mem[11][0]$_DFFE_PP_/CLK (sg13g2_dfrbpq_1)
                                  0.000437    0.250437   library hold time
                                              0.250437   data required time
---------------------------------------------------------------------------------------------
                                              0.250437   data required time
                                             -0.213388   data arrival time
---------------------------------------------------------------------------------------------
                                             -0.037049   slack (VIOLATED)


Startpoint: u_input_buffer.mem[11][1]$_DFFE_PP_
            (rising edge-triggered flip-flop clocked by clk)
Endpoint: u_input_buffer.mem[11][1]$_DFFE_PP_
          (rising edge-triggered flip-flop clocked by clk)
Path Group: clk
Path Type: min

Fanout         Cap        Slew       Delay        Time   Description
---------------------------------------------------------------------------------------------
                      0.150000    0.000000    0.000000   clock clk (rise edge)
                                  0.000000    0.000000   clock network delay (ideal)
                      0.150000    0.000000    0.000000 ^ u_input_buffer.mem[11][1]$_DFFE_PP_/CLK (sg13g2_dfrbpq_1)
     2    0.006287    0.020422    0.156914    0.156914 v u_input_buffer.mem[11][1]$_DFFE_PP_/Q (sg13g2_dfrbpq_1)
                                                         u_input_buffer.mem[11][1] (net)
                      0.020422    0.000000    0.156914 v _3159_/A (sg13g2_nor2_1)
     1    0.003144    0.029128    0.037240    0.194155 ^ _3159_/Y (sg13g2_nor2_1)
                                                         _0485_ (net)
                      0.029128    0.000000    0.194155 ^ _3160_/B1 (sg13g2_a21oi_1)
     1    0.001523    0.012000    0.019234    0.213388 v _3160_/Y (sg13g2_a21oi_1)
                                                         _0065_ (net)
                      0.012000    0.000000    0.213388 v u_input_buffer.mem[11][1]$_DFFE_PP_/D (sg13g2_dfrbpq_1)
                                              0.213388   data arrival time

                      0.150000    0.000000    0.000000   clock clk (rise edge)
                                  0.000000    0.000000   clock network delay (ideal)
                                  0.250000    0.250000   clock uncertainty
                                  0.000000    0.250000   clock reconvergence pessimism
                                              0.250000 ^ u_input_buffer.mem[11][1]$_DFFE_PP_/CLK (sg13g2_dfrbpq_1)
                                  0.000437    0.250437   library hold time
                                              0.250437   data required time
---------------------------------------------------------------------------------------------
                                              0.250437   data required time
                                             -0.213388   data arrival time
---------------------------------------------------------------------------------------------
                                             -0.037049   slack (VIOLATED)


Startpoint: u_input_buffer.mem[11][2]$_DFFE_PP_
            (rising edge-triggered flip-flop clocked by clk)
Endpoint: u_input_buffer.mem[11][2]$_DFFE_PP_
          (rising edge-triggered flip-flop clocked by clk)
Path Group: clk
Path Type: min

Fanout         Cap        Slew       Delay        Time   Description
---------------------------------------------------------------------------------------------
                      0.150000    0.000000    0.000000   clock clk (rise edge)
                                  0.000000    0.000000   clock network delay (ideal)
                      0.150000    0.000000    0.000000 ^ u_input_buffer.mem[11][2]$_DFFE_PP_/CLK (sg13g2_dfrbpq_1)
     2    0.006287    0.020422    0.156914    0.156914 v u_input_buffer.mem[11][2]$_DFFE_PP_/Q (sg13g2_dfrbpq_1)
                                                         u_input_buffer.mem[11][2] (net)
                      0.020422    0.000000    0.156914 v _3161_/A (sg13g2_nor2_1)
     1    0.003144    0.029128    0.037240    0.194155 ^ _3161_/Y (sg13g2_nor2_1)
                                                         _0486_ (net)
                      0.029128    0.000000    0.194155 ^ _3162_/B1 (sg13g2_a21oi_1)
     1    0.001523    0.012000    0.019234    0.213388 v _3162_/Y (sg13g2_a21oi_1)
                                                         _0066_ (net)
                      0.012000    0.000000    0.213388 v u_input_buffer.mem[11][2]$_DFFE_PP_/D (sg13g2_dfrbpq_1)
                                              0.213388   data arrival time

                      0.150000    0.000000    0.000000   clock clk (rise edge)
                                  0.000000    0.000000   clock network delay (ideal)
                                  0.250000    0.250000   clock uncertainty
                                  0.000000    0.250000   clock reconvergence pessimism
                                              0.250000 ^ u_input_buffer.mem[11][2]$_DFFE_PP_/CLK (sg13g2_dfrbpq_1)
                                  0.000437    0.250437   library hold time
                                              0.250437   data required time
---------------------------------------------------------------------------------------------
                                              0.250437   data required time
                                             -0.213388   data arrival time
---------------------------------------------------------------------------------------------
                                             -0.037049   slack (VIOLATED)


Startpoint: u_input_buffer.mem[11][3]$_DFFE_PP_
            (rising edge-triggered flip-flop clocked by clk)
Endpoint: u_input_buffer.mem[11][3]$_DFFE_PP_
          (rising edge-triggered flip-flop clocked by clk)
Path Group: clk
Path Type: min

Fanout         Cap        Slew       Delay        Time   Description
---------------------------------------------------------------------------------------------
                      0.150000    0.000000    0.000000   clock clk (rise edge)
                                  0.000000    0.000000   clock network delay (ideal)
                      0.150000    0.000000    0.000000 ^ u_input_buffer.mem[11][3]$_DFFE_PP_/CLK (sg13g2_dfrbpq_1)
     2    0.006287    0.020422    0.156914    0.156914 v u_input_buffer.mem[11][3]$_DFFE_PP_/Q (sg13g2_dfrbpq_1)
                                                         u_input_buffer.mem[11][3] (net)
                      0.020422    0.000000    0.156914 v _3163_/A (sg13g2_nor2_1)
     1    0.003144    0.029128    0.037240    0.194155 ^ _3163_/Y (sg13g2_nor2_1)
                                                         _0487_ (net)
                      0.029128    0.000000    0.194155 ^ _3164_/B1 (sg13g2_a21oi_1)
     1    0.001523    0.012000    0.019234    0.213388 v _3164_/Y (sg13g2_a21oi_1)
                                                         _0067_ (net)
                      0.012000    0.000000    0.213388 v u_input_buffer.mem[11][3]$_DFFE_PP_/D (sg13g2_dfrbpq_1)
                                              0.213388   data arrival time

                      0.150000    0.000000    0.000000   clock clk (rise edge)
                                  0.000000    0.000000   clock network delay (ideal)
                                  0.250000    0.250000   clock uncertainty
                                  0.000000    0.250000   clock reconvergence pessimism
                                              0.250000 ^ u_input_buffer.mem[11][3]$_DFFE_PP_/CLK (sg13g2_dfrbpq_1)
                                  0.000437    0.250437   library hold time
                                              0.250437   data required time
---------------------------------------------------------------------------------------------
                                              0.250437   data required time
                                             -0.213388   data arrival time
---------------------------------------------------------------------------------------------
                                             -0.037049   slack (VIOLATED)


Startpoint: u_input_buffer.mem[11][4]$_DFFE_PP_
            (rising edge-triggered flip-flop clocked by clk)
Endpoint: u_input_buffer.mem[11][4]$_DFFE_PP_
          (rising edge-triggered flip-flop clocked by clk)
Path Group: clk
Path Type: min

Fanout         Cap        Slew       Delay        Time   Description
---------------------------------------------------------------------------------------------
                      0.150000    0.000000    0.000000   clock clk (rise edge)
                                  0.000000    0.000000   clock network delay (ideal)
                      0.150000    0.000000    0.000000 ^ u_input_buffer.mem[11][4]$_DFFE_PP_/CLK (sg13g2_dfrbpq_1)
     2    0.006287    0.020422    0.156914    0.156914 v u_input_buffer.mem[11][4]$_DFFE_PP_/Q (sg13g2_dfrbpq_1)
                                                         u_input_buffer.mem[11][4] (net)
                      0.020422    0.000000    0.156914 v _3165_/A (sg13g2_nor2_1)
     1    0.003144    0.029128    0.037240    0.194155 ^ _3165_/Y (sg13g2_nor2_1)
                                                         _0488_ (net)
                      0.029128    0.000000    0.194155 ^ _3166_/B1 (sg13g2_a21oi_1)
     1    0.001523    0.012000    0.019234    0.213388 v _3166_/Y (sg13g2_a21oi_1)
                                                         _0068_ (net)
                      0.012000    0.000000    0.213388 v u_input_buffer.mem[11][4]$_DFFE_PP_/D (sg13g2_dfrbpq_1)
                                              0.213388   data arrival time

                      0.150000    0.000000    0.000000   clock clk (rise edge)
                                  0.000000    0.000000   clock network delay (ideal)
                                  0.250000    0.250000   clock uncertainty
                                  0.000000    0.250000   clock reconvergence pessimism
                                              0.250000 ^ u_input_buffer.mem[11][4]$_DFFE_PP_/CLK (sg13g2_dfrbpq_1)
                                  0.000437    0.250437   library hold time
                                              0.250437   data required time
---------------------------------------------------------------------------------------------
                                              0.250437   data required time
                                             -0.213388   data arrival time
---------------------------------------------------------------------------------------------
                                             -0.037049   slack (VIOLATED)


Startpoint: u_input_buffer.mem[11][7]$_DFFE_PP_
            (rising edge-triggered flip-flop clocked by clk)
Endpoint: u_input_buffer.mem[11][7]$_DFFE_PP_
          (rising edge-triggered flip-flop clocked by clk)
Path Group: clk
Path Type: min

Fanout         Cap        Slew       Delay        Time   Description
---------------------------------------------------------------------------------------------
                      0.150000    0.000000    0.000000   clock clk (rise edge)
                                  0.000000    0.000000   clock network delay (ideal)
                      0.150000    0.000000    0.000000 ^ u_input_buffer.mem[11][7]$_DFFE_PP_/CLK (sg13g2_dfrbpq_1)
     2    0.006287    0.020422    0.156914    0.156914 v u_input_buffer.mem[11][7]$_DFFE_PP_/Q (sg13g2_dfrbpq_1)
                                                         u_input_buffer.mem[11][7] (net)
                      0.020422    0.000000    0.156914 v _3171_/A (sg13g2_nor2_1)
     1    0.003144    0.029128    0.037240    0.194155 ^ _3171_/Y (sg13g2_nor2_1)
                                                         _0491_ (net)
                      0.029128    0.000000    0.194155 ^ _3172_/B1 (sg13g2_a21oi_1)
     1    0.001523    0.012000    0.019234    0.213388 v _3172_/Y (sg13g2_a21oi_1)
                                                         _0071_ (net)
                      0.012000    0.000000    0.213388 v u_input_buffer.mem[11][7]$_DFFE_PP_/D (sg13g2_dfrbpq_1)
                                              0.213388   data arrival time

                      0.150000    0.000000    0.000000   clock clk (rise edge)
                                  0.000000    0.000000   clock network delay (ideal)
                                  0.250000    0.250000   clock uncertainty
                                  0.000000    0.250000   clock reconvergence pessimism
                                              0.250000 ^ u_input_buffer.mem[11][7]$_DFFE_PP_/CLK (sg13g2_dfrbpq_1)
                                  0.000437    0.250437   library hold time
                                              0.250437   data required time
---------------------------------------------------------------------------------------------
                                              0.250437   data required time
                                             -0.213388   data arrival time
---------------------------------------------------------------------------------------------
                                             -0.037049   slack (VIOLATED)


Startpoint: u_input_buffer.mem[18][0]$_DFFE_PP_
            (rising edge-triggered flip-flop clocked by clk)
Endpoint: u_input_buffer.mem[18][0]$_DFFE_PP_
          (rising edge-triggered flip-flop clocked by clk)
Path Group: clk
Path Type: min

Fanout         Cap        Slew       Delay        Time   Description
---------------------------------------------------------------------------------------------
                      0.150000    0.000000    0.000000   clock clk (rise edge)
                                  0.000000    0.000000   clock network delay (ideal)
                      0.150000    0.000000    0.000000 ^ u_input_buffer.mem[18][0]$_DFFE_PP_/CLK (sg13g2_dfrbpq_1)
     2    0.006287    0.020422    0.156914    0.156914 v u_input_buffer.mem[18][0]$_DFFE_PP_/Q (sg13g2_dfrbpq_1)
                                                         u_input_buffer.mem[18][0] (net)
                      0.020422    0.000000    0.156914 v _3280_/A (sg13g2_nor2_1)
     1    0.003144    0.029128    0.037240    0.194155 ^ _3280_/Y (sg13g2_nor2_1)
                                                         _0551_ (net)
                      0.029128    0.000000    0.194155 ^ _3281_/B1 (sg13g2_a21oi_1)
     1    0.001523    0.012000    0.019234    0.213388 v _3281_/Y (sg13g2_a21oi_1)
                                                         _0120_ (net)
                      0.012000    0.000000    0.213388 v u_input_buffer.mem[18][0]$_DFFE_PP_/D (sg13g2_dfrbpq_1)
                                              0.213388   data arrival time

                      0.150000    0.000000    0.000000   clock clk (rise edge)
                                  0.000000    0.000000   clock network delay (ideal)
                                  0.250000    0.250000   clock uncertainty
                                  0.000000    0.250000   clock reconvergence pessimism
                                              0.250000 ^ u_input_buffer.mem[18][0]$_DFFE_PP_/CLK (sg13g2_dfrbpq_1)
                                  0.000437    0.250437   library hold time
                                              0.250437   data required time
---------------------------------------------------------------------------------------------
                                              0.250437   data required time
                                             -0.213388   data arrival time
---------------------------------------------------------------------------------------------
                                             -0.037049   slack (VIOLATED)


Startpoint: u_input_buffer.mem[18][1]$_DFFE_PP_
            (rising edge-triggered flip-flop clocked by clk)
Endpoint: u_input_buffer.mem[18][1]$_DFFE_PP_
          (rising edge-triggered flip-flop clocked by clk)
Path Group: clk
Path Type: min

Fanout         Cap        Slew       Delay        Time   Description
---------------------------------------------------------------------------------------------
                      0.150000    0.000000    0.000000   clock clk (rise edge)
                                  0.000000    0.000000   clock network delay (ideal)
                      0.150000    0.000000    0.000000 ^ u_input_buffer.mem[18][1]$_DFFE_PP_/CLK (sg13g2_dfrbpq_1)
     2    0.006287    0.020422    0.156914    0.156914 v u_input_buffer.mem[18][1]$_DFFE_PP_/Q (sg13g2_dfrbpq_1)
                                                         u_input_buffer.mem[18][1] (net)
                      0.020422    0.000000    0.156914 v _3282_/A (sg13g2_nor2_1)
     1    0.003144    0.029128    0.037240    0.194155 ^ _3282_/Y (sg13g2_nor2_1)
                                                         _0552_ (net)
                      0.029128    0.000000    0.194155 ^ _3283_/B1 (sg13g2_a21oi_1)
     1    0.001523    0.012000    0.019234    0.213388 v _3283_/Y (sg13g2_a21oi_1)
                                                         _0121_ (net)
                      0.012000    0.000000    0.213388 v u_input_buffer.mem[18][1]$_DFFE_PP_/D (sg13g2_dfrbpq_1)
                                              0.213388   data arrival time

                      0.150000    0.000000    0.000000   clock clk (rise edge)
                                  0.000000    0.000000   clock network delay (ideal)
                                  0.250000    0.250000   clock uncertainty
                                  0.000000    0.250000   clock reconvergence pessimism
                                              0.250000 ^ u_input_buffer.mem[18][1]$_DFFE_PP_/CLK (sg13g2_dfrbpq_1)
                                  0.000437    0.250437   library hold time
                                              0.250437   data required time
---------------------------------------------------------------------------------------------
                                              0.250437   data required time
                                             -0.213388   data arrival time
---------------------------------------------------------------------------------------------
                                             -0.037049   slack (VIOLATED)


Startpoint: u_input_buffer.mem[18][2]$_DFFE_PP_
            (rising edge-triggered flip-flop clocked by clk)
Endpoint: u_input_buffer.mem[18][2]$_DFFE_PP_
          (rising edge-triggered flip-flop clocked by clk)
Path Group: clk
Path Type: min

Fanout         Cap        Slew       Delay        Time   Description
---------------------------------------------------------------------------------------------
                      0.150000    0.000000    0.000000   clock clk (rise edge)
                                  0.000000    0.000000   clock network delay (ideal)
                      0.150000    0.000000    0.000000 ^ u_input_buffer.mem[18][2]$_DFFE_PP_/CLK (sg13g2_dfrbpq_1)
     2    0.006287    0.020422    0.156914    0.156914 v u_input_buffer.mem[18][2]$_DFFE_PP_/Q (sg13g2_dfrbpq_1)
                                                         u_input_buffer.mem[18][2] (net)
                      0.020422    0.000000    0.156914 v _3284_/A (sg13g2_nor2_1)
     1    0.003144    0.029128    0.037240    0.194155 ^ _3284_/Y (sg13g2_nor2_1)
                                                         _0553_ (net)
                      0.029128    0.000000    0.194155 ^ _3285_/B1 (sg13g2_a21oi_1)
     1    0.001523    0.012000    0.019234    0.213388 v _3285_/Y (sg13g2_a21oi_1)
                                                         _0122_ (net)
                      0.012000    0.000000    0.213388 v u_input_buffer.mem[18][2]$_DFFE_PP_/D (sg13g2_dfrbpq_1)
                                              0.213388   data arrival time

                      0.150000    0.000000    0.000000   clock clk (rise edge)
                                  0.000000    0.000000   clock network delay (ideal)
                                  0.250000    0.250000   clock uncertainty
                                  0.000000    0.250000   clock reconvergence pessimism
                                              0.250000 ^ u_input_buffer.mem[18][2]$_DFFE_PP_/CLK (sg13g2_dfrbpq_1)
                                  0.000437    0.250437   library hold time
                                              0.250437   data required time
---------------------------------------------------------------------------------------------
                                              0.250437   data required time
                                             -0.213388   data arrival time
---------------------------------------------------------------------------------------------
                                             -0.037049   slack (VIOLATED)


Startpoint: u_input_buffer.mem[18][3]$_DFFE_PP_
            (rising edge-triggered flip-flop clocked by clk)
Endpoint: u_input_buffer.mem[18][3]$_DFFE_PP_
          (rising edge-triggered flip-flop clocked by clk)
Path Group: clk
Path Type: min

Fanout         Cap        Slew       Delay        Time   Description
---------------------------------------------------------------------------------------------
                      0.150000    0.000000    0.000000   clock clk (rise edge)
                                  0.000000    0.000000   clock network delay (ideal)
                      0.150000    0.000000    0.000000 ^ u_input_buffer.mem[18][3]$_DFFE_PP_/CLK (sg13g2_dfrbpq_1)
     2    0.006287    0.020422    0.156914    0.156914 v u_input_buffer.mem[18][3]$_DFFE_PP_/Q (sg13g2_dfrbpq_1)
                                                         u_input_buffer.mem[18][3] (net)
                      0.020422    0.000000    0.156914 v _3286_/A (sg13g2_nor2_1)
     1    0.003144    0.029128    0.037240    0.194155 ^ _3286_/Y (sg13g2_nor2_1)
                                                         _0554_ (net)
                      0.029128    0.000000    0.194155 ^ _3287_/B1 (sg13g2_a21oi_1)
     1    0.001523    0.012000    0.019234    0.213388 v _3287_/Y (sg13g2_a21oi_1)
                                                         _0123_ (net)
                      0.012000    0.000000    0.213388 v u_input_buffer.mem[18][3]$_DFFE_PP_/D (sg13g2_dfrbpq_1)
                                              0.213388   data arrival time

                      0.150000    0.000000    0.000000   clock clk (rise edge)
                                  0.000000    0.000000   clock network delay (ideal)
                                  0.250000    0.250000   clock uncertainty
                                  0.000000    0.250000   clock reconvergence pessimism
                                              0.250000 ^ u_input_buffer.mem[18][3]$_DFFE_PP_/CLK (sg13g2_dfrbpq_1)
                                  0.000437    0.250437   library hold time
                                              0.250437   data required time
---------------------------------------------------------------------------------------------
                                              0.250437   data required time
                                             -0.213388   data arrival time
---------------------------------------------------------------------------------------------
                                             -0.037049   slack (VIOLATED)


Startpoint: u_input_buffer.mem[18][4]$_DFFE_PP_
            (rising edge-triggered flip-flop clocked by clk)
Endpoint: u_input_buffer.mem[18][4]$_DFFE_PP_
          (rising edge-triggered flip-flop clocked by clk)
Path Group: clk
Path Type: min

Fanout         Cap        Slew       Delay        Time   Description
---------------------------------------------------------------------------------------------
                      0.150000    0.000000    0.000000   clock clk (rise edge)
                                  0.000000    0.000000   clock network delay (ideal)
                      0.150000    0.000000    0.000000 ^ u_input_buffer.mem[18][4]$_DFFE_PP_/CLK (sg13g2_dfrbpq_1)
     2    0.006287    0.020422    0.156914    0.156914 v u_input_buffer.mem[18][4]$_DFFE_PP_/Q (sg13g2_dfrbpq_1)
                                                         u_input_buffer.mem[18][4] (net)
                      0.020422    0.000000    0.156914 v _3288_/A (sg13g2_nor2_1)
     1    0.003144    0.029128    0.037240    0.194155 ^ _3288_/Y (sg13g2_nor2_1)
                                                         _0555_ (net)
                      0.029128    0.000000    0.194155 ^ _3289_/B1 (sg13g2_a21oi_1)
     1    0.001523    0.012000    0.019234    0.213388 v _3289_/Y (sg13g2_a21oi_1)
                                                         _0124_ (net)
                      0.012000    0.000000    0.213388 v u_input_buffer.mem[18][4]$_DFFE_PP_/D (sg13g2_dfrbpq_1)
                                              0.213388   data arrival time

                      0.150000    0.000000    0.000000   clock clk (rise edge)
                                  0.000000    0.000000   clock network delay (ideal)
                                  0.250000    0.250000   clock uncertainty
                                  0.000000    0.250000   clock reconvergence pessimism
                                              0.250000 ^ u_input_buffer.mem[18][4]$_DFFE_PP_/CLK (sg13g2_dfrbpq_1)
                                  0.000437    0.250437   library hold time
                                              0.250437   data required time
---------------------------------------------------------------------------------------------
                                              0.250437   data required time
                                             -0.213388   data arrival time
---------------------------------------------------------------------------------------------
                                             -0.037049   slack (VIOLATED)


Startpoint: u_input_buffer.mem[18][5]$_DFFE_PP_
            (rising edge-triggered flip-flop clocked by clk)
Endpoint: u_input_buffer.mem[18][5]$_DFFE_PP_
          (rising edge-triggered flip-flop clocked by clk)
Path Group: clk
Path Type: min

Fanout         Cap        Slew       Delay        Time   Description
---------------------------------------------------------------------------------------------
                      0.150000    0.000000    0.000000   clock clk (rise edge)
                                  0.000000    0.000000   clock network delay (ideal)
                      0.150000    0.000000    0.000000 ^ u_input_buffer.mem[18][5]$_DFFE_PP_/CLK (sg13g2_dfrbpq_1)
     2    0.006287    0.020422    0.156914    0.156914 v u_input_buffer.mem[18][5]$_DFFE_PP_/Q (sg13g2_dfrbpq_1)
                                                         u_input_buffer.mem[18][5] (net)
                      0.020422    0.000000    0.156914 v _3290_/A (sg13g2_nor2_1)
     1    0.003144    0.029128    0.037240    0.194155 ^ _3290_/Y (sg13g2_nor2_1)
                                                         _0556_ (net)
                      0.029128    0.000000    0.194155 ^ _3291_/B1 (sg13g2_a21oi_1)
     1    0.001523    0.012000    0.019234    0.213388 v _3291_/Y (sg13g2_a21oi_1)
                                                         _0125_ (net)
                      0.012000    0.000000    0.213388 v u_input_buffer.mem[18][5]$_DFFE_PP_/D (sg13g2_dfrbpq_1)
                                              0.213388   data arrival time

                      0.150000    0.000000    0.000000   clock clk (rise edge)
                                  0.000000    0.000000   clock network delay (ideal)
                                  0.250000    0.250000   clock uncertainty
                                  0.000000    0.250000   clock reconvergence pessimism
                                              0.250000 ^ u_input_buffer.mem[18][5]$_DFFE_PP_/CLK (sg13g2_dfrbpq_1)
                                  0.000437    0.250437   library hold time
                                              0.250437   data required time
---------------------------------------------------------------------------------------------
                                              0.250437   data required time
                                             -0.213388   data arrival time
---------------------------------------------------------------------------------------------
                                             -0.037049   slack (VIOLATED)


Startpoint: u_input_buffer.mem[18][6]$_DFFE_PP_
            (rising edge-triggered flip-flop clocked by clk)
Endpoint: u_input_buffer.mem[18][6]$_DFFE_PP_
          (rising edge-triggered flip-flop clocked by clk)
Path Group: clk
Path Type: min

Fanout         Cap        Slew       Delay        Time   Description
---------------------------------------------------------------------------------------------
                      0.150000    0.000000    0.000000   clock clk (rise edge)
                                  0.000000    0.000000   clock network delay (ideal)
                      0.150000    0.000000    0.000000 ^ u_input_buffer.mem[18][6]$_DFFE_PP_/CLK (sg13g2_dfrbpq_1)
     2    0.006287    0.020422    0.156914    0.156914 v u_input_buffer.mem[18][6]$_DFFE_PP_/Q (sg13g2_dfrbpq_1)
                                                         u_input_buffer.mem[18][6] (net)
                      0.020422    0.000000    0.156914 v _3292_/A (sg13g2_nor2_1)
     1    0.003144    0.029128    0.037240    0.194155 ^ _3292_/Y (sg13g2_nor2_1)
                                                         _0557_ (net)
                      0.029128    0.000000    0.194155 ^ _3293_/B1 (sg13g2_a21oi_1)
     1    0.001523    0.012000    0.019234    0.213388 v _3293_/Y (sg13g2_a21oi_1)
                                                         _0126_ (net)
                      0.012000    0.000000    0.213388 v u_input_buffer.mem[18][6]$_DFFE_PP_/D (sg13g2_dfrbpq_1)
                                              0.213388   data arrival time

                      0.150000    0.000000    0.000000   clock clk (rise edge)
                                  0.000000    0.000000   clock network delay (ideal)
                                  0.250000    0.250000   clock uncertainty
                                  0.000000    0.250000   clock reconvergence pessimism
                                              0.250000 ^ u_input_buffer.mem[18][6]$_DFFE_PP_/CLK (sg13g2_dfrbpq_1)
                                  0.000437    0.250437   library hold time
                                              0.250437   data required time
---------------------------------------------------------------------------------------------
                                              0.250437   data required time
                                             -0.213388   data arrival time
---------------------------------------------------------------------------------------------
                                             -0.037049   slack (VIOLATED)


Startpoint: u_input_buffer.mem[18][7]$_DFFE_PP_
            (rising edge-triggered flip-flop clocked by clk)
Endpoint: u_input_buffer.mem[18][7]$_DFFE_PP_
          (rising edge-triggered flip-flop clocked by clk)
Path Group: clk
Path Type: min

Fanout         Cap        Slew       Delay        Time   Description
---------------------------------------------------------------------------------------------
                      0.150000    0.000000    0.000000   clock clk (rise edge)
                                  0.000000    0.000000   clock network delay (ideal)
                      0.150000    0.000000    0.000000 ^ u_input_buffer.mem[18][7]$_DFFE_PP_/CLK (sg13g2_dfrbpq_1)
     2    0.006287    0.020422    0.156914    0.156914 v u_input_buffer.mem[18][7]$_DFFE_PP_/Q (sg13g2_dfrbpq_1)
                                                         u_input_buffer.mem[18][7] (net)
                      0.020422    0.000000    0.156914 v _3294_/A (sg13g2_nor2_1)
     1    0.003144    0.029128    0.037240    0.194155 ^ _3294_/Y (sg13g2_nor2_1)
                                                         _0558_ (net)
                      0.029128    0.000000    0.194155 ^ _3295_/B1 (sg13g2_a21oi_1)
     1    0.001523    0.012000    0.019234    0.213388 v _3295_/Y (sg13g2_a21oi_1)
                                                         _0127_ (net)
                      0.012000    0.000000    0.213388 v u_input_buffer.mem[18][7]$_DFFE_PP_/D (sg13g2_dfrbpq_1)
                                              0.213388   data arrival time

                      0.150000    0.000000    0.000000   clock clk (rise edge)
                                  0.000000    0.000000   clock network delay (ideal)
                                  0.250000    0.250000   clock uncertainty
                                  0.000000    0.250000   clock reconvergence pessimism
                                              0.250000 ^ u_input_buffer.mem[18][7]$_DFFE_PP_/CLK (sg13g2_dfrbpq_1)
                                  0.000437    0.250437   library hold time
                                              0.250437   data required time
---------------------------------------------------------------------------------------------
                                              0.250437   data required time
                                             -0.213388   data arrival time
---------------------------------------------------------------------------------------------
                                             -0.037049   slack (VIOLATED)


Startpoint: u_input_buffer.mem[19][0]$_DFFE_PP_
            (rising edge-triggered flip-flop clocked by clk)
Endpoint: u_input_buffer.mem[19][0]$_DFFE_PP_
          (rising edge-triggered flip-flop clocked by clk)
Path Group: clk
Path Type: min

Fanout         Cap        Slew       Delay        Time   Description
---------------------------------------------------------------------------------------------
                      0.150000    0.000000    0.000000   clock clk (rise edge)
                                  0.000000    0.000000   clock network delay (ideal)
                      0.150000    0.000000    0.000000 ^ u_input_buffer.mem[19][0]$_DFFE_PP_/CLK (sg13g2_dfrbpq_1)
     2    0.006287    0.020422    0.156914    0.156914 v u_input_buffer.mem[19][0]$_DFFE_PP_/Q (sg13g2_dfrbpq_1)
                                                         u_input_buffer.mem[19][0] (net)
                      0.020422    0.000000    0.156914 v _3297_/A (sg13g2_nor2_1)
     1    0.003144    0.029128    0.037240    0.194155 ^ _3297_/Y (sg13g2_nor2_1)
                                                         _0560_ (net)
                      0.029128    0.000000    0.194155 ^ _3298_/B1 (sg13g2_a21oi_1)
     1    0.001523    0.012000    0.019234    0.213388 v _3298_/Y (sg13g2_a21oi_1)
                                                         _0128_ (net)
                      0.012000    0.000000    0.213388 v u_input_buffer.mem[19][0]$_DFFE_PP_/D (sg13g2_dfrbpq_1)
                                              0.213388   data arrival time

                      0.150000    0.000000    0.000000   clock clk (rise edge)
                                  0.000000    0.000000   clock network delay (ideal)
                                  0.250000    0.250000   clock uncertainty
                                  0.000000    0.250000   clock reconvergence pessimism
                                              0.250000 ^ u_input_buffer.mem[19][0]$_DFFE_PP_/CLK (sg13g2_dfrbpq_1)
                                  0.000437    0.250437   library hold time
                                              0.250437   data required time
---------------------------------------------------------------------------------------------
                                              0.250437   data required time
                                             -0.213388   data arrival time
---------------------------------------------------------------------------------------------
                                             -0.037049   slack (VIOLATED)


Startpoint: u_input_buffer.mem[19][1]$_DFFE_PP_
            (rising edge-triggered flip-flop clocked by clk)
Endpoint: u_input_buffer.mem[19][1]$_DFFE_PP_
          (rising edge-triggered flip-flop clocked by clk)
Path Group: clk
Path Type: min

Fanout         Cap        Slew       Delay        Time   Description
---------------------------------------------------------------------------------------------
                      0.150000    0.000000    0.000000   clock clk (rise edge)
                                  0.000000    0.000000   clock network delay (ideal)
                      0.150000    0.000000    0.000000 ^ u_input_buffer.mem[19][1]$_DFFE_PP_/CLK (sg13g2_dfrbpq_1)
     2    0.006287    0.020422    0.156914    0.156914 v u_input_buffer.mem[19][1]$_DFFE_PP_/Q (sg13g2_dfrbpq_1)
                                                         u_input_buffer.mem[19][1] (net)
                      0.020422    0.000000    0.156914 v _3299_/A (sg13g2_nor2_1)
     1    0.003144    0.029128    0.037240    0.194155 ^ _3299_/Y (sg13g2_nor2_1)
                                                         _0561_ (net)
                      0.029128    0.000000    0.194155 ^ _3300_/B1 (sg13g2_a21oi_1)
     1    0.001523    0.012000    0.019234    0.213388 v _3300_/Y (sg13g2_a21oi_1)
                                                         _0129_ (net)
                      0.012000    0.000000    0.213388 v u_input_buffer.mem[19][1]$_DFFE_PP_/D (sg13g2_dfrbpq_1)
                                              0.213388   data arrival time

                      0.150000    0.000000    0.000000   clock clk (rise edge)
                                  0.000000    0.000000   clock network delay (ideal)
                                  0.250000    0.250000   clock uncertainty
                                  0.000000    0.250000   clock reconvergence pessimism
                                              0.250000 ^ u_input_buffer.mem[19][1]$_DFFE_PP_/CLK (sg13g2_dfrbpq_1)
                                  0.000437    0.250437   library hold time
                                              0.250437   data required time
---------------------------------------------------------------------------------------------
                                              0.250437   data required time
                                             -0.213388   data arrival time
---------------------------------------------------------------------------------------------
                                             -0.037049   slack (VIOLATED)


Startpoint: u_input_buffer.mem[19][2]$_DFFE_PP_
            (rising edge-triggered flip-flop clocked by clk)
Endpoint: u_input_buffer.mem[19][2]$_DFFE_PP_
          (rising edge-triggered flip-flop clocked by clk)
Path Group: clk
Path Type: min

Fanout         Cap        Slew       Delay        Time   Description
---------------------------------------------------------------------------------------------
                      0.150000    0.000000    0.000000   clock clk (rise edge)
                                  0.000000    0.000000   clock network delay (ideal)
                      0.150000    0.000000    0.000000 ^ u_input_buffer.mem[19][2]$_DFFE_PP_/CLK (sg13g2_dfrbpq_1)
     2    0.006287    0.020422    0.156914    0.156914 v u_input_buffer.mem[19][2]$_DFFE_PP_/Q (sg13g2_dfrbpq_1)
                                                         u_input_buffer.mem[19][2] (net)
                      0.020422    0.000000    0.156914 v _3301_/A (sg13g2_nor2_1)
     1    0.003144    0.029128    0.037240    0.194155 ^ _3301_/Y (sg13g2_nor2_1)
                                                         _0562_ (net)
                      0.029128    0.000000    0.194155 ^ _3302_/B1 (sg13g2_a21oi_1)
     1    0.001523    0.012000    0.019234    0.213388 v _3302_/Y (sg13g2_a21oi_1)
                                                         _0130_ (net)
                      0.012000    0.000000    0.213388 v u_input_buffer.mem[19][2]$_DFFE_PP_/D (sg13g2_dfrbpq_1)
                                              0.213388   data arrival time

                      0.150000    0.000000    0.000000   clock clk (rise edge)
                                  0.000000    0.000000   clock network delay (ideal)
                                  0.250000    0.250000   clock uncertainty
                                  0.000000    0.250000   clock reconvergence pessimism
                                              0.250000 ^ u_input_buffer.mem[19][2]$_DFFE_PP_/CLK (sg13g2_dfrbpq_1)
                                  0.000437    0.250437   library hold time
                                              0.250437   data required time
---------------------------------------------------------------------------------------------
                                              0.250437   data required time
                                             -0.213388   data arrival time
---------------------------------------------------------------------------------------------
                                             -0.037049   slack (VIOLATED)


Startpoint: u_input_buffer.mem[19][4]$_DFFE_PP_
            (rising edge-triggered flip-flop clocked by clk)
Endpoint: u_input_buffer.mem[19][4]$_DFFE_PP_
          (rising edge-triggered flip-flop clocked by clk)
Path Group: clk
Path Type: min

Fanout         Cap        Slew       Delay        Time   Description
---------------------------------------------------------------------------------------------
                      0.150000    0.000000    0.000000   clock clk (rise edge)
                                  0.000000    0.000000   clock network delay (ideal)
                      0.150000    0.000000    0.000000 ^ u_input_buffer.mem[19][4]$_DFFE_PP_/CLK (sg13g2_dfrbpq_1)
     2    0.006287    0.020422    0.156914    0.156914 v u_input_buffer.mem[19][4]$_DFFE_PP_/Q (sg13g2_dfrbpq_1)
                                                         u_input_buffer.mem[19][4] (net)
                      0.020422    0.000000    0.156914 v _3305_/A (sg13g2_nor2_1)
     1    0.003144    0.029128    0.037240    0.194155 ^ _3305_/Y (sg13g2_nor2_1)
                                                         _0564_ (net)
                      0.029128    0.000000    0.194155 ^ _3306_/B1 (sg13g2_a21oi_1)
     1    0.001523    0.012000    0.019234    0.213388 v _3306_/Y (sg13g2_a21oi_1)
                                                         _0132_ (net)
                      0.012000    0.000000    0.213388 v u_input_buffer.mem[19][4]$_DFFE_PP_/D (sg13g2_dfrbpq_1)
                                              0.213388   data arrival time

                      0.150000    0.000000    0.000000   clock clk (rise edge)
                                  0.000000    0.000000   clock network delay (ideal)
                                  0.250000    0.250000   clock uncertainty
                                  0.000000    0.250000   clock reconvergence pessimism
                                              0.250000 ^ u_input_buffer.mem[19][4]$_DFFE_PP_/CLK (sg13g2_dfrbpq_1)
                                  0.000437    0.250437   library hold time
                                              0.250437   data required time
---------------------------------------------------------------------------------------------
                                              0.250437   data required time
                                             -0.213388   data arrival time
---------------------------------------------------------------------------------------------
                                             -0.037049   slack (VIOLATED)


Startpoint: u_input_buffer.mem[19][5]$_DFFE_PP_
            (rising edge-triggered flip-flop clocked by clk)
Endpoint: u_input_buffer.mem[19][5]$_DFFE_PP_
          (rising edge-triggered flip-flop clocked by clk)
Path Group: clk
Path Type: min

Fanout         Cap        Slew       Delay        Time   Description
---------------------------------------------------------------------------------------------
                      0.150000    0.000000    0.000000   clock clk (rise edge)
                                  0.000000    0.000000   clock network delay (ideal)
                      0.150000    0.000000    0.000000 ^ u_input_buffer.mem[19][5]$_DFFE_PP_/CLK (sg13g2_dfrbpq_1)
     2    0.006287    0.020422    0.156914    0.156914 v u_input_buffer.mem[19][5]$_DFFE_PP_/Q (sg13g2_dfrbpq_1)
                                                         u_input_buffer.mem[19][5] (net)
                      0.020422    0.000000    0.156914 v _3307_/A (sg13g2_nor2_1)
     1    0.003144    0.029128    0.037240    0.194155 ^ _3307_/Y (sg13g2_nor2_1)
                                                         _0565_ (net)
                      0.029128    0.000000    0.194155 ^ _3308_/B1 (sg13g2_a21oi_1)
     1    0.001523    0.012000    0.019234    0.213388 v _3308_/Y (sg13g2_a21oi_1)
                                                         _0133_ (net)
                      0.012000    0.000000    0.213388 v u_input_buffer.mem[19][5]$_DFFE_PP_/D (sg13g2_dfrbpq_1)
                                              0.213388   data arrival time

                      0.150000    0.000000    0.000000   clock clk (rise edge)
                                  0.000000    0.000000   clock network delay (ideal)
                                  0.250000    0.250000   clock uncertainty
                                  0.000000    0.250000   clock reconvergence pessimism
                                              0.250000 ^ u_input_buffer.mem[19][5]$_DFFE_PP_/CLK (sg13g2_dfrbpq_1)
                                  0.000437    0.250437   library hold time
                                              0.250437   data required time
---------------------------------------------------------------------------------------------
                                              0.250437   data required time
                                             -0.213388   data arrival time
---------------------------------------------------------------------------------------------
                                             -0.037049   slack (VIOLATED)


Startpoint: u_input_buffer.mem[19][6]$_DFFE_PP_
            (rising edge-triggered flip-flop clocked by clk)
Endpoint: u_input_buffer.mem[19][6]$_DFFE_PP_
          (rising edge-triggered flip-flop clocked by clk)
Path Group: clk
Path Type: min

Fanout         Cap        Slew       Delay        Time   Description
---------------------------------------------------------------------------------------------
                      0.150000    0.000000    0.000000   clock clk (rise edge)
                                  0.000000    0.000000   clock network delay (ideal)
                      0.150000    0.000000    0.000000 ^ u_input_buffer.mem[19][6]$_DFFE_PP_/CLK (sg13g2_dfrbpq_1)
     2    0.006287    0.020422    0.156914    0.156914 v u_input_buffer.mem[19][6]$_DFFE_PP_/Q (sg13g2_dfrbpq_1)
                                                         u_input_buffer.mem[19][6] (net)
                      0.020422    0.000000    0.156914 v _3309_/A (sg13g2_nor2_1)
     1    0.003144    0.029128    0.037240    0.194155 ^ _3309_/Y (sg13g2_nor2_1)
                                                         _0566_ (net)
                      0.029128    0.000000    0.194155 ^ _3310_/B1 (sg13g2_a21oi_1)
     1    0.001523    0.012000    0.019234    0.213388 v _3310_/Y (sg13g2_a21oi_1)
                                                         _0134_ (net)
                      0.012000    0.000000    0.213388 v u_input_buffer.mem[19][6]$_DFFE_PP_/D (sg13g2_dfrbpq_1)
                                              0.213388   data arrival time

                      0.150000    0.000000    0.000000   clock clk (rise edge)
                                  0.000000    0.000000   clock network delay (ideal)
                                  0.250000    0.250000   clock uncertainty
                                  0.000000    0.250000   clock reconvergence pessimism
                                              0.250000 ^ u_input_buffer.mem[19][6]$_DFFE_PP_/CLK (sg13g2_dfrbpq_1)
                                  0.000437    0.250437   library hold time
                                              0.250437   data required time
---------------------------------------------------------------------------------------------
                                              0.250437   data required time
                                             -0.213388   data arrival time
---------------------------------------------------------------------------------------------
                                             -0.037049   slack (VIOLATED)


Startpoint: u_input_buffer.mem[24][0]$_DFFE_PP_
            (rising edge-triggered flip-flop clocked by clk)
Endpoint: u_input_buffer.mem[24][0]$_DFFE_PP_
          (rising edge-triggered flip-flop clocked by clk)
Path Group: clk
Path Type: min

Fanout         Cap        Slew       Delay        Time   Description
---------------------------------------------------------------------------------------------
                      0.150000    0.000000    0.000000   clock clk (rise edge)
                                  0.000000    0.000000   clock network delay (ideal)
                      0.150000    0.000000    0.000000 ^ u_input_buffer.mem[24][0]$_DFFE_PP_/CLK (sg13g2_dfrbpq_1)
     2    0.006287    0.020422    0.156914    0.156914 v u_input_buffer.mem[24][0]$_DFFE_PP_/Q (sg13g2_dfrbpq_1)
                                                         u_input_buffer.mem[24][0] (net)
                      0.020422    0.000000    0.156914 v _3401_/A (sg13g2_nor2_1)
     1    0.003144    0.029128    0.037240    0.194155 ^ _3401_/Y (sg13g2_nor2_1)
                                                         _0616_ (net)
                      0.029128    0.000000    0.194155 ^ _3402_/B1 (sg13g2_a21oi_1)
     1    0.001523    0.012000    0.019234    0.213388 v _3402_/Y (sg13g2_a21oi_1)
                                                         _0176_ (net)
                      0.012000    0.000000    0.213388 v u_input_buffer.mem[24][0]$_DFFE_PP_/D (sg13g2_dfrbpq_1)
                                              0.213388   data arrival time

                      0.150000    0.000000    0.000000   clock clk (rise edge)
                                  0.000000    0.000000   clock network delay (ideal)
                                  0.250000    0.250000   clock uncertainty
                                  0.000000    0.250000   clock reconvergence pessimism
                                              0.250000 ^ u_input_buffer.mem[24][0]$_DFFE_PP_/CLK (sg13g2_dfrbpq_1)
                                  0.000437    0.250437   library hold time
                                              0.250437   data required time
---------------------------------------------------------------------------------------------
                                              0.250437   data required time
                                             -0.213388   data arrival time
---------------------------------------------------------------------------------------------
                                             -0.037049   slack (VIOLATED)


Startpoint: u_input_buffer.mem[24][1]$_DFFE_PP_
            (rising edge-triggered flip-flop clocked by clk)
Endpoint: u_input_buffer.mem[24][1]$_DFFE_PP_
          (rising edge-triggered flip-flop clocked by clk)
Path Group: clk
Path Type: min

Fanout         Cap        Slew       Delay        Time   Description
---------------------------------------------------------------------------------------------
                      0.150000    0.000000    0.000000   clock clk (rise edge)
                                  0.000000    0.000000   clock network delay (ideal)
                      0.150000    0.000000    0.000000 ^ u_input_buffer.mem[24][1]$_DFFE_PP_/CLK (sg13g2_dfrbpq_1)
     2    0.006287    0.020422    0.156914    0.156914 v u_input_buffer.mem[24][1]$_DFFE_PP_/Q (sg13g2_dfrbpq_1)
                                                         u_input_buffer.mem[24][1] (net)
                      0.020422    0.000000    0.156914 v _3403_/A (sg13g2_nor2_1)
     1    0.003144    0.029128    0.037240    0.194155 ^ _3403_/Y (sg13g2_nor2_1)
                                                         _0617_ (net)
                      0.029128    0.000000    0.194155 ^ _3404_/B1 (sg13g2_a21oi_1)
     1    0.001523    0.012000    0.019234    0.213388 v _3404_/Y (sg13g2_a21oi_1)
                                                         _0177_ (net)
                      0.012000    0.000000    0.213388 v u_input_buffer.mem[24][1]$_DFFE_PP_/D (sg13g2_dfrbpq_1)
                                              0.213388   data arrival time

                      0.150000    0.000000    0.000000   clock clk (rise edge)
                                  0.000000    0.000000   clock network delay (ideal)
                                  0.250000    0.250000   clock uncertainty
                                  0.000000    0.250000   clock reconvergence pessimism
                                              0.250000 ^ u_input_buffer.mem[24][1]$_DFFE_PP_/CLK (sg13g2_dfrbpq_1)
                                  0.000437    0.250437   library hold time
                                              0.250437   data required time
---------------------------------------------------------------------------------------------
                                              0.250437   data required time
                                             -0.213388   data arrival time
---------------------------------------------------------------------------------------------
                                             -0.037049   slack (VIOLATED)


Startpoint: u_input_buffer.mem[24][2]$_DFFE_PP_
            (rising edge-triggered flip-flop clocked by clk)
Endpoint: u_input_buffer.mem[24][2]$_DFFE_PP_
          (rising edge-triggered flip-flop clocked by clk)
Path Group: clk
Path Type: min

Fanout         Cap        Slew       Delay        Time   Description
---------------------------------------------------------------------------------------------
                      0.150000    0.000000    0.000000   clock clk (rise edge)
                                  0.000000    0.000000   clock network delay (ideal)
                      0.150000    0.000000    0.000000 ^ u_input_buffer.mem[24][2]$_DFFE_PP_/CLK (sg13g2_dfrbpq_1)
     2    0.006287    0.020422    0.156914    0.156914 v u_input_buffer.mem[24][2]$_DFFE_PP_/Q (sg13g2_dfrbpq_1)
                                                         u_input_buffer.mem[24][2] (net)
                      0.020422    0.000000    0.156914 v _3405_/A (sg13g2_nor2_1)
     1    0.003144    0.029128    0.037240    0.194155 ^ _3405_/Y (sg13g2_nor2_1)
                                                         _0618_ (net)
                      0.029128    0.000000    0.194155 ^ _3406_/B1 (sg13g2_a21oi_1)
     1    0.001523    0.012000    0.019234    0.213388 v _3406_/Y (sg13g2_a21oi_1)
                                                         _0178_ (net)
                      0.012000    0.000000    0.213388 v u_input_buffer.mem[24][2]$_DFFE_PP_/D (sg13g2_dfrbpq_1)
                                              0.213388   data arrival time

                      0.150000    0.000000    0.000000   clock clk (rise edge)
                                  0.000000    0.000000   clock network delay (ideal)
                                  0.250000    0.250000   clock uncertainty
                                  0.000000    0.250000   clock reconvergence pessimism
                                              0.250000 ^ u_input_buffer.mem[24][2]$_DFFE_PP_/CLK (sg13g2_dfrbpq_1)
                                  0.000437    0.250437   library hold time
                                              0.250437   data required time
---------------------------------------------------------------------------------------------
                                              0.250437   data required time
                                             -0.213388   data arrival time
---------------------------------------------------------------------------------------------
                                             -0.037049   slack (VIOLATED)


Startpoint: u_input_buffer.mem[24][3]$_DFFE_PP_
            (rising edge-triggered flip-flop clocked by clk)
Endpoint: u_input_buffer.mem[24][3]$_DFFE_PP_
          (rising edge-triggered flip-flop clocked by clk)
Path Group: clk
Path Type: min

Fanout         Cap        Slew       Delay        Time   Description
---------------------------------------------------------------------------------------------
                      0.150000    0.000000    0.000000   clock clk (rise edge)
                                  0.000000    0.000000   clock network delay (ideal)
                      0.150000    0.000000    0.000000 ^ u_input_buffer.mem[24][3]$_DFFE_PP_/CLK (sg13g2_dfrbpq_1)
     2    0.006287    0.020422    0.156914    0.156914 v u_input_buffer.mem[24][3]$_DFFE_PP_/Q (sg13g2_dfrbpq_1)
                                                         u_input_buffer.mem[24][3] (net)
                      0.020422    0.000000    0.156914 v _3407_/A (sg13g2_nor2_1)
     1    0.003144    0.029128    0.037240    0.194155 ^ _3407_/Y (sg13g2_nor2_1)
                                                         _0619_ (net)
                      0.029128    0.000000    0.194155 ^ _3408_/B1 (sg13g2_a21oi_1)
     1    0.001523    0.012000    0.019234    0.213388 v _3408_/Y (sg13g2_a21oi_1)
                                                         _0179_ (net)
                      0.012000    0.000000    0.213388 v u_input_buffer.mem[24][3]$_DFFE_PP_/D (sg13g2_dfrbpq_1)
                                              0.213388   data arrival time

                      0.150000    0.000000    0.000000   clock clk (rise edge)
                                  0.000000    0.000000   clock network delay (ideal)
                                  0.250000    0.250000   clock uncertainty
                                  0.000000    0.250000   clock reconvergence pessimism
                                              0.250000 ^ u_input_buffer.mem[24][3]$_DFFE_PP_/CLK (sg13g2_dfrbpq_1)
                                  0.000437    0.250437   library hold time
                                              0.250437   data required time
---------------------------------------------------------------------------------------------
                                              0.250437   data required time
                                             -0.213388   data arrival time
---------------------------------------------------------------------------------------------
                                             -0.037049   slack (VIOLATED)


Startpoint: u_input_buffer.mem[24][4]$_DFFE_PP_
            (rising edge-triggered flip-flop clocked by clk)
Endpoint: u_input_buffer.mem[24][4]$_DFFE_PP_
          (rising edge-triggered flip-flop clocked by clk)
Path Group: clk
Path Type: min

Fanout         Cap        Slew       Delay        Time   Description
---------------------------------------------------------------------------------------------
                      0.150000    0.000000    0.000000   clock clk (rise edge)
                                  0.000000    0.000000   clock network delay (ideal)
                      0.150000    0.000000    0.000000 ^ u_input_buffer.mem[24][4]$_DFFE_PP_/CLK (sg13g2_dfrbpq_1)
     2    0.006287    0.020422    0.156914    0.156914 v u_input_buffer.mem[24][4]$_DFFE_PP_/Q (sg13g2_dfrbpq_1)
                                                         u_input_buffer.mem[24][4] (net)
                      0.020422    0.000000    0.156914 v _3409_/A (sg13g2_nor2_1)
     1    0.003144    0.029128    0.037240    0.194155 ^ _3409_/Y (sg13g2_nor2_1)
                                                         _0620_ (net)
                      0.029128    0.000000    0.194155 ^ _3410_/B1 (sg13g2_a21oi_1)
     1    0.001523    0.012000    0.019234    0.213388 v _3410_/Y (sg13g2_a21oi_1)
                                                         _0180_ (net)
                      0.012000    0.000000    0.213388 v u_input_buffer.mem[24][4]$_DFFE_PP_/D (sg13g2_dfrbpq_1)
                                              0.213388   data arrival time

                      0.150000    0.000000    0.000000   clock clk (rise edge)
                                  0.000000    0.000000   clock network delay (ideal)
                                  0.250000    0.250000   clock uncertainty
                                  0.000000    0.250000   clock reconvergence pessimism
                                              0.250000 ^ u_input_buffer.mem[24][4]$_DFFE_PP_/CLK (sg13g2_dfrbpq_1)
                                  0.000437    0.250437   library hold time
                                              0.250437   data required time
---------------------------------------------------------------------------------------------
                                              0.250437   data required time
                                             -0.213388   data arrival time
---------------------------------------------------------------------------------------------
                                             -0.037049   slack (VIOLATED)


Startpoint: u_input_buffer.mem[24][5]$_DFFE_PP_
            (rising edge-triggered flip-flop clocked by clk)
Endpoint: u_input_buffer.mem[24][5]$_DFFE_PP_
          (rising edge-triggered flip-flop clocked by clk)
Path Group: clk
Path Type: min

Fanout         Cap        Slew       Delay        Time   Description
---------------------------------------------------------------------------------------------
                      0.150000    0.000000    0.000000   clock clk (rise edge)
                                  0.000000    0.000000   clock network delay (ideal)
                      0.150000    0.000000    0.000000 ^ u_input_buffer.mem[24][5]$_DFFE_PP_/CLK (sg13g2_dfrbpq_1)
     2    0.006287    0.020422    0.156914    0.156914 v u_input_buffer.mem[24][5]$_DFFE_PP_/Q (sg13g2_dfrbpq_1)
                                                         u_input_buffer.mem[24][5] (net)
                      0.020422    0.000000    0.156914 v _3411_/A (sg13g2_nor2_1)
     1    0.003144    0.029128    0.037240    0.194155 ^ _3411_/Y (sg13g2_nor2_1)
                                                         _0621_ (net)
                      0.029128    0.000000    0.194155 ^ _3412_/B1 (sg13g2_a21oi_1)
     1    0.001523    0.012000    0.019234    0.213388 v _3412_/Y (sg13g2_a21oi_1)
                                                         _0181_ (net)
                      0.012000    0.000000    0.213388 v u_input_buffer.mem[24][5]$_DFFE_PP_/D (sg13g2_dfrbpq_1)
                                              0.213388   data arrival time

                      0.150000    0.000000    0.000000   clock clk (rise edge)
                                  0.000000    0.000000   clock network delay (ideal)
                                  0.250000    0.250000   clock uncertainty
                                  0.000000    0.250000   clock reconvergence pessimism
                                              0.250000 ^ u_input_buffer.mem[24][5]$_DFFE_PP_/CLK (sg13g2_dfrbpq_1)
                                  0.000437    0.250437   library hold time
                                              0.250437   data required time
---------------------------------------------------------------------------------------------
                                              0.250437   data required time
                                             -0.213388   data arrival time
---------------------------------------------------------------------------------------------
                                             -0.037049   slack (VIOLATED)


Startpoint: u_input_buffer.mem[24][6]$_DFFE_PP_
            (rising edge-triggered flip-flop clocked by clk)
Endpoint: u_input_buffer.mem[24][6]$_DFFE_PP_
          (rising edge-triggered flip-flop clocked by clk)
Path Group: clk
Path Type: min

Fanout         Cap        Slew       Delay        Time   Description
---------------------------------------------------------------------------------------------
                      0.150000    0.000000    0.000000   clock clk (rise edge)
                                  0.000000    0.000000   clock network delay (ideal)
                      0.150000    0.000000    0.000000 ^ u_input_buffer.mem[24][6]$_DFFE_PP_/CLK (sg13g2_dfrbpq_1)
     2    0.006287    0.020422    0.156914    0.156914 v u_input_buffer.mem[24][6]$_DFFE_PP_/Q (sg13g2_dfrbpq_1)
                                                         u_input_buffer.mem[24][6] (net)
                      0.020422    0.000000    0.156914 v _3413_/A (sg13g2_nor2_1)
     1    0.003144    0.029128    0.037240    0.194155 ^ _3413_/Y (sg13g2_nor2_1)
                                                         _0622_ (net)
                      0.029128    0.000000    0.194155 ^ _3414_/B1 (sg13g2_a21oi_1)
     1    0.001523    0.012000    0.019234    0.213388 v _3414_/Y (sg13g2_a21oi_1)
                                                         _0182_ (net)
                      0.012000    0.000000    0.213388 v u_input_buffer.mem[24][6]$_DFFE_PP_/D (sg13g2_dfrbpq_1)
                                              0.213388   data arrival time

                      0.150000    0.000000    0.000000   clock clk (rise edge)
                                  0.000000    0.000000   clock network delay (ideal)
                                  0.250000    0.250000   clock uncertainty
                                  0.000000    0.250000   clock reconvergence pessimism
                                              0.250000 ^ u_input_buffer.mem[24][6]$_DFFE_PP_/CLK (sg13g2_dfrbpq_1)
                                  0.000437    0.250437   library hold time
                                              0.250437   data required time
---------------------------------------------------------------------------------------------
                                              0.250437   data required time
                                             -0.213388   data arrival time
---------------------------------------------------------------------------------------------
                                             -0.037049   slack (VIOLATED)


Startpoint: u_input_buffer.mem[24][7]$_DFFE_PP_
            (rising edge-triggered flip-flop clocked by clk)
Endpoint: u_input_buffer.mem[24][7]$_DFFE_PP_
          (rising edge-triggered flip-flop clocked by clk)
Path Group: clk
Path Type: min

Fanout         Cap        Slew       Delay        Time   Description
---------------------------------------------------------------------------------------------
                      0.150000    0.000000    0.000000   clock clk (rise edge)
                                  0.000000    0.000000   clock network delay (ideal)
                      0.150000    0.000000    0.000000 ^ u_input_buffer.mem[24][7]$_DFFE_PP_/CLK (sg13g2_dfrbpq_1)
     2    0.006287    0.020422    0.156914    0.156914 v u_input_buffer.mem[24][7]$_DFFE_PP_/Q (sg13g2_dfrbpq_1)
                                                         u_input_buffer.mem[24][7] (net)
                      0.020422    0.000000    0.156914 v _3415_/A (sg13g2_nor2_1)
     1    0.003144    0.029128    0.037240    0.194155 ^ _3415_/Y (sg13g2_nor2_1)
                                                         _0623_ (net)
                      0.029128    0.000000    0.194155 ^ _3416_/B1 (sg13g2_a21oi_1)
     1    0.001523    0.012000    0.019234    0.213388 v _3416_/Y (sg13g2_a21oi_1)
                                                         _0183_ (net)
                      0.012000    0.000000    0.213388 v u_input_buffer.mem[24][7]$_DFFE_PP_/D (sg13g2_dfrbpq_1)
                                              0.213388   data arrival time

                      0.150000    0.000000    0.000000   clock clk (rise edge)
                                  0.000000    0.000000   clock network delay (ideal)
                                  0.250000    0.250000   clock uncertainty
                                  0.000000    0.250000   clock reconvergence pessimism
                                              0.250000 ^ u_input_buffer.mem[24][7]$_DFFE_PP_/CLK (sg13g2_dfrbpq_1)
                                  0.000437    0.250437   library hold time
                                              0.250437   data required time
---------------------------------------------------------------------------------------------
                                              0.250437   data required time
                                             -0.213388   data arrival time
---------------------------------------------------------------------------------------------
                                             -0.037049   slack (VIOLATED)


Startpoint: u_input_buffer.mem[25][0]$_DFFE_PP_
            (rising edge-triggered flip-flop clocked by clk)
Endpoint: u_input_buffer.mem[25][0]$_DFFE_PP_
          (rising edge-triggered flip-flop clocked by clk)
Path Group: clk
Path Type: min

Fanout         Cap        Slew       Delay        Time   Description
---------------------------------------------------------------------------------------------
                      0.150000    0.000000    0.000000   clock clk (rise edge)
                                  0.000000    0.000000   clock network delay (ideal)
                      0.150000    0.000000    0.000000 ^ u_input_buffer.mem[25][0]$_DFFE_PP_/CLK (sg13g2_dfrbpq_1)
     2    0.006287    0.020422    0.156914    0.156914 v u_input_buffer.mem[25][0]$_DFFE_PP_/Q (sg13g2_dfrbpq_1)
                                                         u_input_buffer.mem[25][0] (net)
                      0.020422    0.000000    0.156914 v _3418_/A (sg13g2_nor2_1)
     1    0.003144    0.029128    0.037240    0.194155 ^ _3418_/Y (sg13g2_nor2_1)
                                                         _0625_ (net)
                      0.029128    0.000000    0.194155 ^ _3419_/B1 (sg13g2_a21oi_1)
     1    0.001523    0.012000    0.019234    0.213388 v _3419_/Y (sg13g2_a21oi_1)
                                                         _0184_ (net)
                      0.012000    0.000000    0.213388 v u_input_buffer.mem[25][0]$_DFFE_PP_/D (sg13g2_dfrbpq_1)
                                              0.213388   data arrival time

                      0.150000    0.000000    0.000000   clock clk (rise edge)
                                  0.000000    0.000000   clock network delay (ideal)
                                  0.250000    0.250000   clock uncertainty
                                  0.000000    0.250000   clock reconvergence pessimism
                                              0.250000 ^ u_input_buffer.mem[25][0]$_DFFE_PP_/CLK (sg13g2_dfrbpq_1)
                                  0.000437    0.250437   library hold time
                                              0.250437   data required time
---------------------------------------------------------------------------------------------
                                              0.250437   data required time
                                             -0.213388   data arrival time
---------------------------------------------------------------------------------------------
                                             -0.037049   slack (VIOLATED)


Startpoint: u_input_buffer.mem[25][1]$_DFFE_PP_
            (rising edge-triggered flip-flop clocked by clk)
Endpoint: u_input_buffer.mem[25][1]$_DFFE_PP_
          (rising edge-triggered flip-flop clocked by clk)
Path Group: clk
Path Type: min

Fanout         Cap        Slew       Delay        Time   Description
---------------------------------------------------------------------------------------------
                      0.150000    0.000000    0.000000   clock clk (rise edge)
                                  0.000000    0.000000   clock network delay (ideal)
                      0.150000    0.000000    0.000000 ^ u_input_buffer.mem[25][1]$_DFFE_PP_/CLK (sg13g2_dfrbpq_1)
     2    0.006287    0.020422    0.156914    0.156914 v u_input_buffer.mem[25][1]$_DFFE_PP_/Q (sg13g2_dfrbpq_1)
                                                         u_input_buffer.mem[25][1] (net)
                      0.020422    0.000000    0.156914 v _3420_/A (sg13g2_nor2_1)
     1    0.003144    0.029128    0.037240    0.194155 ^ _3420_/Y (sg13g2_nor2_1)
                                                         _0626_ (net)
                      0.029128    0.000000    0.194155 ^ _3421_/B1 (sg13g2_a21oi_1)
     1    0.001523    0.012000    0.019234    0.213388 v _3421_/Y (sg13g2_a21oi_1)
                                                         _0185_ (net)
                      0.012000    0.000000    0.213388 v u_input_buffer.mem[25][1]$_DFFE_PP_/D (sg13g2_dfrbpq_1)
                                              0.213388   data arrival time

                      0.150000    0.000000    0.000000   clock clk (rise edge)
                                  0.000000    0.000000   clock network delay (ideal)
                                  0.250000    0.250000   clock uncertainty
                                  0.000000    0.250000   clock reconvergence pessimism
                                              0.250000 ^ u_input_buffer.mem[25][1]$_DFFE_PP_/CLK (sg13g2_dfrbpq_1)
                                  0.000437    0.250437   library hold time
                                              0.250437   data required time
---------------------------------------------------------------------------------------------
                                              0.250437   data required time
                                             -0.213388   data arrival time
---------------------------------------------------------------------------------------------
                                             -0.037049   slack (VIOLATED)


Startpoint: u_input_buffer.mem[25][2]$_DFFE_PP_
            (rising edge-triggered flip-flop clocked by clk)
Endpoint: u_input_buffer.mem[25][2]$_DFFE_PP_
          (rising edge-triggered flip-flop clocked by clk)
Path Group: clk
Path Type: min

Fanout         Cap        Slew       Delay        Time   Description
---------------------------------------------------------------------------------------------
                      0.150000    0.000000    0.000000   clock clk (rise edge)
                                  0.000000    0.000000   clock network delay (ideal)
                      0.150000    0.000000    0.000000 ^ u_input_buffer.mem[25][2]$_DFFE_PP_/CLK (sg13g2_dfrbpq_1)
     2    0.006287    0.020422    0.156914    0.156914 v u_input_buffer.mem[25][2]$_DFFE_PP_/Q (sg13g2_dfrbpq_1)
                                                         u_input_buffer.mem[25][2] (net)
                      0.020422    0.000000    0.156914 v _3422_/A (sg13g2_nor2_1)
     1    0.003144    0.029128    0.037240    0.194155 ^ _3422_/Y (sg13g2_nor2_1)
                                                         _0627_ (net)
                      0.029128    0.000000    0.194155 ^ _3423_/B1 (sg13g2_a21oi_1)
     1    0.001523    0.012000    0.019234    0.213388 v _3423_/Y (sg13g2_a21oi_1)
                                                         _0186_ (net)
                      0.012000    0.000000    0.213388 v u_input_buffer.mem[25][2]$_DFFE_PP_/D (sg13g2_dfrbpq_1)
                                              0.213388   data arrival time

                      0.150000    0.000000    0.000000   clock clk (rise edge)
                                  0.000000    0.000000   clock network delay (ideal)
                                  0.250000    0.250000   clock uncertainty
                                  0.000000    0.250000   clock reconvergence pessimism
                                              0.250000 ^ u_input_buffer.mem[25][2]$_DFFE_PP_/CLK (sg13g2_dfrbpq_1)
                                  0.000437    0.250437   library hold time
                                              0.250437   data required time
---------------------------------------------------------------------------------------------
                                              0.250437   data required time
                                             -0.213388   data arrival time
---------------------------------------------------------------------------------------------
                                             -0.037049   slack (VIOLATED)


Startpoint: u_input_buffer.mem[25][3]$_DFFE_PP_
            (rising edge-triggered flip-flop clocked by clk)
Endpoint: u_input_buffer.mem[25][3]$_DFFE_PP_
          (rising edge-triggered flip-flop clocked by clk)
Path Group: clk
Path Type: min

Fanout         Cap        Slew       Delay        Time   Description
---------------------------------------------------------------------------------------------
                      0.150000    0.000000    0.000000   clock clk (rise edge)
                                  0.000000    0.000000   clock network delay (ideal)
                      0.150000    0.000000    0.000000 ^ u_input_buffer.mem[25][3]$_DFFE_PP_/CLK (sg13g2_dfrbpq_1)
     2    0.006287    0.020422    0.156914    0.156914 v u_input_buffer.mem[25][3]$_DFFE_PP_/Q (sg13g2_dfrbpq_1)
                                                         u_input_buffer.mem[25][3] (net)
                      0.020422    0.000000    0.156914 v _3424_/A (sg13g2_nor2_1)
     1    0.003144    0.029128    0.037240    0.194155 ^ _3424_/Y (sg13g2_nor2_1)
                                                         _0628_ (net)
                      0.029128    0.000000    0.194155 ^ _3425_/B1 (sg13g2_a21oi_1)
     1    0.001523    0.012000    0.019234    0.213388 v _3425_/Y (sg13g2_a21oi_1)
                                                         _0187_ (net)
                      0.012000    0.000000    0.213388 v u_input_buffer.mem[25][3]$_DFFE_PP_/D (sg13g2_dfrbpq_1)
                                              0.213388   data arrival time

                      0.150000    0.000000    0.000000   clock clk (rise edge)
                                  0.000000    0.000000   clock network delay (ideal)
                                  0.250000    0.250000   clock uncertainty
                                  0.000000    0.250000   clock reconvergence pessimism
                                              0.250000 ^ u_input_buffer.mem[25][3]$_DFFE_PP_/CLK (sg13g2_dfrbpq_1)
                                  0.000437    0.250437   library hold time
                                              0.250437   data required time
---------------------------------------------------------------------------------------------
                                              0.250437   data required time
                                             -0.213388   data arrival time
---------------------------------------------------------------------------------------------
                                             -0.037049   slack (VIOLATED)


Startpoint: u_input_buffer.mem[25][4]$_DFFE_PP_
            (rising edge-triggered flip-flop clocked by clk)
Endpoint: u_input_buffer.mem[25][4]$_DFFE_PP_
          (rising edge-triggered flip-flop clocked by clk)
Path Group: clk
Path Type: min

Fanout         Cap        Slew       Delay        Time   Description
---------------------------------------------------------------------------------------------
                      0.150000    0.000000    0.000000   clock clk (rise edge)
                                  0.000000    0.000000   clock network delay (ideal)
                      0.150000    0.000000    0.000000 ^ u_input_buffer.mem[25][4]$_DFFE_PP_/CLK (sg13g2_dfrbpq_1)
     2    0.006287    0.020422    0.156914    0.156914 v u_input_buffer.mem[25][4]$_DFFE_PP_/Q (sg13g2_dfrbpq_1)
                                                         u_input_buffer.mem[25][4] (net)
                      0.020422    0.000000    0.156914 v _3426_/A (sg13g2_nor2_1)
     1    0.003144    0.029128    0.037240    0.194155 ^ _3426_/Y (sg13g2_nor2_1)
                                                         _0629_ (net)
                      0.029128    0.000000    0.194155 ^ _3427_/B1 (sg13g2_a21oi_1)
     1    0.001523    0.012000    0.019234    0.213388 v _3427_/Y (sg13g2_a21oi_1)
                                                         _0188_ (net)
                      0.012000    0.000000    0.213388 v u_input_buffer.mem[25][4]$_DFFE_PP_/D (sg13g2_dfrbpq_1)
                                              0.213388   data arrival time

                      0.150000    0.000000    0.000000   clock clk (rise edge)
                                  0.000000    0.000000   clock network delay (ideal)
                                  0.250000    0.250000   clock uncertainty
                                  0.000000    0.250000   clock reconvergence pessimism
                                              0.250000 ^ u_input_buffer.mem[25][4]$_DFFE_PP_/CLK (sg13g2_dfrbpq_1)
                                  0.000437    0.250437   library hold time
                                              0.250437   data required time
---------------------------------------------------------------------------------------------
                                              0.250437   data required time
                                             -0.213388   data arrival time
---------------------------------------------------------------------------------------------
                                             -0.037049   slack (VIOLATED)


Startpoint: u_input_buffer.mem[25][5]$_DFFE_PP_
            (rising edge-triggered flip-flop clocked by clk)
Endpoint: u_input_buffer.mem[25][5]$_DFFE_PP_
          (rising edge-triggered flip-flop clocked by clk)
Path Group: clk
Path Type: min

Fanout         Cap        Slew       Delay        Time   Description
---------------------------------------------------------------------------------------------
                      0.150000    0.000000    0.000000   clock clk (rise edge)
                                  0.000000    0.000000   clock network delay (ideal)
                      0.150000    0.000000    0.000000 ^ u_input_buffer.mem[25][5]$_DFFE_PP_/CLK (sg13g2_dfrbpq_1)
     2    0.006287    0.020422    0.156914    0.156914 v u_input_buffer.mem[25][5]$_DFFE_PP_/Q (sg13g2_dfrbpq_1)
                                                         u_input_buffer.mem[25][5] (net)
                      0.020422    0.000000    0.156914 v _3428_/A (sg13g2_nor2_1)
     1    0.003144    0.029128    0.037240    0.194155 ^ _3428_/Y (sg13g2_nor2_1)
                                                         _0630_ (net)
                      0.029128    0.000000    0.194155 ^ _3429_/B1 (sg13g2_a21oi_1)
     1    0.001523    0.012000    0.019234    0.213388 v _3429_/Y (sg13g2_a21oi_1)
                                                         _0189_ (net)
                      0.012000    0.000000    0.213388 v u_input_buffer.mem[25][5]$_DFFE_PP_/D (sg13g2_dfrbpq_1)
                                              0.213388   data arrival time

                      0.150000    0.000000    0.000000   clock clk (rise edge)
                                  0.000000    0.000000   clock network delay (ideal)
                                  0.250000    0.250000   clock uncertainty
                                  0.000000    0.250000   clock reconvergence pessimism
                                              0.250000 ^ u_input_buffer.mem[25][5]$_DFFE_PP_/CLK (sg13g2_dfrbpq_1)
                                  0.000437    0.250437   library hold time
                                              0.250437   data required time
---------------------------------------------------------------------------------------------
                                              0.250437   data required time
                                             -0.213388   data arrival time
---------------------------------------------------------------------------------------------
                                             -0.037049   slack (VIOLATED)


Startpoint: u_input_buffer.mem[25][6]$_DFFE_PP_
            (rising edge-triggered flip-flop clocked by clk)
Endpoint: u_input_buffer.mem[25][6]$_DFFE_PP_
          (rising edge-triggered flip-flop clocked by clk)
Path Group: clk
Path Type: min

Fanout         Cap        Slew       Delay        Time   Description
---------------------------------------------------------------------------------------------
                      0.150000    0.000000    0.000000   clock clk (rise edge)
                                  0.000000    0.000000   clock network delay (ideal)
                      0.150000    0.000000    0.000000 ^ u_input_buffer.mem[25][6]$_DFFE_PP_/CLK (sg13g2_dfrbpq_1)
     2    0.006287    0.020422    0.156914    0.156914 v u_input_buffer.mem[25][6]$_DFFE_PP_/Q (sg13g2_dfrbpq_1)
                                                         u_input_buffer.mem[25][6] (net)
                      0.020422    0.000000    0.156914 v _3430_/A (sg13g2_nor2_1)
     1    0.003144    0.029128    0.037240    0.194155 ^ _3430_/Y (sg13g2_nor2_1)
                                                         _0631_ (net)
                      0.029128    0.000000    0.194155 ^ _3431_/B1 (sg13g2_a21oi_1)
     1    0.001523    0.012000    0.019234    0.213388 v _3431_/Y (sg13g2_a21oi_1)
                                                         _0190_ (net)
                      0.012000    0.000000    0.213388 v u_input_buffer.mem[25][6]$_DFFE_PP_/D (sg13g2_dfrbpq_1)
                                              0.213388   data arrival time

                      0.150000    0.000000    0.000000   clock clk (rise edge)
                                  0.000000    0.000000   clock network delay (ideal)
                                  0.250000    0.250000   clock uncertainty
                                  0.000000    0.250000   clock reconvergence pessimism
                                              0.250000 ^ u_input_buffer.mem[25][6]$_DFFE_PP_/CLK (sg13g2_dfrbpq_1)
                                  0.000437    0.250437   library hold time
                                              0.250437   data required time
---------------------------------------------------------------------------------------------
                                              0.250437   data required time
                                             -0.213388   data arrival time
---------------------------------------------------------------------------------------------
                                             -0.037049   slack (VIOLATED)


Startpoint: u_input_buffer.mem[25][7]$_DFFE_PP_
            (rising edge-triggered flip-flop clocked by clk)
Endpoint: u_input_buffer.mem[25][7]$_DFFE_PP_
          (rising edge-triggered flip-flop clocked by clk)
Path Group: clk
Path Type: min

Fanout         Cap        Slew       Delay        Time   Description
---------------------------------------------------------------------------------------------
                      0.150000    0.000000    0.000000   clock clk (rise edge)
                                  0.000000    0.000000   clock network delay (ideal)
                      0.150000    0.000000    0.000000 ^ u_input_buffer.mem[25][7]$_DFFE_PP_/CLK (sg13g2_dfrbpq_1)
     2    0.006287    0.020422    0.156914    0.156914 v u_input_buffer.mem[25][7]$_DFFE_PP_/Q (sg13g2_dfrbpq_1)
                                                         u_input_buffer.mem[25][7] (net)
                      0.020422    0.000000    0.156914 v _3432_/A (sg13g2_nor2_1)
     1    0.003144    0.029128    0.037240    0.194155 ^ _3432_/Y (sg13g2_nor2_1)
                                                         _0632_ (net)
                      0.029128    0.000000    0.194155 ^ _3433_/B1 (sg13g2_a21oi_1)
     1    0.001523    0.012000    0.019234    0.213388 v _3433_/Y (sg13g2_a21oi_1)
                                                         _0191_ (net)
                      0.012000    0.000000    0.213388 v u_input_buffer.mem[25][7]$_DFFE_PP_/D (sg13g2_dfrbpq_1)
                                              0.213388   data arrival time

                      0.150000    0.000000    0.000000   clock clk (rise edge)
                                  0.000000    0.000000   clock network delay (ideal)
                                  0.250000    0.250000   clock uncertainty
                                  0.000000    0.250000   clock reconvergence pessimism
                                              0.250000 ^ u_input_buffer.mem[25][7]$_DFFE_PP_/CLK (sg13g2_dfrbpq_1)
                                  0.000437    0.250437   library hold time
                                              0.250437   data required time
---------------------------------------------------------------------------------------------
                                              0.250437   data required time
                                             -0.213388   data arrival time
---------------------------------------------------------------------------------------------
                                             -0.037049   slack (VIOLATED)


Startpoint: u_input_buffer.mem[26][0]$_DFFE_PP_
            (rising edge-triggered flip-flop clocked by clk)
Endpoint: u_input_buffer.mem[26][0]$_DFFE_PP_
          (rising edge-triggered flip-flop clocked by clk)
Path Group: clk
Path Type: min

Fanout         Cap        Slew       Delay        Time   Description
---------------------------------------------------------------------------------------------
                      0.150000    0.000000    0.000000   clock clk (rise edge)
                                  0.000000    0.000000   clock network delay (ideal)
                      0.150000    0.000000    0.000000 ^ u_input_buffer.mem[26][0]$_DFFE_PP_/CLK (sg13g2_dfrbpq_1)
     2    0.006287    0.020422    0.156914    0.156914 v u_input_buffer.mem[26][0]$_DFFE_PP_/Q (sg13g2_dfrbpq_1)
                                                         u_input_buffer.mem[26][0] (net)
                      0.020422    0.000000    0.156914 v _3435_/A (sg13g2_nor2_1)
     1    0.003144    0.029128    0.037240    0.194155 ^ _3435_/Y (sg13g2_nor2_1)
                                                         _0634_ (net)
                      0.029128    0.000000    0.194155 ^ _3436_/B1 (sg13g2_a21oi_1)
     1    0.001523    0.012000    0.019234    0.213388 v _3436_/Y (sg13g2_a21oi_1)
                                                         _0192_ (net)
                      0.012000    0.000000    0.213388 v u_input_buffer.mem[26][0]$_DFFE_PP_/D (sg13g2_dfrbpq_1)
                                              0.213388   data arrival time

                      0.150000    0.000000    0.000000   clock clk (rise edge)
                                  0.000000    0.000000   clock network delay (ideal)
                                  0.250000    0.250000   clock uncertainty
                                  0.000000    0.250000   clock reconvergence pessimism
                                              0.250000 ^ u_input_buffer.mem[26][0]$_DFFE_PP_/CLK (sg13g2_dfrbpq_1)
                                  0.000437    0.250437   library hold time
                                              0.250437   data required time
---------------------------------------------------------------------------------------------
                                              0.250437   data required time
                                             -0.213388   data arrival time
---------------------------------------------------------------------------------------------
                                             -0.037049   slack (VIOLATED)


Startpoint: u_input_buffer.mem[26][1]$_DFFE_PP_
            (rising edge-triggered flip-flop clocked by clk)
Endpoint: u_input_buffer.mem[26][1]$_DFFE_PP_
          (rising edge-triggered flip-flop clocked by clk)
Path Group: clk
Path Type: min

Fanout         Cap        Slew       Delay        Time   Description
---------------------------------------------------------------------------------------------
                      0.150000    0.000000    0.000000   clock clk (rise edge)
                                  0.000000    0.000000   clock network delay (ideal)
                      0.150000    0.000000    0.000000 ^ u_input_buffer.mem[26][1]$_DFFE_PP_/CLK (sg13g2_dfrbpq_1)
     2    0.006287    0.020422    0.156914    0.156914 v u_input_buffer.mem[26][1]$_DFFE_PP_/Q (sg13g2_dfrbpq_1)
                                                         u_input_buffer.mem[26][1] (net)
                      0.020422    0.000000    0.156914 v _3437_/A (sg13g2_nor2_1)
     1    0.003144    0.029128    0.037240    0.194155 ^ _3437_/Y (sg13g2_nor2_1)
                                                         _0635_ (net)
                      0.029128    0.000000    0.194155 ^ _3438_/B1 (sg13g2_a21oi_1)
     1    0.001523    0.012000    0.019234    0.213388 v _3438_/Y (sg13g2_a21oi_1)
                                                         _0193_ (net)
                      0.012000    0.000000    0.213388 v u_input_buffer.mem[26][1]$_DFFE_PP_/D (sg13g2_dfrbpq_1)
                                              0.213388   data arrival time

                      0.150000    0.000000    0.000000   clock clk (rise edge)
                                  0.000000    0.000000   clock network delay (ideal)
                                  0.250000    0.250000   clock uncertainty
                                  0.000000    0.250000   clock reconvergence pessimism
                                              0.250000 ^ u_input_buffer.mem[26][1]$_DFFE_PP_/CLK (sg13g2_dfrbpq_1)
                                  0.000437    0.250437   library hold time
                                              0.250437   data required time
---------------------------------------------------------------------------------------------
                                              0.250437   data required time
                                             -0.213388   data arrival time
---------------------------------------------------------------------------------------------
                                             -0.037049   slack (VIOLATED)


Startpoint: u_input_buffer.mem[26][2]$_DFFE_PP_
            (rising edge-triggered flip-flop clocked by clk)
Endpoint: u_input_buffer.mem[26][2]$_DFFE_PP_
          (rising edge-triggered flip-flop clocked by clk)
Path Group: clk
Path Type: min

Fanout         Cap        Slew       Delay        Time   Description
---------------------------------------------------------------------------------------------
                      0.150000    0.000000    0.000000   clock clk (rise edge)
                                  0.000000    0.000000   clock network delay (ideal)
                      0.150000    0.000000    0.000000 ^ u_input_buffer.mem[26][2]$_DFFE_PP_/CLK (sg13g2_dfrbpq_1)
     2    0.006287    0.020422    0.156914    0.156914 v u_input_buffer.mem[26][2]$_DFFE_PP_/Q (sg13g2_dfrbpq_1)
                                                         u_input_buffer.mem[26][2] (net)
                      0.020422    0.000000    0.156914 v _3439_/A (sg13g2_nor2_1)
     1    0.003144    0.029128    0.037240    0.194155 ^ _3439_/Y (sg13g2_nor2_1)
                                                         _0636_ (net)
                      0.029128    0.000000    0.194155 ^ _3440_/B1 (sg13g2_a21oi_1)
     1    0.001523    0.012000    0.019234    0.213388 v _3440_/Y (sg13g2_a21oi_1)
                                                         _0194_ (net)
                      0.012000    0.000000    0.213388 v u_input_buffer.mem[26][2]$_DFFE_PP_/D (sg13g2_dfrbpq_1)
                                              0.213388   data arrival time

                      0.150000    0.000000    0.000000   clock clk (rise edge)
                                  0.000000    0.000000   clock network delay (ideal)
                                  0.250000    0.250000   clock uncertainty
                                  0.000000    0.250000   clock reconvergence pessimism
                                              0.250000 ^ u_input_buffer.mem[26][2]$_DFFE_PP_/CLK (sg13g2_dfrbpq_1)
                                  0.000437    0.250437   library hold time
                                              0.250437   data required time
---------------------------------------------------------------------------------------------
                                              0.250437   data required time
                                             -0.213388   data arrival time
---------------------------------------------------------------------------------------------
                                             -0.037049   slack (VIOLATED)


Startpoint: u_input_buffer.mem[26][3]$_DFFE_PP_
            (rising edge-triggered flip-flop clocked by clk)
Endpoint: u_input_buffer.mem[26][3]$_DFFE_PP_
          (rising edge-triggered flip-flop clocked by clk)
Path Group: clk
Path Type: min

Fanout         Cap        Slew       Delay        Time   Description
---------------------------------------------------------------------------------------------
                      0.150000    0.000000    0.000000   clock clk (rise edge)
                                  0.000000    0.000000   clock network delay (ideal)
                      0.150000    0.000000    0.000000 ^ u_input_buffer.mem[26][3]$_DFFE_PP_/CLK (sg13g2_dfrbpq_1)
     2    0.006287    0.020422    0.156914    0.156914 v u_input_buffer.mem[26][3]$_DFFE_PP_/Q (sg13g2_dfrbpq_1)
                                                         u_input_buffer.mem[26][3] (net)
                      0.020422    0.000000    0.156914 v _3441_/A (sg13g2_nor2_1)
     1    0.003144    0.029128    0.037240    0.194155 ^ _3441_/Y (sg13g2_nor2_1)
                                                         _0637_ (net)
                      0.029128    0.000000    0.194155 ^ _3442_/B1 (sg13g2_a21oi_1)
     1    0.001523    0.012000    0.019234    0.213388 v _3442_/Y (sg13g2_a21oi_1)
                                                         _0195_ (net)
                      0.012000    0.000000    0.213388 v u_input_buffer.mem[26][3]$_DFFE_PP_/D (sg13g2_dfrbpq_1)
                                              0.213388   data arrival time

                      0.150000    0.000000    0.000000   clock clk (rise edge)
                                  0.000000    0.000000   clock network delay (ideal)
                                  0.250000    0.250000   clock uncertainty
                                  0.000000    0.250000   clock reconvergence pessimism
                                              0.250000 ^ u_input_buffer.mem[26][3]$_DFFE_PP_/CLK (sg13g2_dfrbpq_1)
                                  0.000437    0.250437   library hold time
                                              0.250437   data required time
---------------------------------------------------------------------------------------------
                                              0.250437   data required time
                                             -0.213388   data arrival time
---------------------------------------------------------------------------------------------
                                             -0.037049   slack (VIOLATED)


Startpoint: u_input_buffer.mem[26][4]$_DFFE_PP_
            (rising edge-triggered flip-flop clocked by clk)
Endpoint: u_input_buffer.mem[26][4]$_DFFE_PP_
          (rising edge-triggered flip-flop clocked by clk)
Path Group: clk
Path Type: min

Fanout         Cap        Slew       Delay        Time   Description
---------------------------------------------------------------------------------------------
                      0.150000    0.000000    0.000000   clock clk (rise edge)
                                  0.000000    0.000000   clock network delay (ideal)
                      0.150000    0.000000    0.000000 ^ u_input_buffer.mem[26][4]$_DFFE_PP_/CLK (sg13g2_dfrbpq_1)
     2    0.006287    0.020422    0.156914    0.156914 v u_input_buffer.mem[26][4]$_DFFE_PP_/Q (sg13g2_dfrbpq_1)
                                                         u_input_buffer.mem[26][4] (net)
                      0.020422    0.000000    0.156914 v _3443_/A (sg13g2_nor2_1)
     1    0.003144    0.029128    0.037240    0.194155 ^ _3443_/Y (sg13g2_nor2_1)
                                                         _0638_ (net)
                      0.029128    0.000000    0.194155 ^ _3444_/B1 (sg13g2_a21oi_1)
     1    0.001523    0.012000    0.019234    0.213388 v _3444_/Y (sg13g2_a21oi_1)
                                                         _0196_ (net)
                      0.012000    0.000000    0.213388 v u_input_buffer.mem[26][4]$_DFFE_PP_/D (sg13g2_dfrbpq_1)
                                              0.213388   data arrival time

                      0.150000    0.000000    0.000000   clock clk (rise edge)
                                  0.000000    0.000000   clock network delay (ideal)
                                  0.250000    0.250000   clock uncertainty
                                  0.000000    0.250000   clock reconvergence pessimism
                                              0.250000 ^ u_input_buffer.mem[26][4]$_DFFE_PP_/CLK (sg13g2_dfrbpq_1)
                                  0.000437    0.250437   library hold time
                                              0.250437   data required time
---------------------------------------------------------------------------------------------
                                              0.250437   data required time
                                             -0.213388   data arrival time
---------------------------------------------------------------------------------------------
                                             -0.037049   slack (VIOLATED)


Startpoint: u_input_buffer.mem[26][5]$_DFFE_PP_
            (rising edge-triggered flip-flop clocked by clk)
Endpoint: u_input_buffer.mem[26][5]$_DFFE_PP_
          (rising edge-triggered flip-flop clocked by clk)
Path Group: clk
Path Type: min

Fanout         Cap        Slew       Delay        Time   Description
---------------------------------------------------------------------------------------------
                      0.150000    0.000000    0.000000   clock clk (rise edge)
                                  0.000000    0.000000   clock network delay (ideal)
                      0.150000    0.000000    0.000000 ^ u_input_buffer.mem[26][5]$_DFFE_PP_/CLK (sg13g2_dfrbpq_1)
     2    0.006287    0.020422    0.156914    0.156914 v u_input_buffer.mem[26][5]$_DFFE_PP_/Q (sg13g2_dfrbpq_1)
                                                         u_input_buffer.mem[26][5] (net)
                      0.020422    0.000000    0.156914 v _3445_/A (sg13g2_nor2_1)
     1    0.003144    0.029128    0.037240    0.194155 ^ _3445_/Y (sg13g2_nor2_1)
                                                         _0639_ (net)
                      0.029128    0.000000    0.194155 ^ _3446_/B1 (sg13g2_a21oi_1)
     1    0.001523    0.012000    0.019234    0.213388 v _3446_/Y (sg13g2_a21oi_1)
                                                         _0197_ (net)
                      0.012000    0.000000    0.213388 v u_input_buffer.mem[26][5]$_DFFE_PP_/D (sg13g2_dfrbpq_1)
                                              0.213388   data arrival time

                      0.150000    0.000000    0.000000   clock clk (rise edge)
                                  0.000000    0.000000   clock network delay (ideal)
                                  0.250000    0.250000   clock uncertainty
                                  0.000000    0.250000   clock reconvergence pessimism
                                              0.250000 ^ u_input_buffer.mem[26][5]$_DFFE_PP_/CLK (sg13g2_dfrbpq_1)
                                  0.000437    0.250437   library hold time
                                              0.250437   data required time
---------------------------------------------------------------------------------------------
                                              0.250437   data required time
                                             -0.213388   data arrival time
---------------------------------------------------------------------------------------------
                                             -0.037049   slack (VIOLATED)


Startpoint: u_input_buffer.mem[26][6]$_DFFE_PP_
            (rising edge-triggered flip-flop clocked by clk)
Endpoint: u_input_buffer.mem[26][6]$_DFFE_PP_
          (rising edge-triggered flip-flop clocked by clk)
Path Group: clk
Path Type: min

Fanout         Cap        Slew       Delay        Time   Description
---------------------------------------------------------------------------------------------
                      0.150000    0.000000    0.000000   clock clk (rise edge)
                                  0.000000    0.000000   clock network delay (ideal)
                      0.150000    0.000000    0.000000 ^ u_input_buffer.mem[26][6]$_DFFE_PP_/CLK (sg13g2_dfrbpq_1)
     2    0.006287    0.020422    0.156914    0.156914 v u_input_buffer.mem[26][6]$_DFFE_PP_/Q (sg13g2_dfrbpq_1)
                                                         u_input_buffer.mem[26][6] (net)
                      0.020422    0.000000    0.156914 v _3447_/A (sg13g2_nor2_1)
     1    0.003144    0.029128    0.037240    0.194155 ^ _3447_/Y (sg13g2_nor2_1)
                                                         _0640_ (net)
                      0.029128    0.000000    0.194155 ^ _3448_/B1 (sg13g2_a21oi_1)
     1    0.001523    0.012000    0.019234    0.213388 v _3448_/Y (sg13g2_a21oi_1)
                                                         _0198_ (net)
                      0.012000    0.000000    0.213388 v u_input_buffer.mem[26][6]$_DFFE_PP_/D (sg13g2_dfrbpq_1)
                                              0.213388   data arrival time

                      0.150000    0.000000    0.000000   clock clk (rise edge)
                                  0.000000    0.000000   clock network delay (ideal)
                                  0.250000    0.250000   clock uncertainty
                                  0.000000    0.250000   clock reconvergence pessimism
                                              0.250000 ^ u_input_buffer.mem[26][6]$_DFFE_PP_/CLK (sg13g2_dfrbpq_1)
                                  0.000437    0.250437   library hold time
                                              0.250437   data required time
---------------------------------------------------------------------------------------------
                                              0.250437   data required time
                                             -0.213388   data arrival time
---------------------------------------------------------------------------------------------
                                             -0.037049   slack (VIOLATED)


Startpoint: u_input_buffer.mem[26][7]$_DFFE_PP_
            (rising edge-triggered flip-flop clocked by clk)
Endpoint: u_input_buffer.mem[26][7]$_DFFE_PP_
          (rising edge-triggered flip-flop clocked by clk)
Path Group: clk
Path Type: min

Fanout         Cap        Slew       Delay        Time   Description
---------------------------------------------------------------------------------------------
                      0.150000    0.000000    0.000000   clock clk (rise edge)
                                  0.000000    0.000000   clock network delay (ideal)
                      0.150000    0.000000    0.000000 ^ u_input_buffer.mem[26][7]$_DFFE_PP_/CLK (sg13g2_dfrbpq_1)
     2    0.006287    0.020422    0.156914    0.156914 v u_input_buffer.mem[26][7]$_DFFE_PP_/Q (sg13g2_dfrbpq_1)
                                                         u_input_buffer.mem[26][7] (net)
                      0.020422    0.000000    0.156914 v _3449_/A (sg13g2_nor2_1)
     1    0.003144    0.029128    0.037240    0.194155 ^ _3449_/Y (sg13g2_nor2_1)
                                                         _0641_ (net)
                      0.029128    0.000000    0.194155 ^ _3450_/B1 (sg13g2_a21oi_1)
     1    0.001523    0.012000    0.019234    0.213388 v _3450_/Y (sg13g2_a21oi_1)
                                                         _0199_ (net)
                      0.012000    0.000000    0.213388 v u_input_buffer.mem[26][7]$_DFFE_PP_/D (sg13g2_dfrbpq_1)
                                              0.213388   data arrival time

                      0.150000    0.000000    0.000000   clock clk (rise edge)
                                  0.000000    0.000000   clock network delay (ideal)
                                  0.250000    0.250000   clock uncertainty
                                  0.000000    0.250000   clock reconvergence pessimism
                                              0.250000 ^ u_input_buffer.mem[26][7]$_DFFE_PP_/CLK (sg13g2_dfrbpq_1)
                                  0.000437    0.250437   library hold time
                                              0.250437   data required time
---------------------------------------------------------------------------------------------
                                              0.250437   data required time
                                             -0.213388   data arrival time
---------------------------------------------------------------------------------------------
                                             -0.037049   slack (VIOLATED)


Startpoint: u_input_buffer.mem[2][0]$_DFFE_PP_
            (rising edge-triggered flip-flop clocked by clk)
Endpoint: u_input_buffer.mem[2][0]$_DFFE_PP_
          (rising edge-triggered flip-flop clocked by clk)
Path Group: clk
Path Type: min

Fanout         Cap        Slew       Delay        Time   Description
---------------------------------------------------------------------------------------------
                      0.150000    0.000000    0.000000   clock clk (rise edge)
                                  0.000000    0.000000   clock network delay (ideal)
                      0.150000    0.000000    0.000000 ^ u_input_buffer.mem[2][0]$_DFFE_PP_/CLK (sg13g2_dfrbpq_1)
     2    0.006287    0.020422    0.156914    0.156914 v u_input_buffer.mem[2][0]$_DFFE_PP_/Q (sg13g2_dfrbpq_1)
                                                         u_input_buffer.mem[2][0] (net)
                      0.020422    0.000000    0.156914 v _3503_/A (sg13g2_nor2_1)
     1    0.003144    0.029128    0.037240    0.194155 ^ _3503_/Y (sg13g2_nor2_1)
                                                         _0670_ (net)
                      0.029128    0.000000    0.194155 ^ _3504_/B1 (sg13g2_a21oi_1)
     1    0.001523    0.012000    0.019234    0.213388 v _3504_/Y (sg13g2_a21oi_1)
                                                         _0224_ (net)
                      0.012000    0.000000    0.213388 v u_input_buffer.mem[2][0]$_DFFE_PP_/D (sg13g2_dfrbpq_1)
                                              0.213388   data arrival time

                      0.150000    0.000000    0.000000   clock clk (rise edge)
                                  0.000000    0.000000   clock network delay (ideal)
                                  0.250000    0.250000   clock uncertainty
                                  0.000000    0.250000   clock reconvergence pessimism
                                              0.250000 ^ u_input_buffer.mem[2][0]$_DFFE_PP_/CLK (sg13g2_dfrbpq_1)
                                  0.000437    0.250437   library hold time
                                              0.250437   data required time
---------------------------------------------------------------------------------------------
                                              0.250437   data required time
                                             -0.213388   data arrival time
---------------------------------------------------------------------------------------------
                                             -0.037049   slack (VIOLATED)


Startpoint: u_input_buffer.mem[2][1]$_DFFE_PP_
            (rising edge-triggered flip-flop clocked by clk)
Endpoint: u_input_buffer.mem[2][1]$_DFFE_PP_
          (rising edge-triggered flip-flop clocked by clk)
Path Group: clk
Path Type: min

Fanout         Cap        Slew       Delay        Time   Description
---------------------------------------------------------------------------------------------
                      0.150000    0.000000    0.000000   clock clk (rise edge)
                                  0.000000    0.000000   clock network delay (ideal)
                      0.150000    0.000000    0.000000 ^ u_input_buffer.mem[2][1]$_DFFE_PP_/CLK (sg13g2_dfrbpq_1)
     2    0.006287    0.020422    0.156914    0.156914 v u_input_buffer.mem[2][1]$_DFFE_PP_/Q (sg13g2_dfrbpq_1)
                                                         u_input_buffer.mem[2][1] (net)
                      0.020422    0.000000    0.156914 v _3505_/A (sg13g2_nor2_1)
     1    0.003144    0.029128    0.037240    0.194155 ^ _3505_/Y (sg13g2_nor2_1)
                                                         _0671_ (net)
                      0.029128    0.000000    0.194155 ^ _3506_/B1 (sg13g2_a21oi_1)
     1    0.001523    0.012000    0.019234    0.213388 v _3506_/Y (sg13g2_a21oi_1)
                                                         _0225_ (net)
                      0.012000    0.000000    0.213388 v u_input_buffer.mem[2][1]$_DFFE_PP_/D (sg13g2_dfrbpq_1)
                                              0.213388   data arrival time

                      0.150000    0.000000    0.000000   clock clk (rise edge)
                                  0.000000    0.000000   clock network delay (ideal)
                                  0.250000    0.250000   clock uncertainty
                                  0.000000    0.250000   clock reconvergence pessimism
                                              0.250000 ^ u_input_buffer.mem[2][1]$_DFFE_PP_/CLK (sg13g2_dfrbpq_1)
                                  0.000437    0.250437   library hold time
                                              0.250437   data required time
---------------------------------------------------------------------------------------------
                                              0.250437   data required time
                                             -0.213388   data arrival time
---------------------------------------------------------------------------------------------
                                             -0.037049   slack (VIOLATED)


Startpoint: u_input_buffer.mem[2][2]$_DFFE_PP_
            (rising edge-triggered flip-flop clocked by clk)
Endpoint: u_input_buffer.mem[2][2]$_DFFE_PP_
          (rising edge-triggered flip-flop clocked by clk)
Path Group: clk
Path Type: min

Fanout         Cap        Slew       Delay        Time   Description
---------------------------------------------------------------------------------------------
                      0.150000    0.000000    0.000000   clock clk (rise edge)
                                  0.000000    0.000000   clock network delay (ideal)
                      0.150000    0.000000    0.000000 ^ u_input_buffer.mem[2][2]$_DFFE_PP_/CLK (sg13g2_dfrbpq_1)
     2    0.006287    0.020422    0.156914    0.156914 v u_input_buffer.mem[2][2]$_DFFE_PP_/Q (sg13g2_dfrbpq_1)
                                                         u_input_buffer.mem[2][2] (net)
                      0.020422    0.000000    0.156914 v _3507_/A (sg13g2_nor2_1)
     1    0.003144    0.029128    0.037240    0.194155 ^ _3507_/Y (sg13g2_nor2_1)
                                                         _0672_ (net)
                      0.029128    0.000000    0.194155 ^ _3508_/B1 (sg13g2_a21oi_1)
     1    0.001523    0.012000    0.019234    0.213388 v _3508_/Y (sg13g2_a21oi_1)
                                                         _0226_ (net)
                      0.012000    0.000000    0.213388 v u_input_buffer.mem[2][2]$_DFFE_PP_/D (sg13g2_dfrbpq_1)
                                              0.213388   data arrival time

                      0.150000    0.000000    0.000000   clock clk (rise edge)
                                  0.000000    0.000000   clock network delay (ideal)
                                  0.250000    0.250000   clock uncertainty
                                  0.000000    0.250000   clock reconvergence pessimism
                                              0.250000 ^ u_input_buffer.mem[2][2]$_DFFE_PP_/CLK (sg13g2_dfrbpq_1)
                                  0.000437    0.250437   library hold time
                                              0.250437   data required time
---------------------------------------------------------------------------------------------
                                              0.250437   data required time
                                             -0.213388   data arrival time
---------------------------------------------------------------------------------------------
                                             -0.037049   slack (VIOLATED)


Startpoint: u_input_buffer.mem[2][3]$_DFFE_PP_
            (rising edge-triggered flip-flop clocked by clk)
Endpoint: u_input_buffer.mem[2][3]$_DFFE_PP_
          (rising edge-triggered flip-flop clocked by clk)
Path Group: clk
Path Type: min

Fanout         Cap        Slew       Delay        Time   Description
---------------------------------------------------------------------------------------------
                      0.150000    0.000000    0.000000   clock clk (rise edge)
                                  0.000000    0.000000   clock network delay (ideal)
                      0.150000    0.000000    0.000000 ^ u_input_buffer.mem[2][3]$_DFFE_PP_/CLK (sg13g2_dfrbpq_1)
     2    0.006287    0.020422    0.156914    0.156914 v u_input_buffer.mem[2][3]$_DFFE_PP_/Q (sg13g2_dfrbpq_1)
                                                         u_input_buffer.mem[2][3] (net)
                      0.020422    0.000000    0.156914 v _3509_/A (sg13g2_nor2_1)
     1    0.003144    0.029128    0.037240    0.194155 ^ _3509_/Y (sg13g2_nor2_1)
                                                         _0673_ (net)
                      0.029128    0.000000    0.194155 ^ _3510_/B1 (sg13g2_a21oi_1)
     1    0.001523    0.012000    0.019234    0.213388 v _3510_/Y (sg13g2_a21oi_1)
                                                         _0227_ (net)
                      0.012000    0.000000    0.213388 v u_input_buffer.mem[2][3]$_DFFE_PP_/D (sg13g2_dfrbpq_1)
                                              0.213388   data arrival time

                      0.150000    0.000000    0.000000   clock clk (rise edge)
                                  0.000000    0.000000   clock network delay (ideal)
                                  0.250000    0.250000   clock uncertainty
                                  0.000000    0.250000   clock reconvergence pessimism
                                              0.250000 ^ u_input_buffer.mem[2][3]$_DFFE_PP_/CLK (sg13g2_dfrbpq_1)
                                  0.000437    0.250437   library hold time
                                              0.250437   data required time
---------------------------------------------------------------------------------------------
                                              0.250437   data required time
                                             -0.213388   data arrival time
---------------------------------------------------------------------------------------------
                                             -0.037049   slack (VIOLATED)


Startpoint: u_input_buffer.mem[2][4]$_DFFE_PP_
            (rising edge-triggered flip-flop clocked by clk)
Endpoint: u_input_buffer.mem[2][4]$_DFFE_PP_
          (rising edge-triggered flip-flop clocked by clk)
Path Group: clk
Path Type: min

Fanout         Cap        Slew       Delay        Time   Description
---------------------------------------------------------------------------------------------
                      0.150000    0.000000    0.000000   clock clk (rise edge)
                                  0.000000    0.000000   clock network delay (ideal)
                      0.150000    0.000000    0.000000 ^ u_input_buffer.mem[2][4]$_DFFE_PP_/CLK (sg13g2_dfrbpq_1)
     2    0.006287    0.020422    0.156914    0.156914 v u_input_buffer.mem[2][4]$_DFFE_PP_/Q (sg13g2_dfrbpq_1)
                                                         u_input_buffer.mem[2][4] (net)
                      0.020422    0.000000    0.156914 v _3511_/A (sg13g2_nor2_1)
     1    0.003144    0.029128    0.037240    0.194155 ^ _3511_/Y (sg13g2_nor2_1)
                                                         _0674_ (net)
                      0.029128    0.000000    0.194155 ^ _3512_/B1 (sg13g2_a21oi_1)
     1    0.001523    0.012000    0.019234    0.213388 v _3512_/Y (sg13g2_a21oi_1)
                                                         _0228_ (net)
                      0.012000    0.000000    0.213388 v u_input_buffer.mem[2][4]$_DFFE_PP_/D (sg13g2_dfrbpq_1)
                                              0.213388   data arrival time

                      0.150000    0.000000    0.000000   clock clk (rise edge)
                                  0.000000    0.000000   clock network delay (ideal)
                                  0.250000    0.250000   clock uncertainty
                                  0.000000    0.250000   clock reconvergence pessimism
                                              0.250000 ^ u_input_buffer.mem[2][4]$_DFFE_PP_/CLK (sg13g2_dfrbpq_1)
                                  0.000437    0.250437   library hold time
                                              0.250437   data required time
---------------------------------------------------------------------------------------------
                                              0.250437   data required time
                                             -0.213388   data arrival time
---------------------------------------------------------------------------------------------
                                             -0.037049   slack (VIOLATED)


Startpoint: u_input_buffer.mem[2][5]$_DFFE_PP_
            (rising edge-triggered flip-flop clocked by clk)
Endpoint: u_input_buffer.mem[2][5]$_DFFE_PP_
          (rising edge-triggered flip-flop clocked by clk)
Path Group: clk
Path Type: min

Fanout         Cap        Slew       Delay        Time   Description
---------------------------------------------------------------------------------------------
                      0.150000    0.000000    0.000000   clock clk (rise edge)
                                  0.000000    0.000000   clock network delay (ideal)
                      0.150000    0.000000    0.000000 ^ u_input_buffer.mem[2][5]$_DFFE_PP_/CLK (sg13g2_dfrbpq_1)
     2    0.006287    0.020422    0.156914    0.156914 v u_input_buffer.mem[2][5]$_DFFE_PP_/Q (sg13g2_dfrbpq_1)
                                                         u_input_buffer.mem[2][5] (net)
                      0.020422    0.000000    0.156914 v _3513_/A (sg13g2_nor2_1)
     1    0.003144    0.029128    0.037240    0.194155 ^ _3513_/Y (sg13g2_nor2_1)
                                                         _0675_ (net)
                      0.029128    0.000000    0.194155 ^ _3514_/B1 (sg13g2_a21oi_1)
     1    0.001523    0.012000    0.019234    0.213388 v _3514_/Y (sg13g2_a21oi_1)
                                                         _0229_ (net)
                      0.012000    0.000000    0.213388 v u_input_buffer.mem[2][5]$_DFFE_PP_/D (sg13g2_dfrbpq_1)
                                              0.213388   data arrival time

                      0.150000    0.000000    0.000000   clock clk (rise edge)
                                  0.000000    0.000000   clock network delay (ideal)
                                  0.250000    0.250000   clock uncertainty
                                  0.000000    0.250000   clock reconvergence pessimism
                                              0.250000 ^ u_input_buffer.mem[2][5]$_DFFE_PP_/CLK (sg13g2_dfrbpq_1)
                                  0.000437    0.250437   library hold time
                                              0.250437   data required time
---------------------------------------------------------------------------------------------
                                              0.250437   data required time
                                             -0.213388   data arrival time
---------------------------------------------------------------------------------------------
                                             -0.037049   slack (VIOLATED)


Startpoint: u_input_buffer.mem[2][6]$_DFFE_PP_
            (rising edge-triggered flip-flop clocked by clk)
Endpoint: u_input_buffer.mem[2][6]$_DFFE_PP_
          (rising edge-triggered flip-flop clocked by clk)
Path Group: clk
Path Type: min

Fanout         Cap        Slew       Delay        Time   Description
---------------------------------------------------------------------------------------------
                      0.150000    0.000000    0.000000   clock clk (rise edge)
                                  0.000000    0.000000   clock network delay (ideal)
                      0.150000    0.000000    0.000000 ^ u_input_buffer.mem[2][6]$_DFFE_PP_/CLK (sg13g2_dfrbpq_1)
     2    0.006287    0.020422    0.156914    0.156914 v u_input_buffer.mem[2][6]$_DFFE_PP_/Q (sg13g2_dfrbpq_1)
                                                         u_input_buffer.mem[2][6] (net)
                      0.020422    0.000000    0.156914 v _3515_/A (sg13g2_nor2_1)
     1    0.003144    0.029128    0.037240    0.194155 ^ _3515_/Y (sg13g2_nor2_1)
                                                         _0676_ (net)
                      0.029128    0.000000    0.194155 ^ _3516_/B1 (sg13g2_a21oi_1)
     1    0.001523    0.012000    0.019234    0.213388 v _3516_/Y (sg13g2_a21oi_1)
                                                         _0230_ (net)
                      0.012000    0.000000    0.213388 v u_input_buffer.mem[2][6]$_DFFE_PP_/D (sg13g2_dfrbpq_1)
                                              0.213388   data arrival time

                      0.150000    0.000000    0.000000   clock clk (rise edge)
                                  0.000000    0.000000   clock network delay (ideal)
                                  0.250000    0.250000   clock uncertainty
                                  0.000000    0.250000   clock reconvergence pessimism
                                              0.250000 ^ u_input_buffer.mem[2][6]$_DFFE_PP_/CLK (sg13g2_dfrbpq_1)
                                  0.000437    0.250437   library hold time
                                              0.250437   data required time
---------------------------------------------------------------------------------------------
                                              0.250437   data required time
                                             -0.213388   data arrival time
---------------------------------------------------------------------------------------------
                                             -0.037049   slack (VIOLATED)


Startpoint: u_input_buffer.mem[2][7]$_DFFE_PP_
            (rising edge-triggered flip-flop clocked by clk)
Endpoint: u_input_buffer.mem[2][7]$_DFFE_PP_
          (rising edge-triggered flip-flop clocked by clk)
Path Group: clk
Path Type: min

Fanout         Cap        Slew       Delay        Time   Description
---------------------------------------------------------------------------------------------
                      0.150000    0.000000    0.000000   clock clk (rise edge)
                                  0.000000    0.000000   clock network delay (ideal)
                      0.150000    0.000000    0.000000 ^ u_input_buffer.mem[2][7]$_DFFE_PP_/CLK (sg13g2_dfrbpq_1)
     2    0.006287    0.020422    0.156914    0.156914 v u_input_buffer.mem[2][7]$_DFFE_PP_/Q (sg13g2_dfrbpq_1)
                                                         u_input_buffer.mem[2][7] (net)
                      0.020422    0.000000    0.156914 v _3517_/A (sg13g2_nor2_1)
     1    0.003144    0.029128    0.037240    0.194155 ^ _3517_/Y (sg13g2_nor2_1)
                                                         _0677_ (net)
                      0.029128    0.000000    0.194155 ^ _3518_/B1 (sg13g2_a21oi_1)
     1    0.001523    0.012000    0.019234    0.213388 v _3518_/Y (sg13g2_a21oi_1)
                                                         _0231_ (net)
                      0.012000    0.000000    0.213388 v u_input_buffer.mem[2][7]$_DFFE_PP_/D (sg13g2_dfrbpq_1)
                                              0.213388   data arrival time

                      0.150000    0.000000    0.000000   clock clk (rise edge)
                                  0.000000    0.000000   clock network delay (ideal)
                                  0.250000    0.250000   clock uncertainty
                                  0.000000    0.250000   clock reconvergence pessimism
                                              0.250000 ^ u_input_buffer.mem[2][7]$_DFFE_PP_/CLK (sg13g2_dfrbpq_1)
                                  0.000437    0.250437   library hold time
                                              0.250437   data required time
---------------------------------------------------------------------------------------------
                                              0.250437   data required time
                                             -0.213388   data arrival time
---------------------------------------------------------------------------------------------
                                             -0.037049   slack (VIOLATED)


Startpoint: u_input_buffer.mem[3][0]$_DFFE_PP_
            (rising edge-triggered flip-flop clocked by clk)
Endpoint: u_input_buffer.mem[3][0]$_DFFE_PP_
          (rising edge-triggered flip-flop clocked by clk)
Path Group: clk
Path Type: min

Fanout         Cap        Slew       Delay        Time   Description
---------------------------------------------------------------------------------------------
                      0.150000    0.000000    0.000000   clock clk (rise edge)
                                  0.000000    0.000000   clock network delay (ideal)
                      0.150000    0.000000    0.000000 ^ u_input_buffer.mem[3][0]$_DFFE_PP_/CLK (sg13g2_dfrbpq_1)
     2    0.006287    0.020422    0.156914    0.156914 v u_input_buffer.mem[3][0]$_DFFE_PP_/Q (sg13g2_dfrbpq_1)
                                                         u_input_buffer.mem[3][0] (net)
                      0.020422    0.000000    0.156914 v _3554_/A (sg13g2_nor2_1)
     1    0.003144    0.029128    0.037240    0.194155 ^ _3554_/Y (sg13g2_nor2_1)
                                                         _0697_ (net)
                      0.029128    0.000000    0.194155 ^ _3555_/B1 (sg13g2_a21oi_1)
     1    0.001523    0.012000    0.019234    0.213388 v _3555_/Y (sg13g2_a21oi_1)
                                                         _0248_ (net)
                      0.012000    0.000000    0.213388 v u_input_buffer.mem[3][0]$_DFFE_PP_/D (sg13g2_dfrbpq_1)
                                              0.213388   data arrival time

                      0.150000    0.000000    0.000000   clock clk (rise edge)
                                  0.000000    0.000000   clock network delay (ideal)
                                  0.250000    0.250000   clock uncertainty
                                  0.000000    0.250000   clock reconvergence pessimism
                                              0.250000 ^ u_input_buffer.mem[3][0]$_DFFE_PP_/CLK (sg13g2_dfrbpq_1)
                                  0.000437    0.250437   library hold time
                                              0.250437   data required time
---------------------------------------------------------------------------------------------
                                              0.250437   data required time
                                             -0.213388   data arrival time
---------------------------------------------------------------------------------------------
                                             -0.037049   slack (VIOLATED)


Startpoint: u_input_buffer.mem[3][1]$_DFFE_PP_
            (rising edge-triggered flip-flop clocked by clk)
Endpoint: u_input_buffer.mem[3][1]$_DFFE_PP_
          (rising edge-triggered flip-flop clocked by clk)
Path Group: clk
Path Type: min

Fanout         Cap        Slew       Delay        Time   Description
---------------------------------------------------------------------------------------------
                      0.150000    0.000000    0.000000   clock clk (rise edge)
                                  0.000000    0.000000   clock network delay (ideal)
                      0.150000    0.000000    0.000000 ^ u_input_buffer.mem[3][1]$_DFFE_PP_/CLK (sg13g2_dfrbpq_1)
     2    0.006287    0.020422    0.156914    0.156914 v u_input_buffer.mem[3][1]$_DFFE_PP_/Q (sg13g2_dfrbpq_1)
                                                         u_input_buffer.mem[3][1] (net)
                      0.020422    0.000000    0.156914 v _3556_/A (sg13g2_nor2_1)
     1    0.003144    0.029128    0.037240    0.194155 ^ _3556_/Y (sg13g2_nor2_1)
                                                         _0698_ (net)
                      0.029128    0.000000    0.194155 ^ _3557_/B1 (sg13g2_a21oi_1)
     1    0.001523    0.012000    0.019234    0.213388 v _3557_/Y (sg13g2_a21oi_1)
                                                         _0249_ (net)
                      0.012000    0.000000    0.213388 v u_input_buffer.mem[3][1]$_DFFE_PP_/D (sg13g2_dfrbpq_1)
                                              0.213388   data arrival time

                      0.150000    0.000000    0.000000   clock clk (rise edge)
                                  0.000000    0.000000   clock network delay (ideal)
                                  0.250000    0.250000   clock uncertainty
                                  0.000000    0.250000   clock reconvergence pessimism
                                              0.250000 ^ u_input_buffer.mem[3][1]$_DFFE_PP_/CLK (sg13g2_dfrbpq_1)
                                  0.000437    0.250437   library hold time
                                              0.250437   data required time
---------------------------------------------------------------------------------------------
                                              0.250437   data required time
                                             -0.213388   data arrival time
---------------------------------------------------------------------------------------------
                                             -0.037049   slack (VIOLATED)


Startpoint: u_input_buffer.mem[3][3]$_DFFE_PP_
            (rising edge-triggered flip-flop clocked by clk)
Endpoint: u_input_buffer.mem[3][3]$_DFFE_PP_
          (rising edge-triggered flip-flop clocked by clk)
Path Group: clk
Path Type: min

Fanout         Cap        Slew       Delay        Time   Description
---------------------------------------------------------------------------------------------
                      0.150000    0.000000    0.000000   clock clk (rise edge)
                                  0.000000    0.000000   clock network delay (ideal)
                      0.150000    0.000000    0.000000 ^ u_input_buffer.mem[3][3]$_DFFE_PP_/CLK (sg13g2_dfrbpq_1)
     2    0.006287    0.020422    0.156914    0.156914 v u_input_buffer.mem[3][3]$_DFFE_PP_/Q (sg13g2_dfrbpq_1)
                                                         u_input_buffer.mem[3][3] (net)
                      0.020422    0.000000    0.156914 v _3560_/A (sg13g2_nor2_1)
     1    0.003144    0.029128    0.037240    0.194155 ^ _3560_/Y (sg13g2_nor2_1)
                                                         _0700_ (net)
                      0.029128    0.000000    0.194155 ^ _3561_/B1 (sg13g2_a21oi_1)
     1    0.001523    0.012000    0.019234    0.213388 v _3561_/Y (sg13g2_a21oi_1)
                                                         _0251_ (net)
                      0.012000    0.000000    0.213388 v u_input_buffer.mem[3][3]$_DFFE_PP_/D (sg13g2_dfrbpq_1)
                                              0.213388   data arrival time

                      0.150000    0.000000    0.000000   clock clk (rise edge)
                                  0.000000    0.000000   clock network delay (ideal)
                                  0.250000    0.250000   clock uncertainty
                                  0.000000    0.250000   clock reconvergence pessimism
                                              0.250000 ^ u_input_buffer.mem[3][3]$_DFFE_PP_/CLK (sg13g2_dfrbpq_1)
                                  0.000437    0.250437   library hold time
                                              0.250437   data required time
---------------------------------------------------------------------------------------------
                                              0.250437   data required time
                                             -0.213388   data arrival time
---------------------------------------------------------------------------------------------
                                             -0.037049   slack (VIOLATED)


Startpoint: u_input_buffer.mem[3][5]$_DFFE_PP_
            (rising edge-triggered flip-flop clocked by clk)
Endpoint: u_input_buffer.mem[3][5]$_DFFE_PP_
          (rising edge-triggered flip-flop clocked by clk)
Path Group: clk
Path Type: min

Fanout         Cap        Slew       Delay        Time   Description
---------------------------------------------------------------------------------------------
                      0.150000    0.000000    0.000000   clock clk (rise edge)
                                  0.000000    0.000000   clock network delay (ideal)
                      0.150000    0.000000    0.000000 ^ u_input_buffer.mem[3][5]$_DFFE_PP_/CLK (sg13g2_dfrbpq_1)
     2    0.006287    0.020422    0.156914    0.156914 v u_input_buffer.mem[3][5]$_DFFE_PP_/Q (sg13g2_dfrbpq_1)
                                                         u_input_buffer.mem[3][5] (net)
                      0.020422    0.000000    0.156914 v _3564_/A (sg13g2_nor2_1)
     1    0.003144    0.029128    0.037240    0.194155 ^ _3564_/Y (sg13g2_nor2_1)
                                                         _0702_ (net)
                      0.029128    0.000000    0.194155 ^ _3565_/B1 (sg13g2_a21oi_1)
     1    0.001523    0.012000    0.019234    0.213388 v _3565_/Y (sg13g2_a21oi_1)
                                                         _0253_ (net)
                      0.012000    0.000000    0.213388 v u_input_buffer.mem[3][5]$_DFFE_PP_/D (sg13g2_dfrbpq_1)
                                              0.213388   data arrival time

                      0.150000    0.000000    0.000000   clock clk (rise edge)
                                  0.000000    0.000000   clock network delay (ideal)
                                  0.250000    0.250000   clock uncertainty
                                  0.000000    0.250000   clock reconvergence pessimism
                                              0.250000 ^ u_input_buffer.mem[3][5]$_DFFE_PP_/CLK (sg13g2_dfrbpq_1)
                                  0.000437    0.250437   library hold time
                                              0.250437   data required time
---------------------------------------------------------------------------------------------
                                              0.250437   data required time
                                             -0.213388   data arrival time
---------------------------------------------------------------------------------------------
                                             -0.037049   slack (VIOLATED)


Startpoint: u_input_buffer.mem[3][6]$_DFFE_PP_
            (rising edge-triggered flip-flop clocked by clk)
Endpoint: u_input_buffer.mem[3][6]$_DFFE_PP_
          (rising edge-triggered flip-flop clocked by clk)
Path Group: clk
Path Type: min

Fanout         Cap        Slew       Delay        Time   Description
---------------------------------------------------------------------------------------------
                      0.150000    0.000000    0.000000   clock clk (rise edge)
                                  0.000000    0.000000   clock network delay (ideal)
                      0.150000    0.000000    0.000000 ^ u_input_buffer.mem[3][6]$_DFFE_PP_/CLK (sg13g2_dfrbpq_1)
     2    0.006287    0.020422    0.156914    0.156914 v u_input_buffer.mem[3][6]$_DFFE_PP_/Q (sg13g2_dfrbpq_1)
                                                         u_input_buffer.mem[3][6] (net)
                      0.020422    0.000000    0.156914 v _3566_/A (sg13g2_nor2_1)
     1    0.003144    0.029128    0.037240    0.194155 ^ _3566_/Y (sg13g2_nor2_1)
                                                         _0703_ (net)
                      0.029128    0.000000    0.194155 ^ _3567_/B1 (sg13g2_a21oi_1)
     1    0.001523    0.012000    0.019234    0.213388 v _3567_/Y (sg13g2_a21oi_1)
                                                         _0254_ (net)
                      0.012000    0.000000    0.213388 v u_input_buffer.mem[3][6]$_DFFE_PP_/D (sg13g2_dfrbpq_1)
                                              0.213388   data arrival time

                      0.150000    0.000000    0.000000   clock clk (rise edge)
                                  0.000000    0.000000   clock network delay (ideal)
                                  0.250000    0.250000   clock uncertainty
                                  0.000000    0.250000   clock reconvergence pessimism
                                              0.250000 ^ u_input_buffer.mem[3][6]$_DFFE_PP_/CLK (sg13g2_dfrbpq_1)
                                  0.000437    0.250437   library hold time
                                              0.250437   data required time
---------------------------------------------------------------------------------------------
                                              0.250437   data required time
                                             -0.213388   data arrival time
---------------------------------------------------------------------------------------------
                                             -0.037049   slack (VIOLATED)


Startpoint: u_input_buffer.mem[3][7]$_DFFE_PP_
            (rising edge-triggered flip-flop clocked by clk)
Endpoint: u_input_buffer.mem[3][7]$_DFFE_PP_
          (rising edge-triggered flip-flop clocked by clk)
Path Group: clk
Path Type: min

Fanout         Cap        Slew       Delay        Time   Description
---------------------------------------------------------------------------------------------
                      0.150000    0.000000    0.000000   clock clk (rise edge)
                                  0.000000    0.000000   clock network delay (ideal)
                      0.150000    0.000000    0.000000 ^ u_input_buffer.mem[3][7]$_DFFE_PP_/CLK (sg13g2_dfrbpq_1)
     2    0.006287    0.020422    0.156914    0.156914 v u_input_buffer.mem[3][7]$_DFFE_PP_/Q (sg13g2_dfrbpq_1)
                                                         u_input_buffer.mem[3][7] (net)
                      0.020422    0.000000    0.156914 v _3568_/A (sg13g2_nor2_1)
     1    0.003144    0.029128    0.037240    0.194155 ^ _3568_/Y (sg13g2_nor2_1)
                                                         _0704_ (net)
                      0.029128    0.000000    0.194155 ^ _3569_/B1 (sg13g2_a21oi_1)
     1    0.001523    0.012000    0.019234    0.213388 v _3569_/Y (sg13g2_a21oi_1)
                                                         _0255_ (net)
                      0.012000    0.000000    0.213388 v u_input_buffer.mem[3][7]$_DFFE_PP_/D (sg13g2_dfrbpq_1)
                                              0.213388   data arrival time

                      0.150000    0.000000    0.000000   clock clk (rise edge)
                                  0.000000    0.000000   clock network delay (ideal)
                                  0.250000    0.250000   clock uncertainty
                                  0.000000    0.250000   clock reconvergence pessimism
                                              0.250000 ^ u_input_buffer.mem[3][7]$_DFFE_PP_/CLK (sg13g2_dfrbpq_1)
                                  0.000437    0.250437   library hold time
                                              0.250437   data required time
---------------------------------------------------------------------------------------------
                                              0.250437   data required time
                                             -0.213388   data arrival time
---------------------------------------------------------------------------------------------
                                             -0.037049   slack (VIOLATED)


Startpoint: u_mac_4.temp_res[0]$_SDFF_PP0_
            (rising edge-triggered flip-flop clocked by clk)
Endpoint: u_mac_4.temp_res[0]$_SDFF_PP0_
          (rising edge-triggered flip-flop clocked by clk)
Path Group: clk
Path Type: min

Fanout         Cap        Slew       Delay        Time   Description
---------------------------------------------------------------------------------------------
                      0.150000    0.000000    0.000000   clock clk (rise edge)
                                  0.000000    0.000000   clock network delay (ideal)
                      0.150000    0.000000    0.000000 ^ u_mac_4.temp_res[0]$_SDFF_PP0_/CLK (sg13g2_dfrbpq_1)
     3    0.009474    0.026671    0.162183    0.162183 v u_mac_4.temp_res[0]$_SDFF_PP0_/Q (sg13g2_dfrbpq_1)
                                                         u_mac_4.temp_res[0] (net)
                      0.026671    0.000000    0.162183 v _5404_/A (sg13g2_inv_1)
     1    0.003149    0.016561    0.020614    0.182797 ^ _5404_/Y (sg13g2_inv_1)
                                                         _2419_ (net)
                      0.016561    0.000000    0.182797 ^ _4985_/A1 (sg13g2_a21oi_1)
     1    0.001523    0.011938    0.030634    0.213431 v _4985_/Y (sg13g2_a21oi_1)
                                                         _0358_ (net)
                      0.011938    0.000000    0.213431 v u_mac_4.temp_res[0]$_SDFF_PP0_/D (sg13g2_dfrbpq_1)
                                              0.213431   data arrival time

                      0.150000    0.000000    0.000000   clock clk (rise edge)
                                  0.000000    0.000000   clock network delay (ideal)
                                  0.250000    0.250000   clock uncertainty
                                  0.000000    0.250000   clock reconvergence pessimism
                                              0.250000 ^ u_mac_4.temp_res[0]$_SDFF_PP0_/CLK (sg13g2_dfrbpq_1)
                                  0.000451    0.250451   library hold time
                                              0.250451   data required time
---------------------------------------------------------------------------------------------
                                              0.250451   data required time
                                             -0.213431   data arrival time
---------------------------------------------------------------------------------------------
                                             -0.037020   slack (VIOLATED)


Startpoint: u_mac_1.temp_res[17]$_SDFF_PP0_
            (rising edge-triggered flip-flop clocked by clk)
Endpoint: u_mac_1.temp_res[17]$_SDFF_PP0_
          (rising edge-triggered flip-flop clocked by clk)
Path Group: clk
Path Type: min

Fanout         Cap        Slew       Delay        Time   Description
---------------------------------------------------------------------------------------------
                      0.150000    0.000000    0.000000   clock clk (rise edge)
                                  0.000000    0.000000   clock network delay (ideal)
                      0.150000    0.000000    0.000000 ^ u_mac_1.temp_res[17]$_SDFF_PP0_/CLK (sg13g2_dfrbpq_1)
     3    0.009228    0.026189    0.161777    0.161777 v u_mac_1.temp_res[17]$_SDFF_PP0_/Q (sg13g2_dfrbpq_1)
                                                         u_mac_1.temp_res[17] (net)
                      0.026189    0.000000    0.161777 v _4140_/B1 (sg13g2_a21oi_1)
     1    0.003211    0.024611    0.028441    0.190218 ^ _4140_/Y (sg13g2_a21oi_1)
                                                         _1219_ (net)
                      0.024611    0.000000    0.190218 ^ _4142_/B (sg13g2_nor3_1)
     1    0.001523    0.011912    0.023238    0.213455 v _4142_/Y (sg13g2_nor3_1)
                                                         _0312_ (net)
                      0.011912    0.000000    0.213455 v u_mac_1.temp_res[17]$_SDFF_PP0_/D (sg13g2_dfrbpq_1)
                                              0.213455   data arrival time

                      0.150000    0.000000    0.000000   clock clk (rise edge)
                                  0.000000    0.000000   clock network delay (ideal)
                                  0.250000    0.250000   clock uncertainty
                                  0.000000    0.250000   clock reconvergence pessimism
                                              0.250000 ^ u_mac_1.temp_res[17]$_SDFF_PP0_/CLK (sg13g2_dfrbpq_1)
                                  0.000457    0.250457   library hold time
                                              0.250457   data required time
---------------------------------------------------------------------------------------------
                                              0.250457   data required time
                                             -0.213455   data arrival time
---------------------------------------------------------------------------------------------
                                             -0.037002   slack (VIOLATED)


Startpoint: u_input_buffer.mem[19][3]$_DFFE_PP_
            (rising edge-triggered flip-flop clocked by clk)
Endpoint: u_input_buffer.mem[19][3]$_DFFE_PP_
          (rising edge-triggered flip-flop clocked by clk)
Path Group: clk
Path Type: min

Fanout         Cap        Slew       Delay        Time   Description
---------------------------------------------------------------------------------------------
                      0.150000    0.000000    0.000000   clock clk (rise edge)
                                  0.000000    0.000000   clock network delay (ideal)
                      0.150000    0.000000    0.000000 ^ u_input_buffer.mem[19][3]$_DFFE_PP_/CLK (sg13g2_dfrbpq_1)
     2    0.006355    0.020557    0.157028    0.157028 v u_input_buffer.mem[19][3]$_DFFE_PP_/Q (sg13g2_dfrbpq_1)
                                                         u_input_buffer.mem[19][3] (net)
                      0.020557    0.000000    0.157028 v _3303_/A (sg13g2_nor2_1)
     1    0.003144    0.029146    0.037267    0.194295 ^ _3303_/Y (sg13g2_nor2_1)
                                                         _0563_ (net)
                      0.029146    0.000000    0.194295 ^ _3304_/B1 (sg13g2_a21oi_1)
     1    0.001523    0.012003    0.019237    0.213532 v _3304_/Y (sg13g2_a21oi_1)
                                                         _0131_ (net)
                      0.012003    0.000000    0.213532 v u_input_buffer.mem[19][3]$_DFFE_PP_/D (sg13g2_dfrbpq_1)
                                              0.213532   data arrival time

                      0.150000    0.000000    0.000000   clock clk (rise edge)
                                  0.000000    0.000000   clock network delay (ideal)
                                  0.250000    0.250000   clock uncertainty
                                  0.000000    0.250000   clock reconvergence pessimism
                                              0.250000 ^ u_input_buffer.mem[19][3]$_DFFE_PP_/CLK (sg13g2_dfrbpq_1)
                                  0.000436    0.250436   library hold time
                                              0.250436   data required time
---------------------------------------------------------------------------------------------
                                              0.250436   data required time
                                             -0.213532   data arrival time
---------------------------------------------------------------------------------------------
                                             -0.036904   slack (VIOLATED)


Startpoint: u_input_buffer.mem[27][2]$_DFFE_PP_
            (rising edge-triggered flip-flop clocked by clk)
Endpoint: u_input_buffer.mem[27][2]$_DFFE_PP_
          (rising edge-triggered flip-flop clocked by clk)
Path Group: clk
Path Type: min

Fanout         Cap        Slew       Delay        Time   Description
---------------------------------------------------------------------------------------------
                      0.150000    0.000000    0.000000   clock clk (rise edge)
                                  0.000000    0.000000   clock network delay (ideal)
                      0.150000    0.000000    0.000000 ^ u_input_buffer.mem[27][2]$_DFFE_PP_/CLK (sg13g2_dfrbpq_1)
     2    0.006355    0.020557    0.157028    0.157028 v u_input_buffer.mem[27][2]$_DFFE_PP_/Q (sg13g2_dfrbpq_1)
                                                         u_input_buffer.mem[27][2] (net)
                      0.020557    0.000000    0.157028 v _3456_/A (sg13g2_nor2_1)
     1    0.003144    0.029146    0.037267    0.194295 ^ _3456_/Y (sg13g2_nor2_1)
                                                         _0645_ (net)
                      0.029146    0.000000    0.194295 ^ _3457_/B1 (sg13g2_a21oi_1)
     1    0.001523    0.012003    0.019237    0.213532 v _3457_/Y (sg13g2_a21oi_1)
                                                         _0202_ (net)
                      0.012003    0.000000    0.213532 v u_input_buffer.mem[27][2]$_DFFE_PP_/D (sg13g2_dfrbpq_1)
                                              0.213532   data arrival time

                      0.150000    0.000000    0.000000   clock clk (rise edge)
                                  0.000000    0.000000   clock network delay (ideal)
                                  0.250000    0.250000   clock uncertainty
                                  0.000000    0.250000   clock reconvergence pessimism
                                              0.250000 ^ u_input_buffer.mem[27][2]$_DFFE_PP_/CLK (sg13g2_dfrbpq_1)
                                  0.000436    0.250436   library hold time
                                              0.250436   data required time
---------------------------------------------------------------------------------------------
                                              0.250436   data required time
                                             -0.213532   data arrival time
---------------------------------------------------------------------------------------------
                                             -0.036904   slack (VIOLATED)


Startpoint: u_input_buffer.mem[27][4]$_DFFE_PP_
            (rising edge-triggered flip-flop clocked by clk)
Endpoint: u_input_buffer.mem[27][4]$_DFFE_PP_
          (rising edge-triggered flip-flop clocked by clk)
Path Group: clk
Path Type: min

Fanout         Cap        Slew       Delay        Time   Description
---------------------------------------------------------------------------------------------
                      0.150000    0.000000    0.000000   clock clk (rise edge)
                                  0.000000    0.000000   clock network delay (ideal)
                      0.150000    0.000000    0.000000 ^ u_input_buffer.mem[27][4]$_DFFE_PP_/CLK (sg13g2_dfrbpq_1)
     2    0.006355    0.020557    0.157028    0.157028 v u_input_buffer.mem[27][4]$_DFFE_PP_/Q (sg13g2_dfrbpq_1)
                                                         u_input_buffer.mem[27][4] (net)
                      0.020557    0.000000    0.157028 v _3460_/A (sg13g2_nor2_1)
     1    0.003144    0.029146    0.037267    0.194295 ^ _3460_/Y (sg13g2_nor2_1)
                                                         _0647_ (net)
                      0.029146    0.000000    0.194295 ^ _3461_/B1 (sg13g2_a21oi_1)
     1    0.001523    0.012003    0.019237    0.213532 v _3461_/Y (sg13g2_a21oi_1)
                                                         _0204_ (net)
                      0.012003    0.000000    0.213532 v u_input_buffer.mem[27][4]$_DFFE_PP_/D (sg13g2_dfrbpq_1)
                                              0.213532   data arrival time

                      0.150000    0.000000    0.000000   clock clk (rise edge)
                                  0.000000    0.000000   clock network delay (ideal)
                                  0.250000    0.250000   clock uncertainty
                                  0.000000    0.250000   clock reconvergence pessimism
                                              0.250000 ^ u_input_buffer.mem[27][4]$_DFFE_PP_/CLK (sg13g2_dfrbpq_1)
                                  0.000436    0.250436   library hold time
                                              0.250436   data required time
---------------------------------------------------------------------------------------------
                                              0.250436   data required time
                                             -0.213532   data arrival time
---------------------------------------------------------------------------------------------
                                             -0.036904   slack (VIOLATED)


Startpoint: u_input_buffer.mem[27][5]$_DFFE_PP_
            (rising edge-triggered flip-flop clocked by clk)
Endpoint: u_input_buffer.mem[27][5]$_DFFE_PP_
          (rising edge-triggered flip-flop clocked by clk)
Path Group: clk
Path Type: min

Fanout         Cap        Slew       Delay        Time   Description
---------------------------------------------------------------------------------------------
                      0.150000    0.000000    0.000000   clock clk (rise edge)
                                  0.000000    0.000000   clock network delay (ideal)
                      0.150000    0.000000    0.000000 ^ u_input_buffer.mem[27][5]$_DFFE_PP_/CLK (sg13g2_dfrbpq_1)
     2    0.006355    0.020557    0.157028    0.157028 v u_input_buffer.mem[27][5]$_DFFE_PP_/Q (sg13g2_dfrbpq_1)
                                                         u_input_buffer.mem[27][5] (net)
                      0.020557    0.000000    0.157028 v _3462_/A (sg13g2_nor2_1)
     1    0.003144    0.029146    0.037267    0.194295 ^ _3462_/Y (sg13g2_nor2_1)
                                                         _0648_ (net)
                      0.029146    0.000000    0.194295 ^ _3463_/B1 (sg13g2_a21oi_1)
     1    0.001523    0.012003    0.019237    0.213532 v _3463_/Y (sg13g2_a21oi_1)
                                                         _0205_ (net)
                      0.012003    0.000000    0.213532 v u_input_buffer.mem[27][5]$_DFFE_PP_/D (sg13g2_dfrbpq_1)
                                              0.213532   data arrival time

                      0.150000    0.000000    0.000000   clock clk (rise edge)
                                  0.000000    0.000000   clock network delay (ideal)
                                  0.250000    0.250000   clock uncertainty
                                  0.000000    0.250000   clock reconvergence pessimism
                                              0.250000 ^ u_input_buffer.mem[27][5]$_DFFE_PP_/CLK (sg13g2_dfrbpq_1)
                                  0.000436    0.250436   library hold time
                                              0.250436   data required time
---------------------------------------------------------------------------------------------
                                              0.250436   data required time
                                             -0.213532   data arrival time
---------------------------------------------------------------------------------------------
                                             -0.036904   slack (VIOLATED)


Startpoint: u_input_buffer.mem[27][6]$_DFFE_PP_
            (rising edge-triggered flip-flop clocked by clk)
Endpoint: u_input_buffer.mem[27][6]$_DFFE_PP_
          (rising edge-triggered flip-flop clocked by clk)
Path Group: clk
Path Type: min

Fanout         Cap        Slew       Delay        Time   Description
---------------------------------------------------------------------------------------------
                      0.150000    0.000000    0.000000   clock clk (rise edge)
                                  0.000000    0.000000   clock network delay (ideal)
                      0.150000    0.000000    0.000000 ^ u_input_buffer.mem[27][6]$_DFFE_PP_/CLK (sg13g2_dfrbpq_1)
     2    0.006355    0.020557    0.157028    0.157028 v u_input_buffer.mem[27][6]$_DFFE_PP_/Q (sg13g2_dfrbpq_1)
                                                         u_input_buffer.mem[27][6] (net)
                      0.020557    0.000000    0.157028 v _3464_/A (sg13g2_nor2_1)
     1    0.003144    0.029146    0.037267    0.194295 ^ _3464_/Y (sg13g2_nor2_1)
                                                         _0649_ (net)
                      0.029146    0.000000    0.194295 ^ _3465_/B1 (sg13g2_a21oi_1)
     1    0.001523    0.012003    0.019237    0.213532 v _3465_/Y (sg13g2_a21oi_1)
                                                         _0206_ (net)
                      0.012003    0.000000    0.213532 v u_input_buffer.mem[27][6]$_DFFE_PP_/D (sg13g2_dfrbpq_1)
                                              0.213532   data arrival time

                      0.150000    0.000000    0.000000   clock clk (rise edge)
                                  0.000000    0.000000   clock network delay (ideal)
                                  0.250000    0.250000   clock uncertainty
                                  0.000000    0.250000   clock reconvergence pessimism
                                              0.250000 ^ u_input_buffer.mem[27][6]$_DFFE_PP_/CLK (sg13g2_dfrbpq_1)
                                  0.000436    0.250436   library hold time
                                              0.250436   data required time
---------------------------------------------------------------------------------------------
                                              0.250436   data required time
                                             -0.213532   data arrival time
---------------------------------------------------------------------------------------------
                                             -0.036904   slack (VIOLATED)


Startpoint: u_input_buffer.mem[27][7]$_DFFE_PP_
            (rising edge-triggered flip-flop clocked by clk)
Endpoint: u_input_buffer.mem[27][7]$_DFFE_PP_
          (rising edge-triggered flip-flop clocked by clk)
Path Group: clk
Path Type: min

Fanout         Cap        Slew       Delay        Time   Description
---------------------------------------------------------------------------------------------
                      0.150000    0.000000    0.000000   clock clk (rise edge)
                                  0.000000    0.000000   clock network delay (ideal)
                      0.150000    0.000000    0.000000 ^ u_input_buffer.mem[27][7]$_DFFE_PP_/CLK (sg13g2_dfrbpq_1)
     2    0.006355    0.020557    0.157028    0.157028 v u_input_buffer.mem[27][7]$_DFFE_PP_/Q (sg13g2_dfrbpq_1)
                                                         u_input_buffer.mem[27][7] (net)
                      0.020557    0.000000    0.157028 v _3466_/A (sg13g2_nor2_1)
     1    0.003144    0.029146    0.037267    0.194295 ^ _3466_/Y (sg13g2_nor2_1)
                                                         _0650_ (net)
                      0.029146    0.000000    0.194295 ^ _3467_/B1 (sg13g2_a21oi_1)
     1    0.001523    0.012003    0.019237    0.213532 v _3467_/Y (sg13g2_a21oi_1)
                                                         _0207_ (net)
                      0.012003    0.000000    0.213532 v u_input_buffer.mem[27][7]$_DFFE_PP_/D (sg13g2_dfrbpq_1)
                                              0.213532   data arrival time

                      0.150000    0.000000    0.000000   clock clk (rise edge)
                                  0.000000    0.000000   clock network delay (ideal)
                                  0.250000    0.250000   clock uncertainty
                                  0.000000    0.250000   clock reconvergence pessimism
                                              0.250000 ^ u_input_buffer.mem[27][7]$_DFFE_PP_/CLK (sg13g2_dfrbpq_1)
                                  0.000436    0.250436   library hold time
                                              0.250436   data required time
---------------------------------------------------------------------------------------------
                                              0.250436   data required time
                                             -0.213532   data arrival time
---------------------------------------------------------------------------------------------
                                             -0.036904   slack (VIOLATED)


Startpoint: u_input_buffer.mem[11][5]$_DFFE_PP_
            (rising edge-triggered flip-flop clocked by clk)
Endpoint: u_input_buffer.mem[11][5]$_DFFE_PP_
          (rising edge-triggered flip-flop clocked by clk)
Path Group: clk
Path Type: min

Fanout         Cap        Slew       Delay        Time   Description
---------------------------------------------------------------------------------------------
                      0.150000    0.000000    0.000000   clock clk (rise edge)
                                  0.000000    0.000000   clock network delay (ideal)
                      0.150000    0.000000    0.000000 ^ u_input_buffer.mem[11][5]$_DFFE_PP_/CLK (sg13g2_dfrbpq_1)
     2    0.006357    0.020561    0.157031    0.157031 v u_input_buffer.mem[11][5]$_DFFE_PP_/Q (sg13g2_dfrbpq_1)
                                                         u_input_buffer.mem[11][5] (net)
                      0.020561    0.000000    0.157031 v _3167_/A (sg13g2_nor2_1)
     1    0.003144    0.029146    0.037268    0.194299 ^ _3167_/Y (sg13g2_nor2_1)
                                                         _0489_ (net)
                      0.029146    0.000000    0.194299 ^ _3168_/B1 (sg13g2_a21oi_1)
     1    0.001523    0.012003    0.019237    0.213536 v _3168_/Y (sg13g2_a21oi_1)
                                                         _0069_ (net)
                      0.012003    0.000000    0.213536 v u_input_buffer.mem[11][5]$_DFFE_PP_/D (sg13g2_dfrbpq_1)
                                              0.213536   data arrival time

                      0.150000    0.000000    0.000000   clock clk (rise edge)
                                  0.000000    0.000000   clock network delay (ideal)
                                  0.250000    0.250000   clock uncertainty
                                  0.000000    0.250000   clock reconvergence pessimism
                                              0.250000 ^ u_input_buffer.mem[11][5]$_DFFE_PP_/CLK (sg13g2_dfrbpq_1)
                                  0.000436    0.250436   library hold time
                                              0.250436   data required time
---------------------------------------------------------------------------------------------
                                              0.250436   data required time
                                             -0.213536   data arrival time
---------------------------------------------------------------------------------------------
                                             -0.036900   slack (VIOLATED)


Startpoint: u_input_buffer.mem[11][6]$_DFFE_PP_
            (rising edge-triggered flip-flop clocked by clk)
Endpoint: u_input_buffer.mem[11][6]$_DFFE_PP_
          (rising edge-triggered flip-flop clocked by clk)
Path Group: clk
Path Type: min

Fanout         Cap        Slew       Delay        Time   Description
---------------------------------------------------------------------------------------------
                      0.150000    0.000000    0.000000   clock clk (rise edge)
                                  0.000000    0.000000   clock network delay (ideal)
                      0.150000    0.000000    0.000000 ^ u_input_buffer.mem[11][6]$_DFFE_PP_/CLK (sg13g2_dfrbpq_1)
     2    0.006357    0.020561    0.157031    0.157031 v u_input_buffer.mem[11][6]$_DFFE_PP_/Q (sg13g2_dfrbpq_1)
                                                         u_input_buffer.mem[11][6] (net)
                      0.020561    0.000000    0.157031 v _3169_/A (sg13g2_nor2_1)
     1    0.003144    0.029146    0.037268    0.194299 ^ _3169_/Y (sg13g2_nor2_1)
                                                         _0490_ (net)
                      0.029146    0.000000    0.194299 ^ _3170_/B1 (sg13g2_a21oi_1)
     1    0.001523    0.012003    0.019237    0.213536 v _3170_/Y (sg13g2_a21oi_1)
                                                         _0070_ (net)
                      0.012003    0.000000    0.213536 v u_input_buffer.mem[11][6]$_DFFE_PP_/D (sg13g2_dfrbpq_1)
                                              0.213536   data arrival time

                      0.150000    0.000000    0.000000   clock clk (rise edge)
                                  0.000000    0.000000   clock network delay (ideal)
                                  0.250000    0.250000   clock uncertainty
                                  0.000000    0.250000   clock reconvergence pessimism
                                              0.250000 ^ u_input_buffer.mem[11][6]$_DFFE_PP_/CLK (sg13g2_dfrbpq_1)
                                  0.000436    0.250436   library hold time
                                              0.250436   data required time
---------------------------------------------------------------------------------------------
                                              0.250436   data required time
                                             -0.213536   data arrival time
---------------------------------------------------------------------------------------------
                                             -0.036900   slack (VIOLATED)


Startpoint: u_input_buffer.mem[23][7]$_DFFE_PP_
            (rising edge-triggered flip-flop clocked by clk)
Endpoint: u_input_buffer.mem[23][7]$_DFFE_PP_
          (rising edge-triggered flip-flop clocked by clk)
Path Group: clk
Path Type: min

Fanout         Cap        Slew       Delay        Time   Description
---------------------------------------------------------------------------------------------
                      0.150000    0.000000    0.000000   clock clk (rise edge)
                                  0.000000    0.000000   clock network delay (ideal)
                      0.150000    0.000000    0.000000 ^ u_input_buffer.mem[23][7]$_DFFE_PP_/CLK (sg13g2_dfrbpq_1)
     2    0.006357    0.020561    0.157031    0.157031 v u_input_buffer.mem[23][7]$_DFFE_PP_/Q (sg13g2_dfrbpq_1)
                                                         u_input_buffer.mem[23][7] (net)
                      0.020561    0.000000    0.157031 v _3397_/A (sg13g2_nor2_1)
     1    0.003144    0.029146    0.037268    0.194299 ^ _3397_/Y (sg13g2_nor2_1)
                                                         _0613_ (net)
                      0.029146    0.000000    0.194299 ^ _3398_/B1 (sg13g2_a21oi_1)
     1    0.001523    0.012003    0.019237    0.213536 v _3398_/Y (sg13g2_a21oi_1)
                                                         _0175_ (net)
                      0.012003    0.000000    0.213536 v u_input_buffer.mem[23][7]$_DFFE_PP_/D (sg13g2_dfrbpq_1)
                                              0.213536   data arrival time

                      0.150000    0.000000    0.000000   clock clk (rise edge)
                                  0.000000    0.000000   clock network delay (ideal)
                                  0.250000    0.250000   clock uncertainty
                                  0.000000    0.250000   clock reconvergence pessimism
                                              0.250000 ^ u_input_buffer.mem[23][7]$_DFFE_PP_/CLK (sg13g2_dfrbpq_1)
                                  0.000436    0.250436   library hold time
                                              0.250436   data required time
---------------------------------------------------------------------------------------------
                                              0.250436   data required time
                                             -0.213536   data arrival time
---------------------------------------------------------------------------------------------
                                             -0.036900   slack (VIOLATED)


Startpoint: u_input_buffer.mem[27][3]$_DFFE_PP_
            (rising edge-triggered flip-flop clocked by clk)
Endpoint: u_input_buffer.mem[27][3]$_DFFE_PP_
          (rising edge-triggered flip-flop clocked by clk)
Path Group: clk
Path Type: min

Fanout         Cap        Slew       Delay        Time   Description
---------------------------------------------------------------------------------------------
                      0.150000    0.000000    0.000000   clock clk (rise edge)
                                  0.000000    0.000000   clock network delay (ideal)
                      0.150000    0.000000    0.000000 ^ u_input_buffer.mem[27][3]$_DFFE_PP_/CLK (sg13g2_dfrbpq_1)
     2    0.006357    0.020561    0.157031    0.157031 v u_input_buffer.mem[27][3]$_DFFE_PP_/Q (sg13g2_dfrbpq_1)
                                                         u_input_buffer.mem[27][3] (net)
                      0.020561    0.000000    0.157031 v _3458_/A (sg13g2_nor2_1)
     1    0.003144    0.029146    0.037268    0.194299 ^ _3458_/Y (sg13g2_nor2_1)
                                                         _0646_ (net)
                      0.029146    0.000000    0.194299 ^ _3459_/B1 (sg13g2_a21oi_1)
     1    0.001523    0.012003    0.019237    0.213536 v _3459_/Y (sg13g2_a21oi_1)
                                                         _0203_ (net)
                      0.012003    0.000000    0.213536 v u_input_buffer.mem[27][3]$_DFFE_PP_/D (sg13g2_dfrbpq_1)
                                              0.213536   data arrival time

                      0.150000    0.000000    0.000000   clock clk (rise edge)
                                  0.000000    0.000000   clock network delay (ideal)
                                  0.250000    0.250000   clock uncertainty
                                  0.000000    0.250000   clock reconvergence pessimism
                                              0.250000 ^ u_input_buffer.mem[27][3]$_DFFE_PP_/CLK (sg13g2_dfrbpq_1)
                                  0.000436    0.250436   library hold time
                                              0.250436   data required time
---------------------------------------------------------------------------------------------
                                              0.250436   data required time
                                             -0.213536   data arrival time
---------------------------------------------------------------------------------------------
                                             -0.036900   slack (VIOLATED)


Startpoint: u_input_buffer.mem[3][2]$_DFFE_PP_
            (rising edge-triggered flip-flop clocked by clk)
Endpoint: u_input_buffer.mem[3][2]$_DFFE_PP_
          (rising edge-triggered flip-flop clocked by clk)
Path Group: clk
Path Type: min

Fanout         Cap        Slew       Delay        Time   Description
---------------------------------------------------------------------------------------------
                      0.150000    0.000000    0.000000   clock clk (rise edge)
                                  0.000000    0.000000   clock network delay (ideal)
                      0.150000    0.000000    0.000000 ^ u_input_buffer.mem[3][2]$_DFFE_PP_/CLK (sg13g2_dfrbpq_1)
     2    0.006357    0.020561    0.157031    0.157031 v u_input_buffer.mem[3][2]$_DFFE_PP_/Q (sg13g2_dfrbpq_1)
                                                         u_input_buffer.mem[3][2] (net)
                      0.020561    0.000000    0.157031 v _3558_/A (sg13g2_nor2_1)
     1    0.003144    0.029146    0.037268    0.194299 ^ _3558_/Y (sg13g2_nor2_1)
                                                         _0699_ (net)
                      0.029146    0.000000    0.194299 ^ _3559_/B1 (sg13g2_a21oi_1)
     1    0.001523    0.012003    0.019237    0.213536 v _3559_/Y (sg13g2_a21oi_1)
                                                         _0250_ (net)
                      0.012003    0.000000    0.213536 v u_input_buffer.mem[3][2]$_DFFE_PP_/D (sg13g2_dfrbpq_1)
                                              0.213536   data arrival time

                      0.150000    0.000000    0.000000   clock clk (rise edge)
                                  0.000000    0.000000   clock network delay (ideal)
                                  0.250000    0.250000   clock uncertainty
                                  0.000000    0.250000   clock reconvergence pessimism
                                              0.250000 ^ u_input_buffer.mem[3][2]$_DFFE_PP_/CLK (sg13g2_dfrbpq_1)
                                  0.000436    0.250436   library hold time
                                              0.250436   data required time
---------------------------------------------------------------------------------------------
                                              0.250436   data required time
                                             -0.213536   data arrival time
---------------------------------------------------------------------------------------------
                                             -0.036900   slack (VIOLATED)


Startpoint: u_input_buffer.mem[7][4]$_DFFE_PP_
            (rising edge-triggered flip-flop clocked by clk)
Endpoint: u_input_buffer.mem[7][4]$_DFFE_PP_
          (rising edge-triggered flip-flop clocked by clk)
Path Group: clk
Path Type: min

Fanout         Cap        Slew       Delay        Time   Description
---------------------------------------------------------------------------------------------
                      0.150000    0.000000    0.000000   clock clk (rise edge)
                                  0.000000    0.000000   clock network delay (ideal)
                      0.150000    0.000000    0.000000 ^ u_input_buffer.mem[7][4]$_DFFE_PP_/CLK (sg13g2_dfrbpq_1)
     2    0.006357    0.020561    0.157031    0.157031 v u_input_buffer.mem[7][4]$_DFFE_PP_/Q (sg13g2_dfrbpq_1)
                                                         u_input_buffer.mem[7][4] (net)
                      0.020561    0.000000    0.157031 v _3631_/A (sg13g2_nor2_1)
     1    0.003144    0.029146    0.037268    0.194299 ^ _3631_/Y (sg13g2_nor2_1)
                                                         _0738_ (net)
                      0.029146    0.000000    0.194299 ^ _3632_/B1 (sg13g2_a21oi_1)
     1    0.001523    0.012003    0.019237    0.213536 v _3632_/Y (sg13g2_a21oi_1)
                                                         _0284_ (net)
                      0.012003    0.000000    0.213536 v u_input_buffer.mem[7][4]$_DFFE_PP_/D (sg13g2_dfrbpq_1)
                                              0.213536   data arrival time

                      0.150000    0.000000    0.000000   clock clk (rise edge)
                                  0.000000    0.000000   clock network delay (ideal)
                                  0.250000    0.250000   clock uncertainty
                                  0.000000    0.250000   clock reconvergence pessimism
                                              0.250000 ^ u_input_buffer.mem[7][4]$_DFFE_PP_/CLK (sg13g2_dfrbpq_1)
                                  0.000436    0.250436   library hold time
                                              0.250436   data required time
---------------------------------------------------------------------------------------------
                                              0.250436   data required time
                                             -0.213536   data arrival time
---------------------------------------------------------------------------------------------
                                             -0.036900   slack (VIOLATED)


Startpoint: u_input_buffer.mem[23][3]$_DFFE_PP_
            (rising edge-triggered flip-flop clocked by clk)
Endpoint: u_input_buffer.mem[23][3]$_DFFE_PP_
          (rising edge-triggered flip-flop clocked by clk)
Path Group: clk
Path Type: min

Fanout         Cap        Slew       Delay        Time   Description
---------------------------------------------------------------------------------------------
                      0.150000    0.000000    0.000000   clock clk (rise edge)
                                  0.000000    0.000000   clock network delay (ideal)
                      0.150000    0.000000    0.000000 ^ u_input_buffer.mem[23][3]$_DFFE_PP_/CLK (sg13g2_dfrbpq_1)
     2    0.006360    0.020566    0.157035    0.157035 v u_input_buffer.mem[23][3]$_DFFE_PP_/Q (sg13g2_dfrbpq_1)
                                                         u_input_buffer.mem[23][3] (net)
                      0.020566    0.000000    0.157035 v _3389_/A (sg13g2_nor2_1)
     1    0.003144    0.029147    0.037269    0.194304 ^ _3389_/Y (sg13g2_nor2_1)
                                                         _0609_ (net)
                      0.029147    0.000000    0.194304 ^ _3390_/B1 (sg13g2_a21oi_1)
     1    0.001523    0.012003    0.019237    0.213541 v _3390_/Y (sg13g2_a21oi_1)
                                                         _0171_ (net)
                      0.012003    0.000000    0.213541 v u_input_buffer.mem[23][3]$_DFFE_PP_/D (sg13g2_dfrbpq_1)
                                              0.213541   data arrival time

                      0.150000    0.000000    0.000000   clock clk (rise edge)
                                  0.000000    0.000000   clock network delay (ideal)
                                  0.250000    0.250000   clock uncertainty
                                  0.000000    0.250000   clock reconvergence pessimism
                                              0.250000 ^ u_input_buffer.mem[23][3]$_DFFE_PP_/CLK (sg13g2_dfrbpq_1)
                                  0.000436    0.250436   library hold time
                                              0.250436   data required time
---------------------------------------------------------------------------------------------
                                              0.250436   data required time
                                             -0.213541   data arrival time
---------------------------------------------------------------------------------------------
                                             -0.036895   slack (VIOLATED)


Startpoint: u_input_buffer.mem[12][0]$_DFFE_PP_
            (rising edge-triggered flip-flop clocked by clk)
Endpoint: u_input_buffer.mem[12][0]$_DFFE_PP_
          (rising edge-triggered flip-flop clocked by clk)
Path Group: clk
Path Type: min

Fanout         Cap        Slew       Delay        Time   Description
---------------------------------------------------------------------------------------------
                      0.150000    0.000000    0.000000   clock clk (rise edge)
                                  0.000000    0.000000   clock network delay (ideal)
                      0.150000    0.000000    0.000000 ^ u_input_buffer.mem[12][0]$_DFFE_PP_/CLK (sg13g2_dfrbpq_1)
     2    0.006391    0.020626    0.157086    0.157086 v u_input_buffer.mem[12][0]$_DFFE_PP_/Q (sg13g2_dfrbpq_1)
                                                         u_input_buffer.mem[12][0] (net)
                      0.020626    0.000000    0.157086 v _3175_/A (sg13g2_nor2_1)
     1    0.003144    0.029155    0.037281    0.194367 ^ _3175_/Y (sg13g2_nor2_1)
                                                         _0494_ (net)
                      0.029155    0.000000    0.194367 ^ _3176_/B1 (sg13g2_a21oi_1)
     1    0.001523    0.012004    0.019239    0.213606 v _3176_/Y (sg13g2_a21oi_1)
                                                         _0072_ (net)
                      0.012004    0.000000    0.213606 v u_input_buffer.mem[12][0]$_DFFE_PP_/D (sg13g2_dfrbpq_1)
                                              0.213606   data arrival time

                      0.150000    0.000000    0.000000   clock clk (rise edge)
                                  0.000000    0.000000   clock network delay (ideal)
                                  0.250000    0.250000   clock uncertainty
                                  0.000000    0.250000   clock reconvergence pessimism
                                              0.250000 ^ u_input_buffer.mem[12][0]$_DFFE_PP_/CLK (sg13g2_dfrbpq_1)
                                  0.000436    0.250436   library hold time
                                              0.250436   data required time
---------------------------------------------------------------------------------------------
                                              0.250436   data required time
                                             -0.213606   data arrival time
---------------------------------------------------------------------------------------------
                                             -0.036830   slack (VIOLATED)


Startpoint: u_input_buffer.mem[12][1]$_DFFE_PP_
            (rising edge-triggered flip-flop clocked by clk)
Endpoint: u_input_buffer.mem[12][1]$_DFFE_PP_
          (rising edge-triggered flip-flop clocked by clk)
Path Group: clk
Path Type: min

Fanout         Cap        Slew       Delay        Time   Description
---------------------------------------------------------------------------------------------
                      0.150000    0.000000    0.000000   clock clk (rise edge)
                                  0.000000    0.000000   clock network delay (ideal)
                      0.150000    0.000000    0.000000 ^ u_input_buffer.mem[12][1]$_DFFE_PP_/CLK (sg13g2_dfrbpq_1)
     2    0.006391    0.020626    0.157086    0.157086 v u_input_buffer.mem[12][1]$_DFFE_PP_/Q (sg13g2_dfrbpq_1)
                                                         u_input_buffer.mem[12][1] (net)
                      0.020626    0.000000    0.157086 v _3177_/A (sg13g2_nor2_1)
     1    0.003144    0.029155    0.037281    0.194367 ^ _3177_/Y (sg13g2_nor2_1)
                                                         _0495_ (net)
                      0.029155    0.000000    0.194367 ^ _3178_/B1 (sg13g2_a21oi_1)
     1    0.001523    0.012004    0.019239    0.213606 v _3178_/Y (sg13g2_a21oi_1)
                                                         _0073_ (net)
                      0.012004    0.000000    0.213606 v u_input_buffer.mem[12][1]$_DFFE_PP_/D (sg13g2_dfrbpq_1)
                                              0.213606   data arrival time

                      0.150000    0.000000    0.000000   clock clk (rise edge)
                                  0.000000    0.000000   clock network delay (ideal)
                                  0.250000    0.250000   clock uncertainty
                                  0.000000    0.250000   clock reconvergence pessimism
                                              0.250000 ^ u_input_buffer.mem[12][1]$_DFFE_PP_/CLK (sg13g2_dfrbpq_1)
                                  0.000436    0.250436   library hold time
                                              0.250436   data required time
---------------------------------------------------------------------------------------------
                                              0.250436   data required time
                                             -0.213606   data arrival time
---------------------------------------------------------------------------------------------
                                             -0.036830   slack (VIOLATED)


Startpoint: u_input_buffer.mem[12][2]$_DFFE_PP_
            (rising edge-triggered flip-flop clocked by clk)
Endpoint: u_input_buffer.mem[12][2]$_DFFE_PP_
          (rising edge-triggered flip-flop clocked by clk)
Path Group: clk
Path Type: min

Fanout         Cap        Slew       Delay        Time   Description
---------------------------------------------------------------------------------------------
                      0.150000    0.000000    0.000000   clock clk (rise edge)
                                  0.000000    0.000000   clock network delay (ideal)
                      0.150000    0.000000    0.000000 ^ u_input_buffer.mem[12][2]$_DFFE_PP_/CLK (sg13g2_dfrbpq_1)
     2    0.006391    0.020626    0.157086    0.157086 v u_input_buffer.mem[12][2]$_DFFE_PP_/Q (sg13g2_dfrbpq_1)
                                                         u_input_buffer.mem[12][2] (net)
                      0.020626    0.000000    0.157086 v _3179_/A (sg13g2_nor2_1)
     1    0.003144    0.029155    0.037281    0.194367 ^ _3179_/Y (sg13g2_nor2_1)
                                                         _0496_ (net)
                      0.029155    0.000000    0.194367 ^ _3180_/B1 (sg13g2_a21oi_1)
     1    0.001523    0.012004    0.019239    0.213606 v _3180_/Y (sg13g2_a21oi_1)
                                                         _0074_ (net)
                      0.012004    0.000000    0.213606 v u_input_buffer.mem[12][2]$_DFFE_PP_/D (sg13g2_dfrbpq_1)
                                              0.213606   data arrival time

                      0.150000    0.000000    0.000000   clock clk (rise edge)
                                  0.000000    0.000000   clock network delay (ideal)
                                  0.250000    0.250000   clock uncertainty
                                  0.000000    0.250000   clock reconvergence pessimism
                                              0.250000 ^ u_input_buffer.mem[12][2]$_DFFE_PP_/CLK (sg13g2_dfrbpq_1)
                                  0.000436    0.250436   library hold time
                                              0.250436   data required time
---------------------------------------------------------------------------------------------
                                              0.250436   data required time
                                             -0.213606   data arrival time
---------------------------------------------------------------------------------------------
                                             -0.036830   slack (VIOLATED)


Startpoint: u_input_buffer.mem[12][3]$_DFFE_PP_
            (rising edge-triggered flip-flop clocked by clk)
Endpoint: u_input_buffer.mem[12][3]$_DFFE_PP_
          (rising edge-triggered flip-flop clocked by clk)
Path Group: clk
Path Type: min

Fanout         Cap        Slew       Delay        Time   Description
---------------------------------------------------------------------------------------------
                      0.150000    0.000000    0.000000   clock clk (rise edge)
                                  0.000000    0.000000   clock network delay (ideal)
                      0.150000    0.000000    0.000000 ^ u_input_buffer.mem[12][3]$_DFFE_PP_/CLK (sg13g2_dfrbpq_1)
     2    0.006391    0.020626    0.157086    0.157086 v u_input_buffer.mem[12][3]$_DFFE_PP_/Q (sg13g2_dfrbpq_1)
                                                         u_input_buffer.mem[12][3] (net)
                      0.020626    0.000000    0.157086 v _3181_/A (sg13g2_nor2_1)
     1    0.003144    0.029155    0.037281    0.194367 ^ _3181_/Y (sg13g2_nor2_1)
                                                         _0497_ (net)
                      0.029155    0.000000    0.194367 ^ _3182_/B1 (sg13g2_a21oi_1)
     1    0.001523    0.012004    0.019239    0.213606 v _3182_/Y (sg13g2_a21oi_1)
                                                         _0075_ (net)
                      0.012004    0.000000    0.213606 v u_input_buffer.mem[12][3]$_DFFE_PP_/D (sg13g2_dfrbpq_1)
                                              0.213606   data arrival time

                      0.150000    0.000000    0.000000   clock clk (rise edge)
                                  0.000000    0.000000   clock network delay (ideal)
                                  0.250000    0.250000   clock uncertainty
                                  0.000000    0.250000   clock reconvergence pessimism
                                              0.250000 ^ u_input_buffer.mem[12][3]$_DFFE_PP_/CLK (sg13g2_dfrbpq_1)
                                  0.000436    0.250436   library hold time
                                              0.250436   data required time
---------------------------------------------------------------------------------------------
                                              0.250436   data required time
                                             -0.213606   data arrival time
---------------------------------------------------------------------------------------------
                                             -0.036830   slack (VIOLATED)


Startpoint: u_input_buffer.mem[12][4]$_DFFE_PP_
            (rising edge-triggered flip-flop clocked by clk)
Endpoint: u_input_buffer.mem[12][4]$_DFFE_PP_
          (rising edge-triggered flip-flop clocked by clk)
Path Group: clk
Path Type: min

Fanout         Cap        Slew       Delay        Time   Description
---------------------------------------------------------------------------------------------
                      0.150000    0.000000    0.000000   clock clk (rise edge)
                                  0.000000    0.000000   clock network delay (ideal)
                      0.150000    0.000000    0.000000 ^ u_input_buffer.mem[12][4]$_DFFE_PP_/CLK (sg13g2_dfrbpq_1)
     2    0.006391    0.020626    0.157086    0.157086 v u_input_buffer.mem[12][4]$_DFFE_PP_/Q (sg13g2_dfrbpq_1)
                                                         u_input_buffer.mem[12][4] (net)
                      0.020626    0.000000    0.157086 v _3183_/A (sg13g2_nor2_1)
     1    0.003144    0.029155    0.037281    0.194367 ^ _3183_/Y (sg13g2_nor2_1)
                                                         _0498_ (net)
                      0.029155    0.000000    0.194367 ^ _3184_/B1 (sg13g2_a21oi_1)
     1    0.001523    0.012004    0.019239    0.213606 v _3184_/Y (sg13g2_a21oi_1)
                                                         _0076_ (net)
                      0.012004    0.000000    0.213606 v u_input_buffer.mem[12][4]$_DFFE_PP_/D (sg13g2_dfrbpq_1)
                                              0.213606   data arrival time

                      0.150000    0.000000    0.000000   clock clk (rise edge)
                                  0.000000    0.000000   clock network delay (ideal)
                                  0.250000    0.250000   clock uncertainty
                                  0.000000    0.250000   clock reconvergence pessimism
                                              0.250000 ^ u_input_buffer.mem[12][4]$_DFFE_PP_/CLK (sg13g2_dfrbpq_1)
                                  0.000436    0.250436   library hold time
                                              0.250436   data required time
---------------------------------------------------------------------------------------------
                                              0.250436   data required time
                                             -0.213606   data arrival time
---------------------------------------------------------------------------------------------
                                             -0.036830   slack (VIOLATED)


Startpoint: u_input_buffer.mem[12][5]$_DFFE_PP_
            (rising edge-triggered flip-flop clocked by clk)
Endpoint: u_input_buffer.mem[12][5]$_DFFE_PP_
          (rising edge-triggered flip-flop clocked by clk)
Path Group: clk
Path Type: min

Fanout         Cap        Slew       Delay        Time   Description
---------------------------------------------------------------------------------------------
                      0.150000    0.000000    0.000000   clock clk (rise edge)
                                  0.000000    0.000000   clock network delay (ideal)
                      0.150000    0.000000    0.000000 ^ u_input_buffer.mem[12][5]$_DFFE_PP_/CLK (sg13g2_dfrbpq_1)
     2    0.006391    0.020626    0.157086    0.157086 v u_input_buffer.mem[12][5]$_DFFE_PP_/Q (sg13g2_dfrbpq_1)
                                                         u_input_buffer.mem[12][5] (net)
                      0.020626    0.000000    0.157086 v _3185_/A (sg13g2_nor2_1)
     1    0.003144    0.029155    0.037281    0.194367 ^ _3185_/Y (sg13g2_nor2_1)
                                                         _0499_ (net)
                      0.029155    0.000000    0.194367 ^ _3186_/B1 (sg13g2_a21oi_1)
     1    0.001523    0.012004    0.019239    0.213606 v _3186_/Y (sg13g2_a21oi_1)
                                                         _0077_ (net)
                      0.012004    0.000000    0.213606 v u_input_buffer.mem[12][5]$_DFFE_PP_/D (sg13g2_dfrbpq_1)
                                              0.213606   data arrival time

                      0.150000    0.000000    0.000000   clock clk (rise edge)
                                  0.000000    0.000000   clock network delay (ideal)
                                  0.250000    0.250000   clock uncertainty
                                  0.000000    0.250000   clock reconvergence pessimism
                                              0.250000 ^ u_input_buffer.mem[12][5]$_DFFE_PP_/CLK (sg13g2_dfrbpq_1)
                                  0.000436    0.250436   library hold time
                                              0.250436   data required time
---------------------------------------------------------------------------------------------
                                              0.250436   data required time
                                             -0.213606   data arrival time
---------------------------------------------------------------------------------------------
                                             -0.036830   slack (VIOLATED)


Startpoint: u_input_buffer.mem[12][6]$_DFFE_PP_
            (rising edge-triggered flip-flop clocked by clk)
Endpoint: u_input_buffer.mem[12][6]$_DFFE_PP_
          (rising edge-triggered flip-flop clocked by clk)
Path Group: clk
Path Type: min

Fanout         Cap        Slew       Delay        Time   Description
---------------------------------------------------------------------------------------------
                      0.150000    0.000000    0.000000   clock clk (rise edge)
                                  0.000000    0.000000   clock network delay (ideal)
                      0.150000    0.000000    0.000000 ^ u_input_buffer.mem[12][6]$_DFFE_PP_/CLK (sg13g2_dfrbpq_1)
     2    0.006391    0.020626    0.157086    0.157086 v u_input_buffer.mem[12][6]$_DFFE_PP_/Q (sg13g2_dfrbpq_1)
                                                         u_input_buffer.mem[12][6] (net)
                      0.020626    0.000000    0.157086 v _3187_/A (sg13g2_nor2_1)
     1    0.003144    0.029155    0.037281    0.194367 ^ _3187_/Y (sg13g2_nor2_1)
                                                         _0500_ (net)
                      0.029155    0.000000    0.194367 ^ _3188_/B1 (sg13g2_a21oi_1)
     1    0.001523    0.012004    0.019239    0.213606 v _3188_/Y (sg13g2_a21oi_1)
                                                         _0078_ (net)
                      0.012004    0.000000    0.213606 v u_input_buffer.mem[12][6]$_DFFE_PP_/D (sg13g2_dfrbpq_1)
                                              0.213606   data arrival time

                      0.150000    0.000000    0.000000   clock clk (rise edge)
                                  0.000000    0.000000   clock network delay (ideal)
                                  0.250000    0.250000   clock uncertainty
                                  0.000000    0.250000   clock reconvergence pessimism
                                              0.250000 ^ u_input_buffer.mem[12][6]$_DFFE_PP_/CLK (sg13g2_dfrbpq_1)
                                  0.000436    0.250436   library hold time
                                              0.250436   data required time
---------------------------------------------------------------------------------------------
                                              0.250436   data required time
                                             -0.213606   data arrival time
---------------------------------------------------------------------------------------------
                                             -0.036830   slack (VIOLATED)


Startpoint: u_input_buffer.mem[12][7]$_DFFE_PP_
            (rising edge-triggered flip-flop clocked by clk)
Endpoint: u_input_buffer.mem[12][7]$_DFFE_PP_
          (rising edge-triggered flip-flop clocked by clk)
Path Group: clk
Path Type: min

Fanout         Cap        Slew       Delay        Time   Description
---------------------------------------------------------------------------------------------
                      0.150000    0.000000    0.000000   clock clk (rise edge)
                                  0.000000    0.000000   clock network delay (ideal)
                      0.150000    0.000000    0.000000 ^ u_input_buffer.mem[12][7]$_DFFE_PP_/CLK (sg13g2_dfrbpq_1)
     2    0.006391    0.020626    0.157086    0.157086 v u_input_buffer.mem[12][7]$_DFFE_PP_/Q (sg13g2_dfrbpq_1)
                                                         u_input_buffer.mem[12][7] (net)
                      0.020626    0.000000    0.157086 v _3189_/A (sg13g2_nor2_1)
     1    0.003144    0.029155    0.037281    0.194367 ^ _3189_/Y (sg13g2_nor2_1)
                                                         _0501_ (net)
                      0.029155    0.000000    0.194367 ^ _3190_/B1 (sg13g2_a21oi_1)
     1    0.001523    0.012004    0.019239    0.213606 v _3190_/Y (sg13g2_a21oi_1)
                                                         _0079_ (net)
                      0.012004    0.000000    0.213606 v u_input_buffer.mem[12][7]$_DFFE_PP_/D (sg13g2_dfrbpq_1)
                                              0.213606   data arrival time

                      0.150000    0.000000    0.000000   clock clk (rise edge)
                                  0.000000    0.000000   clock network delay (ideal)
                                  0.250000    0.250000   clock uncertainty
                                  0.000000    0.250000   clock reconvergence pessimism
                                              0.250000 ^ u_input_buffer.mem[12][7]$_DFFE_PP_/CLK (sg13g2_dfrbpq_1)
                                  0.000436    0.250436   library hold time
                                              0.250436   data required time
---------------------------------------------------------------------------------------------
                                              0.250436   data required time
                                             -0.213606   data arrival time
---------------------------------------------------------------------------------------------
                                             -0.036830   slack (VIOLATED)


Startpoint: u_input_buffer.mem[13][0]$_DFFE_PP_
            (rising edge-triggered flip-flop clocked by clk)
Endpoint: u_input_buffer.mem[13][0]$_DFFE_PP_
          (rising edge-triggered flip-flop clocked by clk)
Path Group: clk
Path Type: min

Fanout         Cap        Slew       Delay        Time   Description
---------------------------------------------------------------------------------------------
                      0.150000    0.000000    0.000000   clock clk (rise edge)
                                  0.000000    0.000000   clock network delay (ideal)
                      0.150000    0.000000    0.000000 ^ u_input_buffer.mem[13][0]$_DFFE_PP_/CLK (sg13g2_dfrbpq_1)
     2    0.006391    0.020626    0.157086    0.157086 v u_input_buffer.mem[13][0]$_DFFE_PP_/Q (sg13g2_dfrbpq_1)
                                                         u_input_buffer.mem[13][0] (net)
                      0.020626    0.000000    0.157086 v _3193_/A (sg13g2_nor2_1)
     1    0.003144    0.029155    0.037281    0.194367 ^ _3193_/Y (sg13g2_nor2_1)
                                                         _0504_ (net)
                      0.029155    0.000000    0.194367 ^ _3194_/B1 (sg13g2_a21oi_1)
     1    0.001523    0.012004    0.019239    0.213606 v _3194_/Y (sg13g2_a21oi_1)
                                                         _0080_ (net)
                      0.012004    0.000000    0.213606 v u_input_buffer.mem[13][0]$_DFFE_PP_/D (sg13g2_dfrbpq_1)
                                              0.213606   data arrival time

                      0.150000    0.000000    0.000000   clock clk (rise edge)
                                  0.000000    0.000000   clock network delay (ideal)
                                  0.250000    0.250000   clock uncertainty
                                  0.000000    0.250000   clock reconvergence pessimism
                                              0.250000 ^ u_input_buffer.mem[13][0]$_DFFE_PP_/CLK (sg13g2_dfrbpq_1)
                                  0.000436    0.250436   library hold time
                                              0.250436   data required time
---------------------------------------------------------------------------------------------
                                              0.250436   data required time
                                             -0.213606   data arrival time
---------------------------------------------------------------------------------------------
                                             -0.036830   slack (VIOLATED)


Startpoint: u_input_buffer.mem[13][1]$_DFFE_PP_
            (rising edge-triggered flip-flop clocked by clk)
Endpoint: u_input_buffer.mem[13][1]$_DFFE_PP_
          (rising edge-triggered flip-flop clocked by clk)
Path Group: clk
Path Type: min

Fanout         Cap        Slew       Delay        Time   Description
---------------------------------------------------------------------------------------------
                      0.150000    0.000000    0.000000   clock clk (rise edge)
                                  0.000000    0.000000   clock network delay (ideal)
                      0.150000    0.000000    0.000000 ^ u_input_buffer.mem[13][1]$_DFFE_PP_/CLK (sg13g2_dfrbpq_1)
     2    0.006391    0.020626    0.157086    0.157086 v u_input_buffer.mem[13][1]$_DFFE_PP_/Q (sg13g2_dfrbpq_1)
                                                         u_input_buffer.mem[13][1] (net)
                      0.020626    0.000000    0.157086 v _3195_/A (sg13g2_nor2_1)
     1    0.003144    0.029155    0.037281    0.194367 ^ _3195_/Y (sg13g2_nor2_1)
                                                         _0505_ (net)
                      0.029155    0.000000    0.194367 ^ _3196_/B1 (sg13g2_a21oi_1)
     1    0.001523    0.012004    0.019239    0.213606 v _3196_/Y (sg13g2_a21oi_1)
                                                         _0081_ (net)
                      0.012004    0.000000    0.213606 v u_input_buffer.mem[13][1]$_DFFE_PP_/D (sg13g2_dfrbpq_1)
                                              0.213606   data arrival time

                      0.150000    0.000000    0.000000   clock clk (rise edge)
                                  0.000000    0.000000   clock network delay (ideal)
                                  0.250000    0.250000   clock uncertainty
                                  0.000000    0.250000   clock reconvergence pessimism
                                              0.250000 ^ u_input_buffer.mem[13][1]$_DFFE_PP_/CLK (sg13g2_dfrbpq_1)
                                  0.000436    0.250436   library hold time
                                              0.250436   data required time
---------------------------------------------------------------------------------------------
                                              0.250436   data required time
                                             -0.213606   data arrival time
---------------------------------------------------------------------------------------------
                                             -0.036830   slack (VIOLATED)


Startpoint: u_input_buffer.mem[13][2]$_DFFE_PP_
            (rising edge-triggered flip-flop clocked by clk)
Endpoint: u_input_buffer.mem[13][2]$_DFFE_PP_
          (rising edge-triggered flip-flop clocked by clk)
Path Group: clk
Path Type: min

Fanout         Cap        Slew       Delay        Time   Description
---------------------------------------------------------------------------------------------
                      0.150000    0.000000    0.000000   clock clk (rise edge)
                                  0.000000    0.000000   clock network delay (ideal)
                      0.150000    0.000000    0.000000 ^ u_input_buffer.mem[13][2]$_DFFE_PP_/CLK (sg13g2_dfrbpq_1)
     2    0.006391    0.020626    0.157086    0.157086 v u_input_buffer.mem[13][2]$_DFFE_PP_/Q (sg13g2_dfrbpq_1)
                                                         u_input_buffer.mem[13][2] (net)
                      0.020626    0.000000    0.157086 v _3197_/A (sg13g2_nor2_1)
     1    0.003144    0.029155    0.037281    0.194367 ^ _3197_/Y (sg13g2_nor2_1)
                                                         _0506_ (net)
                      0.029155    0.000000    0.194367 ^ _3198_/B1 (sg13g2_a21oi_1)
     1    0.001523    0.012004    0.019239    0.213606 v _3198_/Y (sg13g2_a21oi_1)
                                                         _0082_ (net)
                      0.012004    0.000000    0.213606 v u_input_buffer.mem[13][2]$_DFFE_PP_/D (sg13g2_dfrbpq_1)
                                              0.213606   data arrival time

                      0.150000    0.000000    0.000000   clock clk (rise edge)
                                  0.000000    0.000000   clock network delay (ideal)
                                  0.250000    0.250000   clock uncertainty
                                  0.000000    0.250000   clock reconvergence pessimism
                                              0.250000 ^ u_input_buffer.mem[13][2]$_DFFE_PP_/CLK (sg13g2_dfrbpq_1)
                                  0.000436    0.250436   library hold time
                                              0.250436   data required time
---------------------------------------------------------------------------------------------
                                              0.250436   data required time
                                             -0.213606   data arrival time
---------------------------------------------------------------------------------------------
                                             -0.036830   slack (VIOLATED)


Startpoint: u_input_buffer.mem[13][3]$_DFFE_PP_
            (rising edge-triggered flip-flop clocked by clk)
Endpoint: u_input_buffer.mem[13][3]$_DFFE_PP_
          (rising edge-triggered flip-flop clocked by clk)
Path Group: clk
Path Type: min

Fanout         Cap        Slew       Delay        Time   Description
---------------------------------------------------------------------------------------------
                      0.150000    0.000000    0.000000   clock clk (rise edge)
                                  0.000000    0.000000   clock network delay (ideal)
                      0.150000    0.000000    0.000000 ^ u_input_buffer.mem[13][3]$_DFFE_PP_/CLK (sg13g2_dfrbpq_1)
     2    0.006391    0.020626    0.157086    0.157086 v u_input_buffer.mem[13][3]$_DFFE_PP_/Q (sg13g2_dfrbpq_1)
                                                         u_input_buffer.mem[13][3] (net)
                      0.020626    0.000000    0.157086 v _3199_/A (sg13g2_nor2_1)
     1    0.003144    0.029155    0.037281    0.194367 ^ _3199_/Y (sg13g2_nor2_1)
                                                         _0507_ (net)
                      0.029155    0.000000    0.194367 ^ _3200_/B1 (sg13g2_a21oi_1)
     1    0.001523    0.012004    0.019239    0.213606 v _3200_/Y (sg13g2_a21oi_1)
                                                         _0083_ (net)
                      0.012004    0.000000    0.213606 v u_input_buffer.mem[13][3]$_DFFE_PP_/D (sg13g2_dfrbpq_1)
                                              0.213606   data arrival time

                      0.150000    0.000000    0.000000   clock clk (rise edge)
                                  0.000000    0.000000   clock network delay (ideal)
                                  0.250000    0.250000   clock uncertainty
                                  0.000000    0.250000   clock reconvergence pessimism
                                              0.250000 ^ u_input_buffer.mem[13][3]$_DFFE_PP_/CLK (sg13g2_dfrbpq_1)
                                  0.000436    0.250436   library hold time
                                              0.250436   data required time
---------------------------------------------------------------------------------------------
                                              0.250436   data required time
                                             -0.213606   data arrival time
---------------------------------------------------------------------------------------------
                                             -0.036830   slack (VIOLATED)


Startpoint: u_input_buffer.mem[13][4]$_DFFE_PP_
            (rising edge-triggered flip-flop clocked by clk)
Endpoint: u_input_buffer.mem[13][4]$_DFFE_PP_
          (rising edge-triggered flip-flop clocked by clk)
Path Group: clk
Path Type: min

Fanout         Cap        Slew       Delay        Time   Description
---------------------------------------------------------------------------------------------
                      0.150000    0.000000    0.000000   clock clk (rise edge)
                                  0.000000    0.000000   clock network delay (ideal)
                      0.150000    0.000000    0.000000 ^ u_input_buffer.mem[13][4]$_DFFE_PP_/CLK (sg13g2_dfrbpq_1)
     2    0.006391    0.020626    0.157086    0.157086 v u_input_buffer.mem[13][4]$_DFFE_PP_/Q (sg13g2_dfrbpq_1)
                                                         u_input_buffer.mem[13][4] (net)
                      0.020626    0.000000    0.157086 v _3201_/A (sg13g2_nor2_1)
     1    0.003144    0.029155    0.037281    0.194367 ^ _3201_/Y (sg13g2_nor2_1)
                                                         _0508_ (net)
                      0.029155    0.000000    0.194367 ^ _3202_/B1 (sg13g2_a21oi_1)
     1    0.001523    0.012004    0.019239    0.213606 v _3202_/Y (sg13g2_a21oi_1)
                                                         _0084_ (net)
                      0.012004    0.000000    0.213606 v u_input_buffer.mem[13][4]$_DFFE_PP_/D (sg13g2_dfrbpq_1)
                                              0.213606   data arrival time

                      0.150000    0.000000    0.000000   clock clk (rise edge)
                                  0.000000    0.000000   clock network delay (ideal)
                                  0.250000    0.250000   clock uncertainty
                                  0.000000    0.250000   clock reconvergence pessimism
                                              0.250000 ^ u_input_buffer.mem[13][4]$_DFFE_PP_/CLK (sg13g2_dfrbpq_1)
                                  0.000436    0.250436   library hold time
                                              0.250436   data required time
---------------------------------------------------------------------------------------------
                                              0.250436   data required time
                                             -0.213606   data arrival time
---------------------------------------------------------------------------------------------
                                             -0.036830   slack (VIOLATED)


Startpoint: u_input_buffer.mem[13][5]$_DFFE_PP_
            (rising edge-triggered flip-flop clocked by clk)
Endpoint: u_input_buffer.mem[13][5]$_DFFE_PP_
          (rising edge-triggered flip-flop clocked by clk)
Path Group: clk
Path Type: min

Fanout         Cap        Slew       Delay        Time   Description
---------------------------------------------------------------------------------------------
                      0.150000    0.000000    0.000000   clock clk (rise edge)
                                  0.000000    0.000000   clock network delay (ideal)
                      0.150000    0.000000    0.000000 ^ u_input_buffer.mem[13][5]$_DFFE_PP_/CLK (sg13g2_dfrbpq_1)
     2    0.006391    0.020626    0.157086    0.157086 v u_input_buffer.mem[13][5]$_DFFE_PP_/Q (sg13g2_dfrbpq_1)
                                                         u_input_buffer.mem[13][5] (net)
                      0.020626    0.000000    0.157086 v _3203_/A (sg13g2_nor2_1)
     1    0.003144    0.029155    0.037281    0.194367 ^ _3203_/Y (sg13g2_nor2_1)
                                                         _0509_ (net)
                      0.029155    0.000000    0.194367 ^ _3204_/B1 (sg13g2_a21oi_1)
     1    0.001523    0.012004    0.019239    0.213606 v _3204_/Y (sg13g2_a21oi_1)
                                                         _0085_ (net)
                      0.012004    0.000000    0.213606 v u_input_buffer.mem[13][5]$_DFFE_PP_/D (sg13g2_dfrbpq_1)
                                              0.213606   data arrival time

                      0.150000    0.000000    0.000000   clock clk (rise edge)
                                  0.000000    0.000000   clock network delay (ideal)
                                  0.250000    0.250000   clock uncertainty
                                  0.000000    0.250000   clock reconvergence pessimism
                                              0.250000 ^ u_input_buffer.mem[13][5]$_DFFE_PP_/CLK (sg13g2_dfrbpq_1)
                                  0.000436    0.250436   library hold time
                                              0.250436   data required time
---------------------------------------------------------------------------------------------
                                              0.250436   data required time
                                             -0.213606   data arrival time
---------------------------------------------------------------------------------------------
                                             -0.036830   slack (VIOLATED)


Startpoint: u_input_buffer.mem[13][6]$_DFFE_PP_
            (rising edge-triggered flip-flop clocked by clk)
Endpoint: u_input_buffer.mem[13][6]$_DFFE_PP_
          (rising edge-triggered flip-flop clocked by clk)
Path Group: clk
Path Type: min

Fanout         Cap        Slew       Delay        Time   Description
---------------------------------------------------------------------------------------------
                      0.150000    0.000000    0.000000   clock clk (rise edge)
                                  0.000000    0.000000   clock network delay (ideal)
                      0.150000    0.000000    0.000000 ^ u_input_buffer.mem[13][6]$_DFFE_PP_/CLK (sg13g2_dfrbpq_1)
     2    0.006391    0.020626    0.157086    0.157086 v u_input_buffer.mem[13][6]$_DFFE_PP_/Q (sg13g2_dfrbpq_1)
                                                         u_input_buffer.mem[13][6] (net)
                      0.020626    0.000000    0.157086 v _3205_/A (sg13g2_nor2_1)
     1    0.003144    0.029155    0.037281    0.194367 ^ _3205_/Y (sg13g2_nor2_1)
                                                         _0510_ (net)
                      0.029155    0.000000    0.194367 ^ _3206_/B1 (sg13g2_a21oi_1)
     1    0.001523    0.012004    0.019239    0.213606 v _3206_/Y (sg13g2_a21oi_1)
                                                         _0086_ (net)
                      0.012004    0.000000    0.213606 v u_input_buffer.mem[13][6]$_DFFE_PP_/D (sg13g2_dfrbpq_1)
                                              0.213606   data arrival time

                      0.150000    0.000000    0.000000   clock clk (rise edge)
                                  0.000000    0.000000   clock network delay (ideal)
                                  0.250000    0.250000   clock uncertainty
                                  0.000000    0.250000   clock reconvergence pessimism
                                              0.250000 ^ u_input_buffer.mem[13][6]$_DFFE_PP_/CLK (sg13g2_dfrbpq_1)
                                  0.000436    0.250436   library hold time
                                              0.250436   data required time
---------------------------------------------------------------------------------------------
                                              0.250436   data required time
                                             -0.213606   data arrival time
---------------------------------------------------------------------------------------------
                                             -0.036830   slack (VIOLATED)


Startpoint: u_input_buffer.mem[13][7]$_DFFE_PP_
            (rising edge-triggered flip-flop clocked by clk)
Endpoint: u_input_buffer.mem[13][7]$_DFFE_PP_
          (rising edge-triggered flip-flop clocked by clk)
Path Group: clk
Path Type: min

Fanout         Cap        Slew       Delay        Time   Description
---------------------------------------------------------------------------------------------
                      0.150000    0.000000    0.000000   clock clk (rise edge)
                                  0.000000    0.000000   clock network delay (ideal)
                      0.150000    0.000000    0.000000 ^ u_input_buffer.mem[13][7]$_DFFE_PP_/CLK (sg13g2_dfrbpq_1)
     2    0.006391    0.020626    0.157086    0.157086 v u_input_buffer.mem[13][7]$_DFFE_PP_/Q (sg13g2_dfrbpq_1)
                                                         u_input_buffer.mem[13][7] (net)
                      0.020626    0.000000    0.157086 v _3207_/A (sg13g2_nor2_1)
     1    0.003144    0.029155    0.037281    0.194367 ^ _3207_/Y (sg13g2_nor2_1)
                                                         _0511_ (net)
                      0.029155    0.000000    0.194367 ^ _3208_/B1 (sg13g2_a21oi_1)
     1    0.001523    0.012004    0.019239    0.213606 v _3208_/Y (sg13g2_a21oi_1)
                                                         _0087_ (net)
                      0.012004    0.000000    0.213606 v u_input_buffer.mem[13][7]$_DFFE_PP_/D (sg13g2_dfrbpq_1)
                                              0.213606   data arrival time

                      0.150000    0.000000    0.000000   clock clk (rise edge)
                                  0.000000    0.000000   clock network delay (ideal)
                                  0.250000    0.250000   clock uncertainty
                                  0.000000    0.250000   clock reconvergence pessimism
                                              0.250000 ^ u_input_buffer.mem[13][7]$_DFFE_PP_/CLK (sg13g2_dfrbpq_1)
                                  0.000436    0.250436   library hold time
                                              0.250436   data required time
---------------------------------------------------------------------------------------------
                                              0.250436   data required time
                                             -0.213606   data arrival time
---------------------------------------------------------------------------------------------
                                             -0.036830   slack (VIOLATED)


Startpoint: u_input_buffer.mem[14][0]$_DFFE_PP_
            (rising edge-triggered flip-flop clocked by clk)
Endpoint: u_input_buffer.mem[14][0]$_DFFE_PP_
          (rising edge-triggered flip-flop clocked by clk)
Path Group: clk
Path Type: min

Fanout         Cap        Slew       Delay        Time   Description
---------------------------------------------------------------------------------------------
                      0.150000    0.000000    0.000000   clock clk (rise edge)
                                  0.000000    0.000000   clock network delay (ideal)
                      0.150000    0.000000    0.000000 ^ u_input_buffer.mem[14][0]$_DFFE_PP_/CLK (sg13g2_dfrbpq_1)
     2    0.006391    0.020626    0.157086    0.157086 v u_input_buffer.mem[14][0]$_DFFE_PP_/Q (sg13g2_dfrbpq_1)
                                                         u_input_buffer.mem[14][0] (net)
                      0.020626    0.000000    0.157086 v _3210_/A (sg13g2_nor2_1)
     1    0.003144    0.029155    0.037281    0.194367 ^ _3210_/Y (sg13g2_nor2_1)
                                                         _0513_ (net)
                      0.029155    0.000000    0.194367 ^ _3211_/B1 (sg13g2_a21oi_1)
     1    0.001523    0.012004    0.019239    0.213606 v _3211_/Y (sg13g2_a21oi_1)
                                                         _0088_ (net)
                      0.012004    0.000000    0.213606 v u_input_buffer.mem[14][0]$_DFFE_PP_/D (sg13g2_dfrbpq_1)
                                              0.213606   data arrival time

                      0.150000    0.000000    0.000000   clock clk (rise edge)
                                  0.000000    0.000000   clock network delay (ideal)
                                  0.250000    0.250000   clock uncertainty
                                  0.000000    0.250000   clock reconvergence pessimism
                                              0.250000 ^ u_input_buffer.mem[14][0]$_DFFE_PP_/CLK (sg13g2_dfrbpq_1)
                                  0.000436    0.250436   library hold time
                                              0.250436   data required time
---------------------------------------------------------------------------------------------
                                              0.250436   data required time
                                             -0.213606   data arrival time
---------------------------------------------------------------------------------------------
                                             -0.036830   slack (VIOLATED)


Startpoint: u_input_buffer.mem[14][1]$_DFFE_PP_
            (rising edge-triggered flip-flop clocked by clk)
Endpoint: u_input_buffer.mem[14][1]$_DFFE_PP_
          (rising edge-triggered flip-flop clocked by clk)
Path Group: clk
Path Type: min

Fanout         Cap        Slew       Delay        Time   Description
---------------------------------------------------------------------------------------------
                      0.150000    0.000000    0.000000   clock clk (rise edge)
                                  0.000000    0.000000   clock network delay (ideal)
                      0.150000    0.000000    0.000000 ^ u_input_buffer.mem[14][1]$_DFFE_PP_/CLK (sg13g2_dfrbpq_1)
     2    0.006391    0.020626    0.157086    0.157086 v u_input_buffer.mem[14][1]$_DFFE_PP_/Q (sg13g2_dfrbpq_1)
                                                         u_input_buffer.mem[14][1] (net)
                      0.020626    0.000000    0.157086 v _3212_/A (sg13g2_nor2_1)
     1    0.003144    0.029155    0.037281    0.194367 ^ _3212_/Y (sg13g2_nor2_1)
                                                         _0514_ (net)
                      0.029155    0.000000    0.194367 ^ _3213_/B1 (sg13g2_a21oi_1)
     1    0.001523    0.012004    0.019239    0.213606 v _3213_/Y (sg13g2_a21oi_1)
                                                         _0089_ (net)
                      0.012004    0.000000    0.213606 v u_input_buffer.mem[14][1]$_DFFE_PP_/D (sg13g2_dfrbpq_1)
                                              0.213606   data arrival time

                      0.150000    0.000000    0.000000   clock clk (rise edge)
                                  0.000000    0.000000   clock network delay (ideal)
                                  0.250000    0.250000   clock uncertainty
                                  0.000000    0.250000   clock reconvergence pessimism
                                              0.250000 ^ u_input_buffer.mem[14][1]$_DFFE_PP_/CLK (sg13g2_dfrbpq_1)
                                  0.000436    0.250436   library hold time
                                              0.250436   data required time
---------------------------------------------------------------------------------------------
                                              0.250436   data required time
                                             -0.213606   data arrival time
---------------------------------------------------------------------------------------------
                                             -0.036830   slack (VIOLATED)


Startpoint: u_input_buffer.mem[14][2]$_DFFE_PP_
            (rising edge-triggered flip-flop clocked by clk)
Endpoint: u_input_buffer.mem[14][2]$_DFFE_PP_
          (rising edge-triggered flip-flop clocked by clk)
Path Group: clk
Path Type: min

Fanout         Cap        Slew       Delay        Time   Description
---------------------------------------------------------------------------------------------
                      0.150000    0.000000    0.000000   clock clk (rise edge)
                                  0.000000    0.000000   clock network delay (ideal)
                      0.150000    0.000000    0.000000 ^ u_input_buffer.mem[14][2]$_DFFE_PP_/CLK (sg13g2_dfrbpq_1)
     2    0.006391    0.020626    0.157086    0.157086 v u_input_buffer.mem[14][2]$_DFFE_PP_/Q (sg13g2_dfrbpq_1)
                                                         u_input_buffer.mem[14][2] (net)
                      0.020626    0.000000    0.157086 v _3214_/A (sg13g2_nor2_1)
     1    0.003144    0.029155    0.037281    0.194367 ^ _3214_/Y (sg13g2_nor2_1)
                                                         _0515_ (net)
                      0.029155    0.000000    0.194367 ^ _3215_/B1 (sg13g2_a21oi_1)
     1    0.001523    0.012004    0.019239    0.213606 v _3215_/Y (sg13g2_a21oi_1)
                                                         _0090_ (net)
                      0.012004    0.000000    0.213606 v u_input_buffer.mem[14][2]$_DFFE_PP_/D (sg13g2_dfrbpq_1)
                                              0.213606   data arrival time

                      0.150000    0.000000    0.000000   clock clk (rise edge)
                                  0.000000    0.000000   clock network delay (ideal)
                                  0.250000    0.250000   clock uncertainty
                                  0.000000    0.250000   clock reconvergence pessimism
                                              0.250000 ^ u_input_buffer.mem[14][2]$_DFFE_PP_/CLK (sg13g2_dfrbpq_1)
                                  0.000436    0.250436   library hold time
                                              0.250436   data required time
---------------------------------------------------------------------------------------------
                                              0.250436   data required time
                                             -0.213606   data arrival time
---------------------------------------------------------------------------------------------
                                             -0.036830   slack (VIOLATED)


Startpoint: u_input_buffer.mem[14][3]$_DFFE_PP_
            (rising edge-triggered flip-flop clocked by clk)
Endpoint: u_input_buffer.mem[14][3]$_DFFE_PP_
          (rising edge-triggered flip-flop clocked by clk)
Path Group: clk
Path Type: min

Fanout         Cap        Slew       Delay        Time   Description
---------------------------------------------------------------------------------------------
                      0.150000    0.000000    0.000000   clock clk (rise edge)
                                  0.000000    0.000000   clock network delay (ideal)
                      0.150000    0.000000    0.000000 ^ u_input_buffer.mem[14][3]$_DFFE_PP_/CLK (sg13g2_dfrbpq_1)
     2    0.006391    0.020626    0.157086    0.157086 v u_input_buffer.mem[14][3]$_DFFE_PP_/Q (sg13g2_dfrbpq_1)
                                                         u_input_buffer.mem[14][3] (net)
                      0.020626    0.000000    0.157086 v _3216_/A (sg13g2_nor2_1)
     1    0.003144    0.029155    0.037281    0.194367 ^ _3216_/Y (sg13g2_nor2_1)
                                                         _0516_ (net)
                      0.029155    0.000000    0.194367 ^ _3217_/B1 (sg13g2_a21oi_1)
     1    0.001523    0.012004    0.019239    0.213606 v _3217_/Y (sg13g2_a21oi_1)
                                                         _0091_ (net)
                      0.012004    0.000000    0.213606 v u_input_buffer.mem[14][3]$_DFFE_PP_/D (sg13g2_dfrbpq_1)
                                              0.213606   data arrival time

                      0.150000    0.000000    0.000000   clock clk (rise edge)
                                  0.000000    0.000000   clock network delay (ideal)
                                  0.250000    0.250000   clock uncertainty
                                  0.000000    0.250000   clock reconvergence pessimism
                                              0.250000 ^ u_input_buffer.mem[14][3]$_DFFE_PP_/CLK (sg13g2_dfrbpq_1)
                                  0.000436    0.250436   library hold time
                                              0.250436   data required time
---------------------------------------------------------------------------------------------
                                              0.250436   data required time
                                             -0.213606   data arrival time
---------------------------------------------------------------------------------------------
                                             -0.036830   slack (VIOLATED)


Startpoint: u_input_buffer.mem[14][4]$_DFFE_PP_
            (rising edge-triggered flip-flop clocked by clk)
Endpoint: u_input_buffer.mem[14][4]$_DFFE_PP_
          (rising edge-triggered flip-flop clocked by clk)
Path Group: clk
Path Type: min

Fanout         Cap        Slew       Delay        Time   Description
---------------------------------------------------------------------------------------------
                      0.150000    0.000000    0.000000   clock clk (rise edge)
                                  0.000000    0.000000   clock network delay (ideal)
                      0.150000    0.000000    0.000000 ^ u_input_buffer.mem[14][4]$_DFFE_PP_/CLK (sg13g2_dfrbpq_1)
     2    0.006391    0.020626    0.157086    0.157086 v u_input_buffer.mem[14][4]$_DFFE_PP_/Q (sg13g2_dfrbpq_1)
                                                         u_input_buffer.mem[14][4] (net)
                      0.020626    0.000000    0.157086 v _3218_/A (sg13g2_nor2_1)
     1    0.003144    0.029155    0.037281    0.194367 ^ _3218_/Y (sg13g2_nor2_1)
                                                         _0517_ (net)
                      0.029155    0.000000    0.194367 ^ _3219_/B1 (sg13g2_a21oi_1)
     1    0.001523    0.012004    0.019239    0.213606 v _3219_/Y (sg13g2_a21oi_1)
                                                         _0092_ (net)
                      0.012004    0.000000    0.213606 v u_input_buffer.mem[14][4]$_DFFE_PP_/D (sg13g2_dfrbpq_1)
                                              0.213606   data arrival time

                      0.150000    0.000000    0.000000   clock clk (rise edge)
                                  0.000000    0.000000   clock network delay (ideal)
                                  0.250000    0.250000   clock uncertainty
                                  0.000000    0.250000   clock reconvergence pessimism
                                              0.250000 ^ u_input_buffer.mem[14][4]$_DFFE_PP_/CLK (sg13g2_dfrbpq_1)
                                  0.000436    0.250436   library hold time
                                              0.250436   data required time
---------------------------------------------------------------------------------------------
                                              0.250436   data required time
                                             -0.213606   data arrival time
---------------------------------------------------------------------------------------------
                                             -0.036830   slack (VIOLATED)


Startpoint: u_input_buffer.mem[14][5]$_DFFE_PP_
            (rising edge-triggered flip-flop clocked by clk)
Endpoint: u_input_buffer.mem[14][5]$_DFFE_PP_
          (rising edge-triggered flip-flop clocked by clk)
Path Group: clk
Path Type: min

Fanout         Cap        Slew       Delay        Time   Description
---------------------------------------------------------------------------------------------
                      0.150000    0.000000    0.000000   clock clk (rise edge)
                                  0.000000    0.000000   clock network delay (ideal)
                      0.150000    0.000000    0.000000 ^ u_input_buffer.mem[14][5]$_DFFE_PP_/CLK (sg13g2_dfrbpq_1)
     2    0.006391    0.020626    0.157086    0.157086 v u_input_buffer.mem[14][5]$_DFFE_PP_/Q (sg13g2_dfrbpq_1)
                                                         u_input_buffer.mem[14][5] (net)
                      0.020626    0.000000    0.157086 v _3220_/A (sg13g2_nor2_1)
     1    0.003144    0.029155    0.037281    0.194367 ^ _3220_/Y (sg13g2_nor2_1)
                                                         _0518_ (net)
                      0.029155    0.000000    0.194367 ^ _3221_/B1 (sg13g2_a21oi_1)
     1    0.001523    0.012004    0.019239    0.213606 v _3221_/Y (sg13g2_a21oi_1)
                                                         _0093_ (net)
                      0.012004    0.000000    0.213606 v u_input_buffer.mem[14][5]$_DFFE_PP_/D (sg13g2_dfrbpq_1)
                                              0.213606   data arrival time

                      0.150000    0.000000    0.000000   clock clk (rise edge)
                                  0.000000    0.000000   clock network delay (ideal)
                                  0.250000    0.250000   clock uncertainty
                                  0.000000    0.250000   clock reconvergence pessimism
                                              0.250000 ^ u_input_buffer.mem[14][5]$_DFFE_PP_/CLK (sg13g2_dfrbpq_1)
                                  0.000436    0.250436   library hold time
                                              0.250436   data required time
---------------------------------------------------------------------------------------------
                                              0.250436   data required time
                                             -0.213606   data arrival time
---------------------------------------------------------------------------------------------
                                             -0.036830   slack (VIOLATED)


Startpoint: u_input_buffer.mem[14][6]$_DFFE_PP_
            (rising edge-triggered flip-flop clocked by clk)
Endpoint: u_input_buffer.mem[14][6]$_DFFE_PP_
          (rising edge-triggered flip-flop clocked by clk)
Path Group: clk
Path Type: min

Fanout         Cap        Slew       Delay        Time   Description
---------------------------------------------------------------------------------------------
                      0.150000    0.000000    0.000000   clock clk (rise edge)
                                  0.000000    0.000000   clock network delay (ideal)
                      0.150000    0.000000    0.000000 ^ u_input_buffer.mem[14][6]$_DFFE_PP_/CLK (sg13g2_dfrbpq_1)
     2    0.006391    0.020626    0.157086    0.157086 v u_input_buffer.mem[14][6]$_DFFE_PP_/Q (sg13g2_dfrbpq_1)
                                                         u_input_buffer.mem[14][6] (net)
                      0.020626    0.000000    0.157086 v _3222_/A (sg13g2_nor2_1)
     1    0.003144    0.029155    0.037281    0.194367 ^ _3222_/Y (sg13g2_nor2_1)
                                                         _0519_ (net)
                      0.029155    0.000000    0.194367 ^ _3223_/B1 (sg13g2_a21oi_1)
     1    0.001523    0.012004    0.019239    0.213606 v _3223_/Y (sg13g2_a21oi_1)
                                                         _0094_ (net)
                      0.012004    0.000000    0.213606 v u_input_buffer.mem[14][6]$_DFFE_PP_/D (sg13g2_dfrbpq_1)
                                              0.213606   data arrival time

                      0.150000    0.000000    0.000000   clock clk (rise edge)
                                  0.000000    0.000000   clock network delay (ideal)
                                  0.250000    0.250000   clock uncertainty
                                  0.000000    0.250000   clock reconvergence pessimism
                                              0.250000 ^ u_input_buffer.mem[14][6]$_DFFE_PP_/CLK (sg13g2_dfrbpq_1)
                                  0.000436    0.250436   library hold time
                                              0.250436   data required time
---------------------------------------------------------------------------------------------
                                              0.250436   data required time
                                             -0.213606   data arrival time
---------------------------------------------------------------------------------------------
                                             -0.036830   slack (VIOLATED)


Startpoint: u_input_buffer.mem[14][7]$_DFFE_PP_
            (rising edge-triggered flip-flop clocked by clk)
Endpoint: u_input_buffer.mem[14][7]$_DFFE_PP_
          (rising edge-triggered flip-flop clocked by clk)
Path Group: clk
Path Type: min

Fanout         Cap        Slew       Delay        Time   Description
---------------------------------------------------------------------------------------------
                      0.150000    0.000000    0.000000   clock clk (rise edge)
                                  0.000000    0.000000   clock network delay (ideal)
                      0.150000    0.000000    0.000000 ^ u_input_buffer.mem[14][7]$_DFFE_PP_/CLK (sg13g2_dfrbpq_1)
     2    0.006391    0.020626    0.157086    0.157086 v u_input_buffer.mem[14][7]$_DFFE_PP_/Q (sg13g2_dfrbpq_1)
                                                         u_input_buffer.mem[14][7] (net)
                      0.020626    0.000000    0.157086 v _3224_/A (sg13g2_nor2_1)
     1    0.003144    0.029155    0.037281    0.194367 ^ _3224_/Y (sg13g2_nor2_1)
                                                         _0520_ (net)
                      0.029155    0.000000    0.194367 ^ _3225_/B1 (sg13g2_a21oi_1)
     1    0.001523    0.012004    0.019239    0.213606 v _3225_/Y (sg13g2_a21oi_1)
                                                         _0095_ (net)
                      0.012004    0.000000    0.213606 v u_input_buffer.mem[14][7]$_DFFE_PP_/D (sg13g2_dfrbpq_1)
                                              0.213606   data arrival time

                      0.150000    0.000000    0.000000   clock clk (rise edge)
                                  0.000000    0.000000   clock network delay (ideal)
                                  0.250000    0.250000   clock uncertainty
                                  0.000000    0.250000   clock reconvergence pessimism
                                              0.250000 ^ u_input_buffer.mem[14][7]$_DFFE_PP_/CLK (sg13g2_dfrbpq_1)
                                  0.000436    0.250436   library hold time
                                              0.250436   data required time
---------------------------------------------------------------------------------------------
                                              0.250436   data required time
                                             -0.213606   data arrival time
---------------------------------------------------------------------------------------------
                                             -0.036830   slack (VIOLATED)


Startpoint: u_input_buffer.mem[15][0]$_DFFE_PP_
            (rising edge-triggered flip-flop clocked by clk)
Endpoint: u_input_buffer.mem[15][0]$_DFFE_PP_
          (rising edge-triggered flip-flop clocked by clk)
Path Group: clk
Path Type: min

Fanout         Cap        Slew       Delay        Time   Description
---------------------------------------------------------------------------------------------
                      0.150000    0.000000    0.000000   clock clk (rise edge)
                                  0.000000    0.000000   clock network delay (ideal)
                      0.150000    0.000000    0.000000 ^ u_input_buffer.mem[15][0]$_DFFE_PP_/CLK (sg13g2_dfrbpq_1)
     2    0.006391    0.020626    0.157086    0.157086 v u_input_buffer.mem[15][0]$_DFFE_PP_/Q (sg13g2_dfrbpq_1)
                                                         u_input_buffer.mem[15][0] (net)
                      0.020626    0.000000    0.157086 v _3227_/A (sg13g2_nor2_1)
     1    0.003144    0.029155    0.037281    0.194367 ^ _3227_/Y (sg13g2_nor2_1)
                                                         _0522_ (net)
                      0.029155    0.000000    0.194367 ^ _3228_/B1 (sg13g2_a21oi_1)
     1    0.001523    0.012004    0.019239    0.213606 v _3228_/Y (sg13g2_a21oi_1)
                                                         _0096_ (net)
                      0.012004    0.000000    0.213606 v u_input_buffer.mem[15][0]$_DFFE_PP_/D (sg13g2_dfrbpq_1)
                                              0.213606   data arrival time

                      0.150000    0.000000    0.000000   clock clk (rise edge)
                                  0.000000    0.000000   clock network delay (ideal)
                                  0.250000    0.250000   clock uncertainty
                                  0.000000    0.250000   clock reconvergence pessimism
                                              0.250000 ^ u_input_buffer.mem[15][0]$_DFFE_PP_/CLK (sg13g2_dfrbpq_1)
                                  0.000436    0.250436   library hold time
                                              0.250436   data required time
---------------------------------------------------------------------------------------------
                                              0.250436   data required time
                                             -0.213606   data arrival time
---------------------------------------------------------------------------------------------
                                             -0.036830   slack (VIOLATED)


Startpoint: u_input_buffer.mem[15][1]$_DFFE_PP_
            (rising edge-triggered flip-flop clocked by clk)
Endpoint: u_input_buffer.mem[15][1]$_DFFE_PP_
          (rising edge-triggered flip-flop clocked by clk)
Path Group: clk
Path Type: min

Fanout         Cap        Slew       Delay        Time   Description
---------------------------------------------------------------------------------------------
                      0.150000    0.000000    0.000000   clock clk (rise edge)
                                  0.000000    0.000000   clock network delay (ideal)
                      0.150000    0.000000    0.000000 ^ u_input_buffer.mem[15][1]$_DFFE_PP_/CLK (sg13g2_dfrbpq_1)
     2    0.006391    0.020626    0.157086    0.157086 v u_input_buffer.mem[15][1]$_DFFE_PP_/Q (sg13g2_dfrbpq_1)
                                                         u_input_buffer.mem[15][1] (net)
                      0.020626    0.000000    0.157086 v _3229_/A (sg13g2_nor2_1)
     1    0.003144    0.029155    0.037281    0.194367 ^ _3229_/Y (sg13g2_nor2_1)
                                                         _0523_ (net)
                      0.029155    0.000000    0.194367 ^ _3230_/B1 (sg13g2_a21oi_1)
     1    0.001523    0.012004    0.019239    0.213606 v _3230_/Y (sg13g2_a21oi_1)
                                                         _0097_ (net)
                      0.012004    0.000000    0.213606 v u_input_buffer.mem[15][1]$_DFFE_PP_/D (sg13g2_dfrbpq_1)
                                              0.213606   data arrival time

                      0.150000    0.000000    0.000000   clock clk (rise edge)
                                  0.000000    0.000000   clock network delay (ideal)
                                  0.250000    0.250000   clock uncertainty
                                  0.000000    0.250000   clock reconvergence pessimism
                                              0.250000 ^ u_input_buffer.mem[15][1]$_DFFE_PP_/CLK (sg13g2_dfrbpq_1)
                                  0.000436    0.250436   library hold time
                                              0.250436   data required time
---------------------------------------------------------------------------------------------
                                              0.250436   data required time
                                             -0.213606   data arrival time
---------------------------------------------------------------------------------------------
                                             -0.036830   slack (VIOLATED)


Startpoint: u_input_buffer.mem[15][2]$_DFFE_PP_
            (rising edge-triggered flip-flop clocked by clk)
Endpoint: u_input_buffer.mem[15][2]$_DFFE_PP_
          (rising edge-triggered flip-flop clocked by clk)
Path Group: clk
Path Type: min

Fanout         Cap        Slew       Delay        Time   Description
---------------------------------------------------------------------------------------------
                      0.150000    0.000000    0.000000   clock clk (rise edge)
                                  0.000000    0.000000   clock network delay (ideal)
                      0.150000    0.000000    0.000000 ^ u_input_buffer.mem[15][2]$_DFFE_PP_/CLK (sg13g2_dfrbpq_1)
     2    0.006391    0.020626    0.157086    0.157086 v u_input_buffer.mem[15][2]$_DFFE_PP_/Q (sg13g2_dfrbpq_1)
                                                         u_input_buffer.mem[15][2] (net)
                      0.020626    0.000000    0.157086 v _3231_/A (sg13g2_nor2_1)
     1    0.003144    0.029155    0.037281    0.194367 ^ _3231_/Y (sg13g2_nor2_1)
                                                         _0524_ (net)
                      0.029155    0.000000    0.194367 ^ _3232_/B1 (sg13g2_a21oi_1)
     1    0.001523    0.012004    0.019239    0.213606 v _3232_/Y (sg13g2_a21oi_1)
                                                         _0098_ (net)
                      0.012004    0.000000    0.213606 v u_input_buffer.mem[15][2]$_DFFE_PP_/D (sg13g2_dfrbpq_1)
                                              0.213606   data arrival time

                      0.150000    0.000000    0.000000   clock clk (rise edge)
                                  0.000000    0.000000   clock network delay (ideal)
                                  0.250000    0.250000   clock uncertainty
                                  0.000000    0.250000   clock reconvergence pessimism
                                              0.250000 ^ u_input_buffer.mem[15][2]$_DFFE_PP_/CLK (sg13g2_dfrbpq_1)
                                  0.000436    0.250436   library hold time
                                              0.250436   data required time
---------------------------------------------------------------------------------------------
                                              0.250436   data required time
                                             -0.213606   data arrival time
---------------------------------------------------------------------------------------------
                                             -0.036830   slack (VIOLATED)


Startpoint: u_input_buffer.mem[15][3]$_DFFE_PP_
            (rising edge-triggered flip-flop clocked by clk)
Endpoint: u_input_buffer.mem[15][3]$_DFFE_PP_
          (rising edge-triggered flip-flop clocked by clk)
Path Group: clk
Path Type: min

Fanout         Cap        Slew       Delay        Time   Description
---------------------------------------------------------------------------------------------
                      0.150000    0.000000    0.000000   clock clk (rise edge)
                                  0.000000    0.000000   clock network delay (ideal)
                      0.150000    0.000000    0.000000 ^ u_input_buffer.mem[15][3]$_DFFE_PP_/CLK (sg13g2_dfrbpq_1)
     2    0.006391    0.020626    0.157086    0.157086 v u_input_buffer.mem[15][3]$_DFFE_PP_/Q (sg13g2_dfrbpq_1)
                                                         u_input_buffer.mem[15][3] (net)
                      0.020626    0.000000    0.157086 v _3233_/A (sg13g2_nor2_1)
     1    0.003144    0.029155    0.037281    0.194367 ^ _3233_/Y (sg13g2_nor2_1)
                                                         _0525_ (net)
                      0.029155    0.000000    0.194367 ^ _3234_/B1 (sg13g2_a21oi_1)
     1    0.001523    0.012004    0.019239    0.213606 v _3234_/Y (sg13g2_a21oi_1)
                                                         _0099_ (net)
                      0.012004    0.000000    0.213606 v u_input_buffer.mem[15][3]$_DFFE_PP_/D (sg13g2_dfrbpq_1)
                                              0.213606   data arrival time

                      0.150000    0.000000    0.000000   clock clk (rise edge)
                                  0.000000    0.000000   clock network delay (ideal)
                                  0.250000    0.250000   clock uncertainty
                                  0.000000    0.250000   clock reconvergence pessimism
                                              0.250000 ^ u_input_buffer.mem[15][3]$_DFFE_PP_/CLK (sg13g2_dfrbpq_1)
                                  0.000436    0.250436   library hold time
                                              0.250436   data required time
---------------------------------------------------------------------------------------------
                                              0.250436   data required time
                                             -0.213606   data arrival time
---------------------------------------------------------------------------------------------
                                             -0.036830   slack (VIOLATED)


Startpoint: u_input_buffer.mem[15][4]$_DFFE_PP_
            (rising edge-triggered flip-flop clocked by clk)
Endpoint: u_input_buffer.mem[15][4]$_DFFE_PP_
          (rising edge-triggered flip-flop clocked by clk)
Path Group: clk
Path Type: min

Fanout         Cap        Slew       Delay        Time   Description
---------------------------------------------------------------------------------------------
                      0.150000    0.000000    0.000000   clock clk (rise edge)
                                  0.000000    0.000000   clock network delay (ideal)
                      0.150000    0.000000    0.000000 ^ u_input_buffer.mem[15][4]$_DFFE_PP_/CLK (sg13g2_dfrbpq_1)
     2    0.006391    0.020626    0.157086    0.157086 v u_input_buffer.mem[15][4]$_DFFE_PP_/Q (sg13g2_dfrbpq_1)
                                                         u_input_buffer.mem[15][4] (net)
                      0.020626    0.000000    0.157086 v _3235_/A (sg13g2_nor2_1)
     1    0.003144    0.029155    0.037281    0.194367 ^ _3235_/Y (sg13g2_nor2_1)
                                                         _0526_ (net)
                      0.029155    0.000000    0.194367 ^ _3236_/B1 (sg13g2_a21oi_1)
     1    0.001523    0.012004    0.019239    0.213606 v _3236_/Y (sg13g2_a21oi_1)
                                                         _0100_ (net)
                      0.012004    0.000000    0.213606 v u_input_buffer.mem[15][4]$_DFFE_PP_/D (sg13g2_dfrbpq_1)
                                              0.213606   data arrival time

                      0.150000    0.000000    0.000000   clock clk (rise edge)
                                  0.000000    0.000000   clock network delay (ideal)
                                  0.250000    0.250000   clock uncertainty
                                  0.000000    0.250000   clock reconvergence pessimism
                                              0.250000 ^ u_input_buffer.mem[15][4]$_DFFE_PP_/CLK (sg13g2_dfrbpq_1)
                                  0.000436    0.250436   library hold time
                                              0.250436   data required time
---------------------------------------------------------------------------------------------
                                              0.250436   data required time
                                             -0.213606   data arrival time
---------------------------------------------------------------------------------------------
                                             -0.036830   slack (VIOLATED)


Startpoint: u_input_buffer.mem[15][7]$_DFFE_PP_
            (rising edge-triggered flip-flop clocked by clk)
Endpoint: u_input_buffer.mem[15][7]$_DFFE_PP_
          (rising edge-triggered flip-flop clocked by clk)
Path Group: clk
Path Type: min

Fanout         Cap        Slew       Delay        Time   Description
---------------------------------------------------------------------------------------------
                      0.150000    0.000000    0.000000   clock clk (rise edge)
                                  0.000000    0.000000   clock network delay (ideal)
                      0.150000    0.000000    0.000000 ^ u_input_buffer.mem[15][7]$_DFFE_PP_/CLK (sg13g2_dfrbpq_1)
     2    0.006391    0.020626    0.157086    0.157086 v u_input_buffer.mem[15][7]$_DFFE_PP_/Q (sg13g2_dfrbpq_1)
                                                         u_input_buffer.mem[15][7] (net)
                      0.020626    0.000000    0.157086 v _3241_/A (sg13g2_nor2_1)
     1    0.003144    0.029155    0.037281    0.194367 ^ _3241_/Y (sg13g2_nor2_1)
                                                         _0529_ (net)
                      0.029155    0.000000    0.194367 ^ _3242_/B1 (sg13g2_a21oi_1)
     1    0.001523    0.012004    0.019239    0.213606 v _3242_/Y (sg13g2_a21oi_1)
                                                         _0103_ (net)
                      0.012004    0.000000    0.213606 v u_input_buffer.mem[15][7]$_DFFE_PP_/D (sg13g2_dfrbpq_1)
                                              0.213606   data arrival time

                      0.150000    0.000000    0.000000   clock clk (rise edge)
                                  0.000000    0.000000   clock network delay (ideal)
                                  0.250000    0.250000   clock uncertainty
                                  0.000000    0.250000   clock reconvergence pessimism
                                              0.250000 ^ u_input_buffer.mem[15][7]$_DFFE_PP_/CLK (sg13g2_dfrbpq_1)
                                  0.000436    0.250436   library hold time
                                              0.250436   data required time
---------------------------------------------------------------------------------------------
                                              0.250436   data required time
                                             -0.213606   data arrival time
---------------------------------------------------------------------------------------------
                                             -0.036830   slack (VIOLATED)


Startpoint: u_input_buffer.mem[20][0]$_DFFE_PP_
            (rising edge-triggered flip-flop clocked by clk)
Endpoint: u_input_buffer.mem[20][0]$_DFFE_PP_
          (rising edge-triggered flip-flop clocked by clk)
Path Group: clk
Path Type: min

Fanout         Cap        Slew       Delay        Time   Description
---------------------------------------------------------------------------------------------
                      0.150000    0.000000    0.000000   clock clk (rise edge)
                                  0.000000    0.000000   clock network delay (ideal)
                      0.150000    0.000000    0.000000 ^ u_input_buffer.mem[20][0]$_DFFE_PP_/CLK (sg13g2_dfrbpq_1)
     2    0.006391    0.020626    0.157086    0.157086 v u_input_buffer.mem[20][0]$_DFFE_PP_/Q (sg13g2_dfrbpq_1)
                                                         u_input_buffer.mem[20][0] (net)
                      0.020626    0.000000    0.157086 v _3332_/A (sg13g2_nor2_1)
     1    0.003144    0.029155    0.037281    0.194367 ^ _3332_/Y (sg13g2_nor2_1)
                                                         _0579_ (net)
                      0.029155    0.000000    0.194367 ^ _3333_/B1 (sg13g2_a21oi_1)
     1    0.001523    0.012004    0.019239    0.213606 v _3333_/Y (sg13g2_a21oi_1)
                                                         _0144_ (net)
                      0.012004    0.000000    0.213606 v u_input_buffer.mem[20][0]$_DFFE_PP_/D (sg13g2_dfrbpq_1)
                                              0.213606   data arrival time

                      0.150000    0.000000    0.000000   clock clk (rise edge)
                                  0.000000    0.000000   clock network delay (ideal)
                                  0.250000    0.250000   clock uncertainty
                                  0.000000    0.250000   clock reconvergence pessimism
                                              0.250000 ^ u_input_buffer.mem[20][0]$_DFFE_PP_/CLK (sg13g2_dfrbpq_1)
                                  0.000436    0.250436   library hold time
                                              0.250436   data required time
---------------------------------------------------------------------------------------------
                                              0.250436   data required time
                                             -0.213606   data arrival time
---------------------------------------------------------------------------------------------
                                             -0.036830   slack (VIOLATED)


Startpoint: u_input_buffer.mem[20][1]$_DFFE_PP_
            (rising edge-triggered flip-flop clocked by clk)
Endpoint: u_input_buffer.mem[20][1]$_DFFE_PP_
          (rising edge-triggered flip-flop clocked by clk)
Path Group: clk
Path Type: min

Fanout         Cap        Slew       Delay        Time   Description
---------------------------------------------------------------------------------------------
                      0.150000    0.000000    0.000000   clock clk (rise edge)
                                  0.000000    0.000000   clock network delay (ideal)
                      0.150000    0.000000    0.000000 ^ u_input_buffer.mem[20][1]$_DFFE_PP_/CLK (sg13g2_dfrbpq_1)
     2    0.006391    0.020626    0.157086    0.157086 v u_input_buffer.mem[20][1]$_DFFE_PP_/Q (sg13g2_dfrbpq_1)
                                                         u_input_buffer.mem[20][1] (net)
                      0.020626    0.000000    0.157086 v _3334_/A (sg13g2_nor2_1)
     1    0.003144    0.029155    0.037281    0.194367 ^ _3334_/Y (sg13g2_nor2_1)
                                                         _0580_ (net)
                      0.029155    0.000000    0.194367 ^ _3335_/B1 (sg13g2_a21oi_1)
     1    0.001523    0.012004    0.019239    0.213606 v _3335_/Y (sg13g2_a21oi_1)
                                                         _0145_ (net)
                      0.012004    0.000000    0.213606 v u_input_buffer.mem[20][1]$_DFFE_PP_/D (sg13g2_dfrbpq_1)
                                              0.213606   data arrival time

                      0.150000    0.000000    0.000000   clock clk (rise edge)
                                  0.000000    0.000000   clock network delay (ideal)
                                  0.250000    0.250000   clock uncertainty
                                  0.000000    0.250000   clock reconvergence pessimism
                                              0.250000 ^ u_input_buffer.mem[20][1]$_DFFE_PP_/CLK (sg13g2_dfrbpq_1)
                                  0.000436    0.250436   library hold time
                                              0.250436   data required time
---------------------------------------------------------------------------------------------
                                              0.250436   data required time
                                             -0.213606   data arrival time
---------------------------------------------------------------------------------------------
                                             -0.036830   slack (VIOLATED)


Startpoint: u_input_buffer.mem[20][2]$_DFFE_PP_
            (rising edge-triggered flip-flop clocked by clk)
Endpoint: u_input_buffer.mem[20][2]$_DFFE_PP_
          (rising edge-triggered flip-flop clocked by clk)
Path Group: clk
Path Type: min

Fanout         Cap        Slew       Delay        Time   Description
---------------------------------------------------------------------------------------------
                      0.150000    0.000000    0.000000   clock clk (rise edge)
                                  0.000000    0.000000   clock network delay (ideal)
                      0.150000    0.000000    0.000000 ^ u_input_buffer.mem[20][2]$_DFFE_PP_/CLK (sg13g2_dfrbpq_1)
     2    0.006391    0.020626    0.157086    0.157086 v u_input_buffer.mem[20][2]$_DFFE_PP_/Q (sg13g2_dfrbpq_1)
                                                         u_input_buffer.mem[20][2] (net)
                      0.020626    0.000000    0.157086 v _3336_/A (sg13g2_nor2_1)
     1    0.003144    0.029155    0.037281    0.194367 ^ _3336_/Y (sg13g2_nor2_1)
                                                         _0581_ (net)
                      0.029155    0.000000    0.194367 ^ _3337_/B1 (sg13g2_a21oi_1)
     1    0.001523    0.012004    0.019239    0.213606 v _3337_/Y (sg13g2_a21oi_1)
                                                         _0146_ (net)
                      0.012004    0.000000    0.213606 v u_input_buffer.mem[20][2]$_DFFE_PP_/D (sg13g2_dfrbpq_1)
                                              0.213606   data arrival time

                      0.150000    0.000000    0.000000   clock clk (rise edge)
                                  0.000000    0.000000   clock network delay (ideal)
                                  0.250000    0.250000   clock uncertainty
                                  0.000000    0.250000   clock reconvergence pessimism
                                              0.250000 ^ u_input_buffer.mem[20][2]$_DFFE_PP_/CLK (sg13g2_dfrbpq_1)
                                  0.000436    0.250436   library hold time
                                              0.250436   data required time
---------------------------------------------------------------------------------------------
                                              0.250436   data required time
                                             -0.213606   data arrival time
---------------------------------------------------------------------------------------------
                                             -0.036830   slack (VIOLATED)


Startpoint: u_input_buffer.mem[20][3]$_DFFE_PP_
            (rising edge-triggered flip-flop clocked by clk)
Endpoint: u_input_buffer.mem[20][3]$_DFFE_PP_
          (rising edge-triggered flip-flop clocked by clk)
Path Group: clk
Path Type: min

Fanout         Cap        Slew       Delay        Time   Description
---------------------------------------------------------------------------------------------
                      0.150000    0.000000    0.000000   clock clk (rise edge)
                                  0.000000    0.000000   clock network delay (ideal)
                      0.150000    0.000000    0.000000 ^ u_input_buffer.mem[20][3]$_DFFE_PP_/CLK (sg13g2_dfrbpq_1)
     2    0.006391    0.020626    0.157086    0.157086 v u_input_buffer.mem[20][3]$_DFFE_PP_/Q (sg13g2_dfrbpq_1)
                                                         u_input_buffer.mem[20][3] (net)
                      0.020626    0.000000    0.157086 v _3338_/A (sg13g2_nor2_1)
     1    0.003144    0.029155    0.037281    0.194367 ^ _3338_/Y (sg13g2_nor2_1)
                                                         _0582_ (net)
                      0.029155    0.000000    0.194367 ^ _3339_/B1 (sg13g2_a21oi_1)
     1    0.001523    0.012004    0.019239    0.213606 v _3339_/Y (sg13g2_a21oi_1)
                                                         _0147_ (net)
                      0.012004    0.000000    0.213606 v u_input_buffer.mem[20][3]$_DFFE_PP_/D (sg13g2_dfrbpq_1)
                                              0.213606   data arrival time

                      0.150000    0.000000    0.000000   clock clk (rise edge)
                                  0.000000    0.000000   clock network delay (ideal)
                                  0.250000    0.250000   clock uncertainty
                                  0.000000    0.250000   clock reconvergence pessimism
                                              0.250000 ^ u_input_buffer.mem[20][3]$_DFFE_PP_/CLK (sg13g2_dfrbpq_1)
                                  0.000436    0.250436   library hold time
                                              0.250436   data required time
---------------------------------------------------------------------------------------------
                                              0.250436   data required time
                                             -0.213606   data arrival time
---------------------------------------------------------------------------------------------
                                             -0.036830   slack (VIOLATED)


Startpoint: u_input_buffer.mem[20][4]$_DFFE_PP_
            (rising edge-triggered flip-flop clocked by clk)
Endpoint: u_input_buffer.mem[20][4]$_DFFE_PP_
          (rising edge-triggered flip-flop clocked by clk)
Path Group: clk
Path Type: min

Fanout         Cap        Slew       Delay        Time   Description
---------------------------------------------------------------------------------------------
                      0.150000    0.000000    0.000000   clock clk (rise edge)
                                  0.000000    0.000000   clock network delay (ideal)
                      0.150000    0.000000    0.000000 ^ u_input_buffer.mem[20][4]$_DFFE_PP_/CLK (sg13g2_dfrbpq_1)
     2    0.006391    0.020626    0.157086    0.157086 v u_input_buffer.mem[20][4]$_DFFE_PP_/Q (sg13g2_dfrbpq_1)
                                                         u_input_buffer.mem[20][4] (net)
                      0.020626    0.000000    0.157086 v _3340_/A (sg13g2_nor2_1)
     1    0.003144    0.029155    0.037281    0.194367 ^ _3340_/Y (sg13g2_nor2_1)
                                                         _0583_ (net)
                      0.029155    0.000000    0.194367 ^ _3341_/B1 (sg13g2_a21oi_1)
     1    0.001523    0.012004    0.019239    0.213606 v _3341_/Y (sg13g2_a21oi_1)
                                                         _0148_ (net)
                      0.012004    0.000000    0.213606 v u_input_buffer.mem[20][4]$_DFFE_PP_/D (sg13g2_dfrbpq_1)
                                              0.213606   data arrival time

                      0.150000    0.000000    0.000000   clock clk (rise edge)
                                  0.000000    0.000000   clock network delay (ideal)
                                  0.250000    0.250000   clock uncertainty
                                  0.000000    0.250000   clock reconvergence pessimism
                                              0.250000 ^ u_input_buffer.mem[20][4]$_DFFE_PP_/CLK (sg13g2_dfrbpq_1)
                                  0.000436    0.250436   library hold time
                                              0.250436   data required time
---------------------------------------------------------------------------------------------
                                              0.250436   data required time
                                             -0.213606   data arrival time
---------------------------------------------------------------------------------------------
                                             -0.036830   slack (VIOLATED)


Startpoint: u_input_buffer.mem[20][5]$_DFFE_PP_
            (rising edge-triggered flip-flop clocked by clk)
Endpoint: u_input_buffer.mem[20][5]$_DFFE_PP_
          (rising edge-triggered flip-flop clocked by clk)
Path Group: clk
Path Type: min

Fanout         Cap        Slew       Delay        Time   Description
---------------------------------------------------------------------------------------------
                      0.150000    0.000000    0.000000   clock clk (rise edge)
                                  0.000000    0.000000   clock network delay (ideal)
                      0.150000    0.000000    0.000000 ^ u_input_buffer.mem[20][5]$_DFFE_PP_/CLK (sg13g2_dfrbpq_1)
     2    0.006391    0.020626    0.157086    0.157086 v u_input_buffer.mem[20][5]$_DFFE_PP_/Q (sg13g2_dfrbpq_1)
                                                         u_input_buffer.mem[20][5] (net)
                      0.020626    0.000000    0.157086 v _3342_/A (sg13g2_nor2_1)
     1    0.003144    0.029155    0.037281    0.194367 ^ _3342_/Y (sg13g2_nor2_1)
                                                         _0584_ (net)
                      0.029155    0.000000    0.194367 ^ _3343_/B1 (sg13g2_a21oi_1)
     1    0.001523    0.012004    0.019239    0.213606 v _3343_/Y (sg13g2_a21oi_1)
                                                         _0149_ (net)
                      0.012004    0.000000    0.213606 v u_input_buffer.mem[20][5]$_DFFE_PP_/D (sg13g2_dfrbpq_1)
                                              0.213606   data arrival time

                      0.150000    0.000000    0.000000   clock clk (rise edge)
                                  0.000000    0.000000   clock network delay (ideal)
                                  0.250000    0.250000   clock uncertainty
                                  0.000000    0.250000   clock reconvergence pessimism
                                              0.250000 ^ u_input_buffer.mem[20][5]$_DFFE_PP_/CLK (sg13g2_dfrbpq_1)
                                  0.000436    0.250436   library hold time
                                              0.250436   data required time
---------------------------------------------------------------------------------------------
                                              0.250436   data required time
                                             -0.213606   data arrival time
---------------------------------------------------------------------------------------------
                                             -0.036830   slack (VIOLATED)


Startpoint: u_input_buffer.mem[20][6]$_DFFE_PP_
            (rising edge-triggered flip-flop clocked by clk)
Endpoint: u_input_buffer.mem[20][6]$_DFFE_PP_
          (rising edge-triggered flip-flop clocked by clk)
Path Group: clk
Path Type: min

Fanout         Cap        Slew       Delay        Time   Description
---------------------------------------------------------------------------------------------
                      0.150000    0.000000    0.000000   clock clk (rise edge)
                                  0.000000    0.000000   clock network delay (ideal)
                      0.150000    0.000000    0.000000 ^ u_input_buffer.mem[20][6]$_DFFE_PP_/CLK (sg13g2_dfrbpq_1)
     2    0.006391    0.020626    0.157086    0.157086 v u_input_buffer.mem[20][6]$_DFFE_PP_/Q (sg13g2_dfrbpq_1)
                                                         u_input_buffer.mem[20][6] (net)
                      0.020626    0.000000    0.157086 v _3344_/A (sg13g2_nor2_1)
     1    0.003144    0.029155    0.037281    0.194367 ^ _3344_/Y (sg13g2_nor2_1)
                                                         _0585_ (net)
                      0.029155    0.000000    0.194367 ^ _3345_/B1 (sg13g2_a21oi_1)
     1    0.001523    0.012004    0.019239    0.213606 v _3345_/Y (sg13g2_a21oi_1)
                                                         _0150_ (net)
                      0.012004    0.000000    0.213606 v u_input_buffer.mem[20][6]$_DFFE_PP_/D (sg13g2_dfrbpq_1)
                                              0.213606   data arrival time

                      0.150000    0.000000    0.000000   clock clk (rise edge)
                                  0.000000    0.000000   clock network delay (ideal)
                                  0.250000    0.250000   clock uncertainty
                                  0.000000    0.250000   clock reconvergence pessimism
                                              0.250000 ^ u_input_buffer.mem[20][6]$_DFFE_PP_/CLK (sg13g2_dfrbpq_1)
                                  0.000436    0.250436   library hold time
                                              0.250436   data required time
---------------------------------------------------------------------------------------------
                                              0.250436   data required time
                                             -0.213606   data arrival time
---------------------------------------------------------------------------------------------
                                             -0.036830   slack (VIOLATED)


Startpoint: u_input_buffer.mem[20][7]$_DFFE_PP_
            (rising edge-triggered flip-flop clocked by clk)
Endpoint: u_input_buffer.mem[20][7]$_DFFE_PP_
          (rising edge-triggered flip-flop clocked by clk)
Path Group: clk
Path Type: min

Fanout         Cap        Slew       Delay        Time   Description
---------------------------------------------------------------------------------------------
                      0.150000    0.000000    0.000000   clock clk (rise edge)
                                  0.000000    0.000000   clock network delay (ideal)
                      0.150000    0.000000    0.000000 ^ u_input_buffer.mem[20][7]$_DFFE_PP_/CLK (sg13g2_dfrbpq_1)
     2    0.006391    0.020626    0.157086    0.157086 v u_input_buffer.mem[20][7]$_DFFE_PP_/Q (sg13g2_dfrbpq_1)
                                                         u_input_buffer.mem[20][7] (net)
                      0.020626    0.000000    0.157086 v _3346_/A (sg13g2_nor2_1)
     1    0.003144    0.029155    0.037281    0.194367 ^ _3346_/Y (sg13g2_nor2_1)
                                                         _0586_ (net)
                      0.029155    0.000000    0.194367 ^ _3347_/B1 (sg13g2_a21oi_1)
     1    0.001523    0.012004    0.019239    0.213606 v _3347_/Y (sg13g2_a21oi_1)
                                                         _0151_ (net)
                      0.012004    0.000000    0.213606 v u_input_buffer.mem[20][7]$_DFFE_PP_/D (sg13g2_dfrbpq_1)
                                              0.213606   data arrival time

                      0.150000    0.000000    0.000000   clock clk (rise edge)
                                  0.000000    0.000000   clock network delay (ideal)
                                  0.250000    0.250000   clock uncertainty
                                  0.000000    0.250000   clock reconvergence pessimism
                                              0.250000 ^ u_input_buffer.mem[20][7]$_DFFE_PP_/CLK (sg13g2_dfrbpq_1)
                                  0.000436    0.250436   library hold time
                                              0.250436   data required time
---------------------------------------------------------------------------------------------
                                              0.250436   data required time
                                             -0.213606   data arrival time
---------------------------------------------------------------------------------------------
                                             -0.036830   slack (VIOLATED)


Startpoint: u_input_buffer.mem[21][0]$_DFFE_PP_
            (rising edge-triggered flip-flop clocked by clk)
Endpoint: u_input_buffer.mem[21][0]$_DFFE_PP_
          (rising edge-triggered flip-flop clocked by clk)
Path Group: clk
Path Type: min

Fanout         Cap        Slew       Delay        Time   Description
---------------------------------------------------------------------------------------------
                      0.150000    0.000000    0.000000   clock clk (rise edge)
                                  0.000000    0.000000   clock network delay (ideal)
                      0.150000    0.000000    0.000000 ^ u_input_buffer.mem[21][0]$_DFFE_PP_/CLK (sg13g2_dfrbpq_1)
     2    0.006391    0.020626    0.157086    0.157086 v u_input_buffer.mem[21][0]$_DFFE_PP_/Q (sg13g2_dfrbpq_1)
                                                         u_input_buffer.mem[21][0] (net)
                      0.020626    0.000000    0.157086 v _3349_/A (sg13g2_nor2_1)
     1    0.003144    0.029155    0.037281    0.194367 ^ _3349_/Y (sg13g2_nor2_1)
                                                         _0588_ (net)
                      0.029155    0.000000    0.194367 ^ _3350_/B1 (sg13g2_a21oi_1)
     1    0.001523    0.012004    0.019239    0.213606 v _3350_/Y (sg13g2_a21oi_1)
                                                         _0152_ (net)
                      0.012004    0.000000    0.213606 v u_input_buffer.mem[21][0]$_DFFE_PP_/D (sg13g2_dfrbpq_1)
                                              0.213606   data arrival time

                      0.150000    0.000000    0.000000   clock clk (rise edge)
                                  0.000000    0.000000   clock network delay (ideal)
                                  0.250000    0.250000   clock uncertainty
                                  0.000000    0.250000   clock reconvergence pessimism
                                              0.250000 ^ u_input_buffer.mem[21][0]$_DFFE_PP_/CLK (sg13g2_dfrbpq_1)
                                  0.000436    0.250436   library hold time
                                              0.250436   data required time
---------------------------------------------------------------------------------------------
                                              0.250436   data required time
                                             -0.213606   data arrival time
---------------------------------------------------------------------------------------------
                                             -0.036830   slack (VIOLATED)


Startpoint: u_input_buffer.mem[21][1]$_DFFE_PP_
            (rising edge-triggered flip-flop clocked by clk)
Endpoint: u_input_buffer.mem[21][1]$_DFFE_PP_
          (rising edge-triggered flip-flop clocked by clk)
Path Group: clk
Path Type: min

Fanout         Cap        Slew       Delay        Time   Description
---------------------------------------------------------------------------------------------
                      0.150000    0.000000    0.000000   clock clk (rise edge)
                                  0.000000    0.000000   clock network delay (ideal)
                      0.150000    0.000000    0.000000 ^ u_input_buffer.mem[21][1]$_DFFE_PP_/CLK (sg13g2_dfrbpq_1)
     2    0.006391    0.020626    0.157086    0.157086 v u_input_buffer.mem[21][1]$_DFFE_PP_/Q (sg13g2_dfrbpq_1)
                                                         u_input_buffer.mem[21][1] (net)
                      0.020626    0.000000    0.157086 v _3351_/A (sg13g2_nor2_1)
     1    0.003144    0.029155    0.037281    0.194367 ^ _3351_/Y (sg13g2_nor2_1)
                                                         _0589_ (net)
                      0.029155    0.000000    0.194367 ^ _3352_/B1 (sg13g2_a21oi_1)
     1    0.001523    0.012004    0.019239    0.213606 v _3352_/Y (sg13g2_a21oi_1)
                                                         _0153_ (net)
                      0.012004    0.000000    0.213606 v u_input_buffer.mem[21][1]$_DFFE_PP_/D (sg13g2_dfrbpq_1)
                                              0.213606   data arrival time

                      0.150000    0.000000    0.000000   clock clk (rise edge)
                                  0.000000    0.000000   clock network delay (ideal)
                                  0.250000    0.250000   clock uncertainty
                                  0.000000    0.250000   clock reconvergence pessimism
                                              0.250000 ^ u_input_buffer.mem[21][1]$_DFFE_PP_/CLK (sg13g2_dfrbpq_1)
                                  0.000436    0.250436   library hold time
                                              0.250436   data required time
---------------------------------------------------------------------------------------------
                                              0.250436   data required time
                                             -0.213606   data arrival time
---------------------------------------------------------------------------------------------
                                             -0.036830   slack (VIOLATED)


Startpoint: u_input_buffer.mem[21][2]$_DFFE_PP_
            (rising edge-triggered flip-flop clocked by clk)
Endpoint: u_input_buffer.mem[21][2]$_DFFE_PP_
          (rising edge-triggered flip-flop clocked by clk)
Path Group: clk
Path Type: min

Fanout         Cap        Slew       Delay        Time   Description
---------------------------------------------------------------------------------------------
                      0.150000    0.000000    0.000000   clock clk (rise edge)
                                  0.000000    0.000000   clock network delay (ideal)
                      0.150000    0.000000    0.000000 ^ u_input_buffer.mem[21][2]$_DFFE_PP_/CLK (sg13g2_dfrbpq_1)
     2    0.006391    0.020626    0.157086    0.157086 v u_input_buffer.mem[21][2]$_DFFE_PP_/Q (sg13g2_dfrbpq_1)
                                                         u_input_buffer.mem[21][2] (net)
                      0.020626    0.000000    0.157086 v _3353_/A (sg13g2_nor2_1)
     1    0.003144    0.029155    0.037281    0.194367 ^ _3353_/Y (sg13g2_nor2_1)
                                                         _0590_ (net)
                      0.029155    0.000000    0.194367 ^ _3354_/B1 (sg13g2_a21oi_1)
     1    0.001523    0.012004    0.019239    0.213606 v _3354_/Y (sg13g2_a21oi_1)
                                                         _0154_ (net)
                      0.012004    0.000000    0.213606 v u_input_buffer.mem[21][2]$_DFFE_PP_/D (sg13g2_dfrbpq_1)
                                              0.213606   data arrival time

                      0.150000    0.000000    0.000000   clock clk (rise edge)
                                  0.000000    0.000000   clock network delay (ideal)
                                  0.250000    0.250000   clock uncertainty
                                  0.000000    0.250000   clock reconvergence pessimism
                                              0.250000 ^ u_input_buffer.mem[21][2]$_DFFE_PP_/CLK (sg13g2_dfrbpq_1)
                                  0.000436    0.250436   library hold time
                                              0.250436   data required time
---------------------------------------------------------------------------------------------
                                              0.250436   data required time
                                             -0.213606   data arrival time
---------------------------------------------------------------------------------------------
                                             -0.036830   slack (VIOLATED)


Startpoint: u_input_buffer.mem[21][3]$_DFFE_PP_
            (rising edge-triggered flip-flop clocked by clk)
Endpoint: u_input_buffer.mem[21][3]$_DFFE_PP_
          (rising edge-triggered flip-flop clocked by clk)
Path Group: clk
Path Type: min

Fanout         Cap        Slew       Delay        Time   Description
---------------------------------------------------------------------------------------------
                      0.150000    0.000000    0.000000   clock clk (rise edge)
                                  0.000000    0.000000   clock network delay (ideal)
                      0.150000    0.000000    0.000000 ^ u_input_buffer.mem[21][3]$_DFFE_PP_/CLK (sg13g2_dfrbpq_1)
     2    0.006391    0.020626    0.157086    0.157086 v u_input_buffer.mem[21][3]$_DFFE_PP_/Q (sg13g2_dfrbpq_1)
                                                         u_input_buffer.mem[21][3] (net)
                      0.020626    0.000000    0.157086 v _3355_/A (sg13g2_nor2_1)
     1    0.003144    0.029155    0.037281    0.194367 ^ _3355_/Y (sg13g2_nor2_1)
                                                         _0591_ (net)
                      0.029155    0.000000    0.194367 ^ _3356_/B1 (sg13g2_a21oi_1)
     1    0.001523    0.012004    0.019239    0.213606 v _3356_/Y (sg13g2_a21oi_1)
                                                         _0155_ (net)
                      0.012004    0.000000    0.213606 v u_input_buffer.mem[21][3]$_DFFE_PP_/D (sg13g2_dfrbpq_1)
                                              0.213606   data arrival time

                      0.150000    0.000000    0.000000   clock clk (rise edge)
                                  0.000000    0.000000   clock network delay (ideal)
                                  0.250000    0.250000   clock uncertainty
                                  0.000000    0.250000   clock reconvergence pessimism
                                              0.250000 ^ u_input_buffer.mem[21][3]$_DFFE_PP_/CLK (sg13g2_dfrbpq_1)
                                  0.000436    0.250436   library hold time
                                              0.250436   data required time
---------------------------------------------------------------------------------------------
                                              0.250436   data required time
                                             -0.213606   data arrival time
---------------------------------------------------------------------------------------------
                                             -0.036830   slack (VIOLATED)


Startpoint: u_input_buffer.mem[21][4]$_DFFE_PP_
            (rising edge-triggered flip-flop clocked by clk)
Endpoint: u_input_buffer.mem[21][4]$_DFFE_PP_
          (rising edge-triggered flip-flop clocked by clk)
Path Group: clk
Path Type: min

Fanout         Cap        Slew       Delay        Time   Description
---------------------------------------------------------------------------------------------
                      0.150000    0.000000    0.000000   clock clk (rise edge)
                                  0.000000    0.000000   clock network delay (ideal)
                      0.150000    0.000000    0.000000 ^ u_input_buffer.mem[21][4]$_DFFE_PP_/CLK (sg13g2_dfrbpq_1)
     2    0.006391    0.020626    0.157086    0.157086 v u_input_buffer.mem[21][4]$_DFFE_PP_/Q (sg13g2_dfrbpq_1)
                                                         u_input_buffer.mem[21][4] (net)
                      0.020626    0.000000    0.157086 v _3357_/A (sg13g2_nor2_1)
     1    0.003144    0.029155    0.037281    0.194367 ^ _3357_/Y (sg13g2_nor2_1)
                                                         _0592_ (net)
                      0.029155    0.000000    0.194367 ^ _3358_/B1 (sg13g2_a21oi_1)
     1    0.001523    0.012004    0.019239    0.213606 v _3358_/Y (sg13g2_a21oi_1)
                                                         _0156_ (net)
                      0.012004    0.000000    0.213606 v u_input_buffer.mem[21][4]$_DFFE_PP_/D (sg13g2_dfrbpq_1)
                                              0.213606   data arrival time

                      0.150000    0.000000    0.000000   clock clk (rise edge)
                                  0.000000    0.000000   clock network delay (ideal)
                                  0.250000    0.250000   clock uncertainty
                                  0.000000    0.250000   clock reconvergence pessimism
                                              0.250000 ^ u_input_buffer.mem[21][4]$_DFFE_PP_/CLK (sg13g2_dfrbpq_1)
                                  0.000436    0.250436   library hold time
                                              0.250436   data required time
---------------------------------------------------------------------------------------------
                                              0.250436   data required time
                                             -0.213606   data arrival time
---------------------------------------------------------------------------------------------
                                             -0.036830   slack (VIOLATED)


Startpoint: u_input_buffer.mem[21][5]$_DFFE_PP_
            (rising edge-triggered flip-flop clocked by clk)
Endpoint: u_input_buffer.mem[21][5]$_DFFE_PP_
          (rising edge-triggered flip-flop clocked by clk)
Path Group: clk
Path Type: min

Fanout         Cap        Slew       Delay        Time   Description
---------------------------------------------------------------------------------------------
                      0.150000    0.000000    0.000000   clock clk (rise edge)
                                  0.000000    0.000000   clock network delay (ideal)
                      0.150000    0.000000    0.000000 ^ u_input_buffer.mem[21][5]$_DFFE_PP_/CLK (sg13g2_dfrbpq_1)
     2    0.006391    0.020626    0.157086    0.157086 v u_input_buffer.mem[21][5]$_DFFE_PP_/Q (sg13g2_dfrbpq_1)
                                                         u_input_buffer.mem[21][5] (net)
                      0.020626    0.000000    0.157086 v _3359_/A (sg13g2_nor2_1)
     1    0.003144    0.029155    0.037281    0.194367 ^ _3359_/Y (sg13g2_nor2_1)
                                                         _0593_ (net)
                      0.029155    0.000000    0.194367 ^ _3360_/B1 (sg13g2_a21oi_1)
     1    0.001523    0.012004    0.019239    0.213606 v _3360_/Y (sg13g2_a21oi_1)
                                                         _0157_ (net)
                      0.012004    0.000000    0.213606 v u_input_buffer.mem[21][5]$_DFFE_PP_/D (sg13g2_dfrbpq_1)
                                              0.213606   data arrival time

                      0.150000    0.000000    0.000000   clock clk (rise edge)
                                  0.000000    0.000000   clock network delay (ideal)
                                  0.250000    0.250000   clock uncertainty
                                  0.000000    0.250000   clock reconvergence pessimism
                                              0.250000 ^ u_input_buffer.mem[21][5]$_DFFE_PP_/CLK (sg13g2_dfrbpq_1)
                                  0.000436    0.250436   library hold time
                                              0.250436   data required time
---------------------------------------------------------------------------------------------
                                              0.250436   data required time
                                             -0.213606   data arrival time
---------------------------------------------------------------------------------------------
                                             -0.036830   slack (VIOLATED)


Startpoint: u_input_buffer.mem[21][6]$_DFFE_PP_
            (rising edge-triggered flip-flop clocked by clk)
Endpoint: u_input_buffer.mem[21][6]$_DFFE_PP_
          (rising edge-triggered flip-flop clocked by clk)
Path Group: clk
Path Type: min

Fanout         Cap        Slew       Delay        Time   Description
---------------------------------------------------------------------------------------------
                      0.150000    0.000000    0.000000   clock clk (rise edge)
                                  0.000000    0.000000   clock network delay (ideal)
                      0.150000    0.000000    0.000000 ^ u_input_buffer.mem[21][6]$_DFFE_PP_/CLK (sg13g2_dfrbpq_1)
     2    0.006391    0.020626    0.157086    0.157086 v u_input_buffer.mem[21][6]$_DFFE_PP_/Q (sg13g2_dfrbpq_1)
                                                         u_input_buffer.mem[21][6] (net)
                      0.020626    0.000000    0.157086 v _3361_/A (sg13g2_nor2_1)
     1    0.003144    0.029155    0.037281    0.194367 ^ _3361_/Y (sg13g2_nor2_1)
                                                         _0594_ (net)
                      0.029155    0.000000    0.194367 ^ _3362_/B1 (sg13g2_a21oi_1)
     1    0.001523    0.012004    0.019239    0.213606 v _3362_/Y (sg13g2_a21oi_1)
                                                         _0158_ (net)
                      0.012004    0.000000    0.213606 v u_input_buffer.mem[21][6]$_DFFE_PP_/D (sg13g2_dfrbpq_1)
                                              0.213606   data arrival time

                      0.150000    0.000000    0.000000   clock clk (rise edge)
                                  0.000000    0.000000   clock network delay (ideal)
                                  0.250000    0.250000   clock uncertainty
                                  0.000000    0.250000   clock reconvergence pessimism
                                              0.250000 ^ u_input_buffer.mem[21][6]$_DFFE_PP_/CLK (sg13g2_dfrbpq_1)
                                  0.000436    0.250436   library hold time
                                              0.250436   data required time
---------------------------------------------------------------------------------------------
                                              0.250436   data required time
                                             -0.213606   data arrival time
---------------------------------------------------------------------------------------------
                                             -0.036830   slack (VIOLATED)


Startpoint: u_input_buffer.mem[21][7]$_DFFE_PP_
            (rising edge-triggered flip-flop clocked by clk)
Endpoint: u_input_buffer.mem[21][7]$_DFFE_PP_
          (rising edge-triggered flip-flop clocked by clk)
Path Group: clk
Path Type: min

Fanout         Cap        Slew       Delay        Time   Description
---------------------------------------------------------------------------------------------
                      0.150000    0.000000    0.000000   clock clk (rise edge)
                                  0.000000    0.000000   clock network delay (ideal)
                      0.150000    0.000000    0.000000 ^ u_input_buffer.mem[21][7]$_DFFE_PP_/CLK (sg13g2_dfrbpq_1)
     2    0.006391    0.020626    0.157086    0.157086 v u_input_buffer.mem[21][7]$_DFFE_PP_/Q (sg13g2_dfrbpq_1)
                                                         u_input_buffer.mem[21][7] (net)
                      0.020626    0.000000    0.157086 v _3363_/A (sg13g2_nor2_1)
     1    0.003144    0.029155    0.037281    0.194367 ^ _3363_/Y (sg13g2_nor2_1)
                                                         _0595_ (net)
                      0.029155    0.000000    0.194367 ^ _3364_/B1 (sg13g2_a21oi_1)
     1    0.001523    0.012004    0.019239    0.213606 v _3364_/Y (sg13g2_a21oi_1)
                                                         _0159_ (net)
                      0.012004    0.000000    0.213606 v u_input_buffer.mem[21][7]$_DFFE_PP_/D (sg13g2_dfrbpq_1)
                                              0.213606   data arrival time

                      0.150000    0.000000    0.000000   clock clk (rise edge)
                                  0.000000    0.000000   clock network delay (ideal)
                                  0.250000    0.250000   clock uncertainty
                                  0.000000    0.250000   clock reconvergence pessimism
                                              0.250000 ^ u_input_buffer.mem[21][7]$_DFFE_PP_/CLK (sg13g2_dfrbpq_1)
                                  0.000436    0.250436   library hold time
                                              0.250436   data required time
---------------------------------------------------------------------------------------------
                                              0.250436   data required time
                                             -0.213606   data arrival time
---------------------------------------------------------------------------------------------
                                             -0.036830   slack (VIOLATED)


Startpoint: u_input_buffer.mem[22][0]$_DFFE_PP_
            (rising edge-triggered flip-flop clocked by clk)
Endpoint: u_input_buffer.mem[22][0]$_DFFE_PP_
          (rising edge-triggered flip-flop clocked by clk)
Path Group: clk
Path Type: min

Fanout         Cap        Slew       Delay        Time   Description
---------------------------------------------------------------------------------------------
                      0.150000    0.000000    0.000000   clock clk (rise edge)
                                  0.000000    0.000000   clock network delay (ideal)
                      0.150000    0.000000    0.000000 ^ u_input_buffer.mem[22][0]$_DFFE_PP_/CLK (sg13g2_dfrbpq_1)
     2    0.006391    0.020626    0.157086    0.157086 v u_input_buffer.mem[22][0]$_DFFE_PP_/Q (sg13g2_dfrbpq_1)
                                                         u_input_buffer.mem[22][0] (net)
                      0.020626    0.000000    0.157086 v _3366_/A (sg13g2_nor2_1)
     1    0.003144    0.029155    0.037281    0.194367 ^ _3366_/Y (sg13g2_nor2_1)
                                                         _0597_ (net)
                      0.029155    0.000000    0.194367 ^ _3367_/B1 (sg13g2_a21oi_1)
     1    0.001523    0.012004    0.019239    0.213606 v _3367_/Y (sg13g2_a21oi_1)
                                                         _0160_ (net)
                      0.012004    0.000000    0.213606 v u_input_buffer.mem[22][0]$_DFFE_PP_/D (sg13g2_dfrbpq_1)
                                              0.213606   data arrival time

                      0.150000    0.000000    0.000000   clock clk (rise edge)
                                  0.000000    0.000000   clock network delay (ideal)
                                  0.250000    0.250000   clock uncertainty
                                  0.000000    0.250000   clock reconvergence pessimism
                                              0.250000 ^ u_input_buffer.mem[22][0]$_DFFE_PP_/CLK (sg13g2_dfrbpq_1)
                                  0.000436    0.250436   library hold time
                                              0.250436   data required time
---------------------------------------------------------------------------------------------
                                              0.250436   data required time
                                             -0.213606   data arrival time
---------------------------------------------------------------------------------------------
                                             -0.036830   slack (VIOLATED)


Startpoint: u_input_buffer.mem[22][1]$_DFFE_PP_
            (rising edge-triggered flip-flop clocked by clk)
Endpoint: u_input_buffer.mem[22][1]$_DFFE_PP_
          (rising edge-triggered flip-flop clocked by clk)
Path Group: clk
Path Type: min

Fanout         Cap        Slew       Delay        Time   Description
---------------------------------------------------------------------------------------------
                      0.150000    0.000000    0.000000   clock clk (rise edge)
                                  0.000000    0.000000   clock network delay (ideal)
                      0.150000    0.000000    0.000000 ^ u_input_buffer.mem[22][1]$_DFFE_PP_/CLK (sg13g2_dfrbpq_1)
     2    0.006391    0.020626    0.157086    0.157086 v u_input_buffer.mem[22][1]$_DFFE_PP_/Q (sg13g2_dfrbpq_1)
                                                         u_input_buffer.mem[22][1] (net)
                      0.020626    0.000000    0.157086 v _3368_/A (sg13g2_nor2_1)
     1    0.003144    0.029155    0.037281    0.194367 ^ _3368_/Y (sg13g2_nor2_1)
                                                         _0598_ (net)
                      0.029155    0.000000    0.194367 ^ _3369_/B1 (sg13g2_a21oi_1)
     1    0.001523    0.012004    0.019239    0.213606 v _3369_/Y (sg13g2_a21oi_1)
                                                         _0161_ (net)
                      0.012004    0.000000    0.213606 v u_input_buffer.mem[22][1]$_DFFE_PP_/D (sg13g2_dfrbpq_1)
                                              0.213606   data arrival time

                      0.150000    0.000000    0.000000   clock clk (rise edge)
                                  0.000000    0.000000   clock network delay (ideal)
                                  0.250000    0.250000   clock uncertainty
                                  0.000000    0.250000   clock reconvergence pessimism
                                              0.250000 ^ u_input_buffer.mem[22][1]$_DFFE_PP_/CLK (sg13g2_dfrbpq_1)
                                  0.000436    0.250436   library hold time
                                              0.250436   data required time
---------------------------------------------------------------------------------------------
                                              0.250436   data required time
                                             -0.213606   data arrival time
---------------------------------------------------------------------------------------------
                                             -0.036830   slack (VIOLATED)


Startpoint: u_input_buffer.mem[22][2]$_DFFE_PP_
            (rising edge-triggered flip-flop clocked by clk)
Endpoint: u_input_buffer.mem[22][2]$_DFFE_PP_
          (rising edge-triggered flip-flop clocked by clk)
Path Group: clk
Path Type: min

Fanout         Cap        Slew       Delay        Time   Description
---------------------------------------------------------------------------------------------
                      0.150000    0.000000    0.000000   clock clk (rise edge)
                                  0.000000    0.000000   clock network delay (ideal)
                      0.150000    0.000000    0.000000 ^ u_input_buffer.mem[22][2]$_DFFE_PP_/CLK (sg13g2_dfrbpq_1)
     2    0.006391    0.020626    0.157086    0.157086 v u_input_buffer.mem[22][2]$_DFFE_PP_/Q (sg13g2_dfrbpq_1)
                                                         u_input_buffer.mem[22][2] (net)
                      0.020626    0.000000    0.157086 v _3370_/A (sg13g2_nor2_1)
     1    0.003144    0.029155    0.037281    0.194367 ^ _3370_/Y (sg13g2_nor2_1)
                                                         _0599_ (net)
                      0.029155    0.000000    0.194367 ^ _3371_/B1 (sg13g2_a21oi_1)
     1    0.001523    0.012004    0.019239    0.213606 v _3371_/Y (sg13g2_a21oi_1)
                                                         _0162_ (net)
                      0.012004    0.000000    0.213606 v u_input_buffer.mem[22][2]$_DFFE_PP_/D (sg13g2_dfrbpq_1)
                                              0.213606   data arrival time

                      0.150000    0.000000    0.000000   clock clk (rise edge)
                                  0.000000    0.000000   clock network delay (ideal)
                                  0.250000    0.250000   clock uncertainty
                                  0.000000    0.250000   clock reconvergence pessimism
                                              0.250000 ^ u_input_buffer.mem[22][2]$_DFFE_PP_/CLK (sg13g2_dfrbpq_1)
                                  0.000436    0.250436   library hold time
                                              0.250436   data required time
---------------------------------------------------------------------------------------------
                                              0.250436   data required time
                                             -0.213606   data arrival time
---------------------------------------------------------------------------------------------
                                             -0.036830   slack (VIOLATED)


Startpoint: u_input_buffer.mem[22][3]$_DFFE_PP_
            (rising edge-triggered flip-flop clocked by clk)
Endpoint: u_input_buffer.mem[22][3]$_DFFE_PP_
          (rising edge-triggered flip-flop clocked by clk)
Path Group: clk
Path Type: min

Fanout         Cap        Slew       Delay        Time   Description
---------------------------------------------------------------------------------------------
                      0.150000    0.000000    0.000000   clock clk (rise edge)
                                  0.000000    0.000000   clock network delay (ideal)
                      0.150000    0.000000    0.000000 ^ u_input_buffer.mem[22][3]$_DFFE_PP_/CLK (sg13g2_dfrbpq_1)
     2    0.006391    0.020626    0.157086    0.157086 v u_input_buffer.mem[22][3]$_DFFE_PP_/Q (sg13g2_dfrbpq_1)
                                                         u_input_buffer.mem[22][3] (net)
                      0.020626    0.000000    0.157086 v _3372_/A (sg13g2_nor2_1)
     1    0.003144    0.029155    0.037281    0.194367 ^ _3372_/Y (sg13g2_nor2_1)
                                                         _0600_ (net)
                      0.029155    0.000000    0.194367 ^ _3373_/B1 (sg13g2_a21oi_1)
     1    0.001523    0.012004    0.019239    0.213606 v _3373_/Y (sg13g2_a21oi_1)
                                                         _0163_ (net)
                      0.012004    0.000000    0.213606 v u_input_buffer.mem[22][3]$_DFFE_PP_/D (sg13g2_dfrbpq_1)
                                              0.213606   data arrival time

                      0.150000    0.000000    0.000000   clock clk (rise edge)
                                  0.000000    0.000000   clock network delay (ideal)
                                  0.250000    0.250000   clock uncertainty
                                  0.000000    0.250000   clock reconvergence pessimism
                                              0.250000 ^ u_input_buffer.mem[22][3]$_DFFE_PP_/CLK (sg13g2_dfrbpq_1)
                                  0.000436    0.250436   library hold time
                                              0.250436   data required time
---------------------------------------------------------------------------------------------
                                              0.250436   data required time
                                             -0.213606   data arrival time
---------------------------------------------------------------------------------------------
                                             -0.036830   slack (VIOLATED)


Startpoint: u_input_buffer.mem[22][4]$_DFFE_PP_
            (rising edge-triggered flip-flop clocked by clk)
Endpoint: u_input_buffer.mem[22][4]$_DFFE_PP_
          (rising edge-triggered flip-flop clocked by clk)
Path Group: clk
Path Type: min

Fanout         Cap        Slew       Delay        Time   Description
---------------------------------------------------------------------------------------------
                      0.150000    0.000000    0.000000   clock clk (rise edge)
                                  0.000000    0.000000   clock network delay (ideal)
                      0.150000    0.000000    0.000000 ^ u_input_buffer.mem[22][4]$_DFFE_PP_/CLK (sg13g2_dfrbpq_1)
     2    0.006391    0.020626    0.157086    0.157086 v u_input_buffer.mem[22][4]$_DFFE_PP_/Q (sg13g2_dfrbpq_1)
                                                         u_input_buffer.mem[22][4] (net)
                      0.020626    0.000000    0.157086 v _3374_/A (sg13g2_nor2_1)
     1    0.003144    0.029155    0.037281    0.194367 ^ _3374_/Y (sg13g2_nor2_1)
                                                         _0601_ (net)
                      0.029155    0.000000    0.194367 ^ _3375_/B1 (sg13g2_a21oi_1)
     1    0.001523    0.012004    0.019239    0.213606 v _3375_/Y (sg13g2_a21oi_1)
                                                         _0164_ (net)
                      0.012004    0.000000    0.213606 v u_input_buffer.mem[22][4]$_DFFE_PP_/D (sg13g2_dfrbpq_1)
                                              0.213606   data arrival time

                      0.150000    0.000000    0.000000   clock clk (rise edge)
                                  0.000000    0.000000   clock network delay (ideal)
                                  0.250000    0.250000   clock uncertainty
                                  0.000000    0.250000   clock reconvergence pessimism
                                              0.250000 ^ u_input_buffer.mem[22][4]$_DFFE_PP_/CLK (sg13g2_dfrbpq_1)
                                  0.000436    0.250436   library hold time
                                              0.250436   data required time
---------------------------------------------------------------------------------------------
                                              0.250436   data required time
                                             -0.213606   data arrival time
---------------------------------------------------------------------------------------------
                                             -0.036830   slack (VIOLATED)


Startpoint: u_input_buffer.mem[22][5]$_DFFE_PP_
            (rising edge-triggered flip-flop clocked by clk)
Endpoint: u_input_buffer.mem[22][5]$_DFFE_PP_
          (rising edge-triggered flip-flop clocked by clk)
Path Group: clk
Path Type: min

Fanout         Cap        Slew       Delay        Time   Description
---------------------------------------------------------------------------------------------
                      0.150000    0.000000    0.000000   clock clk (rise edge)
                                  0.000000    0.000000   clock network delay (ideal)
                      0.150000    0.000000    0.000000 ^ u_input_buffer.mem[22][5]$_DFFE_PP_/CLK (sg13g2_dfrbpq_1)
     2    0.006391    0.020626    0.157086    0.157086 v u_input_buffer.mem[22][5]$_DFFE_PP_/Q (sg13g2_dfrbpq_1)
                                                         u_input_buffer.mem[22][5] (net)
                      0.020626    0.000000    0.157086 v _3376_/A (sg13g2_nor2_1)
     1    0.003144    0.029155    0.037281    0.194367 ^ _3376_/Y (sg13g2_nor2_1)
                                                         _0602_ (net)
                      0.029155    0.000000    0.194367 ^ _3377_/B1 (sg13g2_a21oi_1)
     1    0.001523    0.012004    0.019239    0.213606 v _3377_/Y (sg13g2_a21oi_1)
                                                         _0165_ (net)
                      0.012004    0.000000    0.213606 v u_input_buffer.mem[22][5]$_DFFE_PP_/D (sg13g2_dfrbpq_1)
                                              0.213606   data arrival time

                      0.150000    0.000000    0.000000   clock clk (rise edge)
                                  0.000000    0.000000   clock network delay (ideal)
                                  0.250000    0.250000   clock uncertainty
                                  0.000000    0.250000   clock reconvergence pessimism
                                              0.250000 ^ u_input_buffer.mem[22][5]$_DFFE_PP_/CLK (sg13g2_dfrbpq_1)
                                  0.000436    0.250436   library hold time
                                              0.250436   data required time
---------------------------------------------------------------------------------------------
                                              0.250436   data required time
                                             -0.213606   data arrival time
---------------------------------------------------------------------------------------------
                                             -0.036830   slack (VIOLATED)


Startpoint: u_input_buffer.mem[22][6]$_DFFE_PP_
            (rising edge-triggered flip-flop clocked by clk)
Endpoint: u_input_buffer.mem[22][6]$_DFFE_PP_
          (rising edge-triggered flip-flop clocked by clk)
Path Group: clk
Path Type: min

Fanout         Cap        Slew       Delay        Time   Description
---------------------------------------------------------------------------------------------
                      0.150000    0.000000    0.000000   clock clk (rise edge)
                                  0.000000    0.000000   clock network delay (ideal)
                      0.150000    0.000000    0.000000 ^ u_input_buffer.mem[22][6]$_DFFE_PP_/CLK (sg13g2_dfrbpq_1)
     2    0.006391    0.020626    0.157086    0.157086 v u_input_buffer.mem[22][6]$_DFFE_PP_/Q (sg13g2_dfrbpq_1)
                                                         u_input_buffer.mem[22][6] (net)
                      0.020626    0.000000    0.157086 v _3378_/A (sg13g2_nor2_1)
     1    0.003144    0.029155    0.037281    0.194367 ^ _3378_/Y (sg13g2_nor2_1)
                                                         _0603_ (net)
                      0.029155    0.000000    0.194367 ^ _3379_/B1 (sg13g2_a21oi_1)
     1    0.001523    0.012004    0.019239    0.213606 v _3379_/Y (sg13g2_a21oi_1)
                                                         _0166_ (net)
                      0.012004    0.000000    0.213606 v u_input_buffer.mem[22][6]$_DFFE_PP_/D (sg13g2_dfrbpq_1)
                                              0.213606   data arrival time

                      0.150000    0.000000    0.000000   clock clk (rise edge)
                                  0.000000    0.000000   clock network delay (ideal)
                                  0.250000    0.250000   clock uncertainty
                                  0.000000    0.250000   clock reconvergence pessimism
                                              0.250000 ^ u_input_buffer.mem[22][6]$_DFFE_PP_/CLK (sg13g2_dfrbpq_1)
                                  0.000436    0.250436   library hold time
                                              0.250436   data required time
---------------------------------------------------------------------------------------------
                                              0.250436   data required time
                                             -0.213606   data arrival time
---------------------------------------------------------------------------------------------
                                             -0.036830   slack (VIOLATED)


Startpoint: u_input_buffer.mem[22][7]$_DFFE_PP_
            (rising edge-triggered flip-flop clocked by clk)
Endpoint: u_input_buffer.mem[22][7]$_DFFE_PP_
          (rising edge-triggered flip-flop clocked by clk)
Path Group: clk
Path Type: min

Fanout         Cap        Slew       Delay        Time   Description
---------------------------------------------------------------------------------------------
                      0.150000    0.000000    0.000000   clock clk (rise edge)
                                  0.000000    0.000000   clock network delay (ideal)
                      0.150000    0.000000    0.000000 ^ u_input_buffer.mem[22][7]$_DFFE_PP_/CLK (sg13g2_dfrbpq_1)
     2    0.006391    0.020626    0.157086    0.157086 v u_input_buffer.mem[22][7]$_DFFE_PP_/Q (sg13g2_dfrbpq_1)
                                                         u_input_buffer.mem[22][7] (net)
                      0.020626    0.000000    0.157086 v _3380_/A (sg13g2_nor2_1)
     1    0.003144    0.029155    0.037281    0.194367 ^ _3380_/Y (sg13g2_nor2_1)
                                                         _0604_ (net)
                      0.029155    0.000000    0.194367 ^ _3381_/B1 (sg13g2_a21oi_1)
     1    0.001523    0.012004    0.019239    0.213606 v _3381_/Y (sg13g2_a21oi_1)
                                                         _0167_ (net)
                      0.012004    0.000000    0.213606 v u_input_buffer.mem[22][7]$_DFFE_PP_/D (sg13g2_dfrbpq_1)
                                              0.213606   data arrival time

                      0.150000    0.000000    0.000000   clock clk (rise edge)
                                  0.000000    0.000000   clock network delay (ideal)
                                  0.250000    0.250000   clock uncertainty
                                  0.000000    0.250000   clock reconvergence pessimism
                                              0.250000 ^ u_input_buffer.mem[22][7]$_DFFE_PP_/CLK (sg13g2_dfrbpq_1)
                                  0.000436    0.250436   library hold time
                                              0.250436   data required time
---------------------------------------------------------------------------------------------
                                              0.250436   data required time
                                             -0.213606   data arrival time
---------------------------------------------------------------------------------------------
                                             -0.036830   slack (VIOLATED)


Startpoint: u_input_buffer.mem[23][0]$_DFFE_PP_
            (rising edge-triggered flip-flop clocked by clk)
Endpoint: u_input_buffer.mem[23][0]$_DFFE_PP_
          (rising edge-triggered flip-flop clocked by clk)
Path Group: clk
Path Type: min

Fanout         Cap        Slew       Delay        Time   Description
---------------------------------------------------------------------------------------------
                      0.150000    0.000000    0.000000   clock clk (rise edge)
                                  0.000000    0.000000   clock network delay (ideal)
                      0.150000    0.000000    0.000000 ^ u_input_buffer.mem[23][0]$_DFFE_PP_/CLK (sg13g2_dfrbpq_1)
     2    0.006391    0.020626    0.157086    0.157086 v u_input_buffer.mem[23][0]$_DFFE_PP_/Q (sg13g2_dfrbpq_1)
                                                         u_input_buffer.mem[23][0] (net)
                      0.020626    0.000000    0.157086 v _3383_/A (sg13g2_nor2_1)
     1    0.003144    0.029155    0.037281    0.194367 ^ _3383_/Y (sg13g2_nor2_1)
                                                         _0606_ (net)
                      0.029155    0.000000    0.194367 ^ _3384_/B1 (sg13g2_a21oi_1)
     1    0.001523    0.012004    0.019239    0.213606 v _3384_/Y (sg13g2_a21oi_1)
                                                         _0168_ (net)
                      0.012004    0.000000    0.213606 v u_input_buffer.mem[23][0]$_DFFE_PP_/D (sg13g2_dfrbpq_1)
                                              0.213606   data arrival time

                      0.150000    0.000000    0.000000   clock clk (rise edge)
                                  0.000000    0.000000   clock network delay (ideal)
                                  0.250000    0.250000   clock uncertainty
                                  0.000000    0.250000   clock reconvergence pessimism
                                              0.250000 ^ u_input_buffer.mem[23][0]$_DFFE_PP_/CLK (sg13g2_dfrbpq_1)
                                  0.000436    0.250436   library hold time
                                              0.250436   data required time
---------------------------------------------------------------------------------------------
                                              0.250436   data required time
                                             -0.213606   data arrival time
---------------------------------------------------------------------------------------------
                                             -0.036830   slack (VIOLATED)


Startpoint: u_input_buffer.mem[23][1]$_DFFE_PP_
            (rising edge-triggered flip-flop clocked by clk)
Endpoint: u_input_buffer.mem[23][1]$_DFFE_PP_
          (rising edge-triggered flip-flop clocked by clk)
Path Group: clk
Path Type: min

Fanout         Cap        Slew       Delay        Time   Description
---------------------------------------------------------------------------------------------
                      0.150000    0.000000    0.000000   clock clk (rise edge)
                                  0.000000    0.000000   clock network delay (ideal)
                      0.150000    0.000000    0.000000 ^ u_input_buffer.mem[23][1]$_DFFE_PP_/CLK (sg13g2_dfrbpq_1)
     2    0.006391    0.020626    0.157086    0.157086 v u_input_buffer.mem[23][1]$_DFFE_PP_/Q (sg13g2_dfrbpq_1)
                                                         u_input_buffer.mem[23][1] (net)
                      0.020626    0.000000    0.157086 v _3385_/A (sg13g2_nor2_1)
     1    0.003144    0.029155    0.037281    0.194367 ^ _3385_/Y (sg13g2_nor2_1)
                                                         _0607_ (net)
                      0.029155    0.000000    0.194367 ^ _3386_/B1 (sg13g2_a21oi_1)
     1    0.001523    0.012004    0.019239    0.213606 v _3386_/Y (sg13g2_a21oi_1)
                                                         _0169_ (net)
                      0.012004    0.000000    0.213606 v u_input_buffer.mem[23][1]$_DFFE_PP_/D (sg13g2_dfrbpq_1)
                                              0.213606   data arrival time

                      0.150000    0.000000    0.000000   clock clk (rise edge)
                                  0.000000    0.000000   clock network delay (ideal)
                                  0.250000    0.250000   clock uncertainty
                                  0.000000    0.250000   clock reconvergence pessimism
                                              0.250000 ^ u_input_buffer.mem[23][1]$_DFFE_PP_/CLK (sg13g2_dfrbpq_1)
                                  0.000436    0.250436   library hold time
                                              0.250436   data required time
---------------------------------------------------------------------------------------------
                                              0.250436   data required time
                                             -0.213606   data arrival time
---------------------------------------------------------------------------------------------
                                             -0.036830   slack (VIOLATED)


Startpoint: u_input_buffer.mem[23][2]$_DFFE_PP_
            (rising edge-triggered flip-flop clocked by clk)
Endpoint: u_input_buffer.mem[23][2]$_DFFE_PP_
          (rising edge-triggered flip-flop clocked by clk)
Path Group: clk
Path Type: min

Fanout         Cap        Slew       Delay        Time   Description
---------------------------------------------------------------------------------------------
                      0.150000    0.000000    0.000000   clock clk (rise edge)
                                  0.000000    0.000000   clock network delay (ideal)
                      0.150000    0.000000    0.000000 ^ u_input_buffer.mem[23][2]$_DFFE_PP_/CLK (sg13g2_dfrbpq_1)
     2    0.006391    0.020626    0.157086    0.157086 v u_input_buffer.mem[23][2]$_DFFE_PP_/Q (sg13g2_dfrbpq_1)
                                                         u_input_buffer.mem[23][2] (net)
                      0.020626    0.000000    0.157086 v _3387_/A (sg13g2_nor2_1)
     1    0.003144    0.029155    0.037281    0.194367 ^ _3387_/Y (sg13g2_nor2_1)
                                                         _0608_ (net)
                      0.029155    0.000000    0.194367 ^ _3388_/B1 (sg13g2_a21oi_1)
     1    0.001523    0.012004    0.019239    0.213606 v _3388_/Y (sg13g2_a21oi_1)
                                                         _0170_ (net)
                      0.012004    0.000000    0.213606 v u_input_buffer.mem[23][2]$_DFFE_PP_/D (sg13g2_dfrbpq_1)
                                              0.213606   data arrival time

                      0.150000    0.000000    0.000000   clock clk (rise edge)
                                  0.000000    0.000000   clock network delay (ideal)
                                  0.250000    0.250000   clock uncertainty
                                  0.000000    0.250000   clock reconvergence pessimism
                                              0.250000 ^ u_input_buffer.mem[23][2]$_DFFE_PP_/CLK (sg13g2_dfrbpq_1)
                                  0.000436    0.250436   library hold time
                                              0.250436   data required time
---------------------------------------------------------------------------------------------
                                              0.250436   data required time
                                             -0.213606   data arrival time
---------------------------------------------------------------------------------------------
                                             -0.036830   slack (VIOLATED)


Startpoint: u_input_buffer.mem[23][4]$_DFFE_PP_
            (rising edge-triggered flip-flop clocked by clk)
Endpoint: u_input_buffer.mem[23][4]$_DFFE_PP_
          (rising edge-triggered flip-flop clocked by clk)
Path Group: clk
Path Type: min

Fanout         Cap        Slew       Delay        Time   Description
---------------------------------------------------------------------------------------------
                      0.150000    0.000000    0.000000   clock clk (rise edge)
                                  0.000000    0.000000   clock network delay (ideal)
                      0.150000    0.000000    0.000000 ^ u_input_buffer.mem[23][4]$_DFFE_PP_/CLK (sg13g2_dfrbpq_1)
     2    0.006391    0.020626    0.157086    0.157086 v u_input_buffer.mem[23][4]$_DFFE_PP_/Q (sg13g2_dfrbpq_1)
                                                         u_input_buffer.mem[23][4] (net)
                      0.020626    0.000000    0.157086 v _3391_/A (sg13g2_nor2_1)
     1    0.003144    0.029155    0.037281    0.194367 ^ _3391_/Y (sg13g2_nor2_1)
                                                         _0610_ (net)
                      0.029155    0.000000    0.194367 ^ _3392_/B1 (sg13g2_a21oi_1)
     1    0.001523    0.012004    0.019239    0.213606 v _3392_/Y (sg13g2_a21oi_1)
                                                         _0172_ (net)
                      0.012004    0.000000    0.213606 v u_input_buffer.mem[23][4]$_DFFE_PP_/D (sg13g2_dfrbpq_1)
                                              0.213606   data arrival time

                      0.150000    0.000000    0.000000   clock clk (rise edge)
                                  0.000000    0.000000   clock network delay (ideal)
                                  0.250000    0.250000   clock uncertainty
                                  0.000000    0.250000   clock reconvergence pessimism
                                              0.250000 ^ u_input_buffer.mem[23][4]$_DFFE_PP_/CLK (sg13g2_dfrbpq_1)
                                  0.000436    0.250436   library hold time
                                              0.250436   data required time
---------------------------------------------------------------------------------------------
                                              0.250436   data required time
                                             -0.213606   data arrival time
---------------------------------------------------------------------------------------------
                                             -0.036830   slack (VIOLATED)


Startpoint: u_input_buffer.mem[23][5]$_DFFE_PP_
            (rising edge-triggered flip-flop clocked by clk)
Endpoint: u_input_buffer.mem[23][5]$_DFFE_PP_
          (rising edge-triggered flip-flop clocked by clk)
Path Group: clk
Path Type: min

Fanout         Cap        Slew       Delay        Time   Description
---------------------------------------------------------------------------------------------
                      0.150000    0.000000    0.000000   clock clk (rise edge)
                                  0.000000    0.000000   clock network delay (ideal)
                      0.150000    0.000000    0.000000 ^ u_input_buffer.mem[23][5]$_DFFE_PP_/CLK (sg13g2_dfrbpq_1)
     2    0.006391    0.020626    0.157086    0.157086 v u_input_buffer.mem[23][5]$_DFFE_PP_/Q (sg13g2_dfrbpq_1)
                                                         u_input_buffer.mem[23][5] (net)
                      0.020626    0.000000    0.157086 v _3393_/A (sg13g2_nor2_1)
     1    0.003144    0.029155    0.037281    0.194367 ^ _3393_/Y (sg13g2_nor2_1)
                                                         _0611_ (net)
                      0.029155    0.000000    0.194367 ^ _3394_/B1 (sg13g2_a21oi_1)
     1    0.001523    0.012004    0.019239    0.213606 v _3394_/Y (sg13g2_a21oi_1)
                                                         _0173_ (net)
                      0.012004    0.000000    0.213606 v u_input_buffer.mem[23][5]$_DFFE_PP_/D (sg13g2_dfrbpq_1)
                                              0.213606   data arrival time

                      0.150000    0.000000    0.000000   clock clk (rise edge)
                                  0.000000    0.000000   clock network delay (ideal)
                                  0.250000    0.250000   clock uncertainty
                                  0.000000    0.250000   clock reconvergence pessimism
                                              0.250000 ^ u_input_buffer.mem[23][5]$_DFFE_PP_/CLK (sg13g2_dfrbpq_1)
                                  0.000436    0.250436   library hold time
                                              0.250436   data required time
---------------------------------------------------------------------------------------------
                                              0.250436   data required time
                                             -0.213606   data arrival time
---------------------------------------------------------------------------------------------
                                             -0.036830   slack (VIOLATED)


Startpoint: u_input_buffer.mem[23][6]$_DFFE_PP_
            (rising edge-triggered flip-flop clocked by clk)
Endpoint: u_input_buffer.mem[23][6]$_DFFE_PP_
          (rising edge-triggered flip-flop clocked by clk)
Path Group: clk
Path Type: min

Fanout         Cap        Slew       Delay        Time   Description
---------------------------------------------------------------------------------------------
                      0.150000    0.000000    0.000000   clock clk (rise edge)
                                  0.000000    0.000000   clock network delay (ideal)
                      0.150000    0.000000    0.000000 ^ u_input_buffer.mem[23][6]$_DFFE_PP_/CLK (sg13g2_dfrbpq_1)
     2    0.006391    0.020626    0.157086    0.157086 v u_input_buffer.mem[23][6]$_DFFE_PP_/Q (sg13g2_dfrbpq_1)
                                                         u_input_buffer.mem[23][6] (net)
                      0.020626    0.000000    0.157086 v _3395_/A (sg13g2_nor2_1)
     1    0.003144    0.029155    0.037281    0.194367 ^ _3395_/Y (sg13g2_nor2_1)
                                                         _0612_ (net)
                      0.029155    0.000000    0.194367 ^ _3396_/B1 (sg13g2_a21oi_1)
     1    0.001523    0.012004    0.019239    0.213606 v _3396_/Y (sg13g2_a21oi_1)
                                                         _0174_ (net)
                      0.012004    0.000000    0.213606 v u_input_buffer.mem[23][6]$_DFFE_PP_/D (sg13g2_dfrbpq_1)
                                              0.213606   data arrival time

                      0.150000    0.000000    0.000000   clock clk (rise edge)
                                  0.000000    0.000000   clock network delay (ideal)
                                  0.250000    0.250000   clock uncertainty
                                  0.000000    0.250000   clock reconvergence pessimism
                                              0.250000 ^ u_input_buffer.mem[23][6]$_DFFE_PP_/CLK (sg13g2_dfrbpq_1)
                                  0.000436    0.250436   library hold time
                                              0.250436   data required time
---------------------------------------------------------------------------------------------
                                              0.250436   data required time
                                             -0.213606   data arrival time
---------------------------------------------------------------------------------------------
                                             -0.036830   slack (VIOLATED)


Startpoint: u_input_buffer.mem[28][0]$_DFFE_PP_
            (rising edge-triggered flip-flop clocked by clk)
Endpoint: u_input_buffer.mem[28][0]$_DFFE_PP_
          (rising edge-triggered flip-flop clocked by clk)
Path Group: clk
Path Type: min

Fanout         Cap        Slew       Delay        Time   Description
---------------------------------------------------------------------------------------------
                      0.150000    0.000000    0.000000   clock clk (rise edge)
                                  0.000000    0.000000   clock network delay (ideal)
                      0.150000    0.000000    0.000000 ^ u_input_buffer.mem[28][0]$_DFFE_PP_/CLK (sg13g2_dfrbpq_1)
     2    0.006391    0.020626    0.157086    0.157086 v u_input_buffer.mem[28][0]$_DFFE_PP_/Q (sg13g2_dfrbpq_1)
                                                         u_input_buffer.mem[28][0] (net)
                      0.020626    0.000000    0.157086 v _3469_/A (sg13g2_nor2_1)
     1    0.003144    0.029155    0.037281    0.194367 ^ _3469_/Y (sg13g2_nor2_1)
                                                         _0652_ (net)
                      0.029155    0.000000    0.194367 ^ _3470_/B1 (sg13g2_a21oi_1)
     1    0.001523    0.012004    0.019239    0.213606 v _3470_/Y (sg13g2_a21oi_1)
                                                         _0208_ (net)
                      0.012004    0.000000    0.213606 v u_input_buffer.mem[28][0]$_DFFE_PP_/D (sg13g2_dfrbpq_1)
                                              0.213606   data arrival time

                      0.150000    0.000000    0.000000   clock clk (rise edge)
                                  0.000000    0.000000   clock network delay (ideal)
                                  0.250000    0.250000   clock uncertainty
                                  0.000000    0.250000   clock reconvergence pessimism
                                              0.250000 ^ u_input_buffer.mem[28][0]$_DFFE_PP_/CLK (sg13g2_dfrbpq_1)
                                  0.000436    0.250436   library hold time
                                              0.250436   data required time
---------------------------------------------------------------------------------------------
                                              0.250436   data required time
                                             -0.213606   data arrival time
---------------------------------------------------------------------------------------------
                                             -0.036830   slack (VIOLATED)


Startpoint: u_input_buffer.mem[28][1]$_DFFE_PP_
            (rising edge-triggered flip-flop clocked by clk)
Endpoint: u_input_buffer.mem[28][1]$_DFFE_PP_
          (rising edge-triggered flip-flop clocked by clk)
Path Group: clk
Path Type: min

Fanout         Cap        Slew       Delay        Time   Description
---------------------------------------------------------------------------------------------
                      0.150000    0.000000    0.000000   clock clk (rise edge)
                                  0.000000    0.000000   clock network delay (ideal)
                      0.150000    0.000000    0.000000 ^ u_input_buffer.mem[28][1]$_DFFE_PP_/CLK (sg13g2_dfrbpq_1)
     2    0.006391    0.020626    0.157086    0.157086 v u_input_buffer.mem[28][1]$_DFFE_PP_/Q (sg13g2_dfrbpq_1)
                                                         u_input_buffer.mem[28][1] (net)
                      0.020626    0.000000    0.157086 v _3471_/A (sg13g2_nor2_1)
     1    0.003144    0.029155    0.037281    0.194367 ^ _3471_/Y (sg13g2_nor2_1)
                                                         _0653_ (net)
                      0.029155    0.000000    0.194367 ^ _3472_/B1 (sg13g2_a21oi_1)
     1    0.001523    0.012004    0.019239    0.213606 v _3472_/Y (sg13g2_a21oi_1)
                                                         _0209_ (net)
                      0.012004    0.000000    0.213606 v u_input_buffer.mem[28][1]$_DFFE_PP_/D (sg13g2_dfrbpq_1)
                                              0.213606   data arrival time

                      0.150000    0.000000    0.000000   clock clk (rise edge)
                                  0.000000    0.000000   clock network delay (ideal)
                                  0.250000    0.250000   clock uncertainty
                                  0.000000    0.250000   clock reconvergence pessimism
                                              0.250000 ^ u_input_buffer.mem[28][1]$_DFFE_PP_/CLK (sg13g2_dfrbpq_1)
                                  0.000436    0.250436   library hold time
                                              0.250436   data required time
---------------------------------------------------------------------------------------------
                                              0.250436   data required time
                                             -0.213606   data arrival time
---------------------------------------------------------------------------------------------
                                             -0.036830   slack (VIOLATED)


Startpoint: u_input_buffer.mem[28][2]$_DFFE_PP_
            (rising edge-triggered flip-flop clocked by clk)
Endpoint: u_input_buffer.mem[28][2]$_DFFE_PP_
          (rising edge-triggered flip-flop clocked by clk)
Path Group: clk
Path Type: min

Fanout         Cap        Slew       Delay        Time   Description
---------------------------------------------------------------------------------------------
                      0.150000    0.000000    0.000000   clock clk (rise edge)
                                  0.000000    0.000000   clock network delay (ideal)
                      0.150000    0.000000    0.000000 ^ u_input_buffer.mem[28][2]$_DFFE_PP_/CLK (sg13g2_dfrbpq_1)
     2    0.006391    0.020626    0.157086    0.157086 v u_input_buffer.mem[28][2]$_DFFE_PP_/Q (sg13g2_dfrbpq_1)
                                                         u_input_buffer.mem[28][2] (net)
                      0.020626    0.000000    0.157086 v _3473_/A (sg13g2_nor2_1)
     1    0.003144    0.029155    0.037281    0.194367 ^ _3473_/Y (sg13g2_nor2_1)
                                                         _0654_ (net)
                      0.029155    0.000000    0.194367 ^ _3474_/B1 (sg13g2_a21oi_1)
     1    0.001523    0.012004    0.019239    0.213606 v _3474_/Y (sg13g2_a21oi_1)
                                                         _0210_ (net)
                      0.012004    0.000000    0.213606 v u_input_buffer.mem[28][2]$_DFFE_PP_/D (sg13g2_dfrbpq_1)
                                              0.213606   data arrival time

                      0.150000    0.000000    0.000000   clock clk (rise edge)
                                  0.000000    0.000000   clock network delay (ideal)
                                  0.250000    0.250000   clock uncertainty
                                  0.000000    0.250000   clock reconvergence pessimism
                                              0.250000 ^ u_input_buffer.mem[28][2]$_DFFE_PP_/CLK (sg13g2_dfrbpq_1)
                                  0.000436    0.250436   library hold time
                                              0.250436   data required time
---------------------------------------------------------------------------------------------
                                              0.250436   data required time
                                             -0.213606   data arrival time
---------------------------------------------------------------------------------------------
                                             -0.036830   slack (VIOLATED)


Startpoint: u_input_buffer.mem[28][3]$_DFFE_PP_
            (rising edge-triggered flip-flop clocked by clk)
Endpoint: u_input_buffer.mem[28][3]$_DFFE_PP_
          (rising edge-triggered flip-flop clocked by clk)
Path Group: clk
Path Type: min

Fanout         Cap        Slew       Delay        Time   Description
---------------------------------------------------------------------------------------------
                      0.150000    0.000000    0.000000   clock clk (rise edge)
                                  0.000000    0.000000   clock network delay (ideal)
                      0.150000    0.000000    0.000000 ^ u_input_buffer.mem[28][3]$_DFFE_PP_/CLK (sg13g2_dfrbpq_1)
     2    0.006391    0.020626    0.157086    0.157086 v u_input_buffer.mem[28][3]$_DFFE_PP_/Q (sg13g2_dfrbpq_1)
                                                         u_input_buffer.mem[28][3] (net)
                      0.020626    0.000000    0.157086 v _3475_/A (sg13g2_nor2_1)
     1    0.003144    0.029155    0.037281    0.194367 ^ _3475_/Y (sg13g2_nor2_1)
                                                         _0655_ (net)
                      0.029155    0.000000    0.194367 ^ _3476_/B1 (sg13g2_a21oi_1)
     1    0.001523    0.012004    0.019239    0.213606 v _3476_/Y (sg13g2_a21oi_1)
                                                         _0211_ (net)
                      0.012004    0.000000    0.213606 v u_input_buffer.mem[28][3]$_DFFE_PP_/D (sg13g2_dfrbpq_1)
                                              0.213606   data arrival time

                      0.150000    0.000000    0.000000   clock clk (rise edge)
                                  0.000000    0.000000   clock network delay (ideal)
                                  0.250000    0.250000   clock uncertainty
                                  0.000000    0.250000   clock reconvergence pessimism
                                              0.250000 ^ u_input_buffer.mem[28][3]$_DFFE_PP_/CLK (sg13g2_dfrbpq_1)
                                  0.000436    0.250436   library hold time
                                              0.250436   data required time
---------------------------------------------------------------------------------------------
                                              0.250436   data required time
                                             -0.213606   data arrival time
---------------------------------------------------------------------------------------------
                                             -0.036830   slack (VIOLATED)


Startpoint: u_input_buffer.mem[28][4]$_DFFE_PP_
            (rising edge-triggered flip-flop clocked by clk)
Endpoint: u_input_buffer.mem[28][4]$_DFFE_PP_
          (rising edge-triggered flip-flop clocked by clk)
Path Group: clk
Path Type: min

Fanout         Cap        Slew       Delay        Time   Description
---------------------------------------------------------------------------------------------
                      0.150000    0.000000    0.000000   clock clk (rise edge)
                                  0.000000    0.000000   clock network delay (ideal)
                      0.150000    0.000000    0.000000 ^ u_input_buffer.mem[28][4]$_DFFE_PP_/CLK (sg13g2_dfrbpq_1)
     2    0.006391    0.020626    0.157086    0.157086 v u_input_buffer.mem[28][4]$_DFFE_PP_/Q (sg13g2_dfrbpq_1)
                                                         u_input_buffer.mem[28][4] (net)
                      0.020626    0.000000    0.157086 v _3477_/A (sg13g2_nor2_1)
     1    0.003144    0.029155    0.037281    0.194367 ^ _3477_/Y (sg13g2_nor2_1)
                                                         _0656_ (net)
                      0.029155    0.000000    0.194367 ^ _3478_/B1 (sg13g2_a21oi_1)
     1    0.001523    0.012004    0.019239    0.213606 v _3478_/Y (sg13g2_a21oi_1)
                                                         _0212_ (net)
                      0.012004    0.000000    0.213606 v u_input_buffer.mem[28][4]$_DFFE_PP_/D (sg13g2_dfrbpq_1)
                                              0.213606   data arrival time

                      0.150000    0.000000    0.000000   clock clk (rise edge)
                                  0.000000    0.000000   clock network delay (ideal)
                                  0.250000    0.250000   clock uncertainty
                                  0.000000    0.250000   clock reconvergence pessimism
                                              0.250000 ^ u_input_buffer.mem[28][4]$_DFFE_PP_/CLK (sg13g2_dfrbpq_1)
                                  0.000436    0.250436   library hold time
                                              0.250436   data required time
---------------------------------------------------------------------------------------------
                                              0.250436   data required time
                                             -0.213606   data arrival time
---------------------------------------------------------------------------------------------
                                             -0.036830   slack (VIOLATED)


Startpoint: u_input_buffer.mem[28][5]$_DFFE_PP_
            (rising edge-triggered flip-flop clocked by clk)
Endpoint: u_input_buffer.mem[28][5]$_DFFE_PP_
          (rising edge-triggered flip-flop clocked by clk)
Path Group: clk
Path Type: min

Fanout         Cap        Slew       Delay        Time   Description
---------------------------------------------------------------------------------------------
                      0.150000    0.000000    0.000000   clock clk (rise edge)
                                  0.000000    0.000000   clock network delay (ideal)
                      0.150000    0.000000    0.000000 ^ u_input_buffer.mem[28][5]$_DFFE_PP_/CLK (sg13g2_dfrbpq_1)
     2    0.006391    0.020626    0.157086    0.157086 v u_input_buffer.mem[28][5]$_DFFE_PP_/Q (sg13g2_dfrbpq_1)
                                                         u_input_buffer.mem[28][5] (net)
                      0.020626    0.000000    0.157086 v _3479_/A (sg13g2_nor2_1)
     1    0.003144    0.029155    0.037281    0.194367 ^ _3479_/Y (sg13g2_nor2_1)
                                                         _0657_ (net)
                      0.029155    0.000000    0.194367 ^ _3480_/B1 (sg13g2_a21oi_1)
     1    0.001523    0.012004    0.019239    0.213606 v _3480_/Y (sg13g2_a21oi_1)
                                                         _0213_ (net)
                      0.012004    0.000000    0.213606 v u_input_buffer.mem[28][5]$_DFFE_PP_/D (sg13g2_dfrbpq_1)
                                              0.213606   data arrival time

                      0.150000    0.000000    0.000000   clock clk (rise edge)
                                  0.000000    0.000000   clock network delay (ideal)
                                  0.250000    0.250000   clock uncertainty
                                  0.000000    0.250000   clock reconvergence pessimism
                                              0.250000 ^ u_input_buffer.mem[28][5]$_DFFE_PP_/CLK (sg13g2_dfrbpq_1)
                                  0.000436    0.250436   library hold time
                                              0.250436   data required time
---------------------------------------------------------------------------------------------
                                              0.250436   data required time
                                             -0.213606   data arrival time
---------------------------------------------------------------------------------------------
                                             -0.036830   slack (VIOLATED)


Startpoint: u_input_buffer.mem[28][6]$_DFFE_PP_
            (rising edge-triggered flip-flop clocked by clk)
Endpoint: u_input_buffer.mem[28][6]$_DFFE_PP_
          (rising edge-triggered flip-flop clocked by clk)
Path Group: clk
Path Type: min

Fanout         Cap        Slew       Delay        Time   Description
---------------------------------------------------------------------------------------------
                      0.150000    0.000000    0.000000   clock clk (rise edge)
                                  0.000000    0.000000   clock network delay (ideal)
                      0.150000    0.000000    0.000000 ^ u_input_buffer.mem[28][6]$_DFFE_PP_/CLK (sg13g2_dfrbpq_1)
     2    0.006391    0.020626    0.157086    0.157086 v u_input_buffer.mem[28][6]$_DFFE_PP_/Q (sg13g2_dfrbpq_1)
                                                         u_input_buffer.mem[28][6] (net)
                      0.020626    0.000000    0.157086 v _3481_/A (sg13g2_nor2_1)
     1    0.003144    0.029155    0.037281    0.194367 ^ _3481_/Y (sg13g2_nor2_1)
                                                         _0658_ (net)
                      0.029155    0.000000    0.194367 ^ _3482_/B1 (sg13g2_a21oi_1)
     1    0.001523    0.012004    0.019239    0.213606 v _3482_/Y (sg13g2_a21oi_1)
                                                         _0214_ (net)
                      0.012004    0.000000    0.213606 v u_input_buffer.mem[28][6]$_DFFE_PP_/D (sg13g2_dfrbpq_1)
                                              0.213606   data arrival time

                      0.150000    0.000000    0.000000   clock clk (rise edge)
                                  0.000000    0.000000   clock network delay (ideal)
                                  0.250000    0.250000   clock uncertainty
                                  0.000000    0.250000   clock reconvergence pessimism
                                              0.250000 ^ u_input_buffer.mem[28][6]$_DFFE_PP_/CLK (sg13g2_dfrbpq_1)
                                  0.000436    0.250436   library hold time
                                              0.250436   data required time
---------------------------------------------------------------------------------------------
                                              0.250436   data required time
                                             -0.213606   data arrival time
---------------------------------------------------------------------------------------------
                                             -0.036830   slack (VIOLATED)


Startpoint: u_input_buffer.mem[28][7]$_DFFE_PP_
            (rising edge-triggered flip-flop clocked by clk)
Endpoint: u_input_buffer.mem[28][7]$_DFFE_PP_
          (rising edge-triggered flip-flop clocked by clk)
Path Group: clk
Path Type: min

Fanout         Cap        Slew       Delay        Time   Description
---------------------------------------------------------------------------------------------
                      0.150000    0.000000    0.000000   clock clk (rise edge)
                                  0.000000    0.000000   clock network delay (ideal)
                      0.150000    0.000000    0.000000 ^ u_input_buffer.mem[28][7]$_DFFE_PP_/CLK (sg13g2_dfrbpq_1)
     2    0.006391    0.020626    0.157086    0.157086 v u_input_buffer.mem[28][7]$_DFFE_PP_/Q (sg13g2_dfrbpq_1)
                                                         u_input_buffer.mem[28][7] (net)
                      0.020626    0.000000    0.157086 v _3483_/A (sg13g2_nor2_1)
     1    0.003144    0.029155    0.037281    0.194367 ^ _3483_/Y (sg13g2_nor2_1)
                                                         _0659_ (net)
                      0.029155    0.000000    0.194367 ^ _3484_/B1 (sg13g2_a21oi_1)
     1    0.001523    0.012004    0.019239    0.213606 v _3484_/Y (sg13g2_a21oi_1)
                                                         _0215_ (net)
                      0.012004    0.000000    0.213606 v u_input_buffer.mem[28][7]$_DFFE_PP_/D (sg13g2_dfrbpq_1)
                                              0.213606   data arrival time

                      0.150000    0.000000    0.000000   clock clk (rise edge)
                                  0.000000    0.000000   clock network delay (ideal)
                                  0.250000    0.250000   clock uncertainty
                                  0.000000    0.250000   clock reconvergence pessimism
                                              0.250000 ^ u_input_buffer.mem[28][7]$_DFFE_PP_/CLK (sg13g2_dfrbpq_1)
                                  0.000436    0.250436   library hold time
                                              0.250436   data required time
---------------------------------------------------------------------------------------------
                                              0.250436   data required time
                                             -0.213606   data arrival time
---------------------------------------------------------------------------------------------
                                             -0.036830   slack (VIOLATED)


Startpoint: u_input_buffer.mem[29][0]$_DFFE_PP_
            (rising edge-triggered flip-flop clocked by clk)
Endpoint: u_input_buffer.mem[29][0]$_DFFE_PP_
          (rising edge-triggered flip-flop clocked by clk)
Path Group: clk
Path Type: min

Fanout         Cap        Slew       Delay        Time   Description
---------------------------------------------------------------------------------------------
                      0.150000    0.000000    0.000000   clock clk (rise edge)
                                  0.000000    0.000000   clock network delay (ideal)
                      0.150000    0.000000    0.000000 ^ u_input_buffer.mem[29][0]$_DFFE_PP_/CLK (sg13g2_dfrbpq_1)
     2    0.006391    0.020626    0.157086    0.157086 v u_input_buffer.mem[29][0]$_DFFE_PP_/Q (sg13g2_dfrbpq_1)
                                                         u_input_buffer.mem[29][0] (net)
                      0.020626    0.000000    0.157086 v _3486_/A (sg13g2_nor2_1)
     1    0.003144    0.029155    0.037281    0.194367 ^ _3486_/Y (sg13g2_nor2_1)
                                                         _0661_ (net)
                      0.029155    0.000000    0.194367 ^ _3487_/B1 (sg13g2_a21oi_1)
     1    0.001523    0.012004    0.019239    0.213606 v _3487_/Y (sg13g2_a21oi_1)
                                                         _0216_ (net)
                      0.012004    0.000000    0.213606 v u_input_buffer.mem[29][0]$_DFFE_PP_/D (sg13g2_dfrbpq_1)
                                              0.213606   data arrival time

                      0.150000    0.000000    0.000000   clock clk (rise edge)
                                  0.000000    0.000000   clock network delay (ideal)
                                  0.250000    0.250000   clock uncertainty
                                  0.000000    0.250000   clock reconvergence pessimism
                                              0.250000 ^ u_input_buffer.mem[29][0]$_DFFE_PP_/CLK (sg13g2_dfrbpq_1)
                                  0.000436    0.250436   library hold time
                                              0.250436   data required time
---------------------------------------------------------------------------------------------
                                              0.250436   data required time
                                             -0.213606   data arrival time
---------------------------------------------------------------------------------------------
                                             -0.036830   slack (VIOLATED)


Startpoint: u_input_buffer.mem[29][1]$_DFFE_PP_
            (rising edge-triggered flip-flop clocked by clk)
Endpoint: u_input_buffer.mem[29][1]$_DFFE_PP_
          (rising edge-triggered flip-flop clocked by clk)
Path Group: clk
Path Type: min

Fanout         Cap        Slew       Delay        Time   Description
---------------------------------------------------------------------------------------------
                      0.150000    0.000000    0.000000   clock clk (rise edge)
                                  0.000000    0.000000   clock network delay (ideal)
                      0.150000    0.000000    0.000000 ^ u_input_buffer.mem[29][1]$_DFFE_PP_/CLK (sg13g2_dfrbpq_1)
     2    0.006391    0.020626    0.157086    0.157086 v u_input_buffer.mem[29][1]$_DFFE_PP_/Q (sg13g2_dfrbpq_1)
                                                         u_input_buffer.mem[29][1] (net)
                      0.020626    0.000000    0.157086 v _3488_/A (sg13g2_nor2_1)
     1    0.003144    0.029155    0.037281    0.194367 ^ _3488_/Y (sg13g2_nor2_1)
                                                         _0662_ (net)
                      0.029155    0.000000    0.194367 ^ _3489_/B1 (sg13g2_a21oi_1)
     1    0.001523    0.012004    0.019239    0.213606 v _3489_/Y (sg13g2_a21oi_1)
                                                         _0217_ (net)
                      0.012004    0.000000    0.213606 v u_input_buffer.mem[29][1]$_DFFE_PP_/D (sg13g2_dfrbpq_1)
                                              0.213606   data arrival time

                      0.150000    0.000000    0.000000   clock clk (rise edge)
                                  0.000000    0.000000   clock network delay (ideal)
                                  0.250000    0.250000   clock uncertainty
                                  0.000000    0.250000   clock reconvergence pessimism
                                              0.250000 ^ u_input_buffer.mem[29][1]$_DFFE_PP_/CLK (sg13g2_dfrbpq_1)
                                  0.000436    0.250436   library hold time
                                              0.250436   data required time
---------------------------------------------------------------------------------------------
                                              0.250436   data required time
                                             -0.213606   data arrival time
---------------------------------------------------------------------------------------------
                                             -0.036830   slack (VIOLATED)


Startpoint: u_input_buffer.mem[29][2]$_DFFE_PP_
            (rising edge-triggered flip-flop clocked by clk)
Endpoint: u_input_buffer.mem[29][2]$_DFFE_PP_
          (rising edge-triggered flip-flop clocked by clk)
Path Group: clk
Path Type: min

Fanout         Cap        Slew       Delay        Time   Description
---------------------------------------------------------------------------------------------
                      0.150000    0.000000    0.000000   clock clk (rise edge)
                                  0.000000    0.000000   clock network delay (ideal)
                      0.150000    0.000000    0.000000 ^ u_input_buffer.mem[29][2]$_DFFE_PP_/CLK (sg13g2_dfrbpq_1)
     2    0.006391    0.020626    0.157086    0.157086 v u_input_buffer.mem[29][2]$_DFFE_PP_/Q (sg13g2_dfrbpq_1)
                                                         u_input_buffer.mem[29][2] (net)
                      0.020626    0.000000    0.157086 v _3490_/A (sg13g2_nor2_1)
     1    0.003144    0.029155    0.037281    0.194367 ^ _3490_/Y (sg13g2_nor2_1)
                                                         _0663_ (net)
                      0.029155    0.000000    0.194367 ^ _3491_/B1 (sg13g2_a21oi_1)
     1    0.001523    0.012004    0.019239    0.213606 v _3491_/Y (sg13g2_a21oi_1)
                                                         _0218_ (net)
                      0.012004    0.000000    0.213606 v u_input_buffer.mem[29][2]$_DFFE_PP_/D (sg13g2_dfrbpq_1)
                                              0.213606   data arrival time

                      0.150000    0.000000    0.000000   clock clk (rise edge)
                                  0.000000    0.000000   clock network delay (ideal)
                                  0.250000    0.250000   clock uncertainty
                                  0.000000    0.250000   clock reconvergence pessimism
                                              0.250000 ^ u_input_buffer.mem[29][2]$_DFFE_PP_/CLK (sg13g2_dfrbpq_1)
                                  0.000436    0.250436   library hold time
                                              0.250436   data required time
---------------------------------------------------------------------------------------------
                                              0.250436   data required time
                                             -0.213606   data arrival time
---------------------------------------------------------------------------------------------
                                             -0.036830   slack (VIOLATED)


Startpoint: u_input_buffer.mem[29][3]$_DFFE_PP_
            (rising edge-triggered flip-flop clocked by clk)
Endpoint: u_input_buffer.mem[29][3]$_DFFE_PP_
          (rising edge-triggered flip-flop clocked by clk)
Path Group: clk
Path Type: min

Fanout         Cap        Slew       Delay        Time   Description
---------------------------------------------------------------------------------------------
                      0.150000    0.000000    0.000000   clock clk (rise edge)
                                  0.000000    0.000000   clock network delay (ideal)
                      0.150000    0.000000    0.000000 ^ u_input_buffer.mem[29][3]$_DFFE_PP_/CLK (sg13g2_dfrbpq_1)
     2    0.006391    0.020626    0.157086    0.157086 v u_input_buffer.mem[29][3]$_DFFE_PP_/Q (sg13g2_dfrbpq_1)
                                                         u_input_buffer.mem[29][3] (net)
                      0.020626    0.000000    0.157086 v _3492_/A (sg13g2_nor2_1)
     1    0.003144    0.029155    0.037281    0.194367 ^ _3492_/Y (sg13g2_nor2_1)
                                                         _0664_ (net)
                      0.029155    0.000000    0.194367 ^ _3493_/B1 (sg13g2_a21oi_1)
     1    0.001523    0.012004    0.019239    0.213606 v _3493_/Y (sg13g2_a21oi_1)
                                                         _0219_ (net)
                      0.012004    0.000000    0.213606 v u_input_buffer.mem[29][3]$_DFFE_PP_/D (sg13g2_dfrbpq_1)
                                              0.213606   data arrival time

                      0.150000    0.000000    0.000000   clock clk (rise edge)
                                  0.000000    0.000000   clock network delay (ideal)
                                  0.250000    0.250000   clock uncertainty
                                  0.000000    0.250000   clock reconvergence pessimism
                                              0.250000 ^ u_input_buffer.mem[29][3]$_DFFE_PP_/CLK (sg13g2_dfrbpq_1)
                                  0.000436    0.250436   library hold time
                                              0.250436   data required time
---------------------------------------------------------------------------------------------
                                              0.250436   data required time
                                             -0.213606   data arrival time
---------------------------------------------------------------------------------------------
                                             -0.036830   slack (VIOLATED)


Startpoint: u_input_buffer.mem[29][4]$_DFFE_PP_
            (rising edge-triggered flip-flop clocked by clk)
Endpoint: u_input_buffer.mem[29][4]$_DFFE_PP_
          (rising edge-triggered flip-flop clocked by clk)
Path Group: clk
Path Type: min

Fanout         Cap        Slew       Delay        Time   Description
---------------------------------------------------------------------------------------------
                      0.150000    0.000000    0.000000   clock clk (rise edge)
                                  0.000000    0.000000   clock network delay (ideal)
                      0.150000    0.000000    0.000000 ^ u_input_buffer.mem[29][4]$_DFFE_PP_/CLK (sg13g2_dfrbpq_1)
     2    0.006391    0.020626    0.157086    0.157086 v u_input_buffer.mem[29][4]$_DFFE_PP_/Q (sg13g2_dfrbpq_1)
                                                         u_input_buffer.mem[29][4] (net)
                      0.020626    0.000000    0.157086 v _3494_/A (sg13g2_nor2_1)
     1    0.003144    0.029155    0.037281    0.194367 ^ _3494_/Y (sg13g2_nor2_1)
                                                         _0665_ (net)
                      0.029155    0.000000    0.194367 ^ _3495_/B1 (sg13g2_a21oi_1)
     1    0.001523    0.012004    0.019239    0.213606 v _3495_/Y (sg13g2_a21oi_1)
                                                         _0220_ (net)
                      0.012004    0.000000    0.213606 v u_input_buffer.mem[29][4]$_DFFE_PP_/D (sg13g2_dfrbpq_1)
                                              0.213606   data arrival time

                      0.150000    0.000000    0.000000   clock clk (rise edge)
                                  0.000000    0.000000   clock network delay (ideal)
                                  0.250000    0.250000   clock uncertainty
                                  0.000000    0.250000   clock reconvergence pessimism
                                              0.250000 ^ u_input_buffer.mem[29][4]$_DFFE_PP_/CLK (sg13g2_dfrbpq_1)
                                  0.000436    0.250436   library hold time
                                              0.250436   data required time
---------------------------------------------------------------------------------------------
                                              0.250436   data required time
                                             -0.213606   data arrival time
---------------------------------------------------------------------------------------------
                                             -0.036830   slack (VIOLATED)


Startpoint: u_input_buffer.mem[29][5]$_DFFE_PP_
            (rising edge-triggered flip-flop clocked by clk)
Endpoint: u_input_buffer.mem[29][5]$_DFFE_PP_
          (rising edge-triggered flip-flop clocked by clk)
Path Group: clk
Path Type: min

Fanout         Cap        Slew       Delay        Time   Description
---------------------------------------------------------------------------------------------
                      0.150000    0.000000    0.000000   clock clk (rise edge)
                                  0.000000    0.000000   clock network delay (ideal)
                      0.150000    0.000000    0.000000 ^ u_input_buffer.mem[29][5]$_DFFE_PP_/CLK (sg13g2_dfrbpq_1)
     2    0.006391    0.020626    0.157086    0.157086 v u_input_buffer.mem[29][5]$_DFFE_PP_/Q (sg13g2_dfrbpq_1)
                                                         u_input_buffer.mem[29][5] (net)
                      0.020626    0.000000    0.157086 v _3496_/A (sg13g2_nor2_1)
     1    0.003144    0.029155    0.037281    0.194367 ^ _3496_/Y (sg13g2_nor2_1)
                                                         _0666_ (net)
                      0.029155    0.000000    0.194367 ^ _3497_/B1 (sg13g2_a21oi_1)
     1    0.001523    0.012004    0.019239    0.213606 v _3497_/Y (sg13g2_a21oi_1)
                                                         _0221_ (net)
                      0.012004    0.000000    0.213606 v u_input_buffer.mem[29][5]$_DFFE_PP_/D (sg13g2_dfrbpq_1)
                                              0.213606   data arrival time

                      0.150000    0.000000    0.000000   clock clk (rise edge)
                                  0.000000    0.000000   clock network delay (ideal)
                                  0.250000    0.250000   clock uncertainty
                                  0.000000    0.250000   clock reconvergence pessimism
                                              0.250000 ^ u_input_buffer.mem[29][5]$_DFFE_PP_/CLK (sg13g2_dfrbpq_1)
                                  0.000436    0.250436   library hold time
                                              0.250436   data required time
---------------------------------------------------------------------------------------------
                                              0.250436   data required time
                                             -0.213606   data arrival time
---------------------------------------------------------------------------------------------
                                             -0.036830   slack (VIOLATED)


Startpoint: u_input_buffer.mem[29][6]$_DFFE_PP_
            (rising edge-triggered flip-flop clocked by clk)
Endpoint: u_input_buffer.mem[29][6]$_DFFE_PP_
          (rising edge-triggered flip-flop clocked by clk)
Path Group: clk
Path Type: min

Fanout         Cap        Slew       Delay        Time   Description
---------------------------------------------------------------------------------------------
                      0.150000    0.000000    0.000000   clock clk (rise edge)
                                  0.000000    0.000000   clock network delay (ideal)
                      0.150000    0.000000    0.000000 ^ u_input_buffer.mem[29][6]$_DFFE_PP_/CLK (sg13g2_dfrbpq_1)
     2    0.006391    0.020626    0.157086    0.157086 v u_input_buffer.mem[29][6]$_DFFE_PP_/Q (sg13g2_dfrbpq_1)
                                                         u_input_buffer.mem[29][6] (net)
                      0.020626    0.000000    0.157086 v _3498_/A (sg13g2_nor2_1)
     1    0.003144    0.029155    0.037281    0.194367 ^ _3498_/Y (sg13g2_nor2_1)
                                                         _0667_ (net)
                      0.029155    0.000000    0.194367 ^ _3499_/B1 (sg13g2_a21oi_1)
     1    0.001523    0.012004    0.019239    0.213606 v _3499_/Y (sg13g2_a21oi_1)
                                                         _0222_ (net)
                      0.012004    0.000000    0.213606 v u_input_buffer.mem[29][6]$_DFFE_PP_/D (sg13g2_dfrbpq_1)
                                              0.213606   data arrival time

                      0.150000    0.000000    0.000000   clock clk (rise edge)
                                  0.000000    0.000000   clock network delay (ideal)
                                  0.250000    0.250000   clock uncertainty
                                  0.000000    0.250000   clock reconvergence pessimism
                                              0.250000 ^ u_input_buffer.mem[29][6]$_DFFE_PP_/CLK (sg13g2_dfrbpq_1)
                                  0.000436    0.250436   library hold time
                                              0.250436   data required time
---------------------------------------------------------------------------------------------
                                              0.250436   data required time
                                             -0.213606   data arrival time
---------------------------------------------------------------------------------------------
                                             -0.036830   slack (VIOLATED)


Startpoint: u_input_buffer.mem[29][7]$_DFFE_PP_
            (rising edge-triggered flip-flop clocked by clk)
Endpoint: u_input_buffer.mem[29][7]$_DFFE_PP_
          (rising edge-triggered flip-flop clocked by clk)
Path Group: clk
Path Type: min

Fanout         Cap        Slew       Delay        Time   Description
---------------------------------------------------------------------------------------------
                      0.150000    0.000000    0.000000   clock clk (rise edge)
                                  0.000000    0.000000   clock network delay (ideal)
                      0.150000    0.000000    0.000000 ^ u_input_buffer.mem[29][7]$_DFFE_PP_/CLK (sg13g2_dfrbpq_1)
     2    0.006391    0.020626    0.157086    0.157086 v u_input_buffer.mem[29][7]$_DFFE_PP_/Q (sg13g2_dfrbpq_1)
                                                         u_input_buffer.mem[29][7] (net)
                      0.020626    0.000000    0.157086 v _3500_/A (sg13g2_nor2_1)
     1    0.003144    0.029155    0.037281    0.194367 ^ _3500_/Y (sg13g2_nor2_1)
                                                         _0668_ (net)
                      0.029155    0.000000    0.194367 ^ _3501_/B1 (sg13g2_a21oi_1)
     1    0.001523    0.012004    0.019239    0.213606 v _3501_/Y (sg13g2_a21oi_1)
                                                         _0223_ (net)
                      0.012004    0.000000    0.213606 v u_input_buffer.mem[29][7]$_DFFE_PP_/D (sg13g2_dfrbpq_1)
                                              0.213606   data arrival time

                      0.150000    0.000000    0.000000   clock clk (rise edge)
                                  0.000000    0.000000   clock network delay (ideal)
                                  0.250000    0.250000   clock uncertainty
                                  0.000000    0.250000   clock reconvergence pessimism
                                              0.250000 ^ u_input_buffer.mem[29][7]$_DFFE_PP_/CLK (sg13g2_dfrbpq_1)
                                  0.000436    0.250436   library hold time
                                              0.250436   data required time
---------------------------------------------------------------------------------------------
                                              0.250436   data required time
                                             -0.213606   data arrival time
---------------------------------------------------------------------------------------------
                                             -0.036830   slack (VIOLATED)


Startpoint: u_input_buffer.mem[30][0]$_DFFE_PP_
            (rising edge-triggered flip-flop clocked by clk)
Endpoint: u_input_buffer.mem[30][0]$_DFFE_PP_
          (rising edge-triggered flip-flop clocked by clk)
Path Group: clk
Path Type: min

Fanout         Cap        Slew       Delay        Time   Description
---------------------------------------------------------------------------------------------
                      0.150000    0.000000    0.000000   clock clk (rise edge)
                                  0.000000    0.000000   clock network delay (ideal)
                      0.150000    0.000000    0.000000 ^ u_input_buffer.mem[30][0]$_DFFE_PP_/CLK (sg13g2_dfrbpq_1)
     2    0.006391    0.020626    0.157086    0.157086 v u_input_buffer.mem[30][0]$_DFFE_PP_/Q (sg13g2_dfrbpq_1)
                                                         u_input_buffer.mem[30][0] (net)
                      0.020626    0.000000    0.157086 v _3520_/A (sg13g2_nor2_1)
     1    0.003144    0.029155    0.037281    0.194367 ^ _3520_/Y (sg13g2_nor2_1)
                                                         _0679_ (net)
                      0.029155    0.000000    0.194367 ^ _3521_/B1 (sg13g2_a21oi_1)
     1    0.001523    0.012004    0.019239    0.213606 v _3521_/Y (sg13g2_a21oi_1)
                                                         _0232_ (net)
                      0.012004    0.000000    0.213606 v u_input_buffer.mem[30][0]$_DFFE_PP_/D (sg13g2_dfrbpq_1)
                                              0.213606   data arrival time

                      0.150000    0.000000    0.000000   clock clk (rise edge)
                                  0.000000    0.000000   clock network delay (ideal)
                                  0.250000    0.250000   clock uncertainty
                                  0.000000    0.250000   clock reconvergence pessimism
                                              0.250000 ^ u_input_buffer.mem[30][0]$_DFFE_PP_/CLK (sg13g2_dfrbpq_1)
                                  0.000436    0.250436   library hold time
                                              0.250436   data required time
---------------------------------------------------------------------------------------------
                                              0.250436   data required time
                                             -0.213606   data arrival time
---------------------------------------------------------------------------------------------
                                             -0.036830   slack (VIOLATED)


Startpoint: u_input_buffer.mem[30][1]$_DFFE_PP_
            (rising edge-triggered flip-flop clocked by clk)
Endpoint: u_input_buffer.mem[30][1]$_DFFE_PP_
          (rising edge-triggered flip-flop clocked by clk)
Path Group: clk
Path Type: min

Fanout         Cap        Slew       Delay        Time   Description
---------------------------------------------------------------------------------------------
                      0.150000    0.000000    0.000000   clock clk (rise edge)
                                  0.000000    0.000000   clock network delay (ideal)
                      0.150000    0.000000    0.000000 ^ u_input_buffer.mem[30][1]$_DFFE_PP_/CLK (sg13g2_dfrbpq_1)
     2    0.006391    0.020626    0.157086    0.157086 v u_input_buffer.mem[30][1]$_DFFE_PP_/Q (sg13g2_dfrbpq_1)
                                                         u_input_buffer.mem[30][1] (net)
                      0.020626    0.000000    0.157086 v _3522_/A (sg13g2_nor2_1)
     1    0.003144    0.029155    0.037281    0.194367 ^ _3522_/Y (sg13g2_nor2_1)
                                                         _0680_ (net)
                      0.029155    0.000000    0.194367 ^ _3523_/B1 (sg13g2_a21oi_1)
     1    0.001523    0.012004    0.019239    0.213606 v _3523_/Y (sg13g2_a21oi_1)
                                                         _0233_ (net)
                      0.012004    0.000000    0.213606 v u_input_buffer.mem[30][1]$_DFFE_PP_/D (sg13g2_dfrbpq_1)
                                              0.213606   data arrival time

                      0.150000    0.000000    0.000000   clock clk (rise edge)
                                  0.000000    0.000000   clock network delay (ideal)
                                  0.250000    0.250000   clock uncertainty
                                  0.000000    0.250000   clock reconvergence pessimism
                                              0.250000 ^ u_input_buffer.mem[30][1]$_DFFE_PP_/CLK (sg13g2_dfrbpq_1)
                                  0.000436    0.250436   library hold time
                                              0.250436   data required time
---------------------------------------------------------------------------------------------
                                              0.250436   data required time
                                             -0.213606   data arrival time
---------------------------------------------------------------------------------------------
                                             -0.036830   slack (VIOLATED)


Startpoint: u_input_buffer.mem[30][2]$_DFFE_PP_
            (rising edge-triggered flip-flop clocked by clk)
Endpoint: u_input_buffer.mem[30][2]$_DFFE_PP_
          (rising edge-triggered flip-flop clocked by clk)
Path Group: clk
Path Type: min

Fanout         Cap        Slew       Delay        Time   Description
---------------------------------------------------------------------------------------------
                      0.150000    0.000000    0.000000   clock clk (rise edge)
                                  0.000000    0.000000   clock network delay (ideal)
                      0.150000    0.000000    0.000000 ^ u_input_buffer.mem[30][2]$_DFFE_PP_/CLK (sg13g2_dfrbpq_1)
     2    0.006391    0.020626    0.157086    0.157086 v u_input_buffer.mem[30][2]$_DFFE_PP_/Q (sg13g2_dfrbpq_1)
                                                         u_input_buffer.mem[30][2] (net)
                      0.020626    0.000000    0.157086 v _3524_/A (sg13g2_nor2_1)
     1    0.003144    0.029155    0.037281    0.194367 ^ _3524_/Y (sg13g2_nor2_1)
                                                         _0681_ (net)
                      0.029155    0.000000    0.194367 ^ _3525_/B1 (sg13g2_a21oi_1)
     1    0.001523    0.012004    0.019239    0.213606 v _3525_/Y (sg13g2_a21oi_1)
                                                         _0234_ (net)
                      0.012004    0.000000    0.213606 v u_input_buffer.mem[30][2]$_DFFE_PP_/D (sg13g2_dfrbpq_1)
                                              0.213606   data arrival time

                      0.150000    0.000000    0.000000   clock clk (rise edge)
                                  0.000000    0.000000   clock network delay (ideal)
                                  0.250000    0.250000   clock uncertainty
                                  0.000000    0.250000   clock reconvergence pessimism
                                              0.250000 ^ u_input_buffer.mem[30][2]$_DFFE_PP_/CLK (sg13g2_dfrbpq_1)
                                  0.000436    0.250436   library hold time
                                              0.250436   data required time
---------------------------------------------------------------------------------------------
                                              0.250436   data required time
                                             -0.213606   data arrival time
---------------------------------------------------------------------------------------------
                                             -0.036830   slack (VIOLATED)


Startpoint: u_input_buffer.mem[30][3]$_DFFE_PP_
            (rising edge-triggered flip-flop clocked by clk)
Endpoint: u_input_buffer.mem[30][3]$_DFFE_PP_
          (rising edge-triggered flip-flop clocked by clk)
Path Group: clk
Path Type: min

Fanout         Cap        Slew       Delay        Time   Description
---------------------------------------------------------------------------------------------
                      0.150000    0.000000    0.000000   clock clk (rise edge)
                                  0.000000    0.000000   clock network delay (ideal)
                      0.150000    0.000000    0.000000 ^ u_input_buffer.mem[30][3]$_DFFE_PP_/CLK (sg13g2_dfrbpq_1)
     2    0.006391    0.020626    0.157086    0.157086 v u_input_buffer.mem[30][3]$_DFFE_PP_/Q (sg13g2_dfrbpq_1)
                                                         u_input_buffer.mem[30][3] (net)
                      0.020626    0.000000    0.157086 v _3526_/A (sg13g2_nor2_1)
     1    0.003144    0.029155    0.037281    0.194367 ^ _3526_/Y (sg13g2_nor2_1)
                                                         _0682_ (net)
                      0.029155    0.000000    0.194367 ^ _3527_/B1 (sg13g2_a21oi_1)
     1    0.001523    0.012004    0.019239    0.213606 v _3527_/Y (sg13g2_a21oi_1)
                                                         _0235_ (net)
                      0.012004    0.000000    0.213606 v u_input_buffer.mem[30][3]$_DFFE_PP_/D (sg13g2_dfrbpq_1)
                                              0.213606   data arrival time

                      0.150000    0.000000    0.000000   clock clk (rise edge)
                                  0.000000    0.000000   clock network delay (ideal)
                                  0.250000    0.250000   clock uncertainty
                                  0.000000    0.250000   clock reconvergence pessimism
                                              0.250000 ^ u_input_buffer.mem[30][3]$_DFFE_PP_/CLK (sg13g2_dfrbpq_1)
                                  0.000436    0.250436   library hold time
                                              0.250436   data required time
---------------------------------------------------------------------------------------------
                                              0.250436   data required time
                                             -0.213606   data arrival time
---------------------------------------------------------------------------------------------
                                             -0.036830   slack (VIOLATED)


Startpoint: u_input_buffer.mem[30][4]$_DFFE_PP_
            (rising edge-triggered flip-flop clocked by clk)
Endpoint: u_input_buffer.mem[30][4]$_DFFE_PP_
          (rising edge-triggered flip-flop clocked by clk)
Path Group: clk
Path Type: min

Fanout         Cap        Slew       Delay        Time   Description
---------------------------------------------------------------------------------------------
                      0.150000    0.000000    0.000000   clock clk (rise edge)
                                  0.000000    0.000000   clock network delay (ideal)
                      0.150000    0.000000    0.000000 ^ u_input_buffer.mem[30][4]$_DFFE_PP_/CLK (sg13g2_dfrbpq_1)
     2    0.006391    0.020626    0.157086    0.157086 v u_input_buffer.mem[30][4]$_DFFE_PP_/Q (sg13g2_dfrbpq_1)
                                                         u_input_buffer.mem[30][4] (net)
                      0.020626    0.000000    0.157086 v _3528_/A (sg13g2_nor2_1)
     1    0.003144    0.029155    0.037281    0.194367 ^ _3528_/Y (sg13g2_nor2_1)
                                                         _0683_ (net)
                      0.029155    0.000000    0.194367 ^ _3529_/B1 (sg13g2_a21oi_1)
     1    0.001523    0.012004    0.019239    0.213606 v _3529_/Y (sg13g2_a21oi_1)
                                                         _0236_ (net)
                      0.012004    0.000000    0.213606 v u_input_buffer.mem[30][4]$_DFFE_PP_/D (sg13g2_dfrbpq_1)
                                              0.213606   data arrival time

                      0.150000    0.000000    0.000000   clock clk (rise edge)
                                  0.000000    0.000000   clock network delay (ideal)
                                  0.250000    0.250000   clock uncertainty
                                  0.000000    0.250000   clock reconvergence pessimism
                                              0.250000 ^ u_input_buffer.mem[30][4]$_DFFE_PP_/CLK (sg13g2_dfrbpq_1)
                                  0.000436    0.250436   library hold time
                                              0.250436   data required time
---------------------------------------------------------------------------------------------
                                              0.250436   data required time
                                             -0.213606   data arrival time
---------------------------------------------------------------------------------------------
                                             -0.036830   slack (VIOLATED)


Startpoint: u_input_buffer.mem[30][5]$_DFFE_PP_
            (rising edge-triggered flip-flop clocked by clk)
Endpoint: u_input_buffer.mem[30][5]$_DFFE_PP_
          (rising edge-triggered flip-flop clocked by clk)
Path Group: clk
Path Type: min

Fanout         Cap        Slew       Delay        Time   Description
---------------------------------------------------------------------------------------------
                      0.150000    0.000000    0.000000   clock clk (rise edge)
                                  0.000000    0.000000   clock network delay (ideal)
                      0.150000    0.000000    0.000000 ^ u_input_buffer.mem[30][5]$_DFFE_PP_/CLK (sg13g2_dfrbpq_1)
     2    0.006391    0.020626    0.157086    0.157086 v u_input_buffer.mem[30][5]$_DFFE_PP_/Q (sg13g2_dfrbpq_1)
                                                         u_input_buffer.mem[30][5] (net)
                      0.020626    0.000000    0.157086 v _3530_/A (sg13g2_nor2_1)
     1    0.003144    0.029155    0.037281    0.194367 ^ _3530_/Y (sg13g2_nor2_1)
                                                         _0684_ (net)
                      0.029155    0.000000    0.194367 ^ _3531_/B1 (sg13g2_a21oi_1)
     1    0.001523    0.012004    0.019239    0.213606 v _3531_/Y (sg13g2_a21oi_1)
                                                         _0237_ (net)
                      0.012004    0.000000    0.213606 v u_input_buffer.mem[30][5]$_DFFE_PP_/D (sg13g2_dfrbpq_1)
                                              0.213606   data arrival time

                      0.150000    0.000000    0.000000   clock clk (rise edge)
                                  0.000000    0.000000   clock network delay (ideal)
                                  0.250000    0.250000   clock uncertainty
                                  0.000000    0.250000   clock reconvergence pessimism
                                              0.250000 ^ u_input_buffer.mem[30][5]$_DFFE_PP_/CLK (sg13g2_dfrbpq_1)
                                  0.000436    0.250436   library hold time
                                              0.250436   data required time
---------------------------------------------------------------------------------------------
                                              0.250436   data required time
                                             -0.213606   data arrival time
---------------------------------------------------------------------------------------------
                                             -0.036830   slack (VIOLATED)


Startpoint: u_input_buffer.mem[30][6]$_DFFE_PP_
            (rising edge-triggered flip-flop clocked by clk)
Endpoint: u_input_buffer.mem[30][6]$_DFFE_PP_
          (rising edge-triggered flip-flop clocked by clk)
Path Group: clk
Path Type: min

Fanout         Cap        Slew       Delay        Time   Description
---------------------------------------------------------------------------------------------
                      0.150000    0.000000    0.000000   clock clk (rise edge)
                                  0.000000    0.000000   clock network delay (ideal)
                      0.150000    0.000000    0.000000 ^ u_input_buffer.mem[30][6]$_DFFE_PP_/CLK (sg13g2_dfrbpq_1)
     2    0.006391    0.020626    0.157086    0.157086 v u_input_buffer.mem[30][6]$_DFFE_PP_/Q (sg13g2_dfrbpq_1)
                                                         u_input_buffer.mem[30][6] (net)
                      0.020626    0.000000    0.157086 v _3532_/A (sg13g2_nor2_1)
     1    0.003144    0.029155    0.037281    0.194367 ^ _3532_/Y (sg13g2_nor2_1)
                                                         _0685_ (net)
                      0.029155    0.000000    0.194367 ^ _3533_/B1 (sg13g2_a21oi_1)
     1    0.001523    0.012004    0.019239    0.213606 v _3533_/Y (sg13g2_a21oi_1)
                                                         _0238_ (net)
                      0.012004    0.000000    0.213606 v u_input_buffer.mem[30][6]$_DFFE_PP_/D (sg13g2_dfrbpq_1)
                                              0.213606   data arrival time

                      0.150000    0.000000    0.000000   clock clk (rise edge)
                                  0.000000    0.000000   clock network delay (ideal)
                                  0.250000    0.250000   clock uncertainty
                                  0.000000    0.250000   clock reconvergence pessimism
                                              0.250000 ^ u_input_buffer.mem[30][6]$_DFFE_PP_/CLK (sg13g2_dfrbpq_1)
                                  0.000436    0.250436   library hold time
                                              0.250436   data required time
---------------------------------------------------------------------------------------------
                                              0.250436   data required time
                                             -0.213606   data arrival time
---------------------------------------------------------------------------------------------
                                             -0.036830   slack (VIOLATED)


Startpoint: u_input_buffer.mem[30][7]$_DFFE_PP_
            (rising edge-triggered flip-flop clocked by clk)
Endpoint: u_input_buffer.mem[30][7]$_DFFE_PP_
          (rising edge-triggered flip-flop clocked by clk)
Path Group: clk
Path Type: min

Fanout         Cap        Slew       Delay        Time   Description
---------------------------------------------------------------------------------------------
                      0.150000    0.000000    0.000000   clock clk (rise edge)
                                  0.000000    0.000000   clock network delay (ideal)
                      0.150000    0.000000    0.000000 ^ u_input_buffer.mem[30][7]$_DFFE_PP_/CLK (sg13g2_dfrbpq_1)
     2    0.006391    0.020626    0.157086    0.157086 v u_input_buffer.mem[30][7]$_DFFE_PP_/Q (sg13g2_dfrbpq_1)
                                                         u_input_buffer.mem[30][7] (net)
                      0.020626    0.000000    0.157086 v _3534_/A (sg13g2_nor2_1)
     1    0.003144    0.029155    0.037281    0.194367 ^ _3534_/Y (sg13g2_nor2_1)
                                                         _0686_ (net)
                      0.029155    0.000000    0.194367 ^ _3535_/B1 (sg13g2_a21oi_1)
     1    0.001523    0.012004    0.019239    0.213606 v _3535_/Y (sg13g2_a21oi_1)
                                                         _0239_ (net)
                      0.012004    0.000000    0.213606 v u_input_buffer.mem[30][7]$_DFFE_PP_/D (sg13g2_dfrbpq_1)
                                              0.213606   data arrival time

                      0.150000    0.000000    0.000000   clock clk (rise edge)
                                  0.000000    0.000000   clock network delay (ideal)
                                  0.250000    0.250000   clock uncertainty
                                  0.000000    0.250000   clock reconvergence pessimism
                                              0.250000 ^ u_input_buffer.mem[30][7]$_DFFE_PP_/CLK (sg13g2_dfrbpq_1)
                                  0.000436    0.250436   library hold time
                                              0.250436   data required time
---------------------------------------------------------------------------------------------
                                              0.250436   data required time
                                             -0.213606   data arrival time
---------------------------------------------------------------------------------------------
                                             -0.036830   slack (VIOLATED)


Startpoint: u_input_buffer.mem[4][0]$_DFFE_PP_
            (rising edge-triggered flip-flop clocked by clk)
Endpoint: u_input_buffer.mem[4][0]$_DFFE_PP_
          (rising edge-triggered flip-flop clocked by clk)
Path Group: clk
Path Type: min

Fanout         Cap        Slew       Delay        Time   Description
---------------------------------------------------------------------------------------------
                      0.150000    0.000000    0.000000   clock clk (rise edge)
                                  0.000000    0.000000   clock network delay (ideal)
                      0.150000    0.000000    0.000000 ^ u_input_buffer.mem[4][0]$_DFFE_PP_/CLK (sg13g2_dfrbpq_1)
     2    0.006391    0.020626    0.157086    0.157086 v u_input_buffer.mem[4][0]$_DFFE_PP_/Q (sg13g2_dfrbpq_1)
                                                         u_input_buffer.mem[4][0] (net)
                      0.020626    0.000000    0.157086 v _3572_/A (sg13g2_nor2_1)
     1    0.003144    0.029155    0.037281    0.194367 ^ _3572_/Y (sg13g2_nor2_1)
                                                         _0707_ (net)
                      0.029155    0.000000    0.194367 ^ _3573_/B1 (sg13g2_a21oi_1)
     1    0.001523    0.012004    0.019239    0.213606 v _3573_/Y (sg13g2_a21oi_1)
                                                         _0256_ (net)
                      0.012004    0.000000    0.213606 v u_input_buffer.mem[4][0]$_DFFE_PP_/D (sg13g2_dfrbpq_1)
                                              0.213606   data arrival time

                      0.150000    0.000000    0.000000   clock clk (rise edge)
                                  0.000000    0.000000   clock network delay (ideal)
                                  0.250000    0.250000   clock uncertainty
                                  0.000000    0.250000   clock reconvergence pessimism
                                              0.250000 ^ u_input_buffer.mem[4][0]$_DFFE_PP_/CLK (sg13g2_dfrbpq_1)
                                  0.000436    0.250436   library hold time
                                              0.250436   data required time
---------------------------------------------------------------------------------------------
                                              0.250436   data required time
                                             -0.213606   data arrival time
---------------------------------------------------------------------------------------------
                                             -0.036830   slack (VIOLATED)


Startpoint: u_input_buffer.mem[4][1]$_DFFE_PP_
            (rising edge-triggered flip-flop clocked by clk)
Endpoint: u_input_buffer.mem[4][1]$_DFFE_PP_
          (rising edge-triggered flip-flop clocked by clk)
Path Group: clk
Path Type: min

Fanout         Cap        Slew       Delay        Time   Description
---------------------------------------------------------------------------------------------
                      0.150000    0.000000    0.000000   clock clk (rise edge)
                                  0.000000    0.000000   clock network delay (ideal)
                      0.150000    0.000000    0.000000 ^ u_input_buffer.mem[4][1]$_DFFE_PP_/CLK (sg13g2_dfrbpq_1)
     2    0.006391    0.020626    0.157086    0.157086 v u_input_buffer.mem[4][1]$_DFFE_PP_/Q (sg13g2_dfrbpq_1)
                                                         u_input_buffer.mem[4][1] (net)
                      0.020626    0.000000    0.157086 v _3574_/A (sg13g2_nor2_1)
     1    0.003144    0.029155    0.037281    0.194367 ^ _3574_/Y (sg13g2_nor2_1)
                                                         _0708_ (net)
                      0.029155    0.000000    0.194367 ^ _3575_/B1 (sg13g2_a21oi_1)
     1    0.001523    0.012004    0.019239    0.213606 v _3575_/Y (sg13g2_a21oi_1)
                                                         _0257_ (net)
                      0.012004    0.000000    0.213606 v u_input_buffer.mem[4][1]$_DFFE_PP_/D (sg13g2_dfrbpq_1)
                                              0.213606   data arrival time

                      0.150000    0.000000    0.000000   clock clk (rise edge)
                                  0.000000    0.000000   clock network delay (ideal)
                                  0.250000    0.250000   clock uncertainty
                                  0.000000    0.250000   clock reconvergence pessimism
                                              0.250000 ^ u_input_buffer.mem[4][1]$_DFFE_PP_/CLK (sg13g2_dfrbpq_1)
                                  0.000436    0.250436   library hold time
                                              0.250436   data required time
---------------------------------------------------------------------------------------------
                                              0.250436   data required time
                                             -0.213606   data arrival time
---------------------------------------------------------------------------------------------
                                             -0.036830   slack (VIOLATED)


Startpoint: u_input_buffer.mem[4][2]$_DFFE_PP_
            (rising edge-triggered flip-flop clocked by clk)
Endpoint: u_input_buffer.mem[4][2]$_DFFE_PP_
          (rising edge-triggered flip-flop clocked by clk)
Path Group: clk
Path Type: min

Fanout         Cap        Slew       Delay        Time   Description
---------------------------------------------------------------------------------------------
                      0.150000    0.000000    0.000000   clock clk (rise edge)
                                  0.000000    0.000000   clock network delay (ideal)
                      0.150000    0.000000    0.000000 ^ u_input_buffer.mem[4][2]$_DFFE_PP_/CLK (sg13g2_dfrbpq_1)
     2    0.006391    0.020626    0.157086    0.157086 v u_input_buffer.mem[4][2]$_DFFE_PP_/Q (sg13g2_dfrbpq_1)
                                                         u_input_buffer.mem[4][2] (net)
                      0.020626    0.000000    0.157086 v _3576_/A (sg13g2_nor2_1)
     1    0.003144    0.029155    0.037281    0.194367 ^ _3576_/Y (sg13g2_nor2_1)
                                                         _0709_ (net)
                      0.029155    0.000000    0.194367 ^ _3577_/B1 (sg13g2_a21oi_1)
     1    0.001523    0.012004    0.019239    0.213606 v _3577_/Y (sg13g2_a21oi_1)
                                                         _0258_ (net)
                      0.012004    0.000000    0.213606 v u_input_buffer.mem[4][2]$_DFFE_PP_/D (sg13g2_dfrbpq_1)
                                              0.213606   data arrival time

                      0.150000    0.000000    0.000000   clock clk (rise edge)
                                  0.000000    0.000000   clock network delay (ideal)
                                  0.250000    0.250000   clock uncertainty
                                  0.000000    0.250000   clock reconvergence pessimism
                                              0.250000 ^ u_input_buffer.mem[4][2]$_DFFE_PP_/CLK (sg13g2_dfrbpq_1)
                                  0.000436    0.250436   library hold time
                                              0.250436   data required time
---------------------------------------------------------------------------------------------
                                              0.250436   data required time
                                             -0.213606   data arrival time
---------------------------------------------------------------------------------------------
                                             -0.036830   slack (VIOLATED)


Startpoint: u_input_buffer.mem[4][3]$_DFFE_PP_
            (rising edge-triggered flip-flop clocked by clk)
Endpoint: u_input_buffer.mem[4][3]$_DFFE_PP_
          (rising edge-triggered flip-flop clocked by clk)
Path Group: clk
Path Type: min

Fanout         Cap        Slew       Delay        Time   Description
---------------------------------------------------------------------------------------------
                      0.150000    0.000000    0.000000   clock clk (rise edge)
                                  0.000000    0.000000   clock network delay (ideal)
                      0.150000    0.000000    0.000000 ^ u_input_buffer.mem[4][3]$_DFFE_PP_/CLK (sg13g2_dfrbpq_1)
     2    0.006391    0.020626    0.157086    0.157086 v u_input_buffer.mem[4][3]$_DFFE_PP_/Q (sg13g2_dfrbpq_1)
                                                         u_input_buffer.mem[4][3] (net)
                      0.020626    0.000000    0.157086 v _3578_/A (sg13g2_nor2_1)
     1    0.003144    0.029155    0.037281    0.194367 ^ _3578_/Y (sg13g2_nor2_1)
                                                         _0710_ (net)
                      0.029155    0.000000    0.194367 ^ _3579_/B1 (sg13g2_a21oi_1)
     1    0.001523    0.012004    0.019239    0.213606 v _3579_/Y (sg13g2_a21oi_1)
                                                         _0259_ (net)
                      0.012004    0.000000    0.213606 v u_input_buffer.mem[4][3]$_DFFE_PP_/D (sg13g2_dfrbpq_1)
                                              0.213606   data arrival time

                      0.150000    0.000000    0.000000   clock clk (rise edge)
                                  0.000000    0.000000   clock network delay (ideal)
                                  0.250000    0.250000   clock uncertainty
                                  0.000000    0.250000   clock reconvergence pessimism
                                              0.250000 ^ u_input_buffer.mem[4][3]$_DFFE_PP_/CLK (sg13g2_dfrbpq_1)
                                  0.000436    0.250436   library hold time
                                              0.250436   data required time
---------------------------------------------------------------------------------------------
                                              0.250436   data required time
                                             -0.213606   data arrival time
---------------------------------------------------------------------------------------------
                                             -0.036830   slack (VIOLATED)


Startpoint: u_input_buffer.mem[4][4]$_DFFE_PP_
            (rising edge-triggered flip-flop clocked by clk)
Endpoint: u_input_buffer.mem[4][4]$_DFFE_PP_
          (rising edge-triggered flip-flop clocked by clk)
Path Group: clk
Path Type: min

Fanout         Cap        Slew       Delay        Time   Description
---------------------------------------------------------------------------------------------
                      0.150000    0.000000    0.000000   clock clk (rise edge)
                                  0.000000    0.000000   clock network delay (ideal)
                      0.150000    0.000000    0.000000 ^ u_input_buffer.mem[4][4]$_DFFE_PP_/CLK (sg13g2_dfrbpq_1)
     2    0.006391    0.020626    0.157086    0.157086 v u_input_buffer.mem[4][4]$_DFFE_PP_/Q (sg13g2_dfrbpq_1)
                                                         u_input_buffer.mem[4][4] (net)
                      0.020626    0.000000    0.157086 v _3580_/A (sg13g2_nor2_1)
     1    0.003144    0.029155    0.037281    0.194367 ^ _3580_/Y (sg13g2_nor2_1)
                                                         _0711_ (net)
                      0.029155    0.000000    0.194367 ^ _3581_/B1 (sg13g2_a21oi_1)
     1    0.001523    0.012004    0.019239    0.213606 v _3581_/Y (sg13g2_a21oi_1)
                                                         _0260_ (net)
                      0.012004    0.000000    0.213606 v u_input_buffer.mem[4][4]$_DFFE_PP_/D (sg13g2_dfrbpq_1)
                                              0.213606   data arrival time

                      0.150000    0.000000    0.000000   clock clk (rise edge)
                                  0.000000    0.000000   clock network delay (ideal)
                                  0.250000    0.250000   clock uncertainty
                                  0.000000    0.250000   clock reconvergence pessimism
                                              0.250000 ^ u_input_buffer.mem[4][4]$_DFFE_PP_/CLK (sg13g2_dfrbpq_1)
                                  0.000436    0.250436   library hold time
                                              0.250436   data required time
---------------------------------------------------------------------------------------------
                                              0.250436   data required time
                                             -0.213606   data arrival time
---------------------------------------------------------------------------------------------
                                             -0.036830   slack (VIOLATED)


Startpoint: u_input_buffer.mem[4][5]$_DFFE_PP_
            (rising edge-triggered flip-flop clocked by clk)
Endpoint: u_input_buffer.mem[4][5]$_DFFE_PP_
          (rising edge-triggered flip-flop clocked by clk)
Path Group: clk
Path Type: min

Fanout         Cap        Slew       Delay        Time   Description
---------------------------------------------------------------------------------------------
                      0.150000    0.000000    0.000000   clock clk (rise edge)
                                  0.000000    0.000000   clock network delay (ideal)
                      0.150000    0.000000    0.000000 ^ u_input_buffer.mem[4][5]$_DFFE_PP_/CLK (sg13g2_dfrbpq_1)
     2    0.006391    0.020626    0.157086    0.157086 v u_input_buffer.mem[4][5]$_DFFE_PP_/Q (sg13g2_dfrbpq_1)
                                                         u_input_buffer.mem[4][5] (net)
                      0.020626    0.000000    0.157086 v _3582_/A (sg13g2_nor2_1)
     1    0.003144    0.029155    0.037281    0.194367 ^ _3582_/Y (sg13g2_nor2_1)
                                                         _0712_ (net)
                      0.029155    0.000000    0.194367 ^ _3583_/B1 (sg13g2_a21oi_1)
     1    0.001523    0.012004    0.019239    0.213606 v _3583_/Y (sg13g2_a21oi_1)
                                                         _0261_ (net)
                      0.012004    0.000000    0.213606 v u_input_buffer.mem[4][5]$_DFFE_PP_/D (sg13g2_dfrbpq_1)
                                              0.213606   data arrival time

                      0.150000    0.000000    0.000000   clock clk (rise edge)
                                  0.000000    0.000000   clock network delay (ideal)
                                  0.250000    0.250000   clock uncertainty
                                  0.000000    0.250000   clock reconvergence pessimism
                                              0.250000 ^ u_input_buffer.mem[4][5]$_DFFE_PP_/CLK (sg13g2_dfrbpq_1)
                                  0.000436    0.250436   library hold time
                                              0.250436   data required time
---------------------------------------------------------------------------------------------
                                              0.250436   data required time
                                             -0.213606   data arrival time
---------------------------------------------------------------------------------------------
                                             -0.036830   slack (VIOLATED)


Startpoint: u_input_buffer.mem[4][6]$_DFFE_PP_
            (rising edge-triggered flip-flop clocked by clk)
Endpoint: u_input_buffer.mem[4][6]$_DFFE_PP_
          (rising edge-triggered flip-flop clocked by clk)
Path Group: clk
Path Type: min

Fanout         Cap        Slew       Delay        Time   Description
---------------------------------------------------------------------------------------------
                      0.150000    0.000000    0.000000   clock clk (rise edge)
                                  0.000000    0.000000   clock network delay (ideal)
                      0.150000    0.000000    0.000000 ^ u_input_buffer.mem[4][6]$_DFFE_PP_/CLK (sg13g2_dfrbpq_1)
     2    0.006391    0.020626    0.157086    0.157086 v u_input_buffer.mem[4][6]$_DFFE_PP_/Q (sg13g2_dfrbpq_1)
                                                         u_input_buffer.mem[4][6] (net)
                      0.020626    0.000000    0.157086 v _3584_/A (sg13g2_nor2_1)
     1    0.003144    0.029155    0.037281    0.194367 ^ _3584_/Y (sg13g2_nor2_1)
                                                         _0713_ (net)
                      0.029155    0.000000    0.194367 ^ _3585_/B1 (sg13g2_a21oi_1)
     1    0.001523    0.012004    0.019239    0.213606 v _3585_/Y (sg13g2_a21oi_1)
                                                         _0262_ (net)
                      0.012004    0.000000    0.213606 v u_input_buffer.mem[4][6]$_DFFE_PP_/D (sg13g2_dfrbpq_1)
                                              0.213606   data arrival time

                      0.150000    0.000000    0.000000   clock clk (rise edge)
                                  0.000000    0.000000   clock network delay (ideal)
                                  0.250000    0.250000   clock uncertainty
                                  0.000000    0.250000   clock reconvergence pessimism
                                              0.250000 ^ u_input_buffer.mem[4][6]$_DFFE_PP_/CLK (sg13g2_dfrbpq_1)
                                  0.000436    0.250436   library hold time
                                              0.250436   data required time
---------------------------------------------------------------------------------------------
                                              0.250436   data required time
                                             -0.213606   data arrival time
---------------------------------------------------------------------------------------------
                                             -0.036830   slack (VIOLATED)


Startpoint: u_input_buffer.mem[4][7]$_DFFE_PP_
            (rising edge-triggered flip-flop clocked by clk)
Endpoint: u_input_buffer.mem[4][7]$_DFFE_PP_
          (rising edge-triggered flip-flop clocked by clk)
Path Group: clk
Path Type: min

Fanout         Cap        Slew       Delay        Time   Description
---------------------------------------------------------------------------------------------
                      0.150000    0.000000    0.000000   clock clk (rise edge)
                                  0.000000    0.000000   clock network delay (ideal)
                      0.150000    0.000000    0.000000 ^ u_input_buffer.mem[4][7]$_DFFE_PP_/CLK (sg13g2_dfrbpq_1)
     2    0.006391    0.020626    0.157086    0.157086 v u_input_buffer.mem[4][7]$_DFFE_PP_/Q (sg13g2_dfrbpq_1)
                                                         u_input_buffer.mem[4][7] (net)
                      0.020626    0.000000    0.157086 v _3586_/A (sg13g2_nor2_1)
     1    0.003144    0.029155    0.037281    0.194367 ^ _3586_/Y (sg13g2_nor2_1)
                                                         _0714_ (net)
                      0.029155    0.000000    0.194367 ^ _3587_/B1 (sg13g2_a21oi_1)
     1    0.001523    0.012004    0.019239    0.213606 v _3587_/Y (sg13g2_a21oi_1)
                                                         _0263_ (net)
                      0.012004    0.000000    0.213606 v u_input_buffer.mem[4][7]$_DFFE_PP_/D (sg13g2_dfrbpq_1)
                                              0.213606   data arrival time

                      0.150000    0.000000    0.000000   clock clk (rise edge)
                                  0.000000    0.000000   clock network delay (ideal)
                                  0.250000    0.250000   clock uncertainty
                                  0.000000    0.250000   clock reconvergence pessimism
                                              0.250000 ^ u_input_buffer.mem[4][7]$_DFFE_PP_/CLK (sg13g2_dfrbpq_1)
                                  0.000436    0.250436   library hold time
                                              0.250436   data required time
---------------------------------------------------------------------------------------------
                                              0.250436   data required time
                                             -0.213606   data arrival time
---------------------------------------------------------------------------------------------
                                             -0.036830   slack (VIOLATED)


Startpoint: u_input_buffer.mem[5][0]$_DFFE_PP_
            (rising edge-triggered flip-flop clocked by clk)
Endpoint: u_input_buffer.mem[5][0]$_DFFE_PP_
          (rising edge-triggered flip-flop clocked by clk)
Path Group: clk
Path Type: min

Fanout         Cap        Slew       Delay        Time   Description
---------------------------------------------------------------------------------------------
                      0.150000    0.000000    0.000000   clock clk (rise edge)
                                  0.000000    0.000000   clock network delay (ideal)
                      0.150000    0.000000    0.000000 ^ u_input_buffer.mem[5][0]$_DFFE_PP_/CLK (sg13g2_dfrbpq_1)
     2    0.006391    0.020626    0.157086    0.157086 v u_input_buffer.mem[5][0]$_DFFE_PP_/Q (sg13g2_dfrbpq_1)
                                                         u_input_buffer.mem[5][0] (net)
                      0.020626    0.000000    0.157086 v _3589_/A (sg13g2_nor2_1)
     1    0.003144    0.029155    0.037281    0.194367 ^ _3589_/Y (sg13g2_nor2_1)
                                                         _0716_ (net)
                      0.029155    0.000000    0.194367 ^ _3590_/B1 (sg13g2_a21oi_1)
     1    0.001523    0.012004    0.019239    0.213606 v _3590_/Y (sg13g2_a21oi_1)
                                                         _0264_ (net)
                      0.012004    0.000000    0.213606 v u_input_buffer.mem[5][0]$_DFFE_PP_/D (sg13g2_dfrbpq_1)
                                              0.213606   data arrival time

                      0.150000    0.000000    0.000000   clock clk (rise edge)
                                  0.000000    0.000000   clock network delay (ideal)
                                  0.250000    0.250000   clock uncertainty
                                  0.000000    0.250000   clock reconvergence pessimism
                                              0.250000 ^ u_input_buffer.mem[5][0]$_DFFE_PP_/CLK (sg13g2_dfrbpq_1)
                                  0.000436    0.250436   library hold time
                                              0.250436   data required time
---------------------------------------------------------------------------------------------
                                              0.250436   data required time
                                             -0.213606   data arrival time
---------------------------------------------------------------------------------------------
                                             -0.036830   slack (VIOLATED)


Startpoint: u_input_buffer.mem[5][1]$_DFFE_PP_
            (rising edge-triggered flip-flop clocked by clk)
Endpoint: u_input_buffer.mem[5][1]$_DFFE_PP_
          (rising edge-triggered flip-flop clocked by clk)
Path Group: clk
Path Type: min

Fanout         Cap        Slew       Delay        Time   Description
---------------------------------------------------------------------------------------------
                      0.150000    0.000000    0.000000   clock clk (rise edge)
                                  0.000000    0.000000   clock network delay (ideal)
                      0.150000    0.000000    0.000000 ^ u_input_buffer.mem[5][1]$_DFFE_PP_/CLK (sg13g2_dfrbpq_1)
     2    0.006391    0.020626    0.157086    0.157086 v u_input_buffer.mem[5][1]$_DFFE_PP_/Q (sg13g2_dfrbpq_1)
                                                         u_input_buffer.mem[5][1] (net)
                      0.020626    0.000000    0.157086 v _3591_/A (sg13g2_nor2_1)
     1    0.003144    0.029155    0.037281    0.194367 ^ _3591_/Y (sg13g2_nor2_1)
                                                         _0717_ (net)
                      0.029155    0.000000    0.194367 ^ _3592_/B1 (sg13g2_a21oi_1)
     1    0.001523    0.012004    0.019239    0.213606 v _3592_/Y (sg13g2_a21oi_1)
                                                         _0265_ (net)
                      0.012004    0.000000    0.213606 v u_input_buffer.mem[5][1]$_DFFE_PP_/D (sg13g2_dfrbpq_1)
                                              0.213606   data arrival time

                      0.150000    0.000000    0.000000   clock clk (rise edge)
                                  0.000000    0.000000   clock network delay (ideal)
                                  0.250000    0.250000   clock uncertainty
                                  0.000000    0.250000   clock reconvergence pessimism
                                              0.250000 ^ u_input_buffer.mem[5][1]$_DFFE_PP_/CLK (sg13g2_dfrbpq_1)
                                  0.000436    0.250436   library hold time
                                              0.250436   data required time
---------------------------------------------------------------------------------------------
                                              0.250436   data required time
                                             -0.213606   data arrival time
---------------------------------------------------------------------------------------------
                                             -0.036830   slack (VIOLATED)


Startpoint: u_input_buffer.mem[5][2]$_DFFE_PP_
            (rising edge-triggered flip-flop clocked by clk)
Endpoint: u_input_buffer.mem[5][2]$_DFFE_PP_
          (rising edge-triggered flip-flop clocked by clk)
Path Group: clk
Path Type: min

Fanout         Cap        Slew       Delay        Time   Description
---------------------------------------------------------------------------------------------
                      0.150000    0.000000    0.000000   clock clk (rise edge)
                                  0.000000    0.000000   clock network delay (ideal)
                      0.150000    0.000000    0.000000 ^ u_input_buffer.mem[5][2]$_DFFE_PP_/CLK (sg13g2_dfrbpq_1)
     2    0.006391    0.020626    0.157086    0.157086 v u_input_buffer.mem[5][2]$_DFFE_PP_/Q (sg13g2_dfrbpq_1)
                                                         u_input_buffer.mem[5][2] (net)
                      0.020626    0.000000    0.157086 v _3593_/A (sg13g2_nor2_1)
     1    0.003144    0.029155    0.037281    0.194367 ^ _3593_/Y (sg13g2_nor2_1)
                                                         _0718_ (net)
                      0.029155    0.000000    0.194367 ^ _3594_/B1 (sg13g2_a21oi_1)
     1    0.001523    0.012004    0.019239    0.213606 v _3594_/Y (sg13g2_a21oi_1)
                                                         _0266_ (net)
                      0.012004    0.000000    0.213606 v u_input_buffer.mem[5][2]$_DFFE_PP_/D (sg13g2_dfrbpq_1)
                                              0.213606   data arrival time

                      0.150000    0.000000    0.000000   clock clk (rise edge)
                                  0.000000    0.000000   clock network delay (ideal)
                                  0.250000    0.250000   clock uncertainty
                                  0.000000    0.250000   clock reconvergence pessimism
                                              0.250000 ^ u_input_buffer.mem[5][2]$_DFFE_PP_/CLK (sg13g2_dfrbpq_1)
                                  0.000436    0.250436   library hold time
                                              0.250436   data required time
---------------------------------------------------------------------------------------------
                                              0.250436   data required time
                                             -0.213606   data arrival time
---------------------------------------------------------------------------------------------
                                             -0.036830   slack (VIOLATED)


Startpoint: u_input_buffer.mem[5][3]$_DFFE_PP_
            (rising edge-triggered flip-flop clocked by clk)
Endpoint: u_input_buffer.mem[5][3]$_DFFE_PP_
          (rising edge-triggered flip-flop clocked by clk)
Path Group: clk
Path Type: min

Fanout         Cap        Slew       Delay        Time   Description
---------------------------------------------------------------------------------------------
                      0.150000    0.000000    0.000000   clock clk (rise edge)
                                  0.000000    0.000000   clock network delay (ideal)
                      0.150000    0.000000    0.000000 ^ u_input_buffer.mem[5][3]$_DFFE_PP_/CLK (sg13g2_dfrbpq_1)
     2    0.006391    0.020626    0.157086    0.157086 v u_input_buffer.mem[5][3]$_DFFE_PP_/Q (sg13g2_dfrbpq_1)
                                                         u_input_buffer.mem[5][3] (net)
                      0.020626    0.000000    0.157086 v _3595_/A (sg13g2_nor2_1)
     1    0.003144    0.029155    0.037281    0.194367 ^ _3595_/Y (sg13g2_nor2_1)
                                                         _0719_ (net)
                      0.029155    0.000000    0.194367 ^ _3596_/B1 (sg13g2_a21oi_1)
     1    0.001523    0.012004    0.019239    0.213606 v _3596_/Y (sg13g2_a21oi_1)
                                                         _0267_ (net)
                      0.012004    0.000000    0.213606 v u_input_buffer.mem[5][3]$_DFFE_PP_/D (sg13g2_dfrbpq_1)
                                              0.213606   data arrival time

                      0.150000    0.000000    0.000000   clock clk (rise edge)
                                  0.000000    0.000000   clock network delay (ideal)
                                  0.250000    0.250000   clock uncertainty
                                  0.000000    0.250000   clock reconvergence pessimism
                                              0.250000 ^ u_input_buffer.mem[5][3]$_DFFE_PP_/CLK (sg13g2_dfrbpq_1)
                                  0.000436    0.250436   library hold time
                                              0.250436   data required time
---------------------------------------------------------------------------------------------
                                              0.250436   data required time
                                             -0.213606   data arrival time
---------------------------------------------------------------------------------------------
                                             -0.036830   slack (VIOLATED)


Startpoint: u_input_buffer.mem[5][4]$_DFFE_PP_
            (rising edge-triggered flip-flop clocked by clk)
Endpoint: u_input_buffer.mem[5][4]$_DFFE_PP_
          (rising edge-triggered flip-flop clocked by clk)
Path Group: clk
Path Type: min

Fanout         Cap        Slew       Delay        Time   Description
---------------------------------------------------------------------------------------------
                      0.150000    0.000000    0.000000   clock clk (rise edge)
                                  0.000000    0.000000   clock network delay (ideal)
                      0.150000    0.000000    0.000000 ^ u_input_buffer.mem[5][4]$_DFFE_PP_/CLK (sg13g2_dfrbpq_1)
     2    0.006391    0.020626    0.157086    0.157086 v u_input_buffer.mem[5][4]$_DFFE_PP_/Q (sg13g2_dfrbpq_1)
                                                         u_input_buffer.mem[5][4] (net)
                      0.020626    0.000000    0.157086 v _3597_/A (sg13g2_nor2_1)
     1    0.003144    0.029155    0.037281    0.194367 ^ _3597_/Y (sg13g2_nor2_1)
                                                         _0720_ (net)
                      0.029155    0.000000    0.194367 ^ _3598_/B1 (sg13g2_a21oi_1)
     1    0.001523    0.012004    0.019239    0.213606 v _3598_/Y (sg13g2_a21oi_1)
                                                         _0268_ (net)
                      0.012004    0.000000    0.213606 v u_input_buffer.mem[5][4]$_DFFE_PP_/D (sg13g2_dfrbpq_1)
                                              0.213606   data arrival time

                      0.150000    0.000000    0.000000   clock clk (rise edge)
                                  0.000000    0.000000   clock network delay (ideal)
                                  0.250000    0.250000   clock uncertainty
                                  0.000000    0.250000   clock reconvergence pessimism
                                              0.250000 ^ u_input_buffer.mem[5][4]$_DFFE_PP_/CLK (sg13g2_dfrbpq_1)
                                  0.000436    0.250436   library hold time
                                              0.250436   data required time
---------------------------------------------------------------------------------------------
                                              0.250436   data required time
                                             -0.213606   data arrival time
---------------------------------------------------------------------------------------------
                                             -0.036830   slack (VIOLATED)


Startpoint: u_input_buffer.mem[5][5]$_DFFE_PP_
            (rising edge-triggered flip-flop clocked by clk)
Endpoint: u_input_buffer.mem[5][5]$_DFFE_PP_
          (rising edge-triggered flip-flop clocked by clk)
Path Group: clk
Path Type: min

Fanout         Cap        Slew       Delay        Time   Description
---------------------------------------------------------------------------------------------
                      0.150000    0.000000    0.000000   clock clk (rise edge)
                                  0.000000    0.000000   clock network delay (ideal)
                      0.150000    0.000000    0.000000 ^ u_input_buffer.mem[5][5]$_DFFE_PP_/CLK (sg13g2_dfrbpq_1)
     2    0.006391    0.020626    0.157086    0.157086 v u_input_buffer.mem[5][5]$_DFFE_PP_/Q (sg13g2_dfrbpq_1)
                                                         u_input_buffer.mem[5][5] (net)
                      0.020626    0.000000    0.157086 v _3599_/A (sg13g2_nor2_1)
     1    0.003144    0.029155    0.037281    0.194367 ^ _3599_/Y (sg13g2_nor2_1)
                                                         _0721_ (net)
                      0.029155    0.000000    0.194367 ^ _3600_/B1 (sg13g2_a21oi_1)
     1    0.001523    0.012004    0.019239    0.213606 v _3600_/Y (sg13g2_a21oi_1)
                                                         _0269_ (net)
                      0.012004    0.000000    0.213606 v u_input_buffer.mem[5][5]$_DFFE_PP_/D (sg13g2_dfrbpq_1)
                                              0.213606   data arrival time

                      0.150000    0.000000    0.000000   clock clk (rise edge)
                                  0.000000    0.000000   clock network delay (ideal)
                                  0.250000    0.250000   clock uncertainty
                                  0.000000    0.250000   clock reconvergence pessimism
                                              0.250000 ^ u_input_buffer.mem[5][5]$_DFFE_PP_/CLK (sg13g2_dfrbpq_1)
                                  0.000436    0.250436   library hold time
                                              0.250436   data required time
---------------------------------------------------------------------------------------------
                                              0.250436   data required time
                                             -0.213606   data arrival time
---------------------------------------------------------------------------------------------
                                             -0.036830   slack (VIOLATED)


Startpoint: u_input_buffer.mem[5][6]$_DFFE_PP_
            (rising edge-triggered flip-flop clocked by clk)
Endpoint: u_input_buffer.mem[5][6]$_DFFE_PP_
          (rising edge-triggered flip-flop clocked by clk)
Path Group: clk
Path Type: min

Fanout         Cap        Slew       Delay        Time   Description
---------------------------------------------------------------------------------------------
                      0.150000    0.000000    0.000000   clock clk (rise edge)
                                  0.000000    0.000000   clock network delay (ideal)
                      0.150000    0.000000    0.000000 ^ u_input_buffer.mem[5][6]$_DFFE_PP_/CLK (sg13g2_dfrbpq_1)
     2    0.006391    0.020626    0.157086    0.157086 v u_input_buffer.mem[5][6]$_DFFE_PP_/Q (sg13g2_dfrbpq_1)
                                                         u_input_buffer.mem[5][6] (net)
                      0.020626    0.000000    0.157086 v _3601_/A (sg13g2_nor2_1)
     1    0.003144    0.029155    0.037281    0.194367 ^ _3601_/Y (sg13g2_nor2_1)
                                                         _0722_ (net)
                      0.029155    0.000000    0.194367 ^ _3602_/B1 (sg13g2_a21oi_1)
     1    0.001523    0.012004    0.019239    0.213606 v _3602_/Y (sg13g2_a21oi_1)
                                                         _0270_ (net)
                      0.012004    0.000000    0.213606 v u_input_buffer.mem[5][6]$_DFFE_PP_/D (sg13g2_dfrbpq_1)
                                              0.213606   data arrival time

                      0.150000    0.000000    0.000000   clock clk (rise edge)
                                  0.000000    0.000000   clock network delay (ideal)
                                  0.250000    0.250000   clock uncertainty
                                  0.000000    0.250000   clock reconvergence pessimism
                                              0.250000 ^ u_input_buffer.mem[5][6]$_DFFE_PP_/CLK (sg13g2_dfrbpq_1)
                                  0.000436    0.250436   library hold time
                                              0.250436   data required time
---------------------------------------------------------------------------------------------
                                              0.250436   data required time
                                             -0.213606   data arrival time
---------------------------------------------------------------------------------------------
                                             -0.036830   slack (VIOLATED)


Startpoint: u_input_buffer.mem[5][7]$_DFFE_PP_
            (rising edge-triggered flip-flop clocked by clk)
Endpoint: u_input_buffer.mem[5][7]$_DFFE_PP_
          (rising edge-triggered flip-flop clocked by clk)
Path Group: clk
Path Type: min

Fanout         Cap        Slew       Delay        Time   Description
---------------------------------------------------------------------------------------------
                      0.150000    0.000000    0.000000   clock clk (rise edge)
                                  0.000000    0.000000   clock network delay (ideal)
                      0.150000    0.000000    0.000000 ^ u_input_buffer.mem[5][7]$_DFFE_PP_/CLK (sg13g2_dfrbpq_1)
     2    0.006391    0.020626    0.157086    0.157086 v u_input_buffer.mem[5][7]$_DFFE_PP_/Q (sg13g2_dfrbpq_1)
                                                         u_input_buffer.mem[5][7] (net)
                      0.020626    0.000000    0.157086 v _3603_/A (sg13g2_nor2_1)
     1    0.003144    0.029155    0.037281    0.194367 ^ _3603_/Y (sg13g2_nor2_1)
                                                         _0723_ (net)
                      0.029155    0.000000    0.194367 ^ _3604_/B1 (sg13g2_a21oi_1)
     1    0.001523    0.012004    0.019239    0.213606 v _3604_/Y (sg13g2_a21oi_1)
                                                         _0271_ (net)
                      0.012004    0.000000    0.213606 v u_input_buffer.mem[5][7]$_DFFE_PP_/D (sg13g2_dfrbpq_1)
                                              0.213606   data arrival time

                      0.150000    0.000000    0.000000   clock clk (rise edge)
                                  0.000000    0.000000   clock network delay (ideal)
                                  0.250000    0.250000   clock uncertainty
                                  0.000000    0.250000   clock reconvergence pessimism
                                              0.250000 ^ u_input_buffer.mem[5][7]$_DFFE_PP_/CLK (sg13g2_dfrbpq_1)
                                  0.000436    0.250436   library hold time
                                              0.250436   data required time
---------------------------------------------------------------------------------------------
                                              0.250436   data required time
                                             -0.213606   data arrival time
---------------------------------------------------------------------------------------------
                                             -0.036830   slack (VIOLATED)


Startpoint: u_input_buffer.mem[6][0]$_DFFE_PP_
            (rising edge-triggered flip-flop clocked by clk)
Endpoint: u_input_buffer.mem[6][0]$_DFFE_PP_
          (rising edge-triggered flip-flop clocked by clk)
Path Group: clk
Path Type: min

Fanout         Cap        Slew       Delay        Time   Description
---------------------------------------------------------------------------------------------
                      0.150000    0.000000    0.000000   clock clk (rise edge)
                                  0.000000    0.000000   clock network delay (ideal)
                      0.150000    0.000000    0.000000 ^ u_input_buffer.mem[6][0]$_DFFE_PP_/CLK (sg13g2_dfrbpq_1)
     2    0.006391    0.020626    0.157086    0.157086 v u_input_buffer.mem[6][0]$_DFFE_PP_/Q (sg13g2_dfrbpq_1)
                                                         u_input_buffer.mem[6][0] (net)
                      0.020626    0.000000    0.157086 v _3606_/A (sg13g2_nor2_1)
     1    0.003144    0.029155    0.037281    0.194367 ^ _3606_/Y (sg13g2_nor2_1)
                                                         _0725_ (net)
                      0.029155    0.000000    0.194367 ^ _3607_/B1 (sg13g2_a21oi_1)
     1    0.001523    0.012004    0.019239    0.213606 v _3607_/Y (sg13g2_a21oi_1)
                                                         _0272_ (net)
                      0.012004    0.000000    0.213606 v u_input_buffer.mem[6][0]$_DFFE_PP_/D (sg13g2_dfrbpq_1)
                                              0.213606   data arrival time

                      0.150000    0.000000    0.000000   clock clk (rise edge)
                                  0.000000    0.000000   clock network delay (ideal)
                                  0.250000    0.250000   clock uncertainty
                                  0.000000    0.250000   clock reconvergence pessimism
                                              0.250000 ^ u_input_buffer.mem[6][0]$_DFFE_PP_/CLK (sg13g2_dfrbpq_1)
                                  0.000436    0.250436   library hold time
                                              0.250436   data required time
---------------------------------------------------------------------------------------------
                                              0.250436   data required time
                                             -0.213606   data arrival time
---------------------------------------------------------------------------------------------
                                             -0.036830   slack (VIOLATED)


Startpoint: u_input_buffer.mem[6][1]$_DFFE_PP_
            (rising edge-triggered flip-flop clocked by clk)
Endpoint: u_input_buffer.mem[6][1]$_DFFE_PP_
          (rising edge-triggered flip-flop clocked by clk)
Path Group: clk
Path Type: min

Fanout         Cap        Slew       Delay        Time   Description
---------------------------------------------------------------------------------------------
                      0.150000    0.000000    0.000000   clock clk (rise edge)
                                  0.000000    0.000000   clock network delay (ideal)
                      0.150000    0.000000    0.000000 ^ u_input_buffer.mem[6][1]$_DFFE_PP_/CLK (sg13g2_dfrbpq_1)
     2    0.006391    0.020626    0.157086    0.157086 v u_input_buffer.mem[6][1]$_DFFE_PP_/Q (sg13g2_dfrbpq_1)
                                                         u_input_buffer.mem[6][1] (net)
                      0.020626    0.000000    0.157086 v _3608_/A (sg13g2_nor2_1)
     1    0.003144    0.029155    0.037281    0.194367 ^ _3608_/Y (sg13g2_nor2_1)
                                                         _0726_ (net)
                      0.029155    0.000000    0.194367 ^ _3609_/B1 (sg13g2_a21oi_1)
     1    0.001523    0.012004    0.019239    0.213606 v _3609_/Y (sg13g2_a21oi_1)
                                                         _0273_ (net)
                      0.012004    0.000000    0.213606 v u_input_buffer.mem[6][1]$_DFFE_PP_/D (sg13g2_dfrbpq_1)
                                              0.213606   data arrival time

                      0.150000    0.000000    0.000000   clock clk (rise edge)
                                  0.000000    0.000000   clock network delay (ideal)
                                  0.250000    0.250000   clock uncertainty
                                  0.000000    0.250000   clock reconvergence pessimism
                                              0.250000 ^ u_input_buffer.mem[6][1]$_DFFE_PP_/CLK (sg13g2_dfrbpq_1)
                                  0.000436    0.250436   library hold time
                                              0.250436   data required time
---------------------------------------------------------------------------------------------
                                              0.250436   data required time
                                             -0.213606   data arrival time
---------------------------------------------------------------------------------------------
                                             -0.036830   slack (VIOLATED)


Startpoint: u_input_buffer.mem[6][2]$_DFFE_PP_
            (rising edge-triggered flip-flop clocked by clk)
Endpoint: u_input_buffer.mem[6][2]$_DFFE_PP_
          (rising edge-triggered flip-flop clocked by clk)
Path Group: clk
Path Type: min

Fanout         Cap        Slew       Delay        Time   Description
---------------------------------------------------------------------------------------------
                      0.150000    0.000000    0.000000   clock clk (rise edge)
                                  0.000000    0.000000   clock network delay (ideal)
                      0.150000    0.000000    0.000000 ^ u_input_buffer.mem[6][2]$_DFFE_PP_/CLK (sg13g2_dfrbpq_1)
     2    0.006391    0.020626    0.157086    0.157086 v u_input_buffer.mem[6][2]$_DFFE_PP_/Q (sg13g2_dfrbpq_1)
                                                         u_input_buffer.mem[6][2] (net)
                      0.020626    0.000000    0.157086 v _3610_/A (sg13g2_nor2_1)
     1    0.003144    0.029155    0.037281    0.194367 ^ _3610_/Y (sg13g2_nor2_1)
                                                         _0727_ (net)
                      0.029155    0.000000    0.194367 ^ _3611_/B1 (sg13g2_a21oi_1)
     1    0.001523    0.012004    0.019239    0.213606 v _3611_/Y (sg13g2_a21oi_1)
                                                         _0274_ (net)
                      0.012004    0.000000    0.213606 v u_input_buffer.mem[6][2]$_DFFE_PP_/D (sg13g2_dfrbpq_1)
                                              0.213606   data arrival time

                      0.150000    0.000000    0.000000   clock clk (rise edge)
                                  0.000000    0.000000   clock network delay (ideal)
                                  0.250000    0.250000   clock uncertainty
                                  0.000000    0.250000   clock reconvergence pessimism
                                              0.250000 ^ u_input_buffer.mem[6][2]$_DFFE_PP_/CLK (sg13g2_dfrbpq_1)
                                  0.000436    0.250436   library hold time
                                              0.250436   data required time
---------------------------------------------------------------------------------------------
                                              0.250436   data required time
                                             -0.213606   data arrival time
---------------------------------------------------------------------------------------------
                                             -0.036830   slack (VIOLATED)


Startpoint: u_input_buffer.mem[6][3]$_DFFE_PP_
            (rising edge-triggered flip-flop clocked by clk)
Endpoint: u_input_buffer.mem[6][3]$_DFFE_PP_
          (rising edge-triggered flip-flop clocked by clk)
Path Group: clk
Path Type: min

Fanout         Cap        Slew       Delay        Time   Description
---------------------------------------------------------------------------------------------
                      0.150000    0.000000    0.000000   clock clk (rise edge)
                                  0.000000    0.000000   clock network delay (ideal)
                      0.150000    0.000000    0.000000 ^ u_input_buffer.mem[6][3]$_DFFE_PP_/CLK (sg13g2_dfrbpq_1)
     2    0.006391    0.020626    0.157086    0.157086 v u_input_buffer.mem[6][3]$_DFFE_PP_/Q (sg13g2_dfrbpq_1)
                                                         u_input_buffer.mem[6][3] (net)
                      0.020626    0.000000    0.157086 v _3612_/A (sg13g2_nor2_1)
     1    0.003144    0.029155    0.037281    0.194367 ^ _3612_/Y (sg13g2_nor2_1)
                                                         _0728_ (net)
                      0.029155    0.000000    0.194367 ^ _3613_/B1 (sg13g2_a21oi_1)
     1    0.001523    0.012004    0.019239    0.213606 v _3613_/Y (sg13g2_a21oi_1)
                                                         _0275_ (net)
                      0.012004    0.000000    0.213606 v u_input_buffer.mem[6][3]$_DFFE_PP_/D (sg13g2_dfrbpq_1)
                                              0.213606   data arrival time

                      0.150000    0.000000    0.000000   clock clk (rise edge)
                                  0.000000    0.000000   clock network delay (ideal)
                                  0.250000    0.250000   clock uncertainty
                                  0.000000    0.250000   clock reconvergence pessimism
                                              0.250000 ^ u_input_buffer.mem[6][3]$_DFFE_PP_/CLK (sg13g2_dfrbpq_1)
                                  0.000436    0.250436   library hold time
                                              0.250436   data required time
---------------------------------------------------------------------------------------------
                                              0.250436   data required time
                                             -0.213606   data arrival time
---------------------------------------------------------------------------------------------
                                             -0.036830   slack (VIOLATED)


Startpoint: u_input_buffer.mem[6][4]$_DFFE_PP_
            (rising edge-triggered flip-flop clocked by clk)
Endpoint: u_input_buffer.mem[6][4]$_DFFE_PP_
          (rising edge-triggered flip-flop clocked by clk)
Path Group: clk
Path Type: min

Fanout         Cap        Slew       Delay        Time   Description
---------------------------------------------------------------------------------------------
                      0.150000    0.000000    0.000000   clock clk (rise edge)
                                  0.000000    0.000000   clock network delay (ideal)
                      0.150000    0.000000    0.000000 ^ u_input_buffer.mem[6][4]$_DFFE_PP_/CLK (sg13g2_dfrbpq_1)
     2    0.006391    0.020626    0.157086    0.157086 v u_input_buffer.mem[6][4]$_DFFE_PP_/Q (sg13g2_dfrbpq_1)
                                                         u_input_buffer.mem[6][4] (net)
                      0.020626    0.000000    0.157086 v _3614_/A (sg13g2_nor2_1)
     1    0.003144    0.029155    0.037281    0.194367 ^ _3614_/Y (sg13g2_nor2_1)
                                                         _0729_ (net)
                      0.029155    0.000000    0.194367 ^ _3615_/B1 (sg13g2_a21oi_1)
     1    0.001523    0.012004    0.019239    0.213606 v _3615_/Y (sg13g2_a21oi_1)
                                                         _0276_ (net)
                      0.012004    0.000000    0.213606 v u_input_buffer.mem[6][4]$_DFFE_PP_/D (sg13g2_dfrbpq_1)
                                              0.213606   data arrival time

                      0.150000    0.000000    0.000000   clock clk (rise edge)
                                  0.000000    0.000000   clock network delay (ideal)
                                  0.250000    0.250000   clock uncertainty
                                  0.000000    0.250000   clock reconvergence pessimism
                                              0.250000 ^ u_input_buffer.mem[6][4]$_DFFE_PP_/CLK (sg13g2_dfrbpq_1)
                                  0.000436    0.250436   library hold time
                                              0.250436   data required time
---------------------------------------------------------------------------------------------
                                              0.250436   data required time
                                             -0.213606   data arrival time
---------------------------------------------------------------------------------------------
                                             -0.036830   slack (VIOLATED)


Startpoint: u_input_buffer.mem[6][5]$_DFFE_PP_
            (rising edge-triggered flip-flop clocked by clk)
Endpoint: u_input_buffer.mem[6][5]$_DFFE_PP_
          (rising edge-triggered flip-flop clocked by clk)
Path Group: clk
Path Type: min

Fanout         Cap        Slew       Delay        Time   Description
---------------------------------------------------------------------------------------------
                      0.150000    0.000000    0.000000   clock clk (rise edge)
                                  0.000000    0.000000   clock network delay (ideal)
                      0.150000    0.000000    0.000000 ^ u_input_buffer.mem[6][5]$_DFFE_PP_/CLK (sg13g2_dfrbpq_1)
     2    0.006391    0.020626    0.157086    0.157086 v u_input_buffer.mem[6][5]$_DFFE_PP_/Q (sg13g2_dfrbpq_1)
                                                         u_input_buffer.mem[6][5] (net)
                      0.020626    0.000000    0.157086 v _3616_/A (sg13g2_nor2_1)
     1    0.003144    0.029155    0.037281    0.194367 ^ _3616_/Y (sg13g2_nor2_1)
                                                         _0730_ (net)
                      0.029155    0.000000    0.194367 ^ _3617_/B1 (sg13g2_a21oi_1)
     1    0.001523    0.012004    0.019239    0.213606 v _3617_/Y (sg13g2_a21oi_1)
                                                         _0277_ (net)
                      0.012004    0.000000    0.213606 v u_input_buffer.mem[6][5]$_DFFE_PP_/D (sg13g2_dfrbpq_1)
                                              0.213606   data arrival time

                      0.150000    0.000000    0.000000   clock clk (rise edge)
                                  0.000000    0.000000   clock network delay (ideal)
                                  0.250000    0.250000   clock uncertainty
                                  0.000000    0.250000   clock reconvergence pessimism
                                              0.250000 ^ u_input_buffer.mem[6][5]$_DFFE_PP_/CLK (sg13g2_dfrbpq_1)
                                  0.000436    0.250436   library hold time
                                              0.250436   data required time
---------------------------------------------------------------------------------------------
                                              0.250436   data required time
                                             -0.213606   data arrival time
---------------------------------------------------------------------------------------------
                                             -0.036830   slack (VIOLATED)


Startpoint: u_input_buffer.mem[6][6]$_DFFE_PP_
            (rising edge-triggered flip-flop clocked by clk)
Endpoint: u_input_buffer.mem[6][6]$_DFFE_PP_
          (rising edge-triggered flip-flop clocked by clk)
Path Group: clk
Path Type: min

Fanout         Cap        Slew       Delay        Time   Description
---------------------------------------------------------------------------------------------
                      0.150000    0.000000    0.000000   clock clk (rise edge)
                                  0.000000    0.000000   clock network delay (ideal)
                      0.150000    0.000000    0.000000 ^ u_input_buffer.mem[6][6]$_DFFE_PP_/CLK (sg13g2_dfrbpq_1)
     2    0.006391    0.020626    0.157086    0.157086 v u_input_buffer.mem[6][6]$_DFFE_PP_/Q (sg13g2_dfrbpq_1)
                                                         u_input_buffer.mem[6][6] (net)
                      0.020626    0.000000    0.157086 v _3618_/A (sg13g2_nor2_1)
     1    0.003144    0.029155    0.037281    0.194367 ^ _3618_/Y (sg13g2_nor2_1)
                                                         _0731_ (net)
                      0.029155    0.000000    0.194367 ^ _3619_/B1 (sg13g2_a21oi_1)
     1    0.001523    0.012004    0.019239    0.213606 v _3619_/Y (sg13g2_a21oi_1)
                                                         _0278_ (net)
                      0.012004    0.000000    0.213606 v u_input_buffer.mem[6][6]$_DFFE_PP_/D (sg13g2_dfrbpq_1)
                                              0.213606   data arrival time

                      0.150000    0.000000    0.000000   clock clk (rise edge)
                                  0.000000    0.000000   clock network delay (ideal)
                                  0.250000    0.250000   clock uncertainty
                                  0.000000    0.250000   clock reconvergence pessimism
                                              0.250000 ^ u_input_buffer.mem[6][6]$_DFFE_PP_/CLK (sg13g2_dfrbpq_1)
                                  0.000436    0.250436   library hold time
                                              0.250436   data required time
---------------------------------------------------------------------------------------------
                                              0.250436   data required time
                                             -0.213606   data arrival time
---------------------------------------------------------------------------------------------
                                             -0.036830   slack (VIOLATED)


Startpoint: u_input_buffer.mem[6][7]$_DFFE_PP_
            (rising edge-triggered flip-flop clocked by clk)
Endpoint: u_input_buffer.mem[6][7]$_DFFE_PP_
          (rising edge-triggered flip-flop clocked by clk)
Path Group: clk
Path Type: min

Fanout         Cap        Slew       Delay        Time   Description
---------------------------------------------------------------------------------------------
                      0.150000    0.000000    0.000000   clock clk (rise edge)
                                  0.000000    0.000000   clock network delay (ideal)
                      0.150000    0.000000    0.000000 ^ u_input_buffer.mem[6][7]$_DFFE_PP_/CLK (sg13g2_dfrbpq_1)
     2    0.006391    0.020626    0.157086    0.157086 v u_input_buffer.mem[6][7]$_DFFE_PP_/Q (sg13g2_dfrbpq_1)
                                                         u_input_buffer.mem[6][7] (net)
                      0.020626    0.000000    0.157086 v _3620_/A (sg13g2_nor2_1)
     1    0.003144    0.029155    0.037281    0.194367 ^ _3620_/Y (sg13g2_nor2_1)
                                                         _0732_ (net)
                      0.029155    0.000000    0.194367 ^ _3621_/B1 (sg13g2_a21oi_1)
     1    0.001523    0.012004    0.019239    0.213606 v _3621_/Y (sg13g2_a21oi_1)
                                                         _0279_ (net)
                      0.012004    0.000000    0.213606 v u_input_buffer.mem[6][7]$_DFFE_PP_/D (sg13g2_dfrbpq_1)
                                              0.213606   data arrival time

                      0.150000    0.000000    0.000000   clock clk (rise edge)
                                  0.000000    0.000000   clock network delay (ideal)
                                  0.250000    0.250000   clock uncertainty
                                  0.000000    0.250000   clock reconvergence pessimism
                                              0.250000 ^ u_input_buffer.mem[6][7]$_DFFE_PP_/CLK (sg13g2_dfrbpq_1)
                                  0.000436    0.250436   library hold time
                                              0.250436   data required time
---------------------------------------------------------------------------------------------
                                              0.250436   data required time
                                             -0.213606   data arrival time
---------------------------------------------------------------------------------------------
                                             -0.036830   slack (VIOLATED)


Startpoint: u_input_buffer.mem[7][0]$_DFFE_PP_
            (rising edge-triggered flip-flop clocked by clk)
Endpoint: u_input_buffer.mem[7][0]$_DFFE_PP_
          (rising edge-triggered flip-flop clocked by clk)
Path Group: clk
Path Type: min

Fanout         Cap        Slew       Delay        Time   Description
---------------------------------------------------------------------------------------------
                      0.150000    0.000000    0.000000   clock clk (rise edge)
                                  0.000000    0.000000   clock network delay (ideal)
                      0.150000    0.000000    0.000000 ^ u_input_buffer.mem[7][0]$_DFFE_PP_/CLK (sg13g2_dfrbpq_1)
     2    0.006391    0.020626    0.157086    0.157086 v u_input_buffer.mem[7][0]$_DFFE_PP_/Q (sg13g2_dfrbpq_1)
                                                         u_input_buffer.mem[7][0] (net)
                      0.020626    0.000000    0.157086 v _3623_/A (sg13g2_nor2_1)
     1    0.003144    0.029155    0.037281    0.194367 ^ _3623_/Y (sg13g2_nor2_1)
                                                         _0734_ (net)
                      0.029155    0.000000    0.194367 ^ _3624_/B1 (sg13g2_a21oi_1)
     1    0.001523    0.012004    0.019239    0.213606 v _3624_/Y (sg13g2_a21oi_1)
                                                         _0280_ (net)
                      0.012004    0.000000    0.213606 v u_input_buffer.mem[7][0]$_DFFE_PP_/D (sg13g2_dfrbpq_1)
                                              0.213606   data arrival time

                      0.150000    0.000000    0.000000   clock clk (rise edge)
                                  0.000000    0.000000   clock network delay (ideal)
                                  0.250000    0.250000   clock uncertainty
                                  0.000000    0.250000   clock reconvergence pessimism
                                              0.250000 ^ u_input_buffer.mem[7][0]$_DFFE_PP_/CLK (sg13g2_dfrbpq_1)
                                  0.000436    0.250436   library hold time
                                              0.250436   data required time
---------------------------------------------------------------------------------------------
                                              0.250436   data required time
                                             -0.213606   data arrival time
---------------------------------------------------------------------------------------------
                                             -0.036830   slack (VIOLATED)


Startpoint: u_input_buffer.mem[7][1]$_DFFE_PP_
            (rising edge-triggered flip-flop clocked by clk)
Endpoint: u_input_buffer.mem[7][1]$_DFFE_PP_
          (rising edge-triggered flip-flop clocked by clk)
Path Group: clk
Path Type: min

Fanout         Cap        Slew       Delay        Time   Description
---------------------------------------------------------------------------------------------
                      0.150000    0.000000    0.000000   clock clk (rise edge)
                                  0.000000    0.000000   clock network delay (ideal)
                      0.150000    0.000000    0.000000 ^ u_input_buffer.mem[7][1]$_DFFE_PP_/CLK (sg13g2_dfrbpq_1)
     2    0.006391    0.020626    0.157086    0.157086 v u_input_buffer.mem[7][1]$_DFFE_PP_/Q (sg13g2_dfrbpq_1)
                                                         u_input_buffer.mem[7][1] (net)
                      0.020626    0.000000    0.157086 v _3625_/A (sg13g2_nor2_1)
     1    0.003144    0.029155    0.037281    0.194367 ^ _3625_/Y (sg13g2_nor2_1)
                                                         _0735_ (net)
                      0.029155    0.000000    0.194367 ^ _3626_/B1 (sg13g2_a21oi_1)
     1    0.001523    0.012004    0.019239    0.213606 v _3626_/Y (sg13g2_a21oi_1)
                                                         _0281_ (net)
                      0.012004    0.000000    0.213606 v u_input_buffer.mem[7][1]$_DFFE_PP_/D (sg13g2_dfrbpq_1)
                                              0.213606   data arrival time

                      0.150000    0.000000    0.000000   clock clk (rise edge)
                                  0.000000    0.000000   clock network delay (ideal)
                                  0.250000    0.250000   clock uncertainty
                                  0.000000    0.250000   clock reconvergence pessimism
                                              0.250000 ^ u_input_buffer.mem[7][1]$_DFFE_PP_/CLK (sg13g2_dfrbpq_1)
                                  0.000436    0.250436   library hold time
                                              0.250436   data required time
---------------------------------------------------------------------------------------------
                                              0.250436   data required time
                                             -0.213606   data arrival time
---------------------------------------------------------------------------------------------
                                             -0.036830   slack (VIOLATED)


Startpoint: u_input_buffer.mem[7][3]$_DFFE_PP_
            (rising edge-triggered flip-flop clocked by clk)
Endpoint: u_input_buffer.mem[7][3]$_DFFE_PP_
          (rising edge-triggered flip-flop clocked by clk)
Path Group: clk
Path Type: min

Fanout         Cap        Slew       Delay        Time   Description
---------------------------------------------------------------------------------------------
                      0.150000    0.000000    0.000000   clock clk (rise edge)
                                  0.000000    0.000000   clock network delay (ideal)
                      0.150000    0.000000    0.000000 ^ u_input_buffer.mem[7][3]$_DFFE_PP_/CLK (sg13g2_dfrbpq_1)
     2    0.006391    0.020626    0.157086    0.157086 v u_input_buffer.mem[7][3]$_DFFE_PP_/Q (sg13g2_dfrbpq_1)
                                                         u_input_buffer.mem[7][3] (net)
                      0.020626    0.000000    0.157086 v _3629_/A (sg13g2_nor2_1)
     1    0.003144    0.029155    0.037281    0.194367 ^ _3629_/Y (sg13g2_nor2_1)
                                                         _0737_ (net)
                      0.029155    0.000000    0.194367 ^ _3630_/B1 (sg13g2_a21oi_1)
     1    0.001523    0.012004    0.019239    0.213606 v _3630_/Y (sg13g2_a21oi_1)
                                                         _0283_ (net)
                      0.012004    0.000000    0.213606 v u_input_buffer.mem[7][3]$_DFFE_PP_/D (sg13g2_dfrbpq_1)
                                              0.213606   data arrival time

                      0.150000    0.000000    0.000000   clock clk (rise edge)
                                  0.000000    0.000000   clock network delay (ideal)
                                  0.250000    0.250000   clock uncertainty
                                  0.000000    0.250000   clock reconvergence pessimism
                                              0.250000 ^ u_input_buffer.mem[7][3]$_DFFE_PP_/CLK (sg13g2_dfrbpq_1)
                                  0.000436    0.250436   library hold time
                                              0.250436   data required time
---------------------------------------------------------------------------------------------
                                              0.250436   data required time
                                             -0.213606   data arrival time
---------------------------------------------------------------------------------------------
                                             -0.036830   slack (VIOLATED)


Startpoint: u_input_buffer.mem[7][5]$_DFFE_PP_
            (rising edge-triggered flip-flop clocked by clk)
Endpoint: u_input_buffer.mem[7][5]$_DFFE_PP_
          (rising edge-triggered flip-flop clocked by clk)
Path Group: clk
Path Type: min

Fanout         Cap        Slew       Delay        Time   Description
---------------------------------------------------------------------------------------------
                      0.150000    0.000000    0.000000   clock clk (rise edge)
                                  0.000000    0.000000   clock network delay (ideal)
                      0.150000    0.000000    0.000000 ^ u_input_buffer.mem[7][5]$_DFFE_PP_/CLK (sg13g2_dfrbpq_1)
     2    0.006391    0.020626    0.157086    0.157086 v u_input_buffer.mem[7][5]$_DFFE_PP_/Q (sg13g2_dfrbpq_1)
                                                         u_input_buffer.mem[7][5] (net)
                      0.020626    0.000000    0.157086 v _3633_/A (sg13g2_nor2_1)
     1    0.003144    0.029155    0.037281    0.194367 ^ _3633_/Y (sg13g2_nor2_1)
                                                         _0739_ (net)
                      0.029155    0.000000    0.194367 ^ _3634_/B1 (sg13g2_a21oi_1)
     1    0.001523    0.012004    0.019239    0.213606 v _3634_/Y (sg13g2_a21oi_1)
                                                         _0285_ (net)
                      0.012004    0.000000    0.213606 v u_input_buffer.mem[7][5]$_DFFE_PP_/D (sg13g2_dfrbpq_1)
                                              0.213606   data arrival time

                      0.150000    0.000000    0.000000   clock clk (rise edge)
                                  0.000000    0.000000   clock network delay (ideal)
                                  0.250000    0.250000   clock uncertainty
                                  0.000000    0.250000   clock reconvergence pessimism
                                              0.250000 ^ u_input_buffer.mem[7][5]$_DFFE_PP_/CLK (sg13g2_dfrbpq_1)
                                  0.000436    0.250436   library hold time
                                              0.250436   data required time
---------------------------------------------------------------------------------------------
                                              0.250436   data required time
                                             -0.213606   data arrival time
---------------------------------------------------------------------------------------------
                                             -0.036830   slack (VIOLATED)


Startpoint: u_input_buffer.mem[7][6]$_DFFE_PP_
            (rising edge-triggered flip-flop clocked by clk)
Endpoint: u_input_buffer.mem[7][6]$_DFFE_PP_
          (rising edge-triggered flip-flop clocked by clk)
Path Group: clk
Path Type: min

Fanout         Cap        Slew       Delay        Time   Description
---------------------------------------------------------------------------------------------
                      0.150000    0.000000    0.000000   clock clk (rise edge)
                                  0.000000    0.000000   clock network delay (ideal)
                      0.150000    0.000000    0.000000 ^ u_input_buffer.mem[7][6]$_DFFE_PP_/CLK (sg13g2_dfrbpq_1)
     2    0.006391    0.020626    0.157086    0.157086 v u_input_buffer.mem[7][6]$_DFFE_PP_/Q (sg13g2_dfrbpq_1)
                                                         u_input_buffer.mem[7][6] (net)
                      0.020626    0.000000    0.157086 v _3635_/A (sg13g2_nor2_1)
     1    0.003144    0.029155    0.037281    0.194367 ^ _3635_/Y (sg13g2_nor2_1)
                                                         _0740_ (net)
                      0.029155    0.000000    0.194367 ^ _3636_/B1 (sg13g2_a21oi_1)
     1    0.001523    0.012004    0.019239    0.213606 v _3636_/Y (sg13g2_a21oi_1)
                                                         _0286_ (net)
                      0.012004    0.000000    0.213606 v u_input_buffer.mem[7][6]$_DFFE_PP_/D (sg13g2_dfrbpq_1)
                                              0.213606   data arrival time

                      0.150000    0.000000    0.000000   clock clk (rise edge)
                                  0.000000    0.000000   clock network delay (ideal)
                                  0.250000    0.250000   clock uncertainty
                                  0.000000    0.250000   clock reconvergence pessimism
                                              0.250000 ^ u_input_buffer.mem[7][6]$_DFFE_PP_/CLK (sg13g2_dfrbpq_1)
                                  0.000436    0.250436   library hold time
                                              0.250436   data required time
---------------------------------------------------------------------------------------------
                                              0.250436   data required time
                                             -0.213606   data arrival time
---------------------------------------------------------------------------------------------
                                             -0.036830   slack (VIOLATED)


Startpoint: u_input_buffer.mem[7][7]$_DFFE_PP_
            (rising edge-triggered flip-flop clocked by clk)
Endpoint: u_input_buffer.mem[7][7]$_DFFE_PP_
          (rising edge-triggered flip-flop clocked by clk)
Path Group: clk
Path Type: min

Fanout         Cap        Slew       Delay        Time   Description
---------------------------------------------------------------------------------------------
                      0.150000    0.000000    0.000000   clock clk (rise edge)
                                  0.000000    0.000000   clock network delay (ideal)
                      0.150000    0.000000    0.000000 ^ u_input_buffer.mem[7][7]$_DFFE_PP_/CLK (sg13g2_dfrbpq_1)
     2    0.006391    0.020626    0.157086    0.157086 v u_input_buffer.mem[7][7]$_DFFE_PP_/Q (sg13g2_dfrbpq_1)
                                                         u_input_buffer.mem[7][7] (net)
                      0.020626    0.000000    0.157086 v _3637_/A (sg13g2_nor2_1)
     1    0.003144    0.029155    0.037281    0.194367 ^ _3637_/Y (sg13g2_nor2_1)
                                                         _0741_ (net)
                      0.029155    0.000000    0.194367 ^ _3638_/B1 (sg13g2_a21oi_1)
     1    0.001523    0.012004    0.019239    0.213606 v _3638_/Y (sg13g2_a21oi_1)
                                                         _0287_ (net)
                      0.012004    0.000000    0.213606 v u_input_buffer.mem[7][7]$_DFFE_PP_/D (sg13g2_dfrbpq_1)
                                              0.213606   data arrival time

                      0.150000    0.000000    0.000000   clock clk (rise edge)
                                  0.000000    0.000000   clock network delay (ideal)
                                  0.250000    0.250000   clock uncertainty
                                  0.000000    0.250000   clock reconvergence pessimism
                                              0.250000 ^ u_input_buffer.mem[7][7]$_DFFE_PP_/CLK (sg13g2_dfrbpq_1)
                                  0.000436    0.250436   library hold time
                                              0.250436   data required time
---------------------------------------------------------------------------------------------
                                              0.250436   data required time
                                             -0.213606   data arrival time
---------------------------------------------------------------------------------------------
                                             -0.036830   slack (VIOLATED)


Startpoint: u_input_buffer.mem[15][5]$_DFFE_PP_
            (rising edge-triggered flip-flop clocked by clk)
Endpoint: u_input_buffer.mem[15][5]$_DFFE_PP_
          (rising edge-triggered flip-flop clocked by clk)
Path Group: clk
Path Type: min

Fanout         Cap        Slew       Delay        Time   Description
---------------------------------------------------------------------------------------------
                      0.150000    0.000000    0.000000   clock clk (rise edge)
                                  0.000000    0.000000   clock network delay (ideal)
                      0.150000    0.000000    0.000000 ^ u_input_buffer.mem[15][5]$_DFFE_PP_/CLK (sg13g2_dfrbpq_1)
     2    0.006681    0.021195    0.157566    0.157566 v u_input_buffer.mem[15][5]$_DFFE_PP_/Q (sg13g2_dfrbpq_1)
                                                         u_input_buffer.mem[15][5] (net)
                      0.021195    0.000000    0.157566 v _3237_/A (sg13g2_nor2_1)
     1    0.003144    0.029228    0.037395    0.194961 ^ _3237_/Y (sg13g2_nor2_1)
                                                         _0527_ (net)
                      0.029228    0.000000    0.194961 ^ _3238_/B1 (sg13g2_a21oi_1)
     1    0.001523    0.012017    0.019252    0.214214 v _3238_/Y (sg13g2_a21oi_1)
                                                         _0101_ (net)
                      0.012017    0.000000    0.214214 v u_input_buffer.mem[15][5]$_DFFE_PP_/D (sg13g2_dfrbpq_1)
                                              0.214214   data arrival time

                      0.150000    0.000000    0.000000   clock clk (rise edge)
                                  0.000000    0.000000   clock network delay (ideal)
                                  0.250000    0.250000   clock uncertainty
                                  0.000000    0.250000   clock reconvergence pessimism
                                              0.250000 ^ u_input_buffer.mem[15][5]$_DFFE_PP_/CLK (sg13g2_dfrbpq_1)
                                  0.000433    0.250433   library hold time
                                              0.250433   data required time
---------------------------------------------------------------------------------------------
                                              0.250433   data required time
                                             -0.214214   data arrival time
---------------------------------------------------------------------------------------------
                                             -0.036219   slack (VIOLATED)


Startpoint: u_input_buffer.mem[15][6]$_DFFE_PP_
            (rising edge-triggered flip-flop clocked by clk)
Endpoint: u_input_buffer.mem[15][6]$_DFFE_PP_
          (rising edge-triggered flip-flop clocked by clk)
Path Group: clk
Path Type: min

Fanout         Cap        Slew       Delay        Time   Description
---------------------------------------------------------------------------------------------
                      0.150000    0.000000    0.000000   clock clk (rise edge)
                                  0.000000    0.000000   clock network delay (ideal)
                      0.150000    0.000000    0.000000 ^ u_input_buffer.mem[15][6]$_DFFE_PP_/CLK (sg13g2_dfrbpq_1)
     2    0.006681    0.021195    0.157566    0.157566 v u_input_buffer.mem[15][6]$_DFFE_PP_/Q (sg13g2_dfrbpq_1)
                                                         u_input_buffer.mem[15][6] (net)
                      0.021195    0.000000    0.157566 v _3239_/A (sg13g2_nor2_1)
     1    0.003144    0.029228    0.037395    0.194961 ^ _3239_/Y (sg13g2_nor2_1)
                                                         _0528_ (net)
                      0.029228    0.000000    0.194961 ^ _3240_/B1 (sg13g2_a21oi_1)
     1    0.001523    0.012017    0.019252    0.214214 v _3240_/Y (sg13g2_a21oi_1)
                                                         _0102_ (net)
                      0.012017    0.000000    0.214214 v u_input_buffer.mem[15][6]$_DFFE_PP_/D (sg13g2_dfrbpq_1)
                                              0.214214   data arrival time

                      0.150000    0.000000    0.000000   clock clk (rise edge)
                                  0.000000    0.000000   clock network delay (ideal)
                                  0.250000    0.250000   clock uncertainty
                                  0.000000    0.250000   clock reconvergence pessimism
                                              0.250000 ^ u_input_buffer.mem[15][6]$_DFFE_PP_/CLK (sg13g2_dfrbpq_1)
                                  0.000433    0.250433   library hold time
                                              0.250433   data required time
---------------------------------------------------------------------------------------------
                                              0.250433   data required time
                                             -0.214214   data arrival time
---------------------------------------------------------------------------------------------
                                             -0.036219   slack (VIOLATED)


Startpoint: u_input_buffer.mem[19][7]$_DFFE_PP_
            (rising edge-triggered flip-flop clocked by clk)
Endpoint: u_input_buffer.mem[19][7]$_DFFE_PP_
          (rising edge-triggered flip-flop clocked by clk)
Path Group: clk
Path Type: min

Fanout         Cap        Slew       Delay        Time   Description
---------------------------------------------------------------------------------------------
                      0.150000    0.000000    0.000000   clock clk (rise edge)
                                  0.000000    0.000000   clock network delay (ideal)
                      0.150000    0.000000    0.000000 ^ u_input_buffer.mem[19][7]$_DFFE_PP_/CLK (sg13g2_dfrbpq_1)
     2    0.006681    0.021195    0.157566    0.157566 v u_input_buffer.mem[19][7]$_DFFE_PP_/Q (sg13g2_dfrbpq_1)
                                                         u_input_buffer.mem[19][7] (net)
                      0.021195    0.000000    0.157566 v _3311_/A (sg13g2_nor2_1)
     1    0.003144    0.029228    0.037395    0.194961 ^ _3311_/Y (sg13g2_nor2_1)
                                                         _0567_ (net)
                      0.029228    0.000000    0.194961 ^ _3312_/B1 (sg13g2_a21oi_1)
     1    0.001523    0.012017    0.019252    0.214214 v _3312_/Y (sg13g2_a21oi_1)
                                                         _0135_ (net)
                      0.012017    0.000000    0.214214 v u_input_buffer.mem[19][7]$_DFFE_PP_/D (sg13g2_dfrbpq_1)
                                              0.214214   data arrival time

                      0.150000    0.000000    0.000000   clock clk (rise edge)
                                  0.000000    0.000000   clock network delay (ideal)
                                  0.250000    0.250000   clock uncertainty
                                  0.000000    0.250000   clock reconvergence pessimism
                                              0.250000 ^ u_input_buffer.mem[19][7]$_DFFE_PP_/CLK (sg13g2_dfrbpq_1)
                                  0.000433    0.250433   library hold time
                                              0.250433   data required time
---------------------------------------------------------------------------------------------
                                              0.250433   data required time
                                             -0.214214   data arrival time
---------------------------------------------------------------------------------------------
                                             -0.036219   slack (VIOLATED)


Startpoint: u_input_buffer.mem[3][4]$_DFFE_PP_
            (rising edge-triggered flip-flop clocked by clk)
Endpoint: u_input_buffer.mem[3][4]$_DFFE_PP_
          (rising edge-triggered flip-flop clocked by clk)
Path Group: clk
Path Type: min

Fanout         Cap        Slew       Delay        Time   Description
---------------------------------------------------------------------------------------------
                      0.150000    0.000000    0.000000   clock clk (rise edge)
                                  0.000000    0.000000   clock network delay (ideal)
                      0.150000    0.000000    0.000000 ^ u_input_buffer.mem[3][4]$_DFFE_PP_/CLK (sg13g2_dfrbpq_1)
     2    0.006681    0.021195    0.157566    0.157566 v u_input_buffer.mem[3][4]$_DFFE_PP_/Q (sg13g2_dfrbpq_1)
                                                         u_input_buffer.mem[3][4] (net)
                      0.021195    0.000000    0.157566 v _3562_/A (sg13g2_nor2_1)
     1    0.003144    0.029228    0.037395    0.194961 ^ _3562_/Y (sg13g2_nor2_1)
                                                         _0701_ (net)
                      0.029228    0.000000    0.194961 ^ _3563_/B1 (sg13g2_a21oi_1)
     1    0.001523    0.012017    0.019252    0.214214 v _3563_/Y (sg13g2_a21oi_1)
                                                         _0252_ (net)
                      0.012017    0.000000    0.214214 v u_input_buffer.mem[3][4]$_DFFE_PP_/D (sg13g2_dfrbpq_1)
                                              0.214214   data arrival time

                      0.150000    0.000000    0.000000   clock clk (rise edge)
                                  0.000000    0.000000   clock network delay (ideal)
                                  0.250000    0.250000   clock uncertainty
                                  0.000000    0.250000   clock reconvergence pessimism
                                              0.250000 ^ u_input_buffer.mem[3][4]$_DFFE_PP_/CLK (sg13g2_dfrbpq_1)
                                  0.000433    0.250433   library hold time
                                              0.250433   data required time
---------------------------------------------------------------------------------------------
                                              0.250433   data required time
                                             -0.214214   data arrival time
---------------------------------------------------------------------------------------------
                                             -0.036219   slack (VIOLATED)


Startpoint: u_input_buffer.mem[7][2]$_DFFE_PP_
            (rising edge-triggered flip-flop clocked by clk)
Endpoint: u_input_buffer.mem[7][2]$_DFFE_PP_
          (rising edge-triggered flip-flop clocked by clk)
Path Group: clk
Path Type: min

Fanout         Cap        Slew       Delay        Time   Description
---------------------------------------------------------------------------------------------
                      0.150000    0.000000    0.000000   clock clk (rise edge)
                                  0.000000    0.000000   clock network delay (ideal)
                      0.150000    0.000000    0.000000 ^ u_input_buffer.mem[7][2]$_DFFE_PP_/CLK (sg13g2_dfrbpq_1)
     2    0.006681    0.021195    0.157566    0.157566 v u_input_buffer.mem[7][2]$_DFFE_PP_/Q (sg13g2_dfrbpq_1)
                                                         u_input_buffer.mem[7][2] (net)
                      0.021195    0.000000    0.157566 v _3627_/A (sg13g2_nor2_1)
     1    0.003144    0.029228    0.037395    0.194961 ^ _3627_/Y (sg13g2_nor2_1)
                                                         _0736_ (net)
                      0.029228    0.000000    0.194961 ^ _3628_/B1 (sg13g2_a21oi_1)
     1    0.001523    0.012017    0.019252    0.214214 v _3628_/Y (sg13g2_a21oi_1)
                                                         _0282_ (net)
                      0.012017    0.000000    0.214214 v u_input_buffer.mem[7][2]$_DFFE_PP_/D (sg13g2_dfrbpq_1)
                                              0.214214   data arrival time

                      0.150000    0.000000    0.000000   clock clk (rise edge)
                                  0.000000    0.000000   clock network delay (ideal)
                                  0.250000    0.250000   clock uncertainty
                                  0.000000    0.250000   clock reconvergence pessimism
                                              0.250000 ^ u_input_buffer.mem[7][2]$_DFFE_PP_/CLK (sg13g2_dfrbpq_1)
                                  0.000433    0.250433   library hold time
                                              0.250433   data required time
---------------------------------------------------------------------------------------------
                                              0.250433   data required time
                                             -0.214214   data arrival time
---------------------------------------------------------------------------------------------
                                             -0.036219   slack (VIOLATED)


Startpoint: u_ctrl.state[0]$_DFF_P_
            (rising edge-triggered flip-flop clocked by clk)
Endpoint: u_ctrl.state[0]$_DFF_P_
          (rising edge-triggered flip-flop clocked by clk)
Path Group: clk
Path Type: min

Fanout         Cap        Slew       Delay        Time   Description
---------------------------------------------------------------------------------------------
                      0.150000    0.000000    0.000000   clock clk (rise edge)
                                  0.000000    0.000000   clock network delay (ideal)
                      0.150000    0.000000    0.000000 ^ u_ctrl.state[0]$_DFF_P_/CLK (sg13g2_dfrbpq_1)
     3    0.009205    0.026143    0.161738    0.161738 v u_ctrl.state[0]$_DFF_P_/Q (sg13g2_dfrbpq_1)
                                                         u_ctrl.state[0] (net)
                      0.026143    0.000000    0.161738 v _5403_/A (sg13g2_inv_1)
     1    0.003819    0.018118    0.021853    0.183592 ^ _5403_/Y (sg13g2_inv_1)
                                                         _2418_ (net)
                      0.018118    0.000000    0.183592 ^ _5443_/A2 (sg13g2_o21ai_1)
     1    0.001523    0.015707    0.029935    0.213527 v _5443_/Y (sg13g2_o21ai_1)
                                                         _0002_ (net)
                      0.015707    0.000000    0.213527 v u_ctrl.state[0]$_DFF_P_/D (sg13g2_dfrbpq_1)
                                              0.213527   data arrival time

                      0.150000    0.000000    0.000000   clock clk (rise edge)
                                  0.000000    0.000000   clock network delay (ideal)
                                  0.250000    0.250000   clock uncertainty
                                  0.000000    0.250000   clock reconvergence pessimism
                                              0.250000 ^ u_ctrl.state[0]$_DFF_P_/CLK (sg13g2_dfrbpq_1)
                                 -0.000431    0.249569   library hold time
                                              0.249569   data required time
---------------------------------------------------------------------------------------------
                                              0.249569   data required time
                                             -0.213527   data arrival time
---------------------------------------------------------------------------------------------
                                             -0.036042   slack (VIOLATED)


Startpoint: u_ctrl.res_idx_r[2]$_SDFFE_PP0P_
            (rising edge-triggered flip-flop clocked by clk)
Endpoint: u_ctrl.res_idx_r[2]$_SDFFE_PP0P_
          (rising edge-triggered flip-flop clocked by clk)
Path Group: clk
Path Type: min

Fanout         Cap        Slew       Delay        Time   Description
---------------------------------------------------------------------------------------------
                      0.150000    0.000000    0.000000   clock clk (rise edge)
                                  0.000000    0.000000   clock network delay (ideal)
                      0.150000    0.000000    0.000000 ^ u_ctrl.res_idx_r[2]$_SDFFE_PP0P_/CLK (sg13g2_dfrbpq_1)
     3    0.009158    0.026050    0.161660    0.161660 v u_ctrl.res_idx_r[2]$_SDFFE_PP0P_/Q (sg13g2_dfrbpq_1)
                                                         res_index[2] (net)
                      0.026050    0.000000    0.161660 v _3086_/A (sg13g2_nor2_1)
     1    0.003211    0.030195    0.038622    0.200282 ^ _3086_/Y (sg13g2_nor2_1)
                                                         _0436_ (net)
                      0.030195    0.000000    0.200282 ^ _3088_/B (sg13g2_nor3_1)
     1    0.001523    0.014164    0.024674    0.224956 v _3088_/Y (sg13g2_nor3_1)
                                                         _0041_ (net)
                      0.014164    0.000000    0.224956 v u_ctrl.res_idx_r[2]$_SDFFE_PP0P_/D (sg13g2_dfrbpq_1)
                                              0.224956   data arrival time

                      0.150000    0.000000    0.000000   clock clk (rise edge)
                                  0.000000    0.000000   clock network delay (ideal)
                                  0.250000    0.250000   clock uncertainty
                                  0.000000    0.250000   clock reconvergence pessimism
                                              0.250000 ^ u_ctrl.res_idx_r[2]$_SDFFE_PP0P_/CLK (sg13g2_dfrbpq_1)
                                 -0.000070    0.249930   library hold time
                                              0.249930   data required time
---------------------------------------------------------------------------------------------
                                              0.249930   data required time
                                             -0.224956   data arrival time
---------------------------------------------------------------------------------------------
                                             -0.024974   slack (VIOLATED)


Startpoint: u_mac_3.temp_res[17]$_SDFF_PP0_
            (rising edge-triggered flip-flop clocked by clk)
Endpoint: u_mac_3.temp_res[17]$_SDFF_PP0_
          (rising edge-triggered flip-flop clocked by clk)
Path Group: clk
Path Type: min

Fanout         Cap        Slew       Delay        Time   Description
---------------------------------------------------------------------------------------------
                      0.150000    0.000000    0.000000   clock clk (rise edge)
                                  0.000000    0.000000   clock network delay (ideal)
                      0.150000    0.000000    0.000000 ^ u_mac_3.temp_res[17]$_SDFF_PP0_/CLK (sg13g2_dfrbpq_1)
     2    0.009314    0.026356    0.161918    0.161918 v u_mac_3.temp_res[17]$_SDFF_PP0_/Q (sg13g2_dfrbpq_1)
                                                         u_mac_3.temp_res[17] (net)
                      0.026356    0.000000    0.161918 v _4953_/A (sg13g2_xnor2_1)
     1    0.003191    0.019934    0.047205    0.209123 ^ _4953_/Y (sg13g2_xnor2_1)
                                                         _1996_ (net)
                      0.019934    0.000000    0.209123 ^ _4954_/B (sg13g2_nor2_1)
     1    0.001523    0.010299    0.017600    0.226722 v _4954_/Y (sg13g2_nor2_1)
                                                         _0348_ (net)
                      0.010299    0.000000    0.226722 v u_mac_3.temp_res[17]$_SDFF_PP0_/D (sg13g2_dfrbpq_1)
                                              0.226722   data arrival time

                      0.150000    0.000000    0.000000   clock clk (rise edge)
                                  0.000000    0.000000   clock network delay (ideal)
                                  0.250000    0.250000   clock uncertainty
                                  0.000000    0.250000   clock reconvergence pessimism
                                              0.250000 ^ u_mac_3.temp_res[17]$_SDFF_PP0_/CLK (sg13g2_dfrbpq_1)
                                  0.000835    0.250835   library hold time
                                              0.250835   data required time
---------------------------------------------------------------------------------------------
                                              0.250835   data required time
                                             -0.226722   data arrival time
---------------------------------------------------------------------------------------------
                                             -0.024112   slack (VIOLATED)


Startpoint: u_mac_3.temp_res[16]$_SDFF_PP0_
            (rising edge-triggered flip-flop clocked by clk)
Endpoint: u_mac_3.temp_res[16]$_SDFF_PP0_
          (rising edge-triggered flip-flop clocked by clk)
Path Group: clk
Path Type: min

Fanout         Cap        Slew       Delay        Time   Description
---------------------------------------------------------------------------------------------
                      0.150000    0.000000    0.000000   clock clk (rise edge)
                                  0.000000    0.000000   clock network delay (ideal)
                      0.150000    0.000000    0.000000 ^ u_mac_3.temp_res[16]$_SDFF_PP0_/CLK (sg13g2_dfrbpq_1)
     3    0.009484    0.026690    0.162199    0.162199 v u_mac_3.temp_res[16]$_SDFF_PP0_/Q (sg13g2_dfrbpq_1)
                                                         u_mac_3.temp_res[16] (net)
                      0.026690    0.000000    0.162199 v _4950_/A (sg13g2_nor2_1)
     1    0.003211    0.030277    0.038751    0.200950 ^ _4950_/Y (sg13g2_nor2_1)
                                                         _1994_ (net)
                      0.030277    0.000000    0.200950 ^ _4952_/B (sg13g2_nor3_1)
     1    0.001523    0.015878    0.024695    0.225645 v _4952_/Y (sg13g2_nor3_1)
                                                         _0347_ (net)
                      0.015878    0.000000    0.225645 v u_mac_3.temp_res[16]$_SDFF_PP0_/D (sg13g2_dfrbpq_1)
                                              0.225645   data arrival time

                      0.150000    0.000000    0.000000   clock clk (rise edge)
                                  0.000000    0.000000   clock network delay (ideal)
                                  0.250000    0.250000   clock uncertainty
                                  0.000000    0.250000   clock reconvergence pessimism
                                              0.250000 ^ u_mac_3.temp_res[16]$_SDFF_PP0_/CLK (sg13g2_dfrbpq_1)
                                 -0.000471    0.249529   library hold time
                                              0.249529   data required time
---------------------------------------------------------------------------------------------
                                              0.249529   data required time
                                             -0.225645   data arrival time
---------------------------------------------------------------------------------------------
                                             -0.023883   slack (VIOLATED)


Startpoint: ram_wrcnt[1]$_SDFFE_PP0P_
            (rising edge-triggered flip-flop clocked by clk)
Endpoint: ram_wrcnt[1]$_SDFFE_PP0P_
          (rising edge-triggered flip-flop clocked by clk)
Path Group: clk
Path Type: min

Fanout         Cap        Slew       Delay        Time   Description
---------------------------------------------------------------------------------------------
                      0.150000    0.000000    0.000000   clock clk (rise edge)
                                  0.000000    0.000000   clock network delay (ideal)
                      0.150000    0.000000    0.000000 ^ ram_wrcnt[1]$_SDFFE_PP0P_/CLK (sg13g2_dfrbpq_1)
     6    0.017815    0.043022    0.175971    0.175971 v ram_wrcnt[1]$_SDFFE_PP0P_/Q (sg13g2_dfrbpq_1)
                                                         ram_wrcnt[1] (net)
                      0.043022    0.000000    0.175971 v _5509_/B1 (sg13g2_a21oi_1)
     1    0.003191    0.027599    0.031983    0.207954 ^ _5509_/Y (sg13g2_a21oi_1)
                                                         _2506_ (net)
                      0.027599    0.000000    0.207954 ^ _5510_/B (sg13g2_nor2_1)
     1    0.001523    0.011635    0.019040    0.226994 v _5510_/Y (sg13g2_nor2_1)
                                                         _0008_ (net)
                      0.011635    0.000000    0.226994 v ram_wrcnt[1]$_SDFFE_PP0P_/D (sg13g2_dfrbpq_1)
                                              0.226994   data arrival time

                      0.150000    0.000000    0.000000   clock clk (rise edge)
                                  0.000000    0.000000   clock network delay (ideal)
                                  0.250000    0.250000   clock uncertainty
                                  0.000000    0.250000   clock reconvergence pessimism
                                              0.250000 ^ ram_wrcnt[1]$_SDFFE_PP0P_/CLK (sg13g2_dfrbpq_1)
                                  0.000522    0.250522   library hold time
                                              0.250522   data required time
---------------------------------------------------------------------------------------------
                                              0.250522   data required time
                                             -0.226994   data arrival time
---------------------------------------------------------------------------------------------
                                             -0.023528   slack (VIOLATED)


Startpoint: u_ctrl.state[1]$_DFF_P_
            (rising edge-triggered flip-flop clocked by clk)
Endpoint: u_ctrl.col_j[0]$_SDFFE_PP0P_
          (rising edge-triggered flip-flop clocked by clk)
Path Group: clk
Path Type: min

Fanout         Cap        Slew       Delay        Time   Description
---------------------------------------------------------------------------------------------
                      0.150000    0.000000    0.000000   clock clk (rise edge)
                                  0.000000    0.000000   clock network delay (ideal)
                      0.150000    0.000000    0.000000 ^ u_ctrl.state[1]$_DFF_P_/CLK (sg13g2_dfrbpq_1)
     4    0.012307    0.032225    0.166867    0.166867 v u_ctrl.state[1]$_DFF_P_/Q (sg13g2_dfrbpq_1)
                                                         u_ctrl.state[1] (net)
                      0.032225    0.000000    0.166867 v _5645_/A (sg13g2_nor2_1)
     1    0.003189    0.030878    0.039781    0.206648 ^ _5645_/Y (sg13g2_nor2_1)
                                                         _0420_ (net)
                      0.030878    0.000000    0.206648 ^ _5646_/C (sg13g2_nor3_1)
     1    0.001523    0.013416    0.021446    0.228094 v _5646_/Y (sg13g2_nor3_1)
                                                         _0028_ (net)
                      0.013416    0.000000    0.228094 v u_ctrl.col_j[0]$_SDFFE_PP0P_/D (sg13g2_dfrbpq_1)
                                              0.228094   data arrival time

                      0.150000    0.000000    0.000000   clock clk (rise edge)
                                  0.000000    0.000000   clock network delay (ideal)
                                  0.250000    0.250000   clock uncertainty
                                  0.000000    0.250000   clock reconvergence pessimism
                                              0.250000 ^ u_ctrl.col_j[0]$_SDFFE_PP0P_/CLK (sg13g2_dfrbpq_1)
                                  0.000105    0.250105   library hold time
                                              0.250105   data required time
---------------------------------------------------------------------------------------------
                                              0.250105   data required time
                                             -0.228094   data arrival time
---------------------------------------------------------------------------------------------
                                             -0.022011   slack (VIOLATED)


Startpoint: u_ctrl.input_cnt[1]$_SDFFE_PP0P_
            (rising edge-triggered flip-flop clocked by clk)
Endpoint: u_ctrl.input_cnt[1]$_SDFFE_PP0P_
          (rising edge-triggered flip-flop clocked by clk)
Path Group: clk
Path Type: min

Fanout         Cap        Slew       Delay        Time   Description
---------------------------------------------------------------------------------------------
                      0.150000    0.000000    0.000000   clock clk (rise edge)
                                  0.000000    0.000000   clock network delay (ideal)
                      0.150000    0.000000    0.000000 ^ u_ctrl.input_cnt[1]$_SDFFE_PP0P_/CLK (sg13g2_dfrbpq_1)
     6    0.018465    0.044296    0.177046    0.177046 v u_ctrl.input_cnt[1]$_SDFFE_PP0P_/Q (sg13g2_dfrbpq_1)
                                                         u_ctrl.input_cnt[1] (net)
                      0.044296    0.000000    0.177046 v _5652_/B1 (sg13g2_a21oi_1)
     1    0.003189    0.027824    0.032250    0.209295 ^ _5652_/Y (sg13g2_a21oi_1)
                                                         _0423_ (net)
                      0.027824    0.000000    0.209295 ^ _5653_/C (sg13g2_nor3_1)
     1    0.001523    0.012871    0.020811    0.230106 v _5653_/Y (sg13g2_nor3_1)
                                                         _0032_ (net)
                      0.012871    0.000000    0.230106 v u_ctrl.input_cnt[1]$_SDFFE_PP0P_/D (sg13g2_dfrbpq_1)
                                              0.230106   data arrival time

                      0.150000    0.000000    0.000000   clock clk (rise edge)
                                  0.000000    0.000000   clock network delay (ideal)
                                  0.250000    0.250000   clock uncertainty
                                  0.000000    0.250000   clock reconvergence pessimism
                                              0.250000 ^ u_ctrl.input_cnt[1]$_SDFFE_PP0P_/CLK (sg13g2_dfrbpq_1)
                                  0.000233    0.250233   library hold time
                                              0.250233   data required time
---------------------------------------------------------------------------------------------
                                              0.250233   data required time
                                             -0.230106   data arrival time
---------------------------------------------------------------------------------------------
                                             -0.020127   slack (VIOLATED)


Startpoint: u_mac_2.temp_res[15]$_SDFF_PP0_
            (rising edge-triggered flip-flop clocked by clk)
Endpoint: u_mac_2.temp_res[15]$_SDFF_PP0_
          (rising edge-triggered flip-flop clocked by clk)
Path Group: clk
Path Type: min

Fanout         Cap        Slew       Delay        Time   Description
---------------------------------------------------------------------------------------------
                      0.150000    0.000000    0.000000   clock clk (rise edge)
                                  0.000000    0.000000   clock network delay (ideal)
                      0.150000    0.000000    0.000000 ^ u_mac_2.temp_res[15]$_SDFF_PP0_/CLK (sg13g2_dfrbpq_1)
     4    0.012772    0.033136    0.167635    0.167635 v u_mac_2.temp_res[15]$_SDFF_PP0_/Q (sg13g2_dfrbpq_1)
                                                         u_mac_2.temp_res[15] (net)
                      0.033136    0.000000    0.167635 v _4539_/A (sg13g2_nor2_1)
     1    0.003192    0.031011    0.039976    0.207612 ^ _4539_/Y (sg13g2_nor2_1)
                                                         _1602_ (net)
                      0.031011    0.000000    0.207612 ^ _4542_/A (sg13g2_nor2_1)
     1    0.001523    0.010660    0.023059    0.230671 v _4542_/Y (sg13g2_nor2_1)
                                                         _0328_ (net)
                      0.010660    0.000000    0.230671 v u_mac_2.temp_res[15]$_SDFF_PP0_/D (sg13g2_dfrbpq_1)
                                              0.230671   data arrival time

                      0.150000    0.000000    0.000000   clock clk (rise edge)
                                  0.000000    0.000000   clock network delay (ideal)
                                  0.250000    0.250000   clock uncertainty
                                  0.000000    0.250000   clock reconvergence pessimism
                                              0.250000 ^ u_mac_2.temp_res[15]$_SDFF_PP0_/CLK (sg13g2_dfrbpq_1)
                                  0.000750    0.250750   library hold time
                                              0.250750   data required time
---------------------------------------------------------------------------------------------
                                              0.250750   data required time
                                             -0.230671   data arrival time
---------------------------------------------------------------------------------------------
                                             -0.020080   slack (VIOLATED)


Startpoint: u_mac_4.temp_res[16]$_SDFF_PP0_
            (rising edge-triggered flip-flop clocked by clk)
Endpoint: u_mac_4.temp_res[16]$_SDFF_PP0_
          (rising edge-triggered flip-flop clocked by clk)
Path Group: clk
Path Type: min

Fanout         Cap        Slew       Delay        Time   Description
---------------------------------------------------------------------------------------------
                      0.150000    0.000000    0.000000   clock clk (rise edge)
                                  0.000000    0.000000   clock network delay (ideal)
                      0.150000    0.000000    0.000000 ^ u_mac_4.temp_res[16]$_SDFF_PP0_/CLK (sg13g2_dfrbpq_1)
     4    0.012503    0.032607    0.167189    0.167189 v u_mac_4.temp_res[16]$_SDFF_PP0_/Q (sg13g2_dfrbpq_1)
                                                         u_mac_4.temp_res[16] (net)
                      0.032607    0.000000    0.167189 v _5418_/A (sg13g2_inv_1)
     2    0.006887    0.026830    0.029495    0.196684 ^ _5418_/Y (sg13g2_inv_1)
                                                         _2433_ (net)
                      0.026830    0.000000    0.196684 ^ _5371_/A1 (sg13g2_a21oi_1)
     1    0.001523    0.014964    0.033565    0.230249 v _5371_/Y (sg13g2_a21oi_1)
                                                         _0365_ (net)
                      0.014964    0.000000    0.230249 v u_mac_4.temp_res[16]$_SDFF_PP0_/D (sg13g2_dfrbpq_1)
                                              0.230249   data arrival time

                      0.150000    0.000000    0.000000   clock clk (rise edge)
                                  0.000000    0.000000   clock network delay (ideal)
                                  0.250000    0.250000   clock uncertainty
                                  0.000000    0.250000   clock reconvergence pessimism
                                              0.250000 ^ u_mac_4.temp_res[16]$_SDFF_PP0_/CLK (sg13g2_dfrbpq_1)
                                 -0.000257    0.249743   library hold time
                                              0.249743   data required time
---------------------------------------------------------------------------------------------
                                              0.249743   data required time
                                             -0.230249   data arrival time
---------------------------------------------------------------------------------------------
                                             -0.019494   slack (VIOLATED)


Startpoint: u_mac_1.temp_res[16]$_SDFF_PP0_
            (rising edge-triggered flip-flop clocked by clk)
Endpoint: u_mac_1.temp_res[16]$_SDFF_PP0_
          (rising edge-triggered flip-flop clocked by clk)
Path Group: clk
Path Type: min

Fanout         Cap        Slew       Delay        Time   Description
---------------------------------------------------------------------------------------------
                      0.150000    0.000000    0.000000   clock clk (rise edge)
                                  0.000000    0.000000   clock network delay (ideal)
                      0.150000    0.000000    0.000000 ^ u_mac_1.temp_res[16]$_SDFF_PP0_/CLK (sg13g2_dfrbpq_1)
     4    0.012676    0.032947    0.167476    0.167476 v u_mac_1.temp_res[16]$_SDFF_PP0_/Q (sg13g2_dfrbpq_1)
                                                         u_mac_1.temp_res[16] (net)
                      0.032947    0.000000    0.167476 v _5417_/A (sg13g2_inv_1)
     2    0.006887    0.026891    0.029575    0.197051 ^ _5417_/Y (sg13g2_inv_1)
                                                         _2432_ (net)
                      0.026891    0.000000    0.197051 ^ _4139_/A1 (sg13g2_a21oi_1)
     1    0.001523    0.014968    0.033582    0.230633 v _4139_/Y (sg13g2_a21oi_1)
                                                         _0311_ (net)
                      0.014968    0.000000    0.230633 v u_mac_1.temp_res[16]$_SDFF_PP0_/D (sg13g2_dfrbpq_1)
                                              0.230633   data arrival time

                      0.150000    0.000000    0.000000   clock clk (rise edge)
                                  0.000000    0.000000   clock network delay (ideal)
                                  0.250000    0.250000   clock uncertainty
                                  0.000000    0.250000   clock reconvergence pessimism
                                              0.250000 ^ u_mac_1.temp_res[16]$_SDFF_PP0_/CLK (sg13g2_dfrbpq_1)
                                 -0.000258    0.249742   library hold time
                                              0.249742   data required time
---------------------------------------------------------------------------------------------
                                              0.249742   data required time
                                             -0.230633   data arrival time
---------------------------------------------------------------------------------------------
                                             -0.019108   slack (VIOLATED)


Startpoint: read_index[2]$_SDFFE_PP0P_
            (rising edge-triggered flip-flop clocked by clk)
Endpoint: read_index[2]$_SDFFE_PP0P_
          (rising edge-triggered flip-flop clocked by clk)
Path Group: clk
Path Type: min

Fanout         Cap        Slew       Delay        Time   Description
---------------------------------------------------------------------------------------------
                      0.150000    0.000000    0.000000   clock clk (rise edge)
                                  0.000000    0.000000   clock network delay (ideal)
                      0.150000    0.000000    0.000000 ^ read_index[2]$_SDFFE_PP0P_/CLK (sg13g2_dfrbpq_1)
     5    0.017731    0.042856    0.175832    0.175832 v read_index[2]$_SDFFE_PP0P_/Q (sg13g2_dfrbpq_1)
                                                         read_index[2] (net)
                      0.042856    0.000000    0.175832 v _5554_/B1 (sg13g2_a21oi_1)
     1    0.003211    0.027643    0.032009    0.207841 ^ _5554_/Y (sg13g2_a21oi_1)
                                                         _2539_ (net)
                      0.027643    0.000000    0.207841 ^ _5556_/B (sg13g2_nor3_1)
     1    0.001523    0.014324    0.024018    0.231859 v _5556_/Y (sg13g2_nor3_1)
                                                         _0021_ (net)
                      0.014324    0.000000    0.231859 v read_index[2]$_SDFFE_PP0P_/D (sg13g2_dfrbpq_1)
                                              0.231859   data arrival time

                      0.150000    0.000000    0.000000   clock clk (rise edge)
                                  0.000000    0.000000   clock network delay (ideal)
                                  0.250000    0.250000   clock uncertainty
                                  0.000000    0.250000   clock reconvergence pessimism
                                              0.250000 ^ read_index[2]$_SDFFE_PP0P_/CLK (sg13g2_dfrbpq_1)
                                 -0.000107    0.249893   library hold time
                                              0.249893   data required time
---------------------------------------------------------------------------------------------
                                              0.249893   data required time
                                             -0.231859   data arrival time
---------------------------------------------------------------------------------------------
                                             -0.018034   slack (VIOLATED)


Startpoint: u_mac_2.temp_res[17]$_SDFF_PP0_
            (rising edge-triggered flip-flop clocked by clk)
Endpoint: u_mac_2.temp_res[17]$_SDFF_PP0_
          (rising edge-triggered flip-flop clocked by clk)
Path Group: clk
Path Type: min

Fanout         Cap        Slew       Delay        Time   Description
---------------------------------------------------------------------------------------------
                      0.150000    0.000000    0.000000   clock clk (rise edge)
                                  0.000000    0.000000   clock network delay (ideal)
                      0.150000    0.000000    0.000000 ^ u_mac_2.temp_res[17]$_SDFF_PP0_/CLK (sg13g2_dfrbpq_1)
     2    0.009455    0.026634    0.162152    0.162152 v u_mac_2.temp_res[17]$_SDFF_PP0_/Q (sg13g2_dfrbpq_1)
                                                         u_mac_2.temp_res[17] (net)
                      0.026634    0.000000    0.162152 v _4546_/A (sg13g2_xor2_1)
     1    0.003191    0.031458    0.050637    0.212790 ^ _4546_/X (sg13g2_xor2_1)
                                                         _1607_ (net)
                      0.031458    0.000000    0.212790 ^ _4547_/B (sg13g2_nor2_1)
     1    0.001523    0.012308    0.019766    0.232555 v _4547_/Y (sg13g2_nor2_1)
                                                         _0330_ (net)
                      0.012308    0.000000    0.232555 v u_mac_2.temp_res[17]$_SDFF_PP0_/D (sg13g2_dfrbpq_1)
                                              0.232555   data arrival time

                      0.150000    0.000000    0.000000   clock clk (rise edge)
                                  0.000000    0.000000   clock network delay (ideal)
                                  0.250000    0.250000   clock uncertainty
                                  0.000000    0.250000   clock reconvergence pessimism
                                              0.250000 ^ u_mac_2.temp_res[17]$_SDFF_PP0_/CLK (sg13g2_dfrbpq_1)
                                  0.000365    0.250365   library hold time
                                              0.250365   data required time
---------------------------------------------------------------------------------------------
                                              0.250365   data required time
                                             -0.232555   data arrival time
---------------------------------------------------------------------------------------------
                                             -0.017809   slack (VIOLATED)


Startpoint: u_mac_1.temp_res[15]$_SDFF_PP0_
            (rising edge-triggered flip-flop clocked by clk)
Endpoint: u_mac_1.temp_res[15]$_SDFF_PP0_
          (rising edge-triggered flip-flop clocked by clk)
Path Group: clk
Path Type: min

Fanout         Cap        Slew       Delay        Time   Description
---------------------------------------------------------------------------------------------
                      0.150000    0.000000    0.000000   clock clk (rise edge)
                                  0.000000    0.000000   clock network delay (ideal)
                      0.150000    0.000000    0.000000 ^ u_mac_1.temp_res[15]$_SDFF_PP0_/CLK (sg13g2_dfrbpq_1)
     4    0.012729    0.033051    0.167564    0.167564 v u_mac_1.temp_res[15]$_SDFF_PP0_/Q (sg13g2_dfrbpq_1)
                                                         u_mac_1.temp_res[15] (net)
                      0.033051    0.000000    0.167564 v _4134_/A (sg13g2_nor2_1)
     1    0.003211    0.031095    0.040030    0.207594 ^ _4134_/Y (sg13g2_nor2_1)
                                                         _1215_ (net)
                      0.031095    0.000000    0.207594 ^ _4137_/B (sg13g2_nor3_1)
     1    0.001523    0.013967    0.024906    0.232499 v _4137_/Y (sg13g2_nor3_1)
                                                         _0310_ (net)
                      0.013967    0.000000    0.232499 v u_mac_1.temp_res[15]$_SDFF_PP0_/D (sg13g2_dfrbpq_1)
                                              0.232499   data arrival time

                      0.150000    0.000000    0.000000   clock clk (rise edge)
                                  0.000000    0.000000   clock network delay (ideal)
                                  0.250000    0.250000   clock uncertainty
                                  0.000000    0.250000   clock reconvergence pessimism
                                              0.250000 ^ u_mac_1.temp_res[15]$_SDFF_PP0_/CLK (sg13g2_dfrbpq_1)
                                 -0.000024    0.249976   library hold time
                                              0.249976   data required time
---------------------------------------------------------------------------------------------
                                              0.249976   data required time
                                             -0.232499   data arrival time
---------------------------------------------------------------------------------------------
                                             -0.017477   slack (VIOLATED)


Startpoint: u_mac_3.temp_res[0]$_SDFF_PP0_
            (rising edge-triggered flip-flop clocked by clk)
Endpoint: u_mac_3.temp_res[1]$_SDFF_PP0_
          (rising edge-triggered flip-flop clocked by clk)
Path Group: clk
Path Type: min

Fanout         Cap        Slew       Delay        Time   Description
---------------------------------------------------------------------------------------------
                      0.150000    0.000000    0.000000   clock clk (rise edge)
                                  0.000000    0.000000   clock network delay (ideal)
                      0.150000    0.000000    0.000000 ^ u_mac_3.temp_res[0]$_SDFF_PP0_/CLK (sg13g2_dfrbpq_1)
     3    0.009167    0.026069    0.161676    0.161676 v u_mac_3.temp_res[0]$_SDFF_PP0_/Q (sg13g2_dfrbpq_1)
                                                         u_mac_3.temp_res[0] (net)
                      0.026069    0.000000    0.161676 v _4576_/A (sg13g2_nand3_1)
     3    0.009113    0.034305    0.036037    0.197714 ^ _4576_/Y (sg13g2_nand3_1)
                                                         _1627_ (net)
                      0.034305    0.000000    0.197714 ^ _4956_/A1 (sg13g2_a21oi_1)
     1    0.001523    0.010576    0.035698    0.233412 v _4956_/Y (sg13g2_a21oi_1)
                                                         _0349_ (net)
                      0.010576    0.000000    0.233412 v u_mac_3.temp_res[1]$_SDFF_PP0_/D (sg13g2_dfrbpq_1)
                                              0.233412   data arrival time

                      0.150000    0.000000    0.000000   clock clk (rise edge)
                                  0.000000    0.000000   clock network delay (ideal)
                                  0.250000    0.250000   clock uncertainty
                                  0.000000    0.250000   clock reconvergence pessimism
                                              0.250000 ^ u_mac_3.temp_res[1]$_SDFF_PP0_/CLK (sg13g2_dfrbpq_1)
                                  0.000770    0.250770   library hold time
                                              0.250770   data required time
---------------------------------------------------------------------------------------------
                                              0.250770   data required time
                                             -0.233412   data arrival time
---------------------------------------------------------------------------------------------
                                             -0.017358   slack (VIOLATED)


Startpoint: u_mac_2.temp_res[0]$_SDFF_PP0_
            (rising edge-triggered flip-flop clocked by clk)
Endpoint: u_mac_2.temp_res[1]$_SDFF_PP0_
          (rising edge-triggered flip-flop clocked by clk)
Path Group: clk
Path Type: min

Fanout         Cap        Slew       Delay        Time   Description
---------------------------------------------------------------------------------------------
                      0.150000    0.000000    0.000000   clock clk (rise edge)
                                  0.000000    0.000000   clock network delay (ideal)
                      0.150000    0.000000    0.000000 ^ u_mac_2.temp_res[0]$_SDFF_PP0_/CLK (sg13g2_dfrbpq_1)
     3    0.009354    0.026434    0.161984    0.161984 v u_mac_2.temp_res[0]$_SDFF_PP0_/Q (sg13g2_dfrbpq_1)
                                                         u_mac_2.temp_res[0] (net)
                      0.026434    0.000000    0.161984 v _4171_/A (sg13g2_nand3_1)
     3    0.009113    0.034377    0.036144    0.198128 ^ _4171_/Y (sg13g2_nand3_1)
                                                         _1240_ (net)
                      0.034377    0.000000    0.198128 ^ _4549_/A1 (sg13g2_a21oi_1)
     1    0.001523    0.010576    0.035719    0.233847 v _4549_/Y (sg13g2_a21oi_1)
                                                         _0331_ (net)
                      0.010576    0.000000    0.233847 v u_mac_2.temp_res[1]$_SDFF_PP0_/D (sg13g2_dfrbpq_1)
                                              0.233847   data arrival time

                      0.150000    0.000000    0.000000   clock clk (rise edge)
                                  0.000000    0.000000   clock network delay (ideal)
                                  0.250000    0.250000   clock uncertainty
                                  0.000000    0.250000   clock reconvergence pessimism
                                              0.250000 ^ u_mac_2.temp_res[1]$_SDFF_PP0_/CLK (sg13g2_dfrbpq_1)
                                  0.000770    0.250770   library hold time
                                              0.250770   data required time
---------------------------------------------------------------------------------------------
                                              0.250770   data required time
                                             -0.233847   data arrival time
---------------------------------------------------------------------------------------------
                                             -0.016923   slack (VIOLATED)


Startpoint: u_ctrl.state[0]$_DFF_P_
            (rising edge-triggered flip-flop clocked by clk)
Endpoint: u_ctrl.state[3]$_DFF_P_
          (rising edge-triggered flip-flop clocked by clk)
Path Group: clk
Path Type: min

Fanout         Cap        Slew       Delay        Time   Description
---------------------------------------------------------------------------------------------
                      0.150000    0.000000    0.000000   clock clk (rise edge)
                                  0.000000    0.000000   clock network delay (ideal)
                      0.150000    0.000000    0.000000 ^ u_ctrl.state[0]$_DFF_P_/CLK (sg13g2_dfrbpq_1)
     3    0.009205    0.026143    0.161738    0.161738 v u_ctrl.state[0]$_DFF_P_/Q (sg13g2_dfrbpq_1)
                                                         u_ctrl.state[0] (net)
                      0.026143    0.000000    0.161738 v _5431_/A2 (sg13g2_a22oi_1)
     1    0.003191    0.032799    0.051737    0.213475 ^ _5431_/Y (sg13g2_a22oi_1)
                                                         _2446_ (net)
                      0.032799    0.000000    0.213475 ^ _5432_/B (sg13g2_nor2_1)
     1    0.001523    0.012542    0.020017    0.233492 v _5432_/Y (sg13g2_nor2_1)
                                                         _0004_ (net)
                      0.012542    0.000000    0.233492 v u_ctrl.state[3]$_DFF_P_/D (sg13g2_dfrbpq_1)
                                              0.233492   data arrival time

                      0.150000    0.000000    0.000000   clock clk (rise edge)
                                  0.000000    0.000000   clock network delay (ideal)
                                  0.250000    0.250000   clock uncertainty
                                  0.000000    0.250000   clock reconvergence pessimism
                                              0.250000 ^ u_ctrl.state[3]$_DFF_P_/CLK (sg13g2_dfrbpq_1)
                                  0.000310    0.250310   library hold time
                                              0.250310   data required time
---------------------------------------------------------------------------------------------
                                              0.250310   data required time
                                             -0.233492   data arrival time
---------------------------------------------------------------------------------------------
                                             -0.016818   slack (VIOLATED)


Startpoint: u_mac_4.temp_res[0]$_SDFF_PP0_
            (rising edge-triggered flip-flop clocked by clk)
Endpoint: u_mac_4.temp_res[1]$_SDFF_PP0_
          (rising edge-triggered flip-flop clocked by clk)
Path Group: clk
Path Type: min

Fanout         Cap        Slew       Delay        Time   Description
---------------------------------------------------------------------------------------------
                      0.150000    0.000000    0.000000   clock clk (rise edge)
                                  0.000000    0.000000   clock network delay (ideal)
                      0.150000    0.000000    0.000000 ^ u_mac_4.temp_res[0]$_SDFF_PP0_/CLK (sg13g2_dfrbpq_1)
     3    0.009474    0.026671    0.162183    0.162183 v u_mac_4.temp_res[0]$_SDFF_PP0_/Q (sg13g2_dfrbpq_1)
                                                         u_mac_4.temp_res[0] (net)
                      0.026671    0.000000    0.162183 v _4983_/A (sg13g2_nand3_1)
     3    0.009113    0.034424    0.036214    0.198397 ^ _4983_/Y (sg13g2_nand3_1)
                                                         _2016_ (net)
                      0.034424    0.000000    0.198397 ^ _5376_/A1 (sg13g2_a21oi_1)
     1    0.001523    0.010371    0.035732    0.234129 v _5376_/Y (sg13g2_a21oi_1)
                                                         _0367_ (net)
                      0.010371    0.000000    0.234129 v u_mac_4.temp_res[1]$_SDFF_PP0_/D (sg13g2_dfrbpq_1)
                                              0.234129   data arrival time

                      0.150000    0.000000    0.000000   clock clk (rise edge)
                                  0.000000    0.000000   clock network delay (ideal)
                                  0.250000    0.250000   clock uncertainty
                                  0.000000    0.250000   clock reconvergence pessimism
                                              0.250000 ^ u_mac_4.temp_res[1]$_SDFF_PP0_/CLK (sg13g2_dfrbpq_1)
                                  0.000818    0.250818   library hold time
                                              0.250818   data required time
---------------------------------------------------------------------------------------------
                                              0.250818   data required time
                                             -0.234129   data arrival time
---------------------------------------------------------------------------------------------
                                             -0.016689   slack (VIOLATED)


Startpoint: read_data_out[0]$_SDFFE_PP0P_
            (rising edge-triggered flip-flop clocked by clk)
Endpoint: read_data_out[0]$_SDFFE_PP0P_
          (rising edge-triggered flip-flop clocked by clk)
Path Group: clk
Path Type: min

Fanout         Cap        Slew       Delay        Time   Description
---------------------------------------------------------------------------------------------
                      0.150000    0.000000    0.000000   clock clk (rise edge)
                                  0.000000    0.000000   clock network delay (ideal)
                      0.150000    0.000000    0.000000 ^ read_data_out[0]$_SDFFE_PP0P_/CLK (sg13g2_dfrbpq_1)
     2    0.009338    0.026405    0.161959    0.161959 v read_data_out[0]$_SDFFE_PP0P_/Q (sg13g2_dfrbpq_1)
                                                         read_data_out[0] (net)
                      0.026405    0.000000    0.161959 v _5513_/A2 (sg13g2_o21ai_1)
     1    0.003144    0.030637    0.052792    0.214751 ^ _5513_/Y (sg13g2_o21ai_1)
                                                         _2509_ (net)
                      0.030637    0.000000    0.214751 ^ _5514_/B1 (sg13g2_a21oi_1)
     1    0.001523    0.012263    0.019520    0.234271 v _5514_/Y (sg13g2_a21oi_1)
                                                         _0010_ (net)
                      0.012263    0.000000    0.234271 v read_data_out[0]$_SDFFE_PP0P_/D (sg13g2_dfrbpq_1)
                                              0.234271   data arrival time

                      0.150000    0.000000    0.000000   clock clk (rise edge)
                                  0.000000    0.000000   clock network delay (ideal)
                                  0.250000    0.250000   clock uncertainty
                                  0.000000    0.250000   clock reconvergence pessimism
                                              0.250000 ^ read_data_out[0]$_SDFFE_PP0P_/CLK (sg13g2_dfrbpq_1)
                                  0.000375    0.250375   library hold time
                                              0.250375   data required time
---------------------------------------------------------------------------------------------
                                              0.250375   data required time
                                             -0.234271   data arrival time
---------------------------------------------------------------------------------------------
                                             -0.016104   slack (VIOLATED)


Startpoint: read_data_out[1]$_SDFFE_PP0P_
            (rising edge-triggered flip-flop clocked by clk)
Endpoint: read_data_out[1]$_SDFFE_PP0P_
          (rising edge-triggered flip-flop clocked by clk)
Path Group: clk
Path Type: min

Fanout         Cap        Slew       Delay        Time   Description
---------------------------------------------------------------------------------------------
                      0.150000    0.000000    0.000000   clock clk (rise edge)
                                  0.000000    0.000000   clock network delay (ideal)
                      0.150000    0.000000    0.000000 ^ read_data_out[1]$_SDFFE_PP0P_/CLK (sg13g2_dfrbpq_1)
     2    0.009338    0.026405    0.161959    0.161959 v read_data_out[1]$_SDFFE_PP0P_/Q (sg13g2_dfrbpq_1)
                                                         read_data_out[1] (net)
                      0.026405    0.000000    0.161959 v _5517_/A2 (sg13g2_o21ai_1)
     1    0.003144    0.030637    0.052792    0.214751 ^ _5517_/Y (sg13g2_o21ai_1)
                                                         _2512_ (net)
                      0.030637    0.000000    0.214751 ^ _5518_/B1 (sg13g2_a21oi_1)
     1    0.001523    0.012263    0.019520    0.234271 v _5518_/Y (sg13g2_a21oi_1)
                                                         _0011_ (net)
                      0.012263    0.000000    0.234271 v read_data_out[1]$_SDFFE_PP0P_/D (sg13g2_dfrbpq_1)
                                              0.234271   data arrival time

                      0.150000    0.000000    0.000000   clock clk (rise edge)
                                  0.000000    0.000000   clock network delay (ideal)
                                  0.250000    0.250000   clock uncertainty
                                  0.000000    0.250000   clock reconvergence pessimism
                                              0.250000 ^ read_data_out[1]$_SDFFE_PP0P_/CLK (sg13g2_dfrbpq_1)
                                  0.000375    0.250375   library hold time
                                              0.250375   data required time
---------------------------------------------------------------------------------------------
                                              0.250375   data required time
                                             -0.234271   data arrival time
---------------------------------------------------------------------------------------------
                                             -0.016104   slack (VIOLATED)


Startpoint: read_data_out[2]$_SDFFE_PP0P_
            (rising edge-triggered flip-flop clocked by clk)
Endpoint: read_data_out[2]$_SDFFE_PP0P_
          (rising edge-triggered flip-flop clocked by clk)
Path Group: clk
Path Type: min

Fanout         Cap        Slew       Delay        Time   Description
---------------------------------------------------------------------------------------------
                      0.150000    0.000000    0.000000   clock clk (rise edge)
                                  0.000000    0.000000   clock network delay (ideal)
                      0.150000    0.000000    0.000000 ^ read_data_out[2]$_SDFFE_PP0P_/CLK (sg13g2_dfrbpq_1)
     2    0.009338    0.026405    0.161959    0.161959 v read_data_out[2]$_SDFFE_PP0P_/Q (sg13g2_dfrbpq_1)
                                                         read_data_out[2] (net)
                      0.026405    0.000000    0.161959 v _5521_/A2 (sg13g2_o21ai_1)
     1    0.003144    0.030637    0.052792    0.214751 ^ _5521_/Y (sg13g2_o21ai_1)
                                                         _2515_ (net)
                      0.030637    0.000000    0.214751 ^ _5522_/B1 (sg13g2_a21oi_1)
     1    0.001523    0.012263    0.019520    0.234271 v _5522_/Y (sg13g2_a21oi_1)
                                                         _0012_ (net)
                      0.012263    0.000000    0.234271 v read_data_out[2]$_SDFFE_PP0P_/D (sg13g2_dfrbpq_1)
                                              0.234271   data arrival time

                      0.150000    0.000000    0.000000   clock clk (rise edge)
                                  0.000000    0.000000   clock network delay (ideal)
                                  0.250000    0.250000   clock uncertainty
                                  0.000000    0.250000   clock reconvergence pessimism
                                              0.250000 ^ read_data_out[2]$_SDFFE_PP0P_/CLK (sg13g2_dfrbpq_1)
                                  0.000375    0.250375   library hold time
                                              0.250375   data required time
---------------------------------------------------------------------------------------------
                                              0.250375   data required time
                                             -0.234271   data arrival time
---------------------------------------------------------------------------------------------
                                             -0.016104   slack (VIOLATED)


Startpoint: read_data_out[3]$_SDFFE_PP0P_
            (rising edge-triggered flip-flop clocked by clk)
Endpoint: read_data_out[3]$_SDFFE_PP0P_
          (rising edge-triggered flip-flop clocked by clk)
Path Group: clk
Path Type: min

Fanout         Cap        Slew       Delay        Time   Description
---------------------------------------------------------------------------------------------
                      0.150000    0.000000    0.000000   clock clk (rise edge)
                                  0.000000    0.000000   clock network delay (ideal)
                      0.150000    0.000000    0.000000 ^ read_data_out[3]$_SDFFE_PP0P_/CLK (sg13g2_dfrbpq_1)
     2    0.009338    0.026405    0.161959    0.161959 v read_data_out[3]$_SDFFE_PP0P_/Q (sg13g2_dfrbpq_1)
                                                         read_data_out[3] (net)
                      0.026405    0.000000    0.161959 v _5525_/A2 (sg13g2_o21ai_1)
     1    0.003144    0.030637    0.052792    0.214751 ^ _5525_/Y (sg13g2_o21ai_1)
                                                         _2518_ (net)
                      0.030637    0.000000    0.214751 ^ _5526_/B1 (sg13g2_a21oi_1)
     1    0.001523    0.012263    0.019520    0.234271 v _5526_/Y (sg13g2_a21oi_1)
                                                         _0013_ (net)
                      0.012263    0.000000    0.234271 v read_data_out[3]$_SDFFE_PP0P_/D (sg13g2_dfrbpq_1)
                                              0.234271   data arrival time

                      0.150000    0.000000    0.000000   clock clk (rise edge)
                                  0.000000    0.000000   clock network delay (ideal)
                                  0.250000    0.250000   clock uncertainty
                                  0.000000    0.250000   clock reconvergence pessimism
                                              0.250000 ^ read_data_out[3]$_SDFFE_PP0P_/CLK (sg13g2_dfrbpq_1)
                                  0.000375    0.250375   library hold time
                                              0.250375   data required time
---------------------------------------------------------------------------------------------
                                              0.250375   data required time
                                             -0.234271   data arrival time
---------------------------------------------------------------------------------------------
                                             -0.016104   slack (VIOLATED)


Startpoint: read_data_out[4]$_SDFFE_PP0P_
            (rising edge-triggered flip-flop clocked by clk)
Endpoint: read_data_out[4]$_SDFFE_PP0P_
          (rising edge-triggered flip-flop clocked by clk)
Path Group: clk
Path Type: min

Fanout         Cap        Slew       Delay        Time   Description
---------------------------------------------------------------------------------------------
                      0.150000    0.000000    0.000000   clock clk (rise edge)
                                  0.000000    0.000000   clock network delay (ideal)
                      0.150000    0.000000    0.000000 ^ read_data_out[4]$_SDFFE_PP0P_/CLK (sg13g2_dfrbpq_1)
     2    0.009338    0.026405    0.161959    0.161959 v read_data_out[4]$_SDFFE_PP0P_/Q (sg13g2_dfrbpq_1)
                                                         read_data_out[4] (net)
                      0.026405    0.000000    0.161959 v _5529_/A2 (sg13g2_o21ai_1)
     1    0.003144    0.030637    0.052792    0.214751 ^ _5529_/Y (sg13g2_o21ai_1)
                                                         _2521_ (net)
                      0.030637    0.000000    0.214751 ^ _5530_/B1 (sg13g2_a21oi_1)
     1    0.001523    0.012263    0.019520    0.234271 v _5530_/Y (sg13g2_a21oi_1)
                                                         _0014_ (net)
                      0.012263    0.000000    0.234271 v read_data_out[4]$_SDFFE_PP0P_/D (sg13g2_dfrbpq_1)
                                              0.234271   data arrival time

                      0.150000    0.000000    0.000000   clock clk (rise edge)
                                  0.000000    0.000000   clock network delay (ideal)
                                  0.250000    0.250000   clock uncertainty
                                  0.000000    0.250000   clock reconvergence pessimism
                                              0.250000 ^ read_data_out[4]$_SDFFE_PP0P_/CLK (sg13g2_dfrbpq_1)
                                  0.000375    0.250375   library hold time
                                              0.250375   data required time
---------------------------------------------------------------------------------------------
                                              0.250375   data required time
                                             -0.234271   data arrival time
---------------------------------------------------------------------------------------------
                                             -0.016104   slack (VIOLATED)


Startpoint: read_data_out[5]$_SDFFE_PP0P_
            (rising edge-triggered flip-flop clocked by clk)
Endpoint: read_data_out[5]$_SDFFE_PP0P_
          (rising edge-triggered flip-flop clocked by clk)
Path Group: clk
Path Type: min

Fanout         Cap        Slew       Delay        Time   Description
---------------------------------------------------------------------------------------------
                      0.150000    0.000000    0.000000   clock clk (rise edge)
                                  0.000000    0.000000   clock network delay (ideal)
                      0.150000    0.000000    0.000000 ^ read_data_out[5]$_SDFFE_PP0P_/CLK (sg13g2_dfrbpq_1)
     2    0.009338    0.026405    0.161959    0.161959 v read_data_out[5]$_SDFFE_PP0P_/Q (sg13g2_dfrbpq_1)
                                                         read_data_out[5] (net)
                      0.026405    0.000000    0.161959 v _5533_/A2 (sg13g2_o21ai_1)
     1    0.003144    0.030637    0.052792    0.214751 ^ _5533_/Y (sg13g2_o21ai_1)
                                                         _2524_ (net)
                      0.030637    0.000000    0.214751 ^ _5534_/B1 (sg13g2_a21oi_1)
     1    0.001523    0.012263    0.019520    0.234271 v _5534_/Y (sg13g2_a21oi_1)
                                                         _0015_ (net)
                      0.012263    0.000000    0.234271 v read_data_out[5]$_SDFFE_PP0P_/D (sg13g2_dfrbpq_1)
                                              0.234271   data arrival time

                      0.150000    0.000000    0.000000   clock clk (rise edge)
                                  0.000000    0.000000   clock network delay (ideal)
                                  0.250000    0.250000   clock uncertainty
                                  0.000000    0.250000   clock reconvergence pessimism
                                              0.250000 ^ read_data_out[5]$_SDFFE_PP0P_/CLK (sg13g2_dfrbpq_1)
                                  0.000375    0.250375   library hold time
                                              0.250375   data required time
---------------------------------------------------------------------------------------------
                                              0.250375   data required time
                                             -0.234271   data arrival time
---------------------------------------------------------------------------------------------
                                             -0.016104   slack (VIOLATED)


Startpoint: read_data_out[6]$_SDFFE_PP0P_
            (rising edge-triggered flip-flop clocked by clk)
Endpoint: read_data_out[6]$_SDFFE_PP0P_
          (rising edge-triggered flip-flop clocked by clk)
Path Group: clk
Path Type: min

Fanout         Cap        Slew       Delay        Time   Description
---------------------------------------------------------------------------------------------
                      0.150000    0.000000    0.000000   clock clk (rise edge)
                                  0.000000    0.000000   clock network delay (ideal)
                      0.150000    0.000000    0.000000 ^ read_data_out[6]$_SDFFE_PP0P_/CLK (sg13g2_dfrbpq_1)
     2    0.009338    0.026405    0.161959    0.161959 v read_data_out[6]$_SDFFE_PP0P_/Q (sg13g2_dfrbpq_1)
                                                         read_data_out[6] (net)
                      0.026405    0.000000    0.161959 v _5537_/A2 (sg13g2_o21ai_1)
     1    0.003144    0.030637    0.052792    0.214751 ^ _5537_/Y (sg13g2_o21ai_1)
                                                         _2527_ (net)
                      0.030637    0.000000    0.214751 ^ _5538_/B1 (sg13g2_a21oi_1)
     1    0.001523    0.012263    0.019520    0.234271 v _5538_/Y (sg13g2_a21oi_1)
                                                         _0016_ (net)
                      0.012263    0.000000    0.234271 v read_data_out[6]$_SDFFE_PP0P_/D (sg13g2_dfrbpq_1)
                                              0.234271   data arrival time

                      0.150000    0.000000    0.000000   clock clk (rise edge)
                                  0.000000    0.000000   clock network delay (ideal)
                                  0.250000    0.250000   clock uncertainty
                                  0.000000    0.250000   clock reconvergence pessimism
                                              0.250000 ^ read_data_out[6]$_SDFFE_PP0P_/CLK (sg13g2_dfrbpq_1)
                                  0.000375    0.250375   library hold time
                                              0.250375   data required time
---------------------------------------------------------------------------------------------
                                              0.250375   data required time
                                             -0.234271   data arrival time
---------------------------------------------------------------------------------------------
                                             -0.016104   slack (VIOLATED)


Startpoint: read_data_out[7]$_SDFFE_PP0P_
            (rising edge-triggered flip-flop clocked by clk)
Endpoint: read_data_out[7]$_SDFFE_PP0P_
          (rising edge-triggered flip-flop clocked by clk)
Path Group: clk
Path Type: min

Fanout         Cap        Slew       Delay        Time   Description
---------------------------------------------------------------------------------------------
                      0.150000    0.000000    0.000000   clock clk (rise edge)
                                  0.000000    0.000000   clock network delay (ideal)
                      0.150000    0.000000    0.000000 ^ read_data_out[7]$_SDFFE_PP0P_/CLK (sg13g2_dfrbpq_1)
     2    0.009338    0.026405    0.161959    0.161959 v read_data_out[7]$_SDFFE_PP0P_/Q (sg13g2_dfrbpq_1)
                                                         read_data_out[7] (net)
                      0.026405    0.000000    0.161959 v _5541_/A2 (sg13g2_o21ai_1)
     1    0.003144    0.030637    0.052792    0.214751 ^ _5541_/Y (sg13g2_o21ai_1)
                                                         _2530_ (net)
                      0.030637    0.000000    0.214751 ^ _5542_/B1 (sg13g2_a21oi_1)
     1    0.001523    0.012263    0.019520    0.234271 v _5542_/Y (sg13g2_a21oi_1)
                                                         _0017_ (net)
                      0.012263    0.000000    0.234271 v read_data_out[7]$_SDFFE_PP0P_/D (sg13g2_dfrbpq_1)
                                              0.234271   data arrival time

                      0.150000    0.000000    0.000000   clock clk (rise edge)
                                  0.000000    0.000000   clock network delay (ideal)
                                  0.250000    0.250000   clock uncertainty
                                  0.000000    0.250000   clock reconvergence pessimism
                                              0.250000 ^ read_data_out[7]$_SDFFE_PP0P_/CLK (sg13g2_dfrbpq_1)
                                  0.000375    0.250375   library hold time
                                              0.250375   data required time
---------------------------------------------------------------------------------------------
                                              0.250375   data required time
                                             -0.234271   data arrival time
---------------------------------------------------------------------------------------------
                                             -0.016104   slack (VIOLATED)


Startpoint: u_ctrl.res_idx_r[8]$_SDFFE_PP0P_
            (rising edge-triggered flip-flop clocked by clk)
Endpoint: u_ctrl.res_idx_r[8]$_SDFFE_PP0P_
          (rising edge-triggered flip-flop clocked by clk)
Path Group: clk
Path Type: min

Fanout         Cap        Slew       Delay        Time   Description
---------------------------------------------------------------------------------------------
                      0.150000    0.000000    0.000000   clock clk (rise edge)
                                  0.000000    0.000000   clock network delay (ideal)
                      0.150000    0.000000    0.000000 ^ u_ctrl.res_idx_r[8]$_SDFFE_PP0P_/CLK (sg13g2_dfrbpq_1)
     3    0.009938    0.027581    0.162951    0.162951 v u_ctrl.res_idx_r[8]$_SDFFE_PP0P_/Q (sg13g2_dfrbpq_1)
                                                         res_index[8] (net)
                      0.027581    0.000000    0.162951 v _3104_/A1 (sg13g2_o21ai_1)
     1    0.003101    0.019121    0.058225    0.221176 ^ _3104_/Y (sg13g2_o21ai_1)
                                                         _0448_ (net)
                      0.019121    0.000000    0.221176 ^ _3105_/A (sg13g2_inv_1)
     1    0.001523    0.009519    0.015850    0.237025 v _3105_/Y (sg13g2_inv_1)
                                                         _0047_ (net)
                      0.009519    0.000000    0.237025 v u_ctrl.res_idx_r[8]$_SDFFE_PP0P_/D (sg13g2_dfrbpq_1)
                                              0.237025   data arrival time

                      0.150000    0.000000    0.000000   clock clk (rise edge)
                                  0.000000    0.000000   clock network delay (ideal)
                                  0.250000    0.250000   clock uncertainty
                                  0.000000    0.250000   clock reconvergence pessimism
                                              0.250000 ^ u_ctrl.res_idx_r[8]$_SDFFE_PP0P_/CLK (sg13g2_dfrbpq_1)
                                  0.001018    0.251018   library hold time
                                              0.251018   data required time
---------------------------------------------------------------------------------------------
                                              0.251018   data required time
                                             -0.237025   data arrival time
---------------------------------------------------------------------------------------------
                                             -0.013992   slack (VIOLATED)


Startpoint: u_ctrl.state[4]$_DFF_P_
            (rising edge-triggered flip-flop clocked by clk)
Endpoint: u_ctrl.k_cnt[1]$_SDFFE_PP0P_
          (rising edge-triggered flip-flop clocked by clk)
Path Group: clk
Path Type: min

Fanout         Cap        Slew       Delay        Time   Description
---------------------------------------------------------------------------------------------
                      0.150000    0.000000    0.000000   clock clk (rise edge)
                                  0.000000    0.000000   clock network delay (ideal)
                      0.150000    0.000000    0.000000 ^ u_ctrl.state[4]$_DFF_P_/CLK (sg13g2_dfrbpq_1)
     2    0.005662    0.023045    0.157662    0.157662 ^ u_ctrl.state[4]$_DFF_P_/Q (sg13g2_dfrbpq_1)
                                                         u_ctrl.state[4] (net)
                      0.023045    0.000000    0.157662 ^ _5442_/B (sg13g2_nor2_1)
     2    0.006397    0.020405    0.026377    0.184039 v _5442_/Y (sg13g2_nor2_1)
                                                         _2455_ (net)
                      0.020405    0.000000    0.184039 v _5661_/A (sg13g2_nand2_1)
     3    0.009566    0.032367    0.033256    0.217295 ^ _5661_/Y (sg13g2_nand2_1)
                                                         _0428_ (net)
                      0.032367    0.000000    0.217295 ^ _3078_/B1 (sg13g2_a21oi_1)
     1    0.001523    0.012564    0.019849    0.237144 v _3078_/Y (sg13g2_a21oi_1)
                                                         _0037_ (net)
                      0.012564    0.000000    0.237144 v u_ctrl.k_cnt[1]$_SDFFE_PP0P_/D (sg13g2_dfrbpq_1)
                                              0.237144   data arrival time

                      0.150000    0.000000    0.000000   clock clk (rise edge)
                                  0.000000    0.000000   clock network delay (ideal)
                                  0.250000    0.250000   clock uncertainty
                                  0.000000    0.250000   clock reconvergence pessimism
                                              0.250000 ^ u_ctrl.k_cnt[1]$_SDFFE_PP0P_/CLK (sg13g2_dfrbpq_1)
                                  0.000305    0.250305   library hold time
                                              0.250305   data required time
---------------------------------------------------------------------------------------------
                                              0.250305   data required time
                                             -0.237144   data arrival time
---------------------------------------------------------------------------------------------
                                             -0.013161   slack (VIOLATED)


Startpoint: read_index[3]$_SDFFE_PP0P_
            (rising edge-triggered flip-flop clocked by clk)
Endpoint: read_index[3]$_SDFFE_PP0P_
          (rising edge-triggered flip-flop clocked by clk)
Path Group: clk
Path Type: min

Fanout         Cap        Slew       Delay        Time   Description
---------------------------------------------------------------------------------------------
                      0.150000    0.000000    0.000000   clock clk (rise edge)
                                  0.000000    0.000000   clock network delay (ideal)
                      0.150000    0.000000    0.000000 ^ read_index[3]$_SDFFE_PP0P_/CLK (sg13g2_dfrbpq_1)
     3    0.014975    0.037454    0.171276    0.171276 v read_index[3]$_SDFFE_PP0P_/Q (sg13g2_dfrbpq_1)
                                                         read_index[3] (net)
                      0.037454    0.000000    0.171276 v _5557_/A (sg13g2_xnor2_1)
     1    0.003191    0.020277    0.049992    0.221268 ^ _5557_/Y (sg13g2_xnor2_1)
                                                         _2541_ (net)
                      0.020277    0.000000    0.221268 ^ _5558_/B (sg13g2_nor2_1)
     1    0.001523    0.010359    0.017664    0.238932 v _5558_/Y (sg13g2_nor2_1)
                                                         _0022_ (net)
                      0.010359    0.000000    0.238932 v read_index[3]$_SDFFE_PP0P_/D (sg13g2_dfrbpq_1)
                                              0.238932   data arrival time

                      0.150000    0.000000    0.000000   clock clk (rise edge)
                                  0.000000    0.000000   clock network delay (ideal)
                                  0.250000    0.250000   clock uncertainty
                                  0.000000    0.250000   clock reconvergence pessimism
                                              0.250000 ^ read_index[3]$_SDFFE_PP0P_/CLK (sg13g2_dfrbpq_1)
                                  0.000821    0.250821   library hold time
                                              0.250821   data required time
---------------------------------------------------------------------------------------------
                                              0.250821   data required time
                                             -0.238932   data arrival time
---------------------------------------------------------------------------------------------
                                             -0.011889   slack (VIOLATED)


Startpoint: u_ctrl.res_idx_r[5]$_SDFFE_PP0P_
            (rising edge-triggered flip-flop clocked by clk)
Endpoint: u_ctrl.res_idx_r[5]$_SDFFE_PP0P_
          (rising edge-triggered flip-flop clocked by clk)
Path Group: clk
Path Type: min

Fanout         Cap        Slew       Delay        Time   Description
---------------------------------------------------------------------------------------------
                      0.150000    0.000000    0.000000   clock clk (rise edge)
                                  0.000000    0.000000   clock network delay (ideal)
                      0.150000    0.000000    0.000000 ^ u_ctrl.res_idx_r[5]$_SDFFE_PP0P_/CLK (sg13g2_dfrbpq_1)
     4    0.015163    0.037822    0.171587    0.171587 v u_ctrl.res_idx_r[5]$_SDFFE_PP0P_/Q (sg13g2_dfrbpq_1)
                                                         res_index[5] (net)
                      0.037822    0.000000    0.171587 v _3095_/A (sg13g2_xnor2_1)
     1    0.003191    0.020307    0.050085    0.221671 ^ _3095_/Y (sg13g2_xnor2_1)
                                                         _0442_ (net)
                      0.020307    0.000000    0.221671 ^ _3096_/B (sg13g2_nor2_1)
     1    0.001523    0.010364    0.017670    0.239341 v _3096_/Y (sg13g2_nor2_1)
                                                         _0044_ (net)
                      0.010364    0.000000    0.239341 v u_ctrl.res_idx_r[5]$_SDFFE_PP0P_/D (sg13g2_dfrbpq_1)
                                              0.239341   data arrival time

                      0.150000    0.000000    0.000000   clock clk (rise edge)
                                  0.000000    0.000000   clock network delay (ideal)
                                  0.250000    0.250000   clock uncertainty
                                  0.000000    0.250000   clock reconvergence pessimism
                                              0.250000 ^ u_ctrl.res_idx_r[5]$_SDFFE_PP0P_/CLK (sg13g2_dfrbpq_1)
                                  0.000820    0.250820   library hold time
                                              0.250820   data required time
---------------------------------------------------------------------------------------------
                                              0.250820   data required time
                                             -0.239341   data arrival time
---------------------------------------------------------------------------------------------
                                             -0.011478   slack (VIOLATED)


Startpoint: read_data_out[8]$_SDFFE_PP0P_
            (rising edge-triggered flip-flop clocked by clk)
Endpoint: read_data_out[8]$_SDFFE_PP0P_
          (rising edge-triggered flip-flop clocked by clk)
Path Group: clk
Path Type: min

Fanout         Cap        Slew       Delay        Time   Description
---------------------------------------------------------------------------------------------
                      0.150000    0.000000    0.000000   clock clk (rise edge)
                                  0.000000    0.000000   clock network delay (ideal)
                      0.150000    0.000000    0.000000 ^ read_data_out[8]$_SDFFE_PP0P_/CLK (sg13g2_dfrbpq_1)
     2    0.009571    0.026860    0.162343    0.162343 v read_data_out[8]$_SDFFE_PP0P_/Q (sg13g2_dfrbpq_1)
                                                         read_data_out[8] (net)
                      0.026860    0.000000    0.162343 v _5545_/A1 (sg13g2_o21ai_1)
     1    0.003144    0.030637    0.058224    0.220567 ^ _5545_/Y (sg13g2_o21ai_1)
                                                         _2533_ (net)
                      0.030637    0.000000    0.220567 ^ _5546_/B1 (sg13g2_a21oi_1)
     1    0.001523    0.012263    0.019520    0.240087 v _5546_/Y (sg13g2_a21oi_1)
                                                         _0018_ (net)
                      0.012263    0.000000    0.240087 v read_data_out[8]$_SDFFE_PP0P_/D (sg13g2_dfrbpq_1)
                                              0.240087   data arrival time

                      0.150000    0.000000    0.000000   clock clk (rise edge)
                                  0.000000    0.000000   clock network delay (ideal)
                                  0.250000    0.250000   clock uncertainty
                                  0.000000    0.250000   clock reconvergence pessimism
                                              0.250000 ^ read_data_out[8]$_SDFFE_PP0P_/CLK (sg13g2_dfrbpq_1)
                                  0.000375    0.250375   library hold time
                                              0.250375   data required time
---------------------------------------------------------------------------------------------
                                              0.250375   data required time
                                             -0.240087   data arrival time
---------------------------------------------------------------------------------------------
                                             -0.010288   slack (VIOLATED)


Startpoint: ram_wrcnt[0]$_SDFFE_PP0P_
            (rising edge-triggered flip-flop clocked by clk)
Endpoint: ram_wrcnt[0]$_SDFFE_PP0P_
          (rising edge-triggered flip-flop clocked by clk)
Path Group: clk
Path Type: min

Fanout         Cap        Slew       Delay        Time   Description
---------------------------------------------------------------------------------------------
                      0.150000    0.000000    0.000000   clock clk (rise edge)
                                  0.000000    0.000000   clock network delay (ideal)
                      0.150000    0.000000    0.000000 ^ ram_wrcnt[0]$_SDFFE_PP0P_/CLK (sg13g2_dfrbpq_1)
     8    0.024712    0.069815    0.193508    0.193508 ^ ram_wrcnt[0]$_SDFFE_PP0P_/Q (sg13g2_dfrbpq_1)
                                                         ram_wrcnt[0] (net)
                      0.069815    0.000000    0.193508 ^ _5506_/A2 (sg13g2_a21oi_1)
     1    0.001523    0.013406    0.047218    0.240726 v _5506_/Y (sg13g2_a21oi_1)
                                                         _0007_ (net)
                      0.013406    0.000000    0.240726 v ram_wrcnt[0]$_SDFFE_PP0P_/D (sg13g2_dfrbpq_1)
                                              0.240726   data arrival time

                      0.150000    0.000000    0.000000   clock clk (rise edge)
                                  0.000000    0.000000   clock network delay (ideal)
                                  0.250000    0.250000   clock uncertainty
                                  0.000000    0.250000   clock reconvergence pessimism
                                              0.250000 ^ ram_wrcnt[0]$_SDFFE_PP0P_/CLK (sg13g2_dfrbpq_1)
                                  0.000108    0.250108   library hold time
                                              0.250108   data required time
---------------------------------------------------------------------------------------------
                                              0.250108   data required time
                                             -0.240726   data arrival time
---------------------------------------------------------------------------------------------
                                             -0.009381   slack (VIOLATED)


Startpoint: u_ctrl.res_idx_r[1]$_SDFFE_PP0P_
            (rising edge-triggered flip-flop clocked by clk)
Endpoint: u_ctrl.res_idx_r[1]$_SDFFE_PP0P_
          (rising edge-triggered flip-flop clocked by clk)
Path Group: clk
Path Type: min

Fanout         Cap        Slew       Delay        Time   Description
---------------------------------------------------------------------------------------------
                      0.150000    0.000000    0.000000   clock clk (rise edge)
                                  0.000000    0.000000   clock network delay (ideal)
                      0.150000    0.000000    0.000000 ^ u_ctrl.res_idx_r[1]$_SDFFE_PP0P_/CLK (sg13g2_dfrbpq_1)
     3    0.009346    0.026420    0.161972    0.161972 v u_ctrl.res_idx_r[1]$_SDFFE_PP0P_/Q (sg13g2_dfrbpq_1)
                                                         res_index[1] (net)
                      0.026420    0.000000    0.161972 v _3084_/A1 (sg13g2_o21ai_1)
     1    0.003191    0.037349    0.058321    0.220293 ^ _3084_/Y (sg13g2_o21ai_1)
                                                         _0435_ (net)
                      0.037349    0.000000    0.220293 ^ _3085_/B (sg13g2_nor2_1)
     1    0.001523    0.013335    0.020872    0.241166 v _3085_/Y (sg13g2_nor2_1)
                                                         _0040_ (net)
                      0.013335    0.000000    0.241166 v u_ctrl.res_idx_r[1]$_SDFFE_PP0P_/D (sg13g2_dfrbpq_1)
                                              0.241166   data arrival time

                      0.150000    0.000000    0.000000   clock clk (rise edge)
                                  0.000000    0.000000   clock network delay (ideal)
                                  0.250000    0.250000   clock uncertainty
                                  0.000000    0.250000   clock reconvergence pessimism
                                              0.250000 ^ u_ctrl.res_idx_r[1]$_SDFFE_PP0P_/CLK (sg13g2_dfrbpq_1)
                                  0.000124    0.250124   library hold time
                                              0.250124   data required time
---------------------------------------------------------------------------------------------
                                              0.250124   data required time
                                             -0.241166   data arrival time
---------------------------------------------------------------------------------------------
                                             -0.008959   slack (VIOLATED)


Startpoint: u_ctrl.res_idx_r[3]$_SDFFE_PP0P_
            (rising edge-triggered flip-flop clocked by clk)
Endpoint: u_ctrl.res_idx_r[3]$_SDFFE_PP0P_
          (rising edge-triggered flip-flop clocked by clk)
Path Group: clk
Path Type: min

Fanout         Cap        Slew       Delay        Time   Description
---------------------------------------------------------------------------------------------
                      0.150000    0.000000    0.000000   clock clk (rise edge)
                                  0.000000    0.000000   clock network delay (ideal)
                      0.150000    0.000000    0.000000 ^ u_ctrl.res_idx_r[3]$_SDFFE_PP0P_/CLK (sg13g2_dfrbpq_1)
     3    0.009386    0.026497    0.162037    0.162037 v u_ctrl.res_idx_r[3]$_SDFFE_PP0P_/Q (sg13g2_dfrbpq_1)
                                                         res_index[3] (net)
                      0.026497    0.000000    0.162037 v _3090_/A1 (sg13g2_o21ai_1)
     1    0.003191    0.037349    0.058342    0.220379 ^ _3090_/Y (sg13g2_o21ai_1)
                                                         _0439_ (net)
                      0.037349    0.000000    0.220379 ^ _3091_/B (sg13g2_nor2_1)
     1    0.001523    0.013335    0.020872    0.241251 v _3091_/Y (sg13g2_nor2_1)
                                                         _0042_ (net)
                      0.013335    0.000000    0.241251 v u_ctrl.res_idx_r[3]$_SDFFE_PP0P_/D (sg13g2_dfrbpq_1)
                                              0.241251   data arrival time

                      0.150000    0.000000    0.000000   clock clk (rise edge)
                                  0.000000    0.000000   clock network delay (ideal)
                                  0.250000    0.250000   clock uncertainty
                                  0.000000    0.250000   clock reconvergence pessimism
                                              0.250000 ^ u_ctrl.res_idx_r[3]$_SDFFE_PP0P_/CLK (sg13g2_dfrbpq_1)
                                  0.000124    0.250124   library hold time
                                              0.250124   data required time
---------------------------------------------------------------------------------------------
                                              0.250124   data required time
                                             -0.241251   data arrival time
---------------------------------------------------------------------------------------------
                                             -0.008873   slack (VIOLATED)


Startpoint: u_ctrl.res_idx_r[4]$_SDFFE_PP0P_
            (rising edge-triggered flip-flop clocked by clk)
Endpoint: u_ctrl.res_idx_r[4]$_SDFFE_PP0P_
          (rising edge-triggered flip-flop clocked by clk)
Path Group: clk
Path Type: min

Fanout         Cap        Slew       Delay        Time   Description
---------------------------------------------------------------------------------------------
                      0.150000    0.000000    0.000000   clock clk (rise edge)
                                  0.000000    0.000000   clock network delay (ideal)
                      0.150000    0.000000    0.000000 ^ u_ctrl.res_idx_r[4]$_SDFFE_PP0P_/CLK (sg13g2_dfrbpq_1)
     3    0.009386    0.026497    0.162037    0.162037 v u_ctrl.res_idx_r[4]$_SDFFE_PP0P_/Q (sg13g2_dfrbpq_1)
                                                         res_index[4] (net)
                      0.026497    0.000000    0.162037 v _3093_/A1 (sg13g2_o21ai_1)
     1    0.003191    0.037349    0.058342    0.220379 ^ _3093_/Y (sg13g2_o21ai_1)
                                                         _0441_ (net)
                      0.037349    0.000000    0.220379 ^ _3094_/B (sg13g2_nor2_1)
     1    0.001523    0.013335    0.020872    0.241251 v _3094_/Y (sg13g2_nor2_1)
                                                         _0043_ (net)
                      0.013335    0.000000    0.241251 v u_ctrl.res_idx_r[4]$_SDFFE_PP0P_/D (sg13g2_dfrbpq_1)
                                              0.241251   data arrival time

                      0.150000    0.000000    0.000000   clock clk (rise edge)
                                  0.000000    0.000000   clock network delay (ideal)
                                  0.250000    0.250000   clock uncertainty
                                  0.000000    0.250000   clock reconvergence pessimism
                                              0.250000 ^ u_ctrl.res_idx_r[4]$_SDFFE_PP0P_/CLK (sg13g2_dfrbpq_1)
                                  0.000124    0.250124   library hold time
                                              0.250124   data required time
---------------------------------------------------------------------------------------------
                                              0.250124   data required time
                                             -0.241251   data arrival time
---------------------------------------------------------------------------------------------
                                             -0.008873   slack (VIOLATED)


Startpoint: u_ctrl.res_idx_r[7]$_SDFFE_PP0P_
            (rising edge-triggered flip-flop clocked by clk)
Endpoint: u_ctrl.res_idx_r[7]$_SDFFE_PP0P_
          (rising edge-triggered flip-flop clocked by clk)
Path Group: clk
Path Type: min

Fanout         Cap        Slew       Delay        Time   Description
---------------------------------------------------------------------------------------------
                      0.150000    0.000000    0.000000   clock clk (rise edge)
                                  0.000000    0.000000   clock network delay (ideal)
                      0.150000    0.000000    0.000000 ^ u_ctrl.res_idx_r[7]$_SDFFE_PP0P_/CLK (sg13g2_dfrbpq_1)
     3    0.009386    0.026497    0.162037    0.162037 v u_ctrl.res_idx_r[7]$_SDFFE_PP0P_/Q (sg13g2_dfrbpq_1)
                                                         res_index[7] (net)
                      0.026497    0.000000    0.162037 v _3101_/A1 (sg13g2_o21ai_1)
     1    0.003191    0.037349    0.058342    0.220379 ^ _3101_/Y (sg13g2_o21ai_1)
                                                         _0446_ (net)
                      0.037349    0.000000    0.220379 ^ _3102_/B (sg13g2_nor2_1)
     1    0.001523    0.013335    0.020872    0.241251 v _3102_/Y (sg13g2_nor2_1)
                                                         _0046_ (net)
                      0.013335    0.000000    0.241251 v u_ctrl.res_idx_r[7]$_SDFFE_PP0P_/D (sg13g2_dfrbpq_1)
                                              0.241251   data arrival time

                      0.150000    0.000000    0.000000   clock clk (rise edge)
                                  0.000000    0.000000   clock network delay (ideal)
                                  0.250000    0.250000   clock uncertainty
                                  0.000000    0.250000   clock reconvergence pessimism
                                              0.250000 ^ u_ctrl.res_idx_r[7]$_SDFFE_PP0P_/CLK (sg13g2_dfrbpq_1)
                                  0.000124    0.250124   library hold time
                                              0.250124   data required time
---------------------------------------------------------------------------------------------
                                              0.250124   data required time
                                             -0.241251   data arrival time
---------------------------------------------------------------------------------------------
                                             -0.008873   slack (VIOLATED)


Startpoint: read_index[7]$_SDFFE_PP0P_
            (rising edge-triggered flip-flop clocked by clk)
Endpoint: read_index[7]$_SDFFE_PP0P_
          (rising edge-triggered flip-flop clocked by clk)
Path Group: clk
Path Type: min

Fanout         Cap        Slew       Delay        Time   Description
---------------------------------------------------------------------------------------------
                      0.150000    0.000000    0.000000   clock clk (rise edge)
                                  0.000000    0.000000   clock network delay (ideal)
                      0.150000    0.000000    0.000000 ^ read_index[7]$_SDFFE_PP0P_/CLK (sg13g2_dfrbpq_1)
     3    0.010156    0.028008    0.163311    0.163311 v read_index[7]$_SDFFE_PP0P_/Q (sg13g2_dfrbpq_1)
                                                         read_index[7] (net)
                      0.028008    0.000000    0.163311 v _5565_/A1 (sg13g2_o21ai_1)
     1    0.003144    0.037202    0.058535    0.221845 ^ _5565_/Y (sg13g2_o21ai_1)
                                                         _2545_ (net)
                      0.037202    0.000000    0.221845 ^ _5566_/B1 (sg13g2_a21oi_1)
     1    0.001523    0.013406    0.020768    0.242613 v _5566_/Y (sg13g2_a21oi_1)
                                                         _0026_ (net)
                      0.013406    0.000000    0.242613 v read_index[7]$_SDFFE_PP0P_/D (sg13g2_dfrbpq_1)
                                              0.242613   data arrival time

                      0.150000    0.000000    0.000000   clock clk (rise edge)
                                  0.000000    0.000000   clock network delay (ideal)
                                  0.250000    0.250000   clock uncertainty
                                  0.000000    0.250000   clock reconvergence pessimism
                                              0.250000 ^ read_index[7]$_SDFFE_PP0P_/CLK (sg13g2_dfrbpq_1)
                                  0.000108    0.250108   library hold time
                                              0.250108   data required time
---------------------------------------------------------------------------------------------
                                              0.250108   data required time
                                             -0.242613   data arrival time
---------------------------------------------------------------------------------------------
                                             -0.007495   slack (VIOLATED)


Startpoint: u_ctrl.state[4]$_DFF_P_
            (rising edge-triggered flip-flop clocked by clk)
Endpoint: u_ctrl.k_cnt[0]$_SDFFE_PP0P_
          (rising edge-triggered flip-flop clocked by clk)
Path Group: clk
Path Type: min

Fanout         Cap        Slew       Delay        Time   Description
---------------------------------------------------------------------------------------------
                      0.150000    0.000000    0.000000   clock clk (rise edge)
                                  0.000000    0.000000   clock network delay (ideal)
                      0.150000    0.000000    0.000000 ^ u_ctrl.state[4]$_DFF_P_/CLK (sg13g2_dfrbpq_1)
     2    0.005662    0.023045    0.157662    0.157662 ^ u_ctrl.state[4]$_DFF_P_/Q (sg13g2_dfrbpq_1)
                                                         u_ctrl.state[4] (net)
                      0.023045    0.000000    0.157662 ^ _5442_/B (sg13g2_nor2_1)
     2    0.006397    0.020405    0.026377    0.184039 v _5442_/Y (sg13g2_nor2_1)
                                                         _2455_ (net)
                      0.020405    0.000000    0.184039 v _5661_/A (sg13g2_nand2_1)
     3    0.009566    0.032367    0.033256    0.217295 ^ _5661_/Y (sg13g2_nand2_1)
                                                         _0428_ (net)
                      0.032367    0.000000    0.217295 ^ _5663_/B (sg13g2_nor3_1)
     1    0.001523    0.014547    0.025233    0.242528 v _5663_/Y (sg13g2_nor3_1)
                                                         _0036_ (net)
                      0.014547    0.000000    0.242528 v u_ctrl.k_cnt[0]$_SDFFE_PP0P_/D (sg13g2_dfrbpq_1)
                                              0.242528   data arrival time

                      0.150000    0.000000    0.000000   clock clk (rise edge)
                                  0.000000    0.000000   clock network delay (ideal)
                                  0.250000    0.250000   clock uncertainty
                                  0.000000    0.250000   clock reconvergence pessimism
                                              0.250000 ^ u_ctrl.k_cnt[0]$_SDFFE_PP0P_/CLK (sg13g2_dfrbpq_1)
                                 -0.000160    0.249840   library hold time
                                              0.249840   data required time
---------------------------------------------------------------------------------------------
                                              0.249840   data required time
                                             -0.242528   data arrival time
---------------------------------------------------------------------------------------------
                                             -0.007312   slack (VIOLATED)


Startpoint: u_ctrl.state[4]$_DFF_P_
            (rising edge-triggered flip-flop clocked by clk)
Endpoint: u_ctrl.k_cnt[2]$_SDFFE_PP0P_
          (rising edge-triggered flip-flop clocked by clk)
Path Group: clk
Path Type: min

Fanout         Cap        Slew       Delay        Time   Description
---------------------------------------------------------------------------------------------
                      0.150000    0.000000    0.000000   clock clk (rise edge)
                                  0.000000    0.000000   clock network delay (ideal)
                      0.150000    0.000000    0.000000 ^ u_ctrl.state[4]$_DFF_P_/CLK (sg13g2_dfrbpq_1)
     2    0.005662    0.023045    0.157662    0.157662 ^ u_ctrl.state[4]$_DFF_P_/Q (sg13g2_dfrbpq_1)
                                                         u_ctrl.state[4] (net)
                      0.023045    0.000000    0.157662 ^ _5442_/B (sg13g2_nor2_1)
     2    0.006397    0.020405    0.026377    0.184039 v _5442_/Y (sg13g2_nor2_1)
                                                         _2455_ (net)
                      0.020405    0.000000    0.184039 v _5661_/A (sg13g2_nand2_1)
     3    0.009566    0.032367    0.033256    0.217295 ^ _5661_/Y (sg13g2_nand2_1)
                                                         _0428_ (net)
                      0.032367    0.000000    0.217295 ^ _3080_/B (sg13g2_nor3_1)
     1    0.001523    0.014647    0.025233    0.242528 v _3080_/Y (sg13g2_nor3_1)
                                                         _0038_ (net)
                      0.014647    0.000000    0.242528 v u_ctrl.k_cnt[2]$_SDFFE_PP0P_/D (sg13g2_dfrbpq_1)
                                              0.242528   data arrival time

                      0.150000    0.000000    0.000000   clock clk (rise edge)
                                  0.000000    0.000000   clock network delay (ideal)
                                  0.250000    0.250000   clock uncertainty
                                  0.000000    0.250000   clock reconvergence pessimism
                                              0.250000 ^ u_ctrl.k_cnt[2]$_SDFFE_PP0P_/CLK (sg13g2_dfrbpq_1)
                                 -0.000183    0.249817   library hold time
                                              0.249817   data required time
---------------------------------------------------------------------------------------------
                                              0.249817   data required time
                                             -0.242528   data arrival time
---------------------------------------------------------------------------------------------
                                             -0.007289   slack (VIOLATED)


Startpoint: u_mac_1.temp_res[0]$_SDFF_PP0_
            (rising edge-triggered flip-flop clocked by clk)
Endpoint: u_mac_1.temp_res[0]$_SDFF_PP0_
          (rising edge-triggered flip-flop clocked by clk)
Path Group: clk
Path Type: min

Fanout         Cap        Slew       Delay        Time   Description
---------------------------------------------------------------------------------------------
                      0.150000    0.000000    0.000000   clock clk (rise edge)
                                  0.000000    0.000000   clock network delay (ideal)
                      0.150000    0.000000    0.000000 ^ u_mac_1.temp_res[0]$_SDFF_PP0_/CLK (sg13g2_dfrbpq_1)
     3    0.010196    0.028086    0.163377    0.163377 v u_mac_1.temp_res[0]$_SDFF_PP0_/Q (sg13g2_dfrbpq_1)
                                                         u_mac_1.temp_res[0] (net)
                      0.028086    0.000000    0.163377 v _3711_/A1 (sg13g2_o21ai_1)
     1    0.003196    0.046972    0.058793    0.222170 ^ _3711_/Y (sg13g2_o21ai_1)
                                                         _0798_ (net)
                      0.046972    0.000000    0.222170 ^ _3712_/A (sg13g2_nor2b_1)
     1    0.001523    0.014620    0.022630    0.244800 v _3712_/Y (sg13g2_nor2b_1)
                                                         _0304_ (net)
                      0.014620    0.000000    0.244800 v u_mac_1.temp_res[0]$_SDFF_PP0_/D (sg13g2_dfrbpq_1)
                                              0.244800   data arrival time

                      0.150000    0.000000    0.000000   clock clk (rise edge)
                                  0.000000    0.000000   clock network delay (ideal)
                                  0.250000    0.250000   clock uncertainty
                                  0.000000    0.250000   clock reconvergence pessimism
                                              0.250000 ^ u_mac_1.temp_res[0]$_SDFF_PP0_/CLK (sg13g2_dfrbpq_1)
                                 -0.000177    0.249823   library hold time
                                              0.249823   data required time
---------------------------------------------------------------------------------------------
                                              0.249823   data required time
                                             -0.244800   data arrival time
---------------------------------------------------------------------------------------------
                                             -0.005023   slack (VIOLATED)


Startpoint: read_index[8]$_SDFFE_PP0P_
            (rising edge-triggered flip-flop clocked by clk)
Endpoint: read_index[8]$_SDFFE_PP0P_
          (rising edge-triggered flip-flop clocked by clk)
Path Group: clk
Path Type: min

Fanout         Cap        Slew       Delay        Time   Description
---------------------------------------------------------------------------------------------
                      0.150000    0.000000    0.000000   clock clk (rise edge)
                                  0.000000    0.000000   clock network delay (ideal)
                      0.150000    0.000000    0.000000 ^ read_index[8]$_SDFFE_PP0P_/CLK (sg13g2_dfrbpq_1)
     3    0.013258    0.034088    0.168438    0.168438 v read_index[8]$_SDFFE_PP0P_/Q (sg13g2_dfrbpq_1)
                                                         read_index[8] (net)
                      0.034088    0.000000    0.168438 v _5567_/A1 (sg13g2_o21ai_1)
     1    0.003144    0.037202    0.060179    0.228617 ^ _5567_/Y (sg13g2_o21ai_1)
                                                         _2546_ (net)
                      0.037202    0.000000    0.228617 ^ _5568_/B1 (sg13g2_a21oi_1)
     1    0.001523    0.013406    0.020768    0.249385 v _5568_/Y (sg13g2_a21oi_1)
                                                         _0027_ (net)
                      0.013406    0.000000    0.249385 v read_index[8]$_SDFFE_PP0P_/D (sg13g2_dfrbpq_1)
                                              0.249385   data arrival time

                      0.150000    0.000000    0.000000   clock clk (rise edge)
                                  0.000000    0.000000   clock network delay (ideal)
                                  0.250000    0.250000   clock uncertainty
                                  0.000000    0.250000   clock reconvergence pessimism
                                              0.250000 ^ read_index[8]$_SDFFE_PP0P_/CLK (sg13g2_dfrbpq_1)
                                  0.000108    0.250108   library hold time
                                              0.250108   data required time
---------------------------------------------------------------------------------------------
                                              0.250108   data required time
                                             -0.249385   data arrival time
---------------------------------------------------------------------------------------------
                                             -0.000723   slack (VIOLATED)


Startpoint: read_index[5]$_SDFFE_PP0P_
            (rising edge-triggered flip-flop clocked by clk)
Endpoint: read_index[5]$_SDFFE_PP0P_
          (rising edge-triggered flip-flop clocked by clk)
Path Group: clk
Path Type: min

Fanout         Cap        Slew       Delay        Time   Description
---------------------------------------------------------------------------------------------
                      0.150000    0.000000    0.000000   clock clk (rise edge)
                                  0.000000    0.000000   clock network delay (ideal)
                      0.150000    0.000000    0.000000 ^ read_index[5]$_SDFFE_PP0P_/CLK (sg13g2_dfrbpq_1)
     5    0.016080    0.039619    0.173102    0.173102 v read_index[5]$_SDFFE_PP0P_/Q (sg13g2_dfrbpq_1)
                                                         read_index[5] (net)
                      0.039619    0.000000    0.173102 v _5561_/A1 (sg13g2_o21ai_1)
     1    0.003144    0.037202    0.061675    0.234777 ^ _5561_/Y (sg13g2_o21ai_1)
                                                         _2543_ (net)
                      0.037202    0.000000    0.234777 ^ _5562_/B1 (sg13g2_a21oi_1)
     1    0.001523    0.013406    0.020768    0.255545 v _5562_/Y (sg13g2_a21oi_1)
                                                         _0024_ (net)
                      0.013406    0.000000    0.255545 v read_index[5]$_SDFFE_PP0P_/D (sg13g2_dfrbpq_1)
                                              0.255545   data arrival time

                      0.150000    0.000000    0.000000   clock clk (rise edge)
                                  0.000000    0.000000   clock network delay (ideal)
                                  0.250000    0.250000   clock uncertainty
                                  0.000000    0.250000   clock reconvergence pessimism
                                              0.250000 ^ read_index[5]$_SDFFE_PP0P_/CLK (sg13g2_dfrbpq_1)
                                  0.000108    0.250108   library hold time
                                              0.250108   data required time
---------------------------------------------------------------------------------------------
                                              0.250108   data required time
                                             -0.255545   data arrival time
---------------------------------------------------------------------------------------------
                                              0.005437   slack (MET)


Startpoint: read_index[6]$_SDFFE_PP0P_
            (rising edge-triggered flip-flop clocked by clk)
Endpoint: read_index[6]$_SDFFE_PP0P_
          (rising edge-triggered flip-flop clocked by clk)
Path Group: clk
Path Type: min

Fanout         Cap        Slew       Delay        Time   Description
---------------------------------------------------------------------------------------------
                      0.150000    0.000000    0.000000   clock clk (rise edge)
                                  0.000000    0.000000   clock network delay (ideal)
                      0.150000    0.000000    0.000000 ^ read_index[6]$_SDFFE_PP0P_/CLK (sg13g2_dfrbpq_1)
     4    0.016433    0.040312    0.173686    0.173686 v read_index[6]$_SDFFE_PP0P_/Q (sg13g2_dfrbpq_1)
                                                         read_index[6] (net)
                      0.040312    0.000000    0.173686 v _5563_/A1 (sg13g2_o21ai_1)
     1    0.003144    0.037202    0.061863    0.235549 ^ _5563_/Y (sg13g2_o21ai_1)
                                                         _2544_ (net)
                      0.037202    0.000000    0.235549 ^ _5564_/B1 (sg13g2_a21oi_1)
     1    0.001523    0.013406    0.020768    0.256317 v _5564_/Y (sg13g2_a21oi_1)
                                                         _0025_ (net)
                      0.013406    0.000000    0.256317 v read_index[6]$_SDFFE_PP0P_/D (sg13g2_dfrbpq_1)
                                              0.256317   data arrival time

                      0.150000    0.000000    0.000000   clock clk (rise edge)
                                  0.000000    0.000000   clock network delay (ideal)
                                  0.250000    0.250000   clock uncertainty
                                  0.000000    0.250000   clock reconvergence pessimism
                                              0.250000 ^ read_index[6]$_SDFFE_PP0P_/CLK (sg13g2_dfrbpq_1)
                                  0.000108    0.250108   library hold time
                                              0.250108   data required time
---------------------------------------------------------------------------------------------
                                              0.250108   data required time
                                             -0.256317   data arrival time
---------------------------------------------------------------------------------------------
                                              0.006209   slack (MET)


Startpoint: u_mac_3.temp_res[15]$_SDFF_PP0_
            (rising edge-triggered flip-flop clocked by clk)
Endpoint: u_mac_3.temp_res[15]$_SDFF_PP0_
          (rising edge-triggered flip-flop clocked by clk)
Path Group: clk
Path Type: min

Fanout         Cap        Slew       Delay        Time   Description
---------------------------------------------------------------------------------------------
                      0.150000    0.000000    0.000000   clock clk (rise edge)
                                  0.000000    0.000000   clock network delay (ideal)
                      0.150000    0.000000    0.000000 ^ u_mac_3.temp_res[15]$_SDFF_PP0_/CLK (sg13g2_dfrbpq_1)
     3    0.009487    0.026696    0.162204    0.162204 v u_mac_3.temp_res[15]$_SDFF_PP0_/Q (sg13g2_dfrbpq_1)
                                                         u_mac_3.temp_res[15] (net)
                      0.026696    0.000000    0.162204 v _4947_/A (sg13g2_nor3_1)
     1    0.003211    0.051611    0.064825    0.227029 ^ _4947_/Y (sg13g2_nor3_1)
                                                         _1992_ (net)
                      0.051611    0.000000    0.227029 ^ _4949_/B (sg13g2_nor3_1)
     1    0.001523    0.016079    0.030183    0.257213 v _4949_/Y (sg13g2_nor3_1)
                                                         _0346_ (net)
                      0.016079    0.000000    0.257213 v u_mac_3.temp_res[15]$_SDFF_PP0_/D (sg13g2_dfrbpq_1)
                                              0.257213   data arrival time

                      0.150000    0.000000    0.000000   clock clk (rise edge)
                                  0.000000    0.000000   clock network delay (ideal)
                                  0.250000    0.250000   clock uncertainty
                                  0.000000    0.250000   clock reconvergence pessimism
                                              0.250000 ^ u_mac_3.temp_res[15]$_SDFF_PP0_/CLK (sg13g2_dfrbpq_1)
                                 -0.000518    0.249482   library hold time
                                              0.249482   data required time
---------------------------------------------------------------------------------------------
                                              0.249482   data required time
                                             -0.257213   data arrival time
---------------------------------------------------------------------------------------------
                                              0.007731   slack (MET)


Startpoint: u_mac_3.temp_res[14]$_SDFF_PP0_
            (rising edge-triggered flip-flop clocked by clk)
Endpoint: u_mac_3.temp_res[14]$_SDFF_PP0_
          (rising edge-triggered flip-flop clocked by clk)
Path Group: clk
Path Type: min

Fanout         Cap        Slew       Delay        Time   Description
---------------------------------------------------------------------------------------------
                      0.150000    0.000000    0.000000   clock clk (rise edge)
                                  0.000000    0.000000   clock network delay (ideal)
                      0.150000    0.000000    0.000000 ^ u_mac_3.temp_res[14]$_SDFF_PP0_/CLK (sg13g2_dfrbpq_1)
     3    0.012275    0.032161    0.166813    0.166813 v u_mac_3.temp_res[14]$_SDFF_PP0_/Q (sg13g2_dfrbpq_1)
                                                         u_mac_3.temp_res[14] (net)
                      0.032161    0.000000    0.166813 v _4940_/A (sg13g2_xnor2_1)
     2    0.006281    0.027655    0.060344    0.227157 ^ _4940_/Y (sg13g2_xnor2_1)
                                                         _1986_ (net)
                      0.027655    0.000000    0.227157 ^ _4945_/A1 (sg13g2_a21oi_1)
     1    0.001523    0.010230    0.033800    0.260957 v _4945_/Y (sg13g2_a21oi_1)
                                                         _0345_ (net)
                      0.010230    0.000000    0.260957 v u_mac_3.temp_res[14]$_SDFF_PP0_/D (sg13g2_dfrbpq_1)
                                              0.260957   data arrival time

                      0.150000    0.000000    0.000000   clock clk (rise edge)
                                  0.000000    0.000000   clock network delay (ideal)
                                  0.250000    0.250000   clock uncertainty
                                  0.000000    0.250000   clock reconvergence pessimism
                                              0.250000 ^ u_mac_3.temp_res[14]$_SDFF_PP0_/CLK (sg13g2_dfrbpq_1)
                                  0.000851    0.250851   library hold time
                                              0.250851   data required time
---------------------------------------------------------------------------------------------
                                              0.250851   data required time
                                             -0.260957   data arrival time
---------------------------------------------------------------------------------------------
                                              0.010106   slack (MET)


Startpoint: u_mac_4.temp_res[15]$_SDFF_PP0_
            (rising edge-triggered flip-flop clocked by clk)
Endpoint: u_mac_4.temp_res[15]$_SDFF_PP0_
          (rising edge-triggered flip-flop clocked by clk)
Path Group: clk
Path Type: min

Fanout         Cap        Slew       Delay        Time   Description
---------------------------------------------------------------------------------------------
                      0.150000    0.000000    0.000000   clock clk (rise edge)
                                  0.000000    0.000000   clock network delay (ideal)
                      0.150000    0.000000    0.000000 ^ u_mac_4.temp_res[15]$_SDFF_PP0_/CLK (sg13g2_dfrbpq_1)
     4    0.012995    0.040986    0.171519    0.171519 ^ u_mac_4.temp_res[15]$_SDFF_PP0_/Q (sg13g2_dfrbpq_1)
                                                         u_mac_4.temp_res[15] (net)
                      0.040986    0.000000    0.171519 ^ _5415_/A (sg13g2_inv_1)
     1    0.002979    0.016068    0.022546    0.194065 v _5415_/Y (sg13g2_inv_1)
                                                         _2430_ (net)
                      0.016068    0.000000    0.194065 v _5367_/B1 (sg13g2_a21oi_1)
     3    0.009332    0.045868    0.043187    0.237252 ^ _5367_/Y (sg13g2_a21oi_1)
                                                         _2394_ (net)
                      0.045868    0.000000    0.237252 ^ _5369_/C (sg13g2_nor3_1)
     1    0.001523    0.016093    0.024564    0.261816 v _5369_/Y (sg13g2_nor3_1)
                                                         _0364_ (net)
                      0.016093    0.000000    0.261816 v u_mac_4.temp_res[15]$_SDFF_PP0_/D (sg13g2_dfrbpq_1)
                                              0.261816   data arrival time

                      0.150000    0.000000    0.000000   clock clk (rise edge)
                                  0.000000    0.000000   clock network delay (ideal)
                                  0.250000    0.250000   clock uncertainty
                                  0.000000    0.250000   clock reconvergence pessimism
                                              0.250000 ^ u_mac_4.temp_res[15]$_SDFF_PP0_/CLK (sg13g2_dfrbpq_1)
                                 -0.000522    0.249478   library hold time
                                              0.249478   data required time
---------------------------------------------------------------------------------------------
                                              0.249478   data required time
                                             -0.261816   data arrival time
---------------------------------------------------------------------------------------------
                                              0.012338   slack (MET)


Startpoint: u_mac_2.temp_res[8]$_SDFF_PP0_
            (rising edge-triggered flip-flop clocked by clk)
Endpoint: u_mac_2.temp_res[8]$_SDFF_PP0_
          (rising edge-triggered flip-flop clocked by clk)
Path Group: clk
Path Type: min

Fanout         Cap        Slew       Delay        Time   Description
---------------------------------------------------------------------------------------------
                      0.150000    0.000000    0.000000   clock clk (rise edge)
                                  0.000000    0.000000   clock network delay (ideal)
                      0.150000    0.000000    0.000000 ^ u_mac_2.temp_res[8]$_SDFF_PP0_/CLK (sg13g2_dfrbpq_1)
     4    0.018372    0.044112    0.176891    0.176891 v u_mac_2.temp_res[8]$_SDFF_PP0_/Q (sg13g2_dfrbpq_1)
                                                         u_mac_2.temp_res[8] (net)
                      0.044112    0.000000    0.176891 v _4469_/A (sg13g2_xnor2_1)
     1    0.003337    0.020857    0.052226    0.229117 ^ _4469_/Y (sg13g2_xnor2_1)
                                                         _1537_ (net)
                      0.020857    0.000000    0.229117 ^ _4563_/A2 (sg13g2_a21oi_1)
     1    0.001523    0.010736    0.034375    0.263492 v _4563_/Y (sg13g2_a21oi_1)
                                                         _0338_ (net)
                      0.010736    0.000000    0.263492 v u_mac_2.temp_res[8]$_SDFF_PP0_/D (sg13g2_dfrbpq_1)
                                              0.263492   data arrival time

                      0.150000    0.000000    0.000000   clock clk (rise edge)
                                  0.000000    0.000000   clock network delay (ideal)
                                  0.250000    0.250000   clock uncertainty
                                  0.000000    0.250000   clock reconvergence pessimism
                                              0.250000 ^ u_mac_2.temp_res[8]$_SDFF_PP0_/CLK (sg13g2_dfrbpq_1)
                                  0.000733    0.250733   library hold time
                                              0.250733   data required time
---------------------------------------------------------------------------------------------
                                              0.250733   data required time
                                             -0.263492   data arrival time
---------------------------------------------------------------------------------------------
                                              0.012759   slack (MET)


Startpoint: u_ctrl.input_cnt[0]$_SDFFE_PP0P_
            (rising edge-triggered flip-flop clocked by clk)
Endpoint: u_ctrl.input_cnt[0]$_SDFFE_PP0P_
          (rising edge-triggered flip-flop clocked by clk)
Path Group: clk
Path Type: min

Fanout         Cap        Slew       Delay        Time   Description
---------------------------------------------------------------------------------------------
                      0.150000    0.000000    0.000000   clock clk (rise edge)
                                  0.000000    0.000000   clock network delay (ideal)
                      0.150000    0.000000    0.000000 ^ u_ctrl.input_cnt[0]$_SDFFE_PP0P_/CLK (sg13g2_dfrbpq_1)
    11    0.034241    0.094302    0.210420    0.210420 ^ u_ctrl.input_cnt[0]$_SDFFE_PP0P_/Q (sg13g2_dfrbpq_1)
                                                         u_ctrl.input_cnt[0] (net)
                      0.094302    0.000000    0.210420 ^ _5651_/A2 (sg13g2_a21oi_1)
     1    0.001523    0.013406    0.053642    0.264062 v _5651_/Y (sg13g2_a21oi_1)
                                                         _0031_ (net)
                      0.013406    0.000000    0.264062 v u_ctrl.input_cnt[0]$_SDFFE_PP0P_/D (sg13g2_dfrbpq_1)
                                              0.264062   data arrival time

                      0.150000    0.000000    0.000000   clock clk (rise edge)
                                  0.000000    0.000000   clock network delay (ideal)
                                  0.250000    0.250000   clock uncertainty
                                  0.000000    0.250000   clock reconvergence pessimism
                                              0.250000 ^ u_ctrl.input_cnt[0]$_SDFFE_PP0P_/CLK (sg13g2_dfrbpq_1)
                                  0.000108    0.250108   library hold time
                                              0.250108   data required time
---------------------------------------------------------------------------------------------
                                              0.250108   data required time
                                             -0.264062   data arrival time
---------------------------------------------------------------------------------------------
                                              0.013954   slack (MET)


Startpoint: read_index[1]$_SDFFE_PP0P_
            (rising edge-triggered flip-flop clocked by clk)
Endpoint: read_index[1]$_SDFFE_PP0P_
          (rising edge-triggered flip-flop clocked by clk)
Path Group: clk
Path Type: min

Fanout         Cap        Slew       Delay        Time   Description
---------------------------------------------------------------------------------------------
                      0.150000    0.000000    0.000000   clock clk (rise edge)
                                  0.000000    0.000000   clock network delay (ideal)
                      0.150000    0.000000    0.000000 ^ read_index[1]$_SDFFE_PP0P_/CLK (sg13g2_dfrbpq_1)
     8    0.024460    0.056130    0.186785    0.186785 v read_index[1]$_SDFFE_PP0P_/Q (sg13g2_dfrbpq_1)
                                                         read_index[1] (net)
                      0.056130    0.000000    0.186785 v _5552_/A1 (sg13g2_o21ai_1)
     1    0.003101    0.019121    0.065942    0.252727 ^ _5552_/Y (sg13g2_o21ai_1)
                                                         _2538_ (net)
                      0.019121    0.000000    0.252727 ^ _5553_/A (sg13g2_inv_1)
     1    0.001523    0.009519    0.015850    0.268577 v _5553_/Y (sg13g2_inv_1)
                                                         _0020_ (net)
                      0.009519    0.000000    0.268577 v read_index[1]$_SDFFE_PP0P_/D (sg13g2_dfrbpq_1)
                                              0.268577   data arrival time

                      0.150000    0.000000    0.000000   clock clk (rise edge)
                                  0.000000    0.000000   clock network delay (ideal)
                                  0.250000    0.250000   clock uncertainty
                                  0.000000    0.250000   clock reconvergence pessimism
                                              0.250000 ^ read_index[1]$_SDFFE_PP0P_/CLK (sg13g2_dfrbpq_1)
                                  0.001018    0.251018   library hold time
                                              0.251018   data required time
---------------------------------------------------------------------------------------------
                                              0.251018   data required time
                                             -0.268577   data arrival time
---------------------------------------------------------------------------------------------
                                              0.017559   slack (MET)


Startpoint: read_index[4]$_SDFFE_PP0P_
            (rising edge-triggered flip-flop clocked by clk)
Endpoint: read_index[4]$_SDFFE_PP0P_
          (rising edge-triggered flip-flop clocked by clk)
Path Group: clk
Path Type: min

Fanout         Cap        Slew       Delay        Time   Description
---------------------------------------------------------------------------------------------
                      0.150000    0.000000    0.000000   clock clk (rise edge)
                                  0.000000    0.000000   clock network delay (ideal)
                      0.150000    0.000000    0.000000 ^ read_index[4]$_SDFFE_PP0P_/CLK (sg13g2_dfrbpq_1)
     6    0.022483    0.052171    0.183686    0.183686 v read_index[4]$_SDFFE_PP0P_/Q (sg13g2_dfrbpq_1)
                                                         read_index[4] (net)
                      0.052171    0.000000    0.183686 v _5559_/A1 (sg13g2_o21ai_1)
     1    0.003144    0.037202    0.065070    0.248757 ^ _5559_/Y (sg13g2_o21ai_1)
                                                         _2542_ (net)
                      0.037202    0.000000    0.248757 ^ _5560_/B1 (sg13g2_a21oi_1)
     1    0.001523    0.013406    0.020768    0.269524 v _5560_/Y (sg13g2_a21oi_1)
                                                         _0023_ (net)
                      0.013406    0.000000    0.269524 v read_index[4]$_SDFFE_PP0P_/D (sg13g2_dfrbpq_1)
                                              0.269524   data arrival time

                      0.150000    0.000000    0.000000   clock clk (rise edge)
                                  0.000000    0.000000   clock network delay (ideal)
                                  0.250000    0.250000   clock uncertainty
                                  0.000000    0.250000   clock reconvergence pessimism
                                              0.250000 ^ read_index[4]$_SDFFE_PP0P_/CLK (sg13g2_dfrbpq_1)
                                  0.000108    0.250108   library hold time
                                              0.250108   data required time
---------------------------------------------------------------------------------------------
                                              0.250108   data required time
                                             -0.269524   data arrival time
---------------------------------------------------------------------------------------------
                                              0.019417   slack (MET)


Startpoint: u_mac_2.temp_res[12]$_SDFF_PP0_
            (rising edge-triggered flip-flop clocked by clk)
Endpoint: u_mac_2.temp_res[12]$_SDFF_PP0_
          (rising edge-triggered flip-flop clocked by clk)
Path Group: clk
Path Type: min

Fanout         Cap        Slew       Delay        Time   Description
---------------------------------------------------------------------------------------------
                      0.150000    0.000000    0.000000   clock clk (rise edge)
                                  0.000000    0.000000   clock network delay (ideal)
                      0.150000    0.000000    0.000000 ^ u_mac_2.temp_res[12]$_SDFF_PP0_/CLK (sg13g2_dfrbpq_1)
     3    0.012439    0.032482    0.167084    0.167084 v u_mac_2.temp_res[12]$_SDFF_PP0_/Q (sg13g2_dfrbpq_1)
                                                         u_mac_2.temp_res[12] (net)
                      0.032482    0.000000    0.167084 v _4511_/A (sg13g2_xnor2_1)
     3    0.008907    0.034101    0.070361    0.237444 ^ _4511_/Y (sg13g2_xnor2_1)
                                                         _1577_ (net)
                      0.034101    0.000000    0.237444 ^ _4517_/A1 (sg13g2_a21oi_1)
     1    0.001523    0.010357    0.035640    0.273084 v _4517_/Y (sg13g2_a21oi_1)
                                                         _0325_ (net)
                      0.010357    0.000000    0.273084 v u_mac_2.temp_res[12]$_SDFF_PP0_/D (sg13g2_dfrbpq_1)
                                              0.273084   data arrival time

                      0.150000    0.000000    0.000000   clock clk (rise edge)
                                  0.000000    0.000000   clock network delay (ideal)
                                  0.250000    0.250000   clock uncertainty
                                  0.000000    0.250000   clock reconvergence pessimism
                                              0.250000 ^ u_mac_2.temp_res[12]$_SDFF_PP0_/CLK (sg13g2_dfrbpq_1)
                                  0.000821    0.250821   library hold time
                                              0.250821   data required time
---------------------------------------------------------------------------------------------
                                              0.250821   data required time
                                             -0.273084   data arrival time
---------------------------------------------------------------------------------------------
                                              0.022263   slack (MET)


Startpoint: u_mac_1.temp_res[12]$_SDFF_PP0_
            (rising edge-triggered flip-flop clocked by clk)
Endpoint: u_mac_1.temp_res[12]$_SDFF_PP0_
          (rising edge-triggered flip-flop clocked by clk)
Path Group: clk
Path Type: min

Fanout         Cap        Slew       Delay        Time   Description
---------------------------------------------------------------------------------------------
                      0.150000    0.000000    0.000000   clock clk (rise edge)
                                  0.000000    0.000000   clock network delay (ideal)
                      0.150000    0.000000    0.000000 ^ u_mac_1.temp_res[12]$_SDFF_PP0_/CLK (sg13g2_dfrbpq_1)
     3    0.012743    0.033078    0.167586    0.167586 v u_mac_1.temp_res[12]$_SDFF_PP0_/Q (sg13g2_dfrbpq_1)
                                                         u_mac_1.temp_res[12] (net)
                      0.033078    0.000000    0.167586 v _4104_/A (sg13g2_xnor2_1)
     3    0.008907    0.034122    0.070527    0.238113 ^ _4104_/Y (sg13g2_xnor2_1)
                                                         _1188_ (net)
                      0.034122    0.000000    0.238113 ^ _4111_/A1 (sg13g2_a21oi_1)
     1    0.001523    0.010368    0.035646    0.273759 v _4111_/Y (sg13g2_a21oi_1)
                                                         _0307_ (net)
                      0.010368    0.000000    0.273759 v u_mac_1.temp_res[12]$_SDFF_PP0_/D (sg13g2_dfrbpq_1)
                                              0.273759   data arrival time

                      0.150000    0.000000    0.000000   clock clk (rise edge)
                                  0.000000    0.000000   clock network delay (ideal)
                                  0.250000    0.250000   clock uncertainty
                                  0.000000    0.250000   clock reconvergence pessimism
                                              0.250000 ^ u_mac_1.temp_res[12]$_SDFF_PP0_/CLK (sg13g2_dfrbpq_1)
                                  0.000819    0.250819   library hold time
                                              0.250819   data required time
---------------------------------------------------------------------------------------------
                                              0.250819   data required time
                                             -0.273759   data arrival time
---------------------------------------------------------------------------------------------
                                              0.022940   slack (MET)


Startpoint: read_index[0]$_SDFFE_PP0P_
            (rising edge-triggered flip-flop clocked by clk)
Endpoint: read_index[0]$_SDFFE_PP0P_
          (rising edge-triggered flip-flop clocked by clk)
Path Group: clk
Path Type: min

Fanout         Cap        Slew       Delay        Time   Description
---------------------------------------------------------------------------------------------
                      0.150000    0.000000    0.000000   clock clk (rise edge)
                                  0.000000    0.000000   clock network delay (ideal)
                      0.150000    0.000000    0.000000 ^ read_index[0]$_SDFFE_PP0P_/CLK (sg13g2_dfrbpq_1)
     8    0.025065    0.057364    0.187689    0.187689 v read_index[0]$_SDFFE_PP0P_/Q (sg13g2_dfrbpq_1)
                                                         read_index[0] (net)
                      0.057364    0.000000    0.187689 v _5549_/A1 (sg13g2_o21ai_1)
     1    0.003191    0.037349    0.066696    0.254385 ^ _5549_/Y (sg13g2_o21ai_1)
                                                         _2536_ (net)
                      0.037349    0.000000    0.254385 ^ _5550_/B (sg13g2_nor2_1)
     1    0.001523    0.013335    0.020872    0.275258 v _5550_/Y (sg13g2_nor2_1)
                                                         _0019_ (net)
                      0.013335    0.000000    0.275258 v read_index[0]$_SDFFE_PP0P_/D (sg13g2_dfrbpq_1)
                                              0.275258   data arrival time

                      0.150000    0.000000    0.000000   clock clk (rise edge)
                                  0.000000    0.000000   clock network delay (ideal)
                                  0.250000    0.250000   clock uncertainty
                                  0.000000    0.250000   clock reconvergence pessimism
                                              0.250000 ^ read_index[0]$_SDFFE_PP0P_/CLK (sg13g2_dfrbpq_1)
                                  0.000124    0.250124   library hold time
                                              0.250124   data required time
---------------------------------------------------------------------------------------------
                                              0.250124   data required time
                                             -0.275258   data arrival time
---------------------------------------------------------------------------------------------
                                              0.025133   slack (MET)


Startpoint: u_mac_4.temp_res[5]$_SDFF_PP0_
            (rising edge-triggered flip-flop clocked by clk)
Endpoint: u_mac_4.temp_res[6]$_SDFF_PP0_
          (rising edge-triggered flip-flop clocked by clk)
Path Group: clk
Path Type: min

Fanout         Cap        Slew       Delay        Time   Description
---------------------------------------------------------------------------------------------
                      0.150000    0.000000    0.000000   clock clk (rise edge)
                                  0.000000    0.000000   clock network delay (ideal)
                      0.150000    0.000000    0.000000 ^ u_mac_4.temp_res[5]$_SDFF_PP0_/CLK (sg13g2_dfrbpq_1)
     3    0.012375    0.039469    0.170347    0.170347 ^ u_mac_4.temp_res[5]$_SDFF_PP0_/Q (sg13g2_dfrbpq_1)
                                                         u_mac_4.temp_res[5] (net)
                      0.039469    0.000000    0.170347 ^ _5267_/A (sg13g2_nand2_1)
     1    0.003055    0.025879    0.033366    0.203713 v _5267_/Y (sg13g2_nand2_1)
                                                         _2299_ (net)
                      0.025879    0.000000    0.203713 v _5288_/A (sg13g2_nand2_1)
     3    0.010036    0.034566    0.035733    0.239446 ^ _5288_/Y (sg13g2_nand2_1)
                                                         _2320_ (net)
                      0.034566    0.000000    0.239446 ^ _5386_/A1 (sg13g2_a21oi_1)
     1    0.001523    0.015311    0.035773    0.275219 v _5386_/Y (sg13g2_a21oi_1)
                                                         _0372_ (net)
                      0.015311    0.000000    0.275219 v u_mac_4.temp_res[6]$_SDFF_PP0_/D (sg13g2_dfrbpq_1)
                                              0.275219   data arrival time

                      0.150000    0.000000    0.000000   clock clk (rise edge)
                                  0.000000    0.000000   clock network delay (ideal)
                                  0.250000    0.250000   clock uncertainty
                                  0.000000    0.250000   clock reconvergence pessimism
                                              0.250000 ^ u_mac_4.temp_res[6]$_SDFF_PP0_/CLK (sg13g2_dfrbpq_1)
                                 -0.000339    0.249661   library hold time
                                              0.249661   data required time
---------------------------------------------------------------------------------------------
                                              0.249661   data required time
                                             -0.275219   data arrival time
---------------------------------------------------------------------------------------------
                                              0.025557   slack (MET)


Startpoint: u_mac_3.temp_res[2]$_SDFF_PP0_
            (rising edge-triggered flip-flop clocked by clk)
Endpoint: u_mac_3.temp_res[3]$_SDFF_PP0_
          (rising edge-triggered flip-flop clocked by clk)
Path Group: clk
Path Type: min

Fanout         Cap        Slew       Delay        Time   Description
---------------------------------------------------------------------------------------------
                      0.150000    0.000000    0.000000   clock clk (rise edge)
                                  0.000000    0.000000   clock network delay (ideal)
                      0.150000    0.000000    0.000000 ^ u_mac_3.temp_res[2]$_SDFF_PP0_/CLK (sg13g2_dfrbpq_1)
     3    0.012479    0.039724    0.170544    0.170544 ^ u_mac_3.temp_res[2]$_SDFF_PP0_/Q (sg13g2_dfrbpq_1)
                                                         u_mac_3.temp_res[2] (net)
                      0.039724    0.000000    0.170544 ^ _4853_/A (sg13g2_nand2_1)
     1    0.003055    0.025923    0.033426    0.203970 v _4853_/Y (sg13g2_nand2_1)
                                                         _1903_ (net)
                      0.025923    0.000000    0.203970 v _4860_/A (sg13g2_nand2_1)
     3    0.010036    0.034574    0.035745    0.239715 ^ _4860_/Y (sg13g2_nand2_1)
                                                         _1910_ (net)
                      0.034574    0.000000    0.239715 ^ _4960_/A1 (sg13g2_a21oi_1)
     1    0.001523    0.015311    0.035775    0.275490 v _4960_/Y (sg13g2_a21oi_1)
                                                         _0351_ (net)
                      0.015311    0.000000    0.275490 v u_mac_3.temp_res[3]$_SDFF_PP0_/D (sg13g2_dfrbpq_1)
                                              0.275490   data arrival time

                      0.150000    0.000000    0.000000   clock clk (rise edge)
                                  0.000000    0.000000   clock network delay (ideal)
                                  0.250000    0.250000   clock uncertainty
                                  0.000000    0.250000   clock reconvergence pessimism
                                              0.250000 ^ u_mac_3.temp_res[3]$_SDFF_PP0_/CLK (sg13g2_dfrbpq_1)
                                 -0.000339    0.249661   library hold time
                                              0.249661   data required time
---------------------------------------------------------------------------------------------
                                              0.249661   data required time
                                             -0.275490   data arrival time
---------------------------------------------------------------------------------------------
                                              0.025829   slack (MET)


Startpoint: u_mac_4.temp_res[1]$_SDFF_PP0_
            (rising edge-triggered flip-flop clocked by clk)
Endpoint: u_mac_4.temp_res[2]$_SDFF_PP0_
          (rising edge-triggered flip-flop clocked by clk)
Path Group: clk
Path Type: min

Fanout         Cap        Slew       Delay        Time   Description
---------------------------------------------------------------------------------------------
                      0.150000    0.000000    0.000000   clock clk (rise edge)
                                  0.000000    0.000000   clock network delay (ideal)
                      0.150000    0.000000    0.000000 ^ u_mac_4.temp_res[1]$_SDFF_PP0_/CLK (sg13g2_dfrbpq_1)
     3    0.012468    0.039698    0.170524    0.170524 ^ u_mac_4.temp_res[1]$_SDFF_PP0_/Q (sg13g2_dfrbpq_1)
                                                         u_mac_4.temp_res[1] (net)
                      0.039698    0.000000    0.170524 ^ _5275_/A (sg13g2_nand2_1)
     1    0.003055    0.025918    0.033420    0.203944 v _5275_/Y (sg13g2_nand2_1)
                                                         _2307_ (net)
                      0.025918    0.000000    0.203944 v _5278_/A (sg13g2_nand2_1)
     3    0.010036    0.034573    0.035744    0.239688 ^ _5278_/Y (sg13g2_nand2_1)
                                                         _2310_ (net)
                      0.034573    0.000000    0.239688 ^ _5378_/A1 (sg13g2_a21oi_1)
     1    0.001523    0.015446    0.035775    0.275462 v _5378_/Y (sg13g2_a21oi_1)
                                                         _0368_ (net)
                      0.015446    0.000000    0.275462 v u_mac_4.temp_res[2]$_SDFF_PP0_/D (sg13g2_dfrbpq_1)
                                              0.275462   data arrival time

                      0.150000    0.000000    0.000000   clock clk (rise edge)
                                  0.000000    0.000000   clock network delay (ideal)
                                  0.250000    0.250000   clock uncertainty
                                  0.000000    0.250000   clock reconvergence pessimism
                                              0.250000 ^ u_mac_4.temp_res[2]$_SDFF_PP0_/CLK (sg13g2_dfrbpq_1)
                                 -0.000370    0.249630   library hold time
                                              0.249630   data required time
---------------------------------------------------------------------------------------------
                                              0.249630   data required time
                                             -0.275462   data arrival time
---------------------------------------------------------------------------------------------
                                              0.025832   slack (MET)


Startpoint: u_mac_1.temp_res[3]$_SDFF_PP0_
            (rising edge-triggered flip-flop clocked by clk)
Endpoint: u_mac_1.temp_res[4]$_SDFF_PP0_
          (rising edge-triggered flip-flop clocked by clk)
Path Group: clk
Path Type: min

Fanout         Cap        Slew       Delay        Time   Description
---------------------------------------------------------------------------------------------
                      0.150000    0.000000    0.000000   clock clk (rise edge)
                                  0.000000    0.000000   clock network delay (ideal)
                      0.150000    0.000000    0.000000 ^ u_mac_1.temp_res[3]$_SDFF_PP0_/CLK (sg13g2_dfrbpq_1)
     3    0.012965    0.040913    0.171462    0.171462 ^ u_mac_1.temp_res[3]$_SDFF_PP0_/Q (sg13g2_dfrbpq_1)
                                                         u_mac_1.temp_res[3] (net)
                      0.040913    0.000000    0.171462 ^ _4033_/A (sg13g2_nand2_1)
     1    0.003055    0.023213    0.033704    0.205165 v _4033_/Y (sg13g2_nand2_1)
                                                         _1119_ (net)
                      0.023213    0.000000    0.205165 v _4046_/A (sg13g2_nand2_1)
     3    0.010036    0.034060    0.034962    0.240128 ^ _4046_/Y (sg13g2_nand2_1)
                                                         _1132_ (net)
                      0.034060    0.000000    0.240128 ^ _4151_/A1 (sg13g2_a21oi_1)
     1    0.001523    0.015311    0.035628    0.275756 v _4151_/Y (sg13g2_a21oi_1)
                                                         _0316_ (net)
                      0.015311    0.000000    0.275756 v u_mac_1.temp_res[4]$_SDFF_PP0_/D (sg13g2_dfrbpq_1)
                                              0.275756   data arrival time

                      0.150000    0.000000    0.000000   clock clk (rise edge)
                                  0.000000    0.000000   clock network delay (ideal)
                                  0.250000    0.250000   clock uncertainty
                                  0.000000    0.250000   clock reconvergence pessimism
                                              0.250000 ^ u_mac_1.temp_res[4]$_SDFF_PP0_/CLK (sg13g2_dfrbpq_1)
                                 -0.000339    0.249661   library hold time
                                              0.249661   data required time
---------------------------------------------------------------------------------------------
                                              0.249661   data required time
                                             -0.275756   data arrival time
---------------------------------------------------------------------------------------------
                                              0.026094   slack (MET)


Startpoint: u_mac_1.temp_res[9]$_SDFF_PP0_
            (rising edge-triggered flip-flop clocked by clk)
Endpoint: u_mac_1.temp_res[9]$_SDFF_PP0_
          (rising edge-triggered flip-flop clocked by clk)
Path Group: clk
Path Type: min

Fanout         Cap        Slew       Delay        Time   Description
---------------------------------------------------------------------------------------------
                      0.150000    0.000000    0.000000   clock clk (rise edge)
                                  0.000000    0.000000   clock network delay (ideal)
                      0.150000    0.000000    0.000000 ^ u_mac_1.temp_res[9]$_SDFF_PP0_/CLK (sg13g2_dfrbpq_1)
     4    0.016299    0.040049    0.173464    0.173464 v u_mac_1.temp_res[9]$_SDFF_PP0_/Q (sg13g2_dfrbpq_1)
                                                         u_mac_1.temp_res[9] (net)
                      0.040049    0.000000    0.173464 v _4160_/A (sg13g2_xnor2_1)
     2    0.007156    0.030022    0.065784    0.239248 ^ _4160_/Y (sg13g2_xnor2_1)
                                                         _1230_ (net)
                      0.030022    0.000000    0.239248 ^ _4162_/A2 (sg13g2_a21oi_1)
     1    0.001523    0.014938    0.036779    0.276028 v _4162_/Y (sg13g2_a21oi_1)
                                                         _0321_ (net)
                      0.014938    0.000000    0.276028 v u_mac_1.temp_res[9]$_SDFF_PP0_/D (sg13g2_dfrbpq_1)
                                              0.276028   data arrival time

                      0.150000    0.000000    0.000000   clock clk (rise edge)
                                  0.000000    0.000000   clock network delay (ideal)
                                  0.250000    0.250000   clock uncertainty
                                  0.000000    0.250000   clock reconvergence pessimism
                                              0.250000 ^ u_mac_1.temp_res[9]$_SDFF_PP0_/CLK (sg13g2_dfrbpq_1)
                                 -0.000251    0.249749   library hold time
                                              0.249749   data required time
---------------------------------------------------------------------------------------------
                                              0.249749   data required time
                                             -0.276028   data arrival time
---------------------------------------------------------------------------------------------
                                              0.026279   slack (MET)


Startpoint: u_mac_2.temp_res[7]$_SDFF_PP0_
            (rising edge-triggered flip-flop clocked by clk)
Endpoint: u_mac_2.temp_res[7]$_SDFF_PP0_
          (rising edge-triggered flip-flop clocked by clk)
Path Group: clk
Path Type: min

Fanout         Cap        Slew       Delay        Time   Description
---------------------------------------------------------------------------------------------
                      0.150000    0.000000    0.000000   clock clk (rise edge)
                                  0.000000    0.000000   clock network delay (ideal)
                      0.150000    0.000000    0.000000 ^ u_mac_2.temp_res[7]$_SDFF_PP0_/CLK (sg13g2_dfrbpq_1)
     3    0.012439    0.032482    0.167084    0.167084 v u_mac_2.temp_res[7]$_SDFF_PP0_/Q (sg13g2_dfrbpq_1)
                                                         u_mac_2.temp_res[7] (net)
                      0.032482    0.000000    0.167084 v _4464_/A (sg13g2_xnor2_1)
     3    0.009708    0.036057    0.073387    0.240471 ^ _4464_/Y (sg13g2_xnor2_1)
                                                         _1532_ (net)
                      0.036057    0.000000    0.240471 ^ _4561_/A2 (sg13g2_a21oi_1)
     1    0.001523    0.010335    0.038362    0.278833 v _4561_/Y (sg13g2_a21oi_1)
                                                         _0337_ (net)
                      0.010335    0.000000    0.278833 v u_mac_2.temp_res[7]$_SDFF_PP0_/D (sg13g2_dfrbpq_1)
                                              0.278833   data arrival time

                      0.150000    0.000000    0.000000   clock clk (rise edge)
                                  0.000000    0.000000   clock network delay (ideal)
                                  0.250000    0.250000   clock uncertainty
                                  0.000000    0.250000   clock reconvergence pessimism
                                              0.250000 ^ u_mac_2.temp_res[7]$_SDFF_PP0_/CLK (sg13g2_dfrbpq_1)
                                  0.000827    0.250827   library hold time
                                              0.250827   data required time
---------------------------------------------------------------------------------------------
                                              0.250827   data required time
                                             -0.278833   data arrival time
---------------------------------------------------------------------------------------------
                                              0.028006   slack (MET)


Startpoint: u_mac_3.temp_res[10]$_SDFF_PP0_
            (rising edge-triggered flip-flop clocked by clk)
Endpoint: u_mac_3.temp_res[10]$_SDFF_PP0_
          (rising edge-triggered flip-flop clocked by clk)
Path Group: clk
Path Type: min

Fanout         Cap        Slew       Delay        Time   Description
---------------------------------------------------------------------------------------------
                      0.150000    0.000000    0.000000   clock clk (rise edge)
                                  0.000000    0.000000   clock network delay (ideal)
                      0.150000    0.000000    0.000000 ^ u_mac_3.temp_res[10]$_SDFF_PP0_/CLK (sg13g2_dfrbpq_1)
     4    0.011945    0.031515    0.166268    0.166268 v u_mac_3.temp_res[10]$_SDFF_PP0_/Q (sg13g2_dfrbpq_1)
                                                         u_mac_3.temp_res[10] (net)
                      0.031515    0.000000    0.166268 v _4832_/B1 (sg13g2_a21oi_1)
     2    0.005276    0.033311    0.035673    0.201941 ^ _4832_/Y (sg13g2_a21oi_1)
                                                         _1882_ (net)
                      0.033311    0.000000    0.201941 ^ _4833_/B (sg13g2_or2_1)
     1    0.003149    0.016307    0.046335    0.248276 ^ _4833_/X (sg13g2_or2_1)
                                                         _1883_ (net)
                      0.016307    0.000000    0.248276 ^ _4882_/A1 (sg13g2_a21oi_1)
     1    0.001523    0.010927    0.030561    0.278838 v _4882_/Y (sg13g2_a21oi_1)
                                                         _0341_ (net)
                      0.010927    0.000000    0.278838 v u_mac_3.temp_res[10]$_SDFF_PP0_/D (sg13g2_dfrbpq_1)
                                              0.278838   data arrival time

                      0.150000    0.000000    0.000000   clock clk (rise edge)
                                  0.000000    0.000000   clock network delay (ideal)
                                  0.250000    0.250000   clock uncertainty
                                  0.000000    0.250000   clock reconvergence pessimism
                                              0.250000 ^ u_mac_3.temp_res[10]$_SDFF_PP0_/CLK (sg13g2_dfrbpq_1)
                                  0.000688    0.250688   library hold time
                                              0.250688   data required time
---------------------------------------------------------------------------------------------
                                              0.250688   data required time
                                             -0.278838   data arrival time
---------------------------------------------------------------------------------------------
                                              0.028150   slack (MET)


Startpoint: u_mac_1.temp_res[0]$_SDFF_PP0_
            (rising edge-triggered flip-flop clocked by clk)
Endpoint: u_mac_1.temp_res[1]$_SDFF_PP0_
          (rising edge-triggered flip-flop clocked by clk)
Path Group: clk
Path Type: min

Fanout         Cap        Slew       Delay        Time   Description
---------------------------------------------------------------------------------------------
                      0.150000    0.000000    0.000000   clock clk (rise edge)
                                  0.000000    0.000000   clock network delay (ideal)
                      0.150000    0.000000    0.000000 ^ u_mac_1.temp_res[0]$_SDFF_PP0_/CLK (sg13g2_dfrbpq_1)
     3    0.010196    0.028086    0.163377    0.163377 v u_mac_1.temp_res[0]$_SDFF_PP0_/Q (sg13g2_dfrbpq_1)
                                                         u_mac_1.temp_res[0] (net)
                      0.028086    0.000000    0.163377 v _3710_/A (sg13g2_nand2_1)
     3    0.008812    0.031965    0.033915    0.197292 ^ _3710_/Y (sg13g2_nand2_1)
                                                         _0797_ (net)
                      0.031965    0.000000    0.197292 ^ _4143_/A1 (sg13g2_a21oi_1)
     1    0.002427    0.026873    0.037780    0.235071 v _4143_/Y (sg13g2_a21oi_1)
                                                         _1221_ (net)
                      0.026873    0.000000    0.235071 v _4144_/B_N (sg13g2_nor2b_1)
     1    0.001523    0.013921    0.044974    0.280045 v _4144_/Y (sg13g2_nor2b_1)
                                                         _0313_ (net)
                      0.013921    0.000000    0.280045 v u_mac_1.temp_res[1]$_SDFF_PP0_/D (sg13g2_dfrbpq_1)
                                              0.280045   data arrival time

                      0.150000    0.000000    0.000000   clock clk (rise edge)
                                  0.000000    0.000000   clock network delay (ideal)
                                  0.250000    0.250000   clock uncertainty
                                  0.000000    0.250000   clock reconvergence pessimism
                                              0.250000 ^ u_mac_1.temp_res[1]$_SDFF_PP0_/CLK (sg13g2_dfrbpq_1)
                                 -0.000013    0.249987   library hold time
                                              0.249987   data required time
---------------------------------------------------------------------------------------------
                                              0.249987   data required time
                                             -0.280045   data arrival time
---------------------------------------------------------------------------------------------
                                              0.030058   slack (MET)


Startpoint: u_mac_2.temp_res[13]$_SDFF_PP0_
            (rising edge-triggered flip-flop clocked by clk)
Endpoint: u_mac_2.temp_res[13]$_SDFF_PP0_
          (rising edge-triggered flip-flop clocked by clk)
Path Group: clk
Path Type: min

Fanout         Cap        Slew       Delay        Time   Description
---------------------------------------------------------------------------------------------
                      0.150000    0.000000    0.000000   clock clk (rise edge)
                                  0.000000    0.000000   clock network delay (ideal)
                      0.150000    0.000000    0.000000 ^ u_mac_2.temp_res[13]$_SDFF_PP0_/CLK (sg13g2_dfrbpq_1)
     3    0.012360    0.032328    0.166953    0.166953 v u_mac_2.temp_res[13]$_SDFF_PP0_/Q (sg13g2_dfrbpq_1)
                                                         u_mac_2.temp_res[13] (net)
                      0.032328    0.000000    0.166953 v _4526_/A (sg13g2_xnor2_1)
     1    0.005424    0.033198    0.052263    0.219216 v _4526_/Y (sg13g2_xnor2_1)
                                                         _1591_ (net)
                      0.033198    0.000000    0.219216 v _4527_/B (sg13g2_xnor2_1)
     1    0.003191    0.019791    0.044789    0.264005 ^ _4527_/Y (sg13g2_xnor2_1)
                                                         _1592_ (net)
                      0.019791    0.000000    0.264005 ^ _4528_/B (sg13g2_nor2_1)
     1    0.001523    0.010274    0.017573    0.281578 v _4528_/Y (sg13g2_nor2_1)
                                                         _0326_ (net)
                      0.010274    0.000000    0.281578 v u_mac_2.temp_res[13]$_SDFF_PP0_/D (sg13g2_dfrbpq_1)
                                              0.281578   data arrival time

                      0.150000    0.000000    0.000000   clock clk (rise edge)
                                  0.000000    0.000000   clock network delay (ideal)
                                  0.250000    0.250000   clock uncertainty
                                  0.000000    0.250000   clock reconvergence pessimism
                                              0.250000 ^ u_mac_2.temp_res[13]$_SDFF_PP0_/CLK (sg13g2_dfrbpq_1)
                                  0.000841    0.250841   library hold time
                                              0.250841   data required time
---------------------------------------------------------------------------------------------
                                              0.250841   data required time
                                             -0.281578   data arrival time
---------------------------------------------------------------------------------------------
                                              0.030738   slack (MET)


Startpoint: u_mac_4.temp_res[12]$_SDFF_PP0_
            (rising edge-triggered flip-flop clocked by clk)
Endpoint: u_mac_4.temp_res[12]$_SDFF_PP0_
          (rising edge-triggered flip-flop clocked by clk)
Path Group: clk
Path Type: min

Fanout         Cap        Slew       Delay        Time   Description
---------------------------------------------------------------------------------------------
                      0.150000    0.000000    0.000000   clock clk (rise edge)
                                  0.000000    0.000000   clock network delay (ideal)
                      0.150000    0.000000    0.000000 ^ u_mac_4.temp_res[12]$_SDFF_PP0_/CLK (sg13g2_dfrbpq_1)
     2    0.006343    0.024712    0.158950    0.158950 ^ u_mac_4.temp_res[12]$_SDFF_PP0_/Q (sg13g2_dfrbpq_1)
                                                         u_mac_4.temp_res[12] (net)
                      0.024712    0.000000    0.158950 ^ _5411_/A (sg13g2_inv_1)
     2    0.009459    0.025977    0.030527    0.189477 v _5411_/Y (sg13g2_inv_1)
                                                         _2426_ (net)
                      0.025977    0.000000    0.189477 v _5337_/A (sg13g2_xnor2_1)
     2    0.006281    0.027465    0.058699    0.248177 ^ _5337_/Y (sg13g2_xnor2_1)
                                                         _2367_ (net)
                      0.027465    0.000000    0.248177 ^ _5343_/A1 (sg13g2_a21oi_1)
     1    0.001523    0.010252    0.033746    0.281922 v _5343_/Y (sg13g2_a21oi_1)
                                                         _0361_ (net)
                      0.010252    0.000000    0.281922 v u_mac_4.temp_res[12]$_SDFF_PP0_/D (sg13g2_dfrbpq_1)
                                              0.281922   data arrival time

                      0.150000    0.000000    0.000000   clock clk (rise edge)
                                  0.000000    0.000000   clock network delay (ideal)
                                  0.250000    0.250000   clock uncertainty
                                  0.000000    0.250000   clock reconvergence pessimism
                                              0.250000 ^ u_mac_4.temp_res[12]$_SDFF_PP0_/CLK (sg13g2_dfrbpq_1)
                                  0.000846    0.250846   library hold time
                                              0.250846   data required time
---------------------------------------------------------------------------------------------
                                              0.250846   data required time
                                             -0.281922   data arrival time
---------------------------------------------------------------------------------------------
                                              0.031077   slack (MET)


Startpoint: u_mac_2.temp_res[14]$_SDFF_PP0_
            (rising edge-triggered flip-flop clocked by clk)
Endpoint: u_mac_2.temp_res[14]$_SDFF_PP0_
          (rising edge-triggered flip-flop clocked by clk)
Path Group: clk
Path Type: min

Fanout         Cap        Slew       Delay        Time   Description
---------------------------------------------------------------------------------------------
                      0.150000    0.000000    0.000000   clock clk (rise edge)
                                  0.000000    0.000000   clock network delay (ideal)
                      0.150000    0.000000    0.000000 ^ u_mac_2.temp_res[14]$_SDFF_PP0_/CLK (sg13g2_dfrbpq_1)
     3    0.011670    0.030976    0.165814    0.165814 v u_mac_2.temp_res[14]$_SDFF_PP0_/Q (sg13g2_dfrbpq_1)
                                                         u_mac_2.temp_res[14] (net)
                      0.030976    0.000000    0.165814 v _4532_/A (sg13g2_xnor2_1)
     1    0.003015    0.023575    0.044611    0.210424 v _4532_/Y (sg13g2_xnor2_1)
                                                         _1596_ (net)
                      0.023575    0.000000    0.210424 v _4533_/A (sg13g2_inv_1)
     3    0.010626    0.034396    0.034683    0.245107 ^ _4533_/Y (sg13g2_inv_1)
                                                         _1597_ (net)
                      0.034396    0.000000    0.245107 ^ _4537_/A1 (sg13g2_a21oi_1)
     1    0.001523    0.015030    0.035724    0.280831 v _4537_/Y (sg13g2_a21oi_1)
                                                         _0327_ (net)
                      0.015030    0.000000    0.280831 v u_mac_2.temp_res[14]$_SDFF_PP0_/D (sg13g2_dfrbpq_1)
                                              0.280831   data arrival time

                      0.150000    0.000000    0.000000   clock clk (rise edge)
                                  0.000000    0.000000   clock network delay (ideal)
                                  0.250000    0.250000   clock uncertainty
                                  0.000000    0.250000   clock reconvergence pessimism
                                              0.250000 ^ u_mac_2.temp_res[14]$_SDFF_PP0_/CLK (sg13g2_dfrbpq_1)
                                 -0.000273    0.249727   library hold time
                                              0.249727   data required time
---------------------------------------------------------------------------------------------
                                              0.249727   data required time
                                             -0.280831   data arrival time
---------------------------------------------------------------------------------------------
                                              0.031104   slack (MET)


Startpoint: u_mac_1.temp_res[13]$_SDFF_PP0_
            (rising edge-triggered flip-flop clocked by clk)
Endpoint: u_mac_1.temp_res[13]$_SDFF_PP0_
          (rising edge-triggered flip-flop clocked by clk)
Path Group: clk
Path Type: min

Fanout         Cap        Slew       Delay        Time   Description
---------------------------------------------------------------------------------------------
                      0.150000    0.000000    0.000000   clock clk (rise edge)
                                  0.000000    0.000000   clock network delay (ideal)
                      0.150000    0.000000    0.000000 ^ u_mac_1.temp_res[13]$_SDFF_PP0_/CLK (sg13g2_dfrbpq_1)
     3    0.012702    0.032999    0.167520    0.167520 v u_mac_1.temp_res[13]$_SDFF_PP0_/Q (sg13g2_dfrbpq_1)
                                                         u_mac_1.temp_res[13] (net)
                      0.032999    0.000000    0.167520 v _4121_/A (sg13g2_xnor2_1)
     1    0.005424    0.033214    0.052453    0.219972 v _4121_/Y (sg13g2_xnor2_1)
                                                         _1204_ (net)
                      0.033214    0.000000    0.219972 v _4122_/B (sg13g2_xnor2_1)
     1    0.003191    0.019791    0.044794    0.264766 ^ _4122_/Y (sg13g2_xnor2_1)
                                                         _1205_ (net)
                      0.019791    0.000000    0.264766 ^ _4123_/B (sg13g2_nor2_1)
     1    0.001523    0.010274    0.017573    0.282339 v _4123_/Y (sg13g2_nor2_1)
                                                         _0308_ (net)
                      0.010274    0.000000    0.282339 v u_mac_1.temp_res[13]$_SDFF_PP0_/D (sg13g2_dfrbpq_1)
                                              0.282339   data arrival time

                      0.150000    0.000000    0.000000   clock clk (rise edge)
                                  0.000000    0.000000   clock network delay (ideal)
                                  0.250000    0.250000   clock uncertainty
                                  0.000000    0.250000   clock reconvergence pessimism
                                              0.250000 ^ u_mac_1.temp_res[13]$_SDFF_PP0_/CLK (sg13g2_dfrbpq_1)
                                  0.000841    0.250841   library hold time
                                              0.250841   data required time
---------------------------------------------------------------------------------------------
                                              0.250841   data required time
                                             -0.282339   data arrival time
---------------------------------------------------------------------------------------------
                                              0.031498   slack (MET)


Startpoint: u_ctrl.state[1]$_DFF_P_
            (rising edge-triggered flip-flop clocked by clk)
Endpoint: u_ctrl.state[4]$_DFF_P_
          (rising edge-triggered flip-flop clocked by clk)
Path Group: clk
Path Type: min

Fanout         Cap        Slew       Delay        Time   Description
---------------------------------------------------------------------------------------------
                      0.150000    0.000000    0.000000   clock clk (rise edge)
                                  0.000000    0.000000   clock network delay (ideal)
                      0.150000    0.000000    0.000000 ^ u_ctrl.state[1]$_DFF_P_/CLK (sg13g2_dfrbpq_1)
     4    0.012307    0.032225    0.166867    0.166867 v u_ctrl.state[1]$_DFF_P_/Q (sg13g2_dfrbpq_1)
                                                         u_ctrl.state[1] (net)
                      0.032225    0.000000    0.166867 v _5455_/A (sg13g2_and2_1)
     3    0.011357    0.031033    0.061387    0.228253 v _5455_/X (sg13g2_and2_1)
                                                         _2465_ (net)
                      0.031033    0.000000    0.228253 v _5456_/C (sg13g2_and3_1)
     1    0.001523    0.012743    0.053656    0.281910 v _5456_/X (sg13g2_and3_1)
                                                         _0001_ (net)
                      0.012743    0.000000    0.281910 v u_ctrl.state[4]$_DFF_P_/D (sg13g2_dfrbpq_1)
                                              0.281910   data arrival time

                      0.150000    0.000000    0.000000   clock clk (rise edge)
                                  0.000000    0.000000   clock network delay (ideal)
                                  0.250000    0.250000   clock uncertainty
                                  0.000000    0.250000   clock reconvergence pessimism
                                              0.250000 ^ u_ctrl.state[4]$_DFF_P_/CLK (sg13g2_dfrbpq_1)
                                  0.000263    0.250263   library hold time
                                              0.250263   data required time
---------------------------------------------------------------------------------------------
                                              0.250263   data required time
                                             -0.281910   data arrival time
---------------------------------------------------------------------------------------------
                                              0.031647   slack (MET)


Startpoint: u_mac_1.temp_res[14]$_SDFF_PP0_
            (rising edge-triggered flip-flop clocked by clk)
Endpoint: u_mac_1.temp_res[14]$_SDFF_PP0_
          (rising edge-triggered flip-flop clocked by clk)
Path Group: clk
Path Type: min

Fanout         Cap        Slew       Delay        Time   Description
---------------------------------------------------------------------------------------------
                      0.150000    0.000000    0.000000   clock clk (rise edge)
                                  0.000000    0.000000   clock network delay (ideal)
                      0.150000    0.000000    0.000000 ^ u_mac_1.temp_res[14]$_SDFF_PP0_/CLK (sg13g2_dfrbpq_1)
     3    0.012743    0.033078    0.167586    0.167586 v u_mac_1.temp_res[14]$_SDFF_PP0_/Q (sg13g2_dfrbpq_1)
                                                         u_mac_1.temp_res[14] (net)
                      0.033078    0.000000    0.167586 v _4128_/A (sg13g2_xnor2_1)
     3    0.010626    0.038322    0.077032    0.244618 ^ _4128_/Y (sg13g2_xnor2_1)
                                                         _1210_ (net)
                      0.038322    0.000000    0.244618 ^ _4132_/A1 (sg13g2_a21oi_1)
     1    0.001523    0.015507    0.036844    0.281462 v _4132_/Y (sg13g2_a21oi_1)
                                                         _0309_ (net)
                      0.015507    0.000000    0.281462 v u_mac_1.temp_res[14]$_SDFF_PP0_/D (sg13g2_dfrbpq_1)
                                              0.281462   data arrival time

                      0.150000    0.000000    0.000000   clock clk (rise edge)
                                  0.000000    0.000000   clock network delay (ideal)
                                  0.250000    0.250000   clock uncertainty
                                  0.000000    0.250000   clock reconvergence pessimism
                                              0.250000 ^ u_mac_1.temp_res[14]$_SDFF_PP0_/CLK (sg13g2_dfrbpq_1)
                                 -0.000384    0.249616   library hold time
                                              0.249616   data required time
---------------------------------------------------------------------------------------------
                                              0.249616   data required time
                                             -0.281462   data arrival time
---------------------------------------------------------------------------------------------
                                              0.031847   slack (MET)


Startpoint: u_ctrl.input_cnt[4]$_SDFFE_PP0P_
            (rising edge-triggered flip-flop clocked by clk)
Endpoint: u_ctrl.input_cnt[4]$_SDFFE_PP0P_
          (rising edge-triggered flip-flop clocked by clk)
Path Group: clk
Path Type: min

Fanout         Cap        Slew       Delay        Time   Description
---------------------------------------------------------------------------------------------
                      0.150000    0.000000    0.000000   clock clk (rise edge)
                                  0.000000    0.000000   clock network delay (ideal)
                      0.150000    0.000000    0.000000 ^ u_ctrl.input_cnt[4]$_SDFFE_PP0P_/CLK (sg13g2_dfrbpq_1)
    14    0.042979    0.116784    0.225884    0.225884 ^ u_ctrl.input_cnt[4]$_SDFFE_PP0P_/Q (sg13g2_dfrbpq_1)
                                                         u_ctrl.input_cnt[4] (net)
                      0.116784    0.000000    0.225884 ^ _5659_/A1 (sg13g2_a21oi_1)
     1    0.001523    0.013406    0.057215    0.283098 v _5659_/Y (sg13g2_a21oi_1)
                                                         _0035_ (net)
                      0.013406    0.000000    0.283098 v u_ctrl.input_cnt[4]$_SDFFE_PP0P_/D (sg13g2_dfrbpq_1)
                                              0.283098   data arrival time

                      0.150000    0.000000    0.000000   clock clk (rise edge)
                                  0.000000    0.000000   clock network delay (ideal)
                                  0.250000    0.250000   clock uncertainty
                                  0.000000    0.250000   clock reconvergence pessimism
                                              0.250000 ^ u_ctrl.input_cnt[4]$_SDFFE_PP0P_/CLK (sg13g2_dfrbpq_1)
                                  0.000108    0.250108   library hold time
                                              0.250108   data required time
---------------------------------------------------------------------------------------------
                                              0.250108   data required time
                                             -0.283098   data arrival time
---------------------------------------------------------------------------------------------
                                              0.032991   slack (MET)


Startpoint: u_mac_3.temp_res[4]$_SDFF_PP0_
            (rising edge-triggered flip-flop clocked by clk)
Endpoint: u_mac_3.temp_res[5]$_SDFF_PP0_
          (rising edge-triggered flip-flop clocked by clk)
Path Group: clk
Path Type: min

Fanout         Cap        Slew       Delay        Time   Description
---------------------------------------------------------------------------------------------
                      0.150000    0.000000    0.000000   clock clk (rise edge)
                                  0.000000    0.000000   clock network delay (ideal)
                      0.150000    0.000000    0.000000 ^ u_mac_3.temp_res[4]$_SDFF_PP0_/CLK (sg13g2_dfrbpq_1)
     3    0.012298    0.032207    0.166852    0.166852 v u_mac_3.temp_res[4]$_SDFF_PP0_/Q (sg13g2_dfrbpq_1)
                                                         u_mac_3.temp_res[4] (net)
                      0.032207    0.000000    0.166852 v _4849_/A (sg13g2_nand2_1)
     1    0.003500    0.019638    0.024084    0.190936 ^ _4849_/Y (sg13g2_nand2_1)
                                                         _1899_ (net)
                      0.019638    0.000000    0.190936 ^ _4864_/B1 (sg13g2_o21ai_1)
     2    0.005445    0.031771    0.035880    0.226815 v _4864_/Y (sg13g2_o21ai_1)
                                                         _1914_ (net)
                      0.031771    0.000000    0.226815 v _4963_/A (sg13g2_nor2b_1)
     1    0.003189    0.029471    0.035808    0.262624 ^ _4963_/Y (sg13g2_nor2b_1)
                                                         _2001_ (net)
                      0.029471    0.000000    0.262624 ^ _4964_/C (sg13g2_nor3_1)
     1    0.001523    0.013165    0.021153    0.283777 v _4964_/Y (sg13g2_nor3_1)
                                                         _0353_ (net)
                      0.013165    0.000000    0.283777 v u_mac_3.temp_res[5]$_SDFF_PP0_/D (sg13g2_dfrbpq_1)
                                              0.283777   data arrival time

                      0.150000    0.000000    0.000000   clock clk (rise edge)
                                  0.000000    0.000000   clock network delay (ideal)
                                  0.250000    0.250000   clock uncertainty
                                  0.000000    0.250000   clock reconvergence pessimism
                                              0.250000 ^ u_mac_3.temp_res[5]$_SDFF_PP0_/CLK (sg13g2_dfrbpq_1)
                                  0.000164    0.250164   library hold time
                                              0.250164   data required time
---------------------------------------------------------------------------------------------
                                              0.250164   data required time
                                             -0.283777   data arrival time
---------------------------------------------------------------------------------------------
                                              0.033613   slack (MET)


Startpoint: u_mac_3.temp_res[4]$_SDFF_PP0_
            (rising edge-triggered flip-flop clocked by clk)
Endpoint: u_mac_3.temp_res[4]$_SDFF_PP0_
          (rising edge-triggered flip-flop clocked by clk)
Path Group: clk
Path Type: min

Fanout         Cap        Slew       Delay        Time   Description
---------------------------------------------------------------------------------------------
                      0.150000    0.000000    0.000000   clock clk (rise edge)
                                  0.000000    0.000000   clock network delay (ideal)
                      0.150000    0.000000    0.000000 ^ u_mac_3.temp_res[4]$_SDFF_PP0_/CLK (sg13g2_dfrbpq_1)
     3    0.012298    0.032207    0.166852    0.166852 v u_mac_3.temp_res[4]$_SDFF_PP0_/Q (sg13g2_dfrbpq_1)
                                                         u_mac_3.temp_res[4] (net)
                      0.032207    0.000000    0.166852 v _4863_/A (sg13g2_xnor2_1)
     3    0.010975    0.039151    0.078101    0.244953 ^ _4863_/Y (sg13g2_xnor2_1)
                                                         _1913_ (net)
                      0.039151    0.000000    0.244953 ^ _4962_/A2 (sg13g2_a21oi_1)
     1    0.001523    0.015044    0.039174    0.284127 v _4962_/Y (sg13g2_a21oi_1)
                                                         _0352_ (net)
                      0.015044    0.000000    0.284127 v u_mac_3.temp_res[4]$_SDFF_PP0_/D (sg13g2_dfrbpq_1)
                                              0.284127   data arrival time

                      0.150000    0.000000    0.000000   clock clk (rise edge)
                                  0.000000    0.000000   clock network delay (ideal)
                                  0.250000    0.250000   clock uncertainty
                                  0.000000    0.250000   clock reconvergence pessimism
                                              0.250000 ^ u_mac_3.temp_res[4]$_SDFF_PP0_/CLK (sg13g2_dfrbpq_1)
                                 -0.000276    0.249724   library hold time
                                              0.249724   data required time
---------------------------------------------------------------------------------------------
                                              0.249724   data required time
                                             -0.284127   data arrival time
---------------------------------------------------------------------------------------------
                                              0.034404   slack (MET)


Startpoint: u_mac_3.temp_res[7]$_SDFF_PP0_
            (rising edge-triggered flip-flop clocked by clk)
Endpoint: u_mac_3.temp_res[7]$_SDFF_PP0_
          (rising edge-triggered flip-flop clocked by clk)
Path Group: clk
Path Type: min

Fanout         Cap        Slew       Delay        Time   Description
---------------------------------------------------------------------------------------------
                      0.150000    0.000000    0.000000   clock clk (rise edge)
                                  0.000000    0.000000   clock network delay (ideal)
                      0.150000    0.000000    0.000000 ^ u_mac_3.temp_res[7]$_SDFF_PP0_/CLK (sg13g2_dfrbpq_1)
     3    0.012298    0.032207    0.166852    0.166852 v u_mac_3.temp_res[7]$_SDFF_PP0_/Q (sg13g2_dfrbpq_1)
                                                         u_mac_3.temp_res[7] (net)
                      0.032207    0.000000    0.166852 v _4872_/A (sg13g2_xnor2_1)
     3    0.010975    0.039151    0.078101    0.244953 ^ _4872_/Y (sg13g2_xnor2_1)
                                                         _1922_ (net)
                      0.039151    0.000000    0.244953 ^ _4968_/A2 (sg13g2_a21oi_1)
     1    0.001523    0.015067    0.039174    0.284127 v _4968_/Y (sg13g2_a21oi_1)
                                                         _0355_ (net)
                      0.015067    0.000000    0.284127 v u_mac_3.temp_res[7]$_SDFF_PP0_/D (sg13g2_dfrbpq_1)
                                              0.284127   data arrival time

                      0.150000    0.000000    0.000000   clock clk (rise edge)
                                  0.000000    0.000000   clock network delay (ideal)
                                  0.250000    0.250000   clock uncertainty
                                  0.000000    0.250000   clock reconvergence pessimism
                                              0.250000 ^ u_mac_3.temp_res[7]$_SDFF_PP0_/CLK (sg13g2_dfrbpq_1)
                                 -0.000281    0.249719   library hold time
                                              0.249719   data required time
---------------------------------------------------------------------------------------------
                                              0.249719   data required time
                                             -0.284127   data arrival time
---------------------------------------------------------------------------------------------
                                              0.034409   slack (MET)


Startpoint: u_mac_3.temp_res[12]$_SDFF_PP0_
            (rising edge-triggered flip-flop clocked by clk)
Endpoint: u_mac_3.temp_res[13]$_SDFF_PP0_
          (rising edge-triggered flip-flop clocked by clk)
Path Group: clk
Path Type: min

Fanout         Cap        Slew       Delay        Time   Description
---------------------------------------------------------------------------------------------
                      0.150000    0.000000    0.000000   clock clk (rise edge)
                                  0.000000    0.000000   clock network delay (ideal)
                      0.150000    0.000000    0.000000 ^ u_mac_3.temp_res[12]$_SDFF_PP0_/CLK (sg13g2_dfrbpq_1)
     4    0.015867    0.048014    0.176946    0.176946 ^ u_mac_3.temp_res[12]$_SDFF_PP0_/Q (sg13g2_dfrbpq_1)
                                                         u_mac_3.temp_res[12] (net)
                      0.048014    0.000000    0.176946 ^ _4917_/A (sg13g2_nand2_1)
     1    0.003055    0.027354    0.035362    0.212308 v _4917_/Y (sg13g2_nand2_1)
                                                         _1965_ (net)
                      0.027354    0.000000    0.212308 v _4923_/A (sg13g2_nand2_1)
     3    0.010036    0.034846    0.036159    0.248467 ^ _4923_/Y (sg13g2_nand2_1)
                                                         _1970_ (net)
                      0.034846    0.000000    0.248467 ^ _4937_/A1 (sg13g2_a21oi_1)
     1    0.001523    0.014996    0.035852    0.284320 v _4937_/Y (sg13g2_a21oi_1)
                                                         _0344_ (net)
                      0.014996    0.000000    0.284320 v u_mac_3.temp_res[13]$_SDFF_PP0_/D (sg13g2_dfrbpq_1)
                                              0.284320   data arrival time

                      0.150000    0.000000    0.000000   clock clk (rise edge)
                                  0.000000    0.000000   clock network delay (ideal)
                                  0.250000    0.250000   clock uncertainty
                                  0.000000    0.250000   clock reconvergence pessimism
                                              0.250000 ^ u_mac_3.temp_res[13]$_SDFF_PP0_/CLK (sg13g2_dfrbpq_1)
                                 -0.000265    0.249735   library hold time
                                              0.249735   data required time
---------------------------------------------------------------------------------------------
                                              0.249735   data required time
                                             -0.284320   data arrival time
---------------------------------------------------------------------------------------------
                                              0.034584   slack (MET)


Startpoint: u_mac_2.temp_res[3]$_SDFF_PP0_
            (rising edge-triggered flip-flop clocked by clk)
Endpoint: u_mac_2.temp_res[3]$_SDFF_PP0_
          (rising edge-triggered flip-flop clocked by clk)
Path Group: clk
Path Type: min

Fanout         Cap        Slew       Delay        Time   Description
---------------------------------------------------------------------------------------------
                      0.150000    0.000000    0.000000   clock clk (rise edge)
                                  0.000000    0.000000   clock network delay (ideal)
                      0.150000    0.000000    0.000000 ^ u_mac_2.temp_res[3]$_SDFF_PP0_/CLK (sg13g2_dfrbpq_1)
     3    0.012485    0.032572    0.167160    0.167160 v u_mac_2.temp_res[3]$_SDFF_PP0_/Q (sg13g2_dfrbpq_1)
                                                         u_mac_2.temp_res[3] (net)
                      0.032572    0.000000    0.167160 v _4452_/A (sg13g2_xnor2_1)
     3    0.010975    0.039146    0.078207    0.245367 ^ _4452_/Y (sg13g2_xnor2_1)
                                                         _1520_ (net)
                      0.039146    0.000000    0.245367 ^ _4553_/A2 (sg13g2_a21oi_1)
     1    0.001523    0.015068    0.039173    0.284539 v _4553_/Y (sg13g2_a21oi_1)
                                                         _0333_ (net)
                      0.015068    0.000000    0.284539 v u_mac_2.temp_res[3]$_SDFF_PP0_/D (sg13g2_dfrbpq_1)
                                              0.284539   data arrival time

                      0.150000    0.000000    0.000000   clock clk (rise edge)
                                  0.000000    0.000000   clock network delay (ideal)
                                  0.250000    0.250000   clock uncertainty
                                  0.000000    0.250000   clock reconvergence pessimism
                                              0.250000 ^ u_mac_2.temp_res[3]$_SDFF_PP0_/CLK (sg13g2_dfrbpq_1)
                                 -0.000282    0.249718   library hold time
                                              0.249718   data required time
---------------------------------------------------------------------------------------------
                                              0.249718   data required time
                                             -0.284539   data arrival time
---------------------------------------------------------------------------------------------
                                              0.034821   slack (MET)


Startpoint: u_mac_4.temp_res[3]$_SDFF_PP0_
            (rising edge-triggered flip-flop clocked by clk)
Endpoint: u_mac_4.temp_res[3]$_SDFF_PP0_
          (rising edge-triggered flip-flop clocked by clk)
Path Group: clk
Path Type: min

Fanout         Cap        Slew       Delay        Time   Description
---------------------------------------------------------------------------------------------
                      0.150000    0.000000    0.000000   clock clk (rise edge)
                                  0.000000    0.000000   clock network delay (ideal)
                      0.150000    0.000000    0.000000 ^ u_mac_4.temp_res[3]$_SDFF_PP0_/CLK (sg13g2_dfrbpq_1)
     3    0.012569    0.032738    0.167299    0.167299 v u_mac_4.temp_res[3]$_SDFF_PP0_/Q (sg13g2_dfrbpq_1)
                                                         u_mac_4.temp_res[3] (net)
                      0.032738    0.000000    0.167299 v _5281_/A (sg13g2_xnor2_1)
     3    0.010975    0.039150    0.078255    0.245554 ^ _5281_/Y (sg13g2_xnor2_1)
                                                         _2313_ (net)
                      0.039150    0.000000    0.245554 ^ _5380_/A2 (sg13g2_a21oi_1)
     1    0.001523    0.015081    0.039174    0.284728 v _5380_/Y (sg13g2_a21oi_1)
                                                         _0369_ (net)
                      0.015081    0.000000    0.284728 v u_mac_4.temp_res[3]$_SDFF_PP0_/D (sg13g2_dfrbpq_1)
                                              0.284728   data arrival time

                      0.150000    0.000000    0.000000   clock clk (rise edge)
                                  0.000000    0.000000   clock network delay (ideal)
                                  0.250000    0.250000   clock uncertainty
                                  0.000000    0.250000   clock reconvergence pessimism
                                              0.250000 ^ u_mac_4.temp_res[3]$_SDFF_PP0_/CLK (sg13g2_dfrbpq_1)
                                 -0.000285    0.249715   library hold time
                                              0.249715   data required time
---------------------------------------------------------------------------------------------
                                              0.249715   data required time
                                             -0.284728   data arrival time
---------------------------------------------------------------------------------------------
                                              0.035012   slack (MET)


Startpoint: u_mac_1.temp_res[5]$_SDFF_PP0_
            (rising edge-triggered flip-flop clocked by clk)
Endpoint: u_mac_1.temp_res[5]$_SDFF_PP0_
          (rising edge-triggered flip-flop clocked by clk)
Path Group: clk
Path Type: min

Fanout         Cap        Slew       Delay        Time   Description
---------------------------------------------------------------------------------------------
                      0.150000    0.000000    0.000000   clock clk (rise edge)
                                  0.000000    0.000000   clock network delay (ideal)
                      0.150000    0.000000    0.000000 ^ u_mac_1.temp_res[5]$_SDFF_PP0_/CLK (sg13g2_dfrbpq_1)
     3    0.012743    0.033078    0.167586    0.167586 v u_mac_1.temp_res[5]$_SDFF_PP0_/Q (sg13g2_dfrbpq_1)
                                                         u_mac_1.temp_res[5] (net)
                      0.033078    0.000000    0.167586 v _4049_/A (sg13g2_xnor2_1)
     3    0.010975    0.039174    0.078353    0.245939 ^ _4049_/Y (sg13g2_xnor2_1)
                                                         _1135_ (net)
                      0.039174    0.000000    0.245939 ^ _4153_/A2 (sg13g2_a21oi_1)
     1    0.001523    0.015046    0.039180    0.285119 v _4153_/Y (sg13g2_a21oi_1)
                                                         _0317_ (net)
                      0.015046    0.000000    0.285119 v u_mac_1.temp_res[5]$_SDFF_PP0_/D (sg13g2_dfrbpq_1)
                                              0.285119   data arrival time

                      0.150000    0.000000    0.000000   clock clk (rise edge)
                                  0.000000    0.000000   clock network delay (ideal)
                                  0.250000    0.250000   clock uncertainty
                                  0.000000    0.250000   clock reconvergence pessimism
                                              0.250000 ^ u_mac_1.temp_res[5]$_SDFF_PP0_/CLK (sg13g2_dfrbpq_1)
                                 -0.000277    0.249723   library hold time
                                              0.249723   data required time
---------------------------------------------------------------------------------------------
                                              0.249723   data required time
                                             -0.285119   data arrival time
---------------------------------------------------------------------------------------------
                                              0.035396   slack (MET)


Startpoint: u_mac_1.temp_res[7]$_SDFF_PP0_
            (rising edge-triggered flip-flop clocked by clk)
Endpoint: u_mac_1.temp_res[7]$_SDFF_PP0_
          (rising edge-triggered flip-flop clocked by clk)
Path Group: clk
Path Type: min

Fanout         Cap        Slew       Delay        Time   Description
---------------------------------------------------------------------------------------------
                      0.150000    0.000000    0.000000   clock clk (rise edge)
                                  0.000000    0.000000   clock network delay (ideal)
                      0.150000    0.000000    0.000000 ^ u_mac_1.temp_res[7]$_SDFF_PP0_/CLK (sg13g2_dfrbpq_1)
     3    0.012743    0.033078    0.167586    0.167586 v u_mac_1.temp_res[7]$_SDFF_PP0_/Q (sg13g2_dfrbpq_1)
                                                         u_mac_1.temp_res[7] (net)
                      0.033078    0.000000    0.167586 v _4053_/A (sg13g2_xnor2_1)
     3    0.010975    0.039174    0.078353    0.245939 ^ _4053_/Y (sg13g2_xnor2_1)
                                                         _1139_ (net)
                      0.039174    0.000000    0.245939 ^ _4157_/A2 (sg13g2_a21oi_1)
     1    0.001523    0.015046    0.039180    0.285119 v _4157_/Y (sg13g2_a21oi_1)
                                                         _0319_ (net)
                      0.015046    0.000000    0.285119 v u_mac_1.temp_res[7]$_SDFF_PP0_/D (sg13g2_dfrbpq_1)
                                              0.285119   data arrival time

                      0.150000    0.000000    0.000000   clock clk (rise edge)
                                  0.000000    0.000000   clock network delay (ideal)
                                  0.250000    0.250000   clock uncertainty
                                  0.000000    0.250000   clock reconvergence pessimism
                                              0.250000 ^ u_mac_1.temp_res[7]$_SDFF_PP0_/CLK (sg13g2_dfrbpq_1)
                                 -0.000277    0.249723   library hold time
                                              0.249723   data required time
---------------------------------------------------------------------------------------------
                                              0.249723   data required time
                                             -0.285119   data arrival time
---------------------------------------------------------------------------------------------
                                              0.035396   slack (MET)


Startpoint: u_mac_4.temp_res[9]$_SDFF_PP0_
            (rising edge-triggered flip-flop clocked by clk)
Endpoint: u_mac_4.temp_res[9]$_SDFF_PP0_
          (rising edge-triggered flip-flop clocked by clk)
Path Group: clk
Path Type: min

Fanout         Cap        Slew       Delay        Time   Description
---------------------------------------------------------------------------------------------
                      0.150000    0.000000    0.000000   clock clk (rise edge)
                                  0.000000    0.000000   clock network delay (ideal)
                      0.150000    0.000000    0.000000 ^ u_mac_4.temp_res[9]$_SDFF_PP0_/CLK (sg13g2_dfrbpq_1)
     4    0.016236    0.039925    0.173360    0.173360 v u_mac_4.temp_res[9]$_SDFF_PP0_/Q (sg13g2_dfrbpq_1)
                                                         u_mac_4.temp_res[9] (net)
                      0.039925    0.000000    0.173360 v _5391_/A (sg13g2_xor2_1)
     2    0.007156    0.051980    0.069242    0.242602 ^ _5391_/X (sg13g2_xor2_1)
                                                         _2407_ (net)
                      0.051980    0.000000    0.242602 ^ _5393_/A2 (sg13g2_a21oi_1)
     1    0.001523    0.015124    0.042540    0.285142 v _5393_/Y (sg13g2_a21oi_1)
                                                         _0375_ (net)
                      0.015124    0.000000    0.285142 v u_mac_4.temp_res[9]$_SDFF_PP0_/D (sg13g2_dfrbpq_1)
                                              0.285142   data arrival time

                      0.150000    0.000000    0.000000   clock clk (rise edge)
                                  0.000000    0.000000   clock network delay (ideal)
                                  0.250000    0.250000   clock uncertainty
                                  0.000000    0.250000   clock reconvergence pessimism
                                              0.250000 ^ u_mac_4.temp_res[9]$_SDFF_PP0_/CLK (sg13g2_dfrbpq_1)
                                 -0.000295    0.249705   library hold time
                                              0.249705   data required time
---------------------------------------------------------------------------------------------
                                              0.249705   data required time
                                             -0.285142   data arrival time
---------------------------------------------------------------------------------------------
                                              0.035437   slack (MET)


Startpoint: u_mac_1.temp_res[5]$_SDFF_PP0_
            (rising edge-triggered flip-flop clocked by clk)
Endpoint: u_mac_1.temp_res[6]$_SDFF_PP0_
          (rising edge-triggered flip-flop clocked by clk)
Path Group: clk
Path Type: min

Fanout         Cap        Slew       Delay        Time   Description
---------------------------------------------------------------------------------------------
                      0.150000    0.000000    0.000000   clock clk (rise edge)
                                  0.000000    0.000000   clock network delay (ideal)
                      0.150000    0.000000    0.000000 ^ u_mac_1.temp_res[5]$_SDFF_PP0_/CLK (sg13g2_dfrbpq_1)
     3    0.012965    0.040913    0.171462    0.171462 ^ u_mac_1.temp_res[5]$_SDFF_PP0_/Q (sg13g2_dfrbpq_1)
                                                         u_mac_1.temp_res[5] (net)
                      0.040913    0.000000    0.171462 ^ _4029_/A (sg13g2_nand2_1)
     1    0.003341    0.024263    0.034615    0.206077 v _4029_/Y (sg13g2_nand2_1)
                                                         _1115_ (net)
                      0.024263    0.000000    0.206077 v _4050_/B1 (sg13g2_o21ai_1)
     3    0.010036    0.041037    0.042124    0.248201 ^ _4050_/Y (sg13g2_o21ai_1)
                                                         _1136_ (net)
                      0.041037    0.000000    0.248201 ^ _4155_/A1 (sg13g2_a21oi_1)
     1    0.001523    0.015311    0.037620    0.285821 v _4155_/Y (sg13g2_a21oi_1)
                                                         _0318_ (net)
                      0.015311    0.000000    0.285821 v u_mac_1.temp_res[6]$_SDFF_PP0_/D (sg13g2_dfrbpq_1)
                                              0.285821   data arrival time

                      0.150000    0.000000    0.000000   clock clk (rise edge)
                                  0.000000    0.000000   clock network delay (ideal)
                                  0.250000    0.250000   clock uncertainty
                                  0.000000    0.250000   clock reconvergence pessimism
                                              0.250000 ^ u_mac_1.temp_res[6]$_SDFF_PP0_/CLK (sg13g2_dfrbpq_1)
                                 -0.000339    0.249661   library hold time
                                              0.249661   data required time
---------------------------------------------------------------------------------------------
                                              0.249661   data required time
                                             -0.285821   data arrival time
---------------------------------------------------------------------------------------------
                                              0.036160   slack (MET)


Startpoint: u_ctrl.state[1]$_DFF_P_
            (rising edge-triggered flip-flop clocked by clk)
Endpoint: u_ctrl.state[2]$_DFF_P_
          (rising edge-triggered flip-flop clocked by clk)
Path Group: clk
Path Type: min

Fanout         Cap        Slew       Delay        Time   Description
---------------------------------------------------------------------------------------------
                      0.150000    0.000000    0.000000   clock clk (rise edge)
                                  0.000000    0.000000   clock network delay (ideal)
                      0.150000    0.000000    0.000000 ^ u_ctrl.state[1]$_DFF_P_/CLK (sg13g2_dfrbpq_1)
     4    0.012307    0.032225    0.166867    0.166867 v u_ctrl.state[1]$_DFF_P_/Q (sg13g2_dfrbpq_1)
                                                         u_ctrl.state[1] (net)
                      0.032225    0.000000    0.166867 v _5399_/A (sg13g2_inv_1)
     1    0.003739    0.018990    0.022860    0.189726 ^ _5399_/Y (sg13g2_inv_1)
                                                         _2414_ (net)
                      0.018990    0.000000    0.189726 ^ _5450_/A1 (sg13g2_o21ai_1)
     1    0.002937    0.022509    0.039635    0.229362 v _5450_/Y (sg13g2_o21ai_1)
                                                         _2462_ (net)
                      0.022509    0.000000    0.229362 v _5451_/C1 (sg13g2_a221oi_1)
     1    0.003191    0.036293    0.037270    0.266632 ^ _5451_/Y (sg13g2_a221oi_1)
                                                         _2463_ (net)
                      0.036293    0.000000    0.266632 ^ _5452_/B (sg13g2_nor2_1)
     1    0.001523    0.013151    0.020674    0.287306 v _5452_/Y (sg13g2_nor2_1)
                                                         _0003_ (net)
                      0.013151    0.000000    0.287306 v u_ctrl.state[2]$_DFF_P_/D (sg13g2_dfrbpq_1)
                                              0.287306   data arrival time

                      0.150000    0.000000    0.000000   clock clk (rise edge)
                                  0.000000    0.000000   clock network delay (ideal)
                                  0.250000    0.250000   clock uncertainty
                                  0.000000    0.250000   clock reconvergence pessimism
                                              0.250000 ^ u_ctrl.state[2]$_DFF_P_/CLK (sg13g2_dfrbpq_1)
                                  0.000167    0.250167   library hold time
                                              0.250167   data required time
---------------------------------------------------------------------------------------------
                                              0.250167   data required time
                                             -0.287306   data arrival time
---------------------------------------------------------------------------------------------
                                              0.037139   slack (MET)


Startpoint: u_ctrl.input_cnt[3]$_SDFFE_PP0P_
            (rising edge-triggered flip-flop clocked by clk)
Endpoint: u_ctrl.input_cnt[3]$_SDFFE_PP0P_
          (rising edge-triggered flip-flop clocked by clk)
Path Group: clk
Path Type: min

Fanout         Cap        Slew       Delay        Time   Description
---------------------------------------------------------------------------------------------
                      0.150000    0.000000    0.000000   clock clk (rise edge)
                                  0.000000    0.000000   clock network delay (ideal)
                      0.150000    0.000000    0.000000 ^ u_ctrl.input_cnt[3]$_SDFFE_PP0P_/CLK (sg13g2_dfrbpq_1)
    10    0.031060    0.069589    0.196640    0.196640 v u_ctrl.input_cnt[3]$_SDFFE_PP0P_/Q (sg13g2_dfrbpq_1)
                                                         u_ctrl.input_cnt[3] (net)
                      0.069589    0.000000    0.196640 v _5656_/A1 (sg13g2_o21ai_1)
     1    0.003191    0.037349    0.070005    0.266645 ^ _5656_/Y (sg13g2_o21ai_1)
                                                         _0425_ (net)
                      0.037349    0.000000    0.266645 ^ _5657_/B (sg13g2_nor2_1)
     1    0.001523    0.013335    0.020872    0.287518 v _5657_/Y (sg13g2_nor2_1)
                                                         _0034_ (net)
                      0.013335    0.000000    0.287518 v u_ctrl.input_cnt[3]$_SDFFE_PP0P_/D (sg13g2_dfrbpq_1)
                                              0.287518   data arrival time

                      0.150000    0.000000    0.000000   clock clk (rise edge)
                                  0.000000    0.000000   clock network delay (ideal)
                                  0.250000    0.250000   clock uncertainty
                                  0.000000    0.250000   clock reconvergence pessimism
                                              0.250000 ^ u_ctrl.input_cnt[3]$_SDFFE_PP0P_/CLK (sg13g2_dfrbpq_1)
                                  0.000124    0.250124   library hold time
                                              0.250124   data required time
---------------------------------------------------------------------------------------------
                                              0.250124   data required time
                                             -0.287518   data arrival time
---------------------------------------------------------------------------------------------
                                              0.037394   slack (MET)


Startpoint: u_mac_3.temp_res[9]$_SDFF_PP0_
            (rising edge-triggered flip-flop clocked by clk)
Endpoint: u_mac_3.temp_res[9]$_SDFF_PP0_
          (rising edge-triggered flip-flop clocked by clk)
Path Group: clk
Path Type: min

Fanout         Cap        Slew       Delay        Time   Description
---------------------------------------------------------------------------------------------
                      0.150000    0.000000    0.000000   clock clk (rise edge)
                                  0.000000    0.000000   clock network delay (ideal)
                      0.150000    0.000000    0.000000 ^ u_mac_3.temp_res[9]$_SDFF_PP0_/CLK (sg13g2_dfrbpq_1)
     4    0.015855    0.039178    0.172730    0.172730 v u_mac_3.temp_res[9]$_SDFF_PP0_/Q (sg13g2_dfrbpq_1)
                                                         u_mac_3.temp_res[9] (net)
                      0.039178    0.000000    0.172730 v _4971_/A (sg13g2_xnor2_1)
     1    0.005424    0.033354    0.054202    0.226932 v _4971_/Y (sg13g2_xnor2_1)
                                                         _2005_ (net)
                      0.033354    0.000000    0.226932 v _4972_/B (sg13g2_xnor2_1)
     1    0.003191    0.019953    0.044834    0.271766 ^ _4972_/Y (sg13g2_xnor2_1)
                                                         _2006_ (net)
                      0.019953    0.000000    0.271766 ^ _4973_/B (sg13g2_nor2_1)
     1    0.001523    0.010302    0.017604    0.289369 v _4973_/Y (sg13g2_nor2_1)
                                                         _0357_ (net)
                      0.010302    0.000000    0.289369 v u_mac_3.temp_res[9]$_SDFF_PP0_/D (sg13g2_dfrbpq_1)
                                              0.289369   data arrival time

                      0.150000    0.000000    0.000000   clock clk (rise edge)
                                  0.000000    0.000000   clock network delay (ideal)
                                  0.250000    0.250000   clock uncertainty
                                  0.000000    0.250000   clock reconvergence pessimism
                                              0.250000 ^ u_mac_3.temp_res[9]$_SDFF_PP0_/CLK (sg13g2_dfrbpq_1)
                                  0.000834    0.250834   library hold time
                                              0.250834   data required time
---------------------------------------------------------------------------------------------
                                              0.250834   data required time
                                             -0.289369   data arrival time
---------------------------------------------------------------------------------------------
                                              0.038535   slack (MET)


Startpoint: u_ctrl.state[1]$_DFF_P_
            (rising edge-triggered flip-flop clocked by clk)
Endpoint: u_ctrl.col_j[1]$_SDFFE_PP0P_
          (rising edge-triggered flip-flop clocked by clk)
Path Group: clk
Path Type: min

Fanout         Cap        Slew       Delay        Time   Description
---------------------------------------------------------------------------------------------
                      0.150000    0.000000    0.000000   clock clk (rise edge)
                                  0.000000    0.000000   clock network delay (ideal)
                      0.150000    0.000000    0.000000 ^ u_ctrl.state[1]$_DFF_P_/CLK (sg13g2_dfrbpq_1)
     4    0.012307    0.032225    0.166867    0.166867 v u_ctrl.state[1]$_DFF_P_/Q (sg13g2_dfrbpq_1)
                                                         u_ctrl.state[1] (net)
                      0.032225    0.000000    0.166867 v _5455_/A (sg13g2_and2_1)
     3    0.011357    0.031033    0.061387    0.228253 v _5455_/X (sg13g2_and2_1)
                                                         _2465_ (net)
                      0.031033    0.000000    0.228253 v _5647_/B (sg13g2_xnor2_1)
     1    0.003191    0.020436    0.044169    0.272423 ^ _5647_/Y (sg13g2_xnor2_1)
                                                         _0421_ (net)
                      0.020436    0.000000    0.272423 ^ _5648_/B (sg13g2_nor2_1)
     1    0.001523    0.010387    0.017694    0.290117 v _5648_/Y (sg13g2_nor2_1)
                                                         _0029_ (net)
                      0.010387    0.000000    0.290117 v u_ctrl.col_j[1]$_SDFFE_PP0P_/D (sg13g2_dfrbpq_1)
                                              0.290117   data arrival time

                      0.150000    0.000000    0.000000   clock clk (rise edge)
                                  0.000000    0.000000   clock network delay (ideal)
                                  0.250000    0.250000   clock uncertainty
                                  0.000000    0.250000   clock reconvergence pessimism
                                              0.250000 ^ u_ctrl.col_j[1]$_SDFFE_PP0P_/CLK (sg13g2_dfrbpq_1)
                                  0.000814    0.250814   library hold time
                                              0.250814   data required time
---------------------------------------------------------------------------------------------
                                              0.250814   data required time
                                             -0.290117   data arrival time
---------------------------------------------------------------------------------------------
                                              0.039302   slack (MET)


Startpoint: u_mac_3.temp_res[1]$_SDFF_PP0_
            (rising edge-triggered flip-flop clocked by clk)
Endpoint: u_mac_3.temp_res[2]$_SDFF_PP0_
          (rising edge-triggered flip-flop clocked by clk)
Path Group: clk
Path Type: min

Fanout         Cap        Slew       Delay        Time   Description
---------------------------------------------------------------------------------------------
                      0.150000    0.000000    0.000000   clock clk (rise edge)
                                  0.000000    0.000000   clock network delay (ideal)
                      0.150000    0.000000    0.000000 ^ u_mac_3.temp_res[1]$_SDFF_PP0_/CLK (sg13g2_dfrbpq_1)
     3    0.012298    0.032207    0.166852    0.166852 v u_mac_3.temp_res[1]$_SDFF_PP0_/Q (sg13g2_dfrbpq_1)
                                                         u_mac_3.temp_res[1] (net)
                      0.032207    0.000000    0.166852 v _4855_/A (sg13g2_nand2_1)
     2    0.005945    0.025672    0.029126    0.195978 ^ _4855_/Y (sg13g2_nand2_1)
                                                         _1905_ (net)
                      0.025672    0.000000    0.195978 ^ _4957_/A (sg13g2_nand3_1)
     1    0.002653    0.034068    0.040803    0.236781 v _4957_/Y (sg13g2_nand3_1)
                                                         _1998_ (net)
                      0.034068    0.000000    0.236781 v _4958_/C (sg13g2_and3_1)
     1    0.001523    0.011953    0.054830    0.291611 v _4958_/X (sg13g2_and3_1)
                                                         _0350_ (net)
                      0.011953    0.000000    0.291611 v u_mac_3.temp_res[2]$_SDFF_PP0_/D (sg13g2_dfrbpq_1)
                                              0.291611   data arrival time

                      0.150000    0.000000    0.000000   clock clk (rise edge)
                                  0.000000    0.000000   clock network delay (ideal)
                                  0.250000    0.250000   clock uncertainty
                                  0.000000    0.250000   clock reconvergence pessimism
                                              0.250000 ^ u_mac_3.temp_res[2]$_SDFF_PP0_/CLK (sg13g2_dfrbpq_1)
                                  0.000448    0.250448   library hold time
                                              0.250448   data required time
---------------------------------------------------------------------------------------------
                                              0.250448   data required time
                                             -0.291611   data arrival time
---------------------------------------------------------------------------------------------
                                              0.041163   slack (MET)


Startpoint: u_mac_2.temp_res[1]$_SDFF_PP0_
            (rising edge-triggered flip-flop clocked by clk)
Endpoint: u_mac_2.temp_res[2]$_SDFF_PP0_
          (rising edge-triggered flip-flop clocked by clk)
Path Group: clk
Path Type: min

Fanout         Cap        Slew       Delay        Time   Description
---------------------------------------------------------------------------------------------
                      0.150000    0.000000    0.000000   clock clk (rise edge)
                                  0.000000    0.000000   clock network delay (ideal)
                      0.150000    0.000000    0.000000 ^ u_mac_2.temp_res[1]$_SDFF_PP0_/CLK (sg13g2_dfrbpq_1)
     3    0.012439    0.032482    0.167084    0.167084 v u_mac_2.temp_res[1]$_SDFF_PP0_/Q (sg13g2_dfrbpq_1)
                                                         u_mac_2.temp_res[1] (net)
                      0.032482    0.000000    0.167084 v _4446_/A (sg13g2_nand2_1)
     2    0.005945    0.025724    0.029190    0.196274 ^ _4446_/Y (sg13g2_nand2_1)
                                                         _1514_ (net)
                      0.025724    0.000000    0.196274 ^ _4550_/A (sg13g2_nand3_1)
     1    0.002653    0.034067    0.040817    0.237091 v _4550_/Y (sg13g2_nand3_1)
                                                         _1609_ (net)
                      0.034067    0.000000    0.237091 v _4551_/C (sg13g2_and3_1)
     1    0.001523    0.011927    0.054830    0.291920 v _4551_/X (sg13g2_and3_1)
                                                         _0332_ (net)
                      0.011927    0.000000    0.291920 v u_mac_2.temp_res[2]$_SDFF_PP0_/D (sg13g2_dfrbpq_1)
                                              0.291920   data arrival time

                      0.150000    0.000000    0.000000   clock clk (rise edge)
                                  0.000000    0.000000   clock network delay (ideal)
                                  0.250000    0.250000   clock uncertainty
                                  0.000000    0.250000   clock reconvergence pessimism
                                              0.250000 ^ u_mac_2.temp_res[2]$_SDFF_PP0_/CLK (sg13g2_dfrbpq_1)
                                  0.000454    0.250454   library hold time
                                              0.250454   data required time
---------------------------------------------------------------------------------------------
                                              0.250454   data required time
                                             -0.291920   data arrival time
---------------------------------------------------------------------------------------------
                                              0.041466   slack (MET)


Startpoint: u_mac_1.temp_res[2]$_SDFF_PP0_
            (rising edge-triggered flip-flop clocked by clk)
Endpoint: u_mac_1.temp_res[3]$_SDFF_PP0_
          (rising edge-triggered flip-flop clocked by clk)
Path Group: clk
Path Type: min

Fanout         Cap        Slew       Delay        Time   Description
---------------------------------------------------------------------------------------------
                      0.150000    0.000000    0.000000   clock clk (rise edge)
                                  0.000000    0.000000   clock network delay (ideal)
                      0.150000    0.000000    0.000000 ^ u_mac_1.temp_res[2]$_SDFF_PP0_/CLK (sg13g2_dfrbpq_1)
     3    0.012789    0.033169    0.167663    0.167663 v u_mac_1.temp_res[2]$_SDFF_PP0_/Q (sg13g2_dfrbpq_1)
                                                         u_mac_1.temp_res[2] (net)
                      0.033169    0.000000    0.167663 v _4036_/B (sg13g2_nand2b_1)
     2    0.005945    0.024574    0.032574    0.200237 ^ _4036_/Y (sg13g2_nand2b_1)
                                                         _1122_ (net)
                      0.024574    0.000000    0.200237 ^ _4148_/A (sg13g2_nand3_1)
     1    0.002653    0.034070    0.040513    0.240750 v _4148_/Y (sg13g2_nand3_1)
                                                         _1224_ (net)
                      0.034070    0.000000    0.240750 v _4149_/C (sg13g2_and3_1)
     1    0.001523    0.011954    0.054831    0.295581 v _4149_/X (sg13g2_and3_1)
                                                         _0315_ (net)
                      0.011954    0.000000    0.295581 v u_mac_1.temp_res[3]$_SDFF_PP0_/D (sg13g2_dfrbpq_1)
                                              0.295581   data arrival time

                      0.150000    0.000000    0.000000   clock clk (rise edge)
                                  0.000000    0.000000   clock network delay (ideal)
                                  0.250000    0.250000   clock uncertainty
                                  0.000000    0.250000   clock reconvergence pessimism
                                              0.250000 ^ u_mac_1.temp_res[3]$_SDFF_PP0_/CLK (sg13g2_dfrbpq_1)
                                  0.000448    0.250448   library hold time
                                              0.250448   data required time
---------------------------------------------------------------------------------------------
                                              0.250448   data required time
                                             -0.295581   data arrival time
---------------------------------------------------------------------------------------------
                                              0.045134   slack (MET)


Startpoint: u_mac_3.temp_res[7]$_SDFF_PP0_
            (rising edge-triggered flip-flop clocked by clk)
Endpoint: u_mac_3.temp_res[8]$_SDFF_PP0_
          (rising edge-triggered flip-flop clocked by clk)
Path Group: clk
Path Type: min

Fanout         Cap        Slew       Delay        Time   Description
---------------------------------------------------------------------------------------------
                      0.150000    0.000000    0.000000   clock clk (rise edge)
                                  0.000000    0.000000   clock network delay (ideal)
                      0.150000    0.000000    0.000000 ^ u_mac_3.temp_res[7]$_SDFF_PP0_/CLK (sg13g2_dfrbpq_1)
     3    0.012298    0.032207    0.166852    0.166852 v u_mac_3.temp_res[7]$_SDFF_PP0_/Q (sg13g2_dfrbpq_1)
                                                         u_mac_3.temp_res[7] (net)
                      0.032207    0.000000    0.166852 v _4844_/A (sg13g2_nand2_1)
     1    0.003500    0.019638    0.024084    0.190936 ^ _4844_/Y (sg13g2_nand2_1)
                                                         _1894_ (net)
                      0.019638    0.000000    0.190936 ^ _4873_/B1 (sg13g2_o21ai_1)
     3    0.008625    0.043760    0.045242    0.236178 v _4873_/Y (sg13g2_o21ai_1)
                                                         _1923_ (net)
                      0.043760    0.000000    0.236178 v _4969_/A (sg13g2_nor2b_1)
     1    0.003189    0.029441    0.038467    0.274645 ^ _4969_/Y (sg13g2_nor2b_1)
                                                         _2004_ (net)
                      0.029441    0.000000    0.274645 ^ _4970_/C (sg13g2_nor3_1)
     1    0.001523    0.013160    0.021147    0.295792 v _4970_/Y (sg13g2_nor3_1)
                                                         _0356_ (net)
                      0.013160    0.000000    0.295792 v u_mac_3.temp_res[8]$_SDFF_PP0_/D (sg13g2_dfrbpq_1)
                                              0.295792   data arrival time

                      0.150000    0.000000    0.000000   clock clk (rise edge)
                                  0.000000    0.000000   clock network delay (ideal)
                                  0.250000    0.250000   clock uncertainty
                                  0.000000    0.250000   clock reconvergence pessimism
                                              0.250000 ^ u_mac_3.temp_res[8]$_SDFF_PP0_/CLK (sg13g2_dfrbpq_1)
                                  0.000165    0.250165   library hold time
                                              0.250165   data required time
---------------------------------------------------------------------------------------------
                                              0.250165   data required time
                                             -0.295792   data arrival time
---------------------------------------------------------------------------------------------
                                              0.045627   slack (MET)


Startpoint: u_mac_1.temp_res[7]$_SDFF_PP0_
            (rising edge-triggered flip-flop clocked by clk)
Endpoint: u_mac_1.temp_res[8]$_SDFF_PP0_
          (rising edge-triggered flip-flop clocked by clk)
Path Group: clk
Path Type: min

Fanout         Cap        Slew       Delay        Time   Description
---------------------------------------------------------------------------------------------
                      0.150000    0.000000    0.000000   clock clk (rise edge)
                                  0.000000    0.000000   clock network delay (ideal)
                      0.150000    0.000000    0.000000 ^ u_mac_1.temp_res[7]$_SDFF_PP0_/CLK (sg13g2_dfrbpq_1)
     3    0.012965    0.040913    0.171462    0.171462 ^ u_mac_1.temp_res[7]$_SDFF_PP0_/Q (sg13g2_dfrbpq_1)
                                                         u_mac_1.temp_res[7] (net)
                      0.040913    0.000000    0.171462 ^ _4025_/A (sg13g2_nand2_1)
     1    0.003341    0.027187    0.034615    0.206077 v _4025_/Y (sg13g2_nand2_1)
                                                         _1111_ (net)
                      0.027187    0.000000    0.206077 v _4054_/B1 (sg13g2_o21ai_1)
     4    0.013124    0.050973    0.050513    0.256590 ^ _4054_/Y (sg13g2_o21ai_1)
                                                         _1140_ (net)
                      0.050973    0.000000    0.256590 ^ _4159_/A1 (sg13g2_a21oi_1)
     1    0.001523    0.015499    0.040456    0.297046 v _4159_/Y (sg13g2_a21oi_1)
                                                         _0320_ (net)
                      0.015499    0.000000    0.297046 v u_mac_1.temp_res[8]$_SDFF_PP0_/D (sg13g2_dfrbpq_1)
                                              0.297046   data arrival time

                      0.150000    0.000000    0.000000   clock clk (rise edge)
                                  0.000000    0.000000   clock network delay (ideal)
                                  0.250000    0.250000   clock uncertainty
                                  0.000000    0.250000   clock reconvergence pessimism
                                              0.250000 ^ u_mac_1.temp_res[8]$_SDFF_PP0_/CLK (sg13g2_dfrbpq_1)
                                 -0.000383    0.249617   library hold time
                                              0.249617   data required time
---------------------------------------------------------------------------------------------
                                              0.249617   data required time
                                             -0.297046   data arrival time
---------------------------------------------------------------------------------------------
                                              0.047428   slack (MET)


Startpoint: u_mac_4.temp_res[13]$_SDFF_PP0_
            (rising edge-triggered flip-flop clocked by clk)
Endpoint: u_mac_4.temp_res[14]$_SDFF_PP0_
          (rising edge-triggered flip-flop clocked by clk)
Path Group: clk
Path Type: min

Fanout         Cap        Slew       Delay        Time   Description
---------------------------------------------------------------------------------------------
                      0.150000    0.000000    0.000000   clock clk (rise edge)
                                  0.000000    0.000000   clock network delay (ideal)
                      0.150000    0.000000    0.000000 ^ u_mac_4.temp_res[13]$_SDFF_PP0_/CLK (sg13g2_dfrbpq_1)
     3    0.008953    0.025649    0.161321    0.161321 v u_mac_4.temp_res[13]$_SDFF_PP0_/Q (sg13g2_dfrbpq_1)
                                                         u_mac_4.temp_res[13] (net)
                      0.025649    0.000000    0.161321 v _5352_/A (sg13g2_nand2_1)
     4    0.011791    0.038850    0.039128    0.200450 ^ _5352_/Y (sg13g2_nand2_1)
                                                         _2381_ (net)
                      0.038850    0.000000    0.200450 ^ _5362_/A (sg13g2_and3_1)
     1    0.003211    0.022507    0.074451    0.274900 ^ _5362_/X (sg13g2_and3_1)
                                                         _2390_ (net)
                      0.022507    0.000000    0.274900 ^ _5365_/B (sg13g2_nor3_1)
     1    0.001523    0.014431    0.022697    0.297597 v _5365_/Y (sg13g2_nor3_1)
                                                         _0363_ (net)
                      0.014431    0.000000    0.297597 v u_mac_4.temp_res[14]$_SDFF_PP0_/D (sg13g2_dfrbpq_1)
                                              0.297597   data arrival time

                      0.150000    0.000000    0.000000   clock clk (rise edge)
                                  0.000000    0.000000   clock network delay (ideal)
                                  0.250000    0.250000   clock uncertainty
                                  0.000000    0.250000   clock reconvergence pessimism
                                              0.250000 ^ u_mac_4.temp_res[14]$_SDFF_PP0_/CLK (sg13g2_dfrbpq_1)
                                 -0.000132    0.249868   library hold time
                                              0.249868   data required time
---------------------------------------------------------------------------------------------
                                              0.249868   data required time
                                             -0.297597   data arrival time
---------------------------------------------------------------------------------------------
                                              0.047729   slack (MET)


Startpoint: u_mac_2.temp_res[9]$_SDFF_PP0_
            (rising edge-triggered flip-flop clocked by clk)
Endpoint: u_mac_2.temp_res[9]$_SDFF_PP0_
          (rising edge-triggered flip-flop clocked by clk)
Path Group: clk
Path Type: min

Fanout         Cap        Slew       Delay        Time   Description
---------------------------------------------------------------------------------------------
                      0.150000    0.000000    0.000000   clock clk (rise edge)
                                  0.000000    0.000000   clock network delay (ideal)
                      0.150000    0.000000    0.000000 ^ u_mac_2.temp_res[9]$_SDFF_PP0_/CLK (sg13g2_dfrbpq_1)
     4    0.012155    0.038931    0.169932    0.169932 ^ u_mac_2.temp_res[9]$_SDFF_PP0_/Q (sg13g2_dfrbpq_1)
                                                         u_mac_2.temp_res[9] (net)
                      0.038931    0.000000    0.169932 ^ _4427_/A (sg13g2_nand2_1)
     3    0.009476    0.047357    0.053538    0.223470 v _4427_/Y (sg13g2_nand2_1)
                                                         _1495_ (net)
                      0.047357    0.000000    0.223470 v _4565_/A2 (sg13g2_a21oi_1)
     1    0.003192    0.027773    0.053112    0.276582 ^ _4565_/Y (sg13g2_a21oi_1)
                                                         _1617_ (net)
                      0.027773    0.000000    0.276582 ^ _4567_/A (sg13g2_nor2_1)
     1    0.001523    0.010680    0.022271    0.298853 v _4567_/Y (sg13g2_nor2_1)
                                                         _0339_ (net)
                      0.010680    0.000000    0.298853 v u_mac_2.temp_res[9]$_SDFF_PP0_/D (sg13g2_dfrbpq_1)
                                              0.298853   data arrival time

                      0.150000    0.000000    0.000000   clock clk (rise edge)
                                  0.000000    0.000000   clock network delay (ideal)
                                  0.250000    0.250000   clock uncertainty
                                  0.000000    0.250000   clock reconvergence pessimism
                                              0.250000 ^ u_mac_2.temp_res[9]$_SDFF_PP0_/CLK (sg13g2_dfrbpq_1)
                                  0.000746    0.250746   library hold time
                                              0.250746   data required time
---------------------------------------------------------------------------------------------
                                              0.250746   data required time
                                             -0.298853   data arrival time
---------------------------------------------------------------------------------------------
                                              0.048107   slack (MET)


Startpoint: u_mac_4.temp_res[6]$_SDFF_PP0_
            (rising edge-triggered flip-flop clocked by clk)
Endpoint: u_mac_4.temp_res[7]$_SDFF_PP0_
          (rising edge-triggered flip-flop clocked by clk)
Path Group: clk
Path Type: min

Fanout         Cap        Slew       Delay        Time   Description
---------------------------------------------------------------------------------------------
                      0.150000    0.000000    0.000000   clock clk (rise edge)
                                  0.000000    0.000000   clock network delay (ideal)
                      0.150000    0.000000    0.000000 ^ u_mac_4.temp_res[6]$_SDFF_PP0_/CLK (sg13g2_dfrbpq_1)
     3    0.012385    0.032377    0.166995    0.166995 v u_mac_4.temp_res[6]$_SDFF_PP0_/Q (sg13g2_dfrbpq_1)
                                                         u_mac_4.temp_res[6] (net)
                      0.032377    0.000000    0.166995 v _5264_/A (sg13g2_and2_1)
     1    0.002979    0.014481    0.047252    0.214247 v _5264_/X (sg13g2_and2_1)
                                                         _2296_ (net)
                      0.014481    0.000000    0.214247 v _5290_/B1 (sg13g2_a21oi_1)
     3    0.010626    0.050488    0.046282    0.260530 ^ _5290_/Y (sg13g2_a21oi_1)
                                                         _2322_ (net)
                      0.050488    0.000000    0.260530 ^ _5388_/A1 (sg13g2_a21oi_1)
     1    0.001523    0.015046    0.040317    0.300847 v _5388_/Y (sg13g2_a21oi_1)
                                                         _0373_ (net)
                      0.015046    0.000000    0.300847 v u_mac_4.temp_res[7]$_SDFF_PP0_/D (sg13g2_dfrbpq_1)
                                              0.300847   data arrival time

                      0.150000    0.000000    0.000000   clock clk (rise edge)
                                  0.000000    0.000000   clock network delay (ideal)
                                  0.250000    0.250000   clock uncertainty
                                  0.000000    0.250000   clock reconvergence pessimism
                                              0.250000 ^ u_mac_4.temp_res[7]$_SDFF_PP0_/CLK (sg13g2_dfrbpq_1)
                                 -0.000277    0.249723   library hold time
                                              0.249723   data required time
---------------------------------------------------------------------------------------------
                                              0.249723   data required time
                                             -0.300847   data arrival time
---------------------------------------------------------------------------------------------
                                              0.051123   slack (MET)


Startpoint: u_mac_4.temp_res[11]$_SDFF_PP0_
            (rising edge-triggered flip-flop clocked by clk)
Endpoint: u_mac_4.temp_res[11]$_SDFF_PP0_
          (rising edge-triggered flip-flop clocked by clk)
Path Group: clk
Path Type: min

Fanout         Cap        Slew       Delay        Time   Description
---------------------------------------------------------------------------------------------
                      0.150000    0.000000    0.000000   clock clk (rise edge)
                                  0.000000    0.000000   clock network delay (ideal)
                      0.150000    0.000000    0.000000 ^ u_mac_4.temp_res[11]$_SDFF_PP0_/CLK (sg13g2_dfrbpq_1)
     4    0.015590    0.038660    0.172293    0.172293 v u_mac_4.temp_res[11]$_SDFF_PP0_/Q (sg13g2_dfrbpq_1)
                                                         u_mac_4.temp_res[11] (net)
                      0.038660    0.000000    0.172293 v _5322_/A (sg13g2_xnor2_1)
     1    0.006227    0.036362    0.056513    0.228806 v _5322_/Y (sg13g2_xnor2_1)
                                                         _2353_ (net)
                      0.036362    0.000000    0.228806 v _5324_/A (sg13g2_xor2_1)
     1    0.003191    0.030745    0.053144    0.281951 ^ _5324_/X (sg13g2_xor2_1)
                                                         _2355_ (net)
                      0.030745    0.000000    0.281951 ^ _5325_/B (sg13g2_nor2_1)
     1    0.001523    0.012184    0.019631    0.301582 v _5325_/Y (sg13g2_nor2_1)
                                                         _0360_ (net)
                      0.012184    0.000000    0.301582 v u_mac_4.temp_res[11]$_SDFF_PP0_/D (sg13g2_dfrbpq_1)
                                              0.301582   data arrival time

                      0.150000    0.000000    0.000000   clock clk (rise edge)
                                  0.000000    0.000000   clock network delay (ideal)
                                  0.250000    0.250000   clock uncertainty
                                  0.000000    0.250000   clock reconvergence pessimism
                                              0.250000 ^ u_mac_4.temp_res[11]$_SDFF_PP0_/CLK (sg13g2_dfrbpq_1)
                                  0.000394    0.250394   library hold time
                                              0.250394   data required time
---------------------------------------------------------------------------------------------
                                              0.250394   data required time
                                             -0.301582   data arrival time
---------------------------------------------------------------------------------------------
                                              0.051188   slack (MET)


Startpoint: u_mac_4.temp_res[13]$_SDFF_PP0_
            (rising edge-triggered flip-flop clocked by clk)
Endpoint: u_mac_4.temp_res[13]$_SDFF_PP0_
          (rising edge-triggered flip-flop clocked by clk)
Path Group: clk
Path Type: min

Fanout         Cap        Slew       Delay        Time   Description
---------------------------------------------------------------------------------------------
                      0.150000    0.000000    0.000000   clock clk (rise edge)
                                  0.000000    0.000000   clock network delay (ideal)
                      0.150000    0.000000    0.000000 ^ u_mac_4.temp_res[13]$_SDFF_PP0_/CLK (sg13g2_dfrbpq_1)
     3    0.008953    0.025649    0.161321    0.161321 v u_mac_4.temp_res[13]$_SDFF_PP0_/Q (sg13g2_dfrbpq_1)
                                                         u_mac_4.temp_res[13] (net)
                      0.025649    0.000000    0.161321 v _5352_/A (sg13g2_nand2_1)
     4    0.011791    0.038850    0.039128    0.200450 ^ _5352_/Y (sg13g2_nand2_1)
                                                         _2381_ (net)
                      0.038850    0.000000    0.200450 ^ _5354_/A (sg13g2_nand2_1)
     1    0.005424    0.031119    0.040709    0.241158 v _5354_/Y (sg13g2_nand2_1)
                                                         _2383_ (net)
                      0.031119    0.000000    0.241158 v _5356_/B (sg13g2_xnor2_1)
     1    0.003191    0.019943    0.044194    0.285352 ^ _5356_/Y (sg13g2_xnor2_1)
                                                         _2385_ (net)
                      0.019943    0.000000    0.285352 ^ _5357_/B (sg13g2_nor2_1)
     1    0.001523    0.010301    0.017602    0.302954 v _5357_/Y (sg13g2_nor2_1)
                                                         _0362_ (net)
                      0.010301    0.000000    0.302954 v u_mac_4.temp_res[13]$_SDFF_PP0_/D (sg13g2_dfrbpq_1)
                                              0.302954   data arrival time

                      0.150000    0.000000    0.000000   clock clk (rise edge)
                                  0.000000    0.000000   clock network delay (ideal)
                                  0.250000    0.250000   clock uncertainty
                                  0.000000    0.250000   clock reconvergence pessimism
                                              0.250000 ^ u_mac_4.temp_res[13]$_SDFF_PP0_/CLK (sg13g2_dfrbpq_1)
                                  0.000835    0.250835   library hold time
                                              0.250835   data required time
---------------------------------------------------------------------------------------------
                                              0.250835   data required time
                                             -0.302954   data arrival time
---------------------------------------------------------------------------------------------
                                              0.052119   slack (MET)


Startpoint: u_mac_2.temp_res[11]$_SDFF_PP0_
            (rising edge-triggered flip-flop clocked by clk)
Endpoint: u_mac_2.temp_res[11]$_SDFF_PP0_
          (rising edge-triggered flip-flop clocked by clk)
Path Group: clk
Path Type: min

Fanout         Cap        Slew       Delay        Time   Description
---------------------------------------------------------------------------------------------
                      0.150000    0.000000    0.000000   clock clk (rise edge)
                                  0.000000    0.000000   clock network delay (ideal)
                      0.150000    0.000000    0.000000 ^ u_mac_2.temp_res[11]$_SDFF_PP0_/CLK (sg13g2_dfrbpq_1)
     5    0.019054    0.045449    0.178018    0.178018 v u_mac_2.temp_res[11]$_SDFF_PP0_/Q (sg13g2_dfrbpq_1)
                                                         u_mac_2.temp_res[11] (net)
                      0.045449    0.000000    0.178018 v _4497_/A (sg13g2_xnor2_1)
     1    0.006117    0.035994    0.058125    0.236143 v _4497_/Y (sg13g2_xnor2_1)
                                                         _1564_ (net)
                      0.035994    0.000000    0.236143 v _4499_/A (sg13g2_xnor2_1)
     1    0.003191    0.019814    0.049625    0.285768 ^ _4499_/Y (sg13g2_xnor2_1)
                                                         _1566_ (net)
                      0.019814    0.000000    0.285768 ^ _4500_/B (sg13g2_nor2_1)
     1    0.001523    0.010278    0.017577    0.303345 v _4500_/Y (sg13g2_nor2_1)
                                                         _0324_ (net)
                      0.010278    0.000000    0.303345 v u_mac_2.temp_res[11]$_SDFF_PP0_/D (sg13g2_dfrbpq_1)
                                              0.303345   data arrival time

                      0.150000    0.000000    0.000000   clock clk (rise edge)
                                  0.000000    0.000000   clock network delay (ideal)
                                  0.250000    0.250000   clock uncertainty
                                  0.000000    0.250000   clock reconvergence pessimism
                                              0.250000 ^ u_mac_2.temp_res[11]$_SDFF_PP0_/CLK (sg13g2_dfrbpq_1)
                                  0.000840    0.250840   library hold time
                                              0.250840   data required time
---------------------------------------------------------------------------------------------
                                              0.250840   data required time
                                             -0.303345   data arrival time
---------------------------------------------------------------------------------------------
                                              0.052506   slack (MET)


Startpoint: u_mac_3.temp_res[5]$_SDFF_PP0_
            (rising edge-triggered flip-flop clocked by clk)
Endpoint: u_mac_3.temp_res[6]$_SDFF_PP0_
          (rising edge-triggered flip-flop clocked by clk)
Path Group: clk
Path Type: min

Fanout         Cap        Slew       Delay        Time   Description
---------------------------------------------------------------------------------------------
                      0.150000    0.000000    0.000000   clock clk (rise edge)
                                  0.000000    0.000000   clock network delay (ideal)
                      0.150000    0.000000    0.000000 ^ u_mac_3.temp_res[5]$_SDFF_PP0_/CLK (sg13g2_dfrbpq_1)
     3    0.012511    0.032623    0.167203    0.167203 v u_mac_3.temp_res[5]$_SDFF_PP0_/Q (sg13g2_dfrbpq_1)
                                                         u_mac_3.temp_res[5] (net)
                      0.032623    0.000000    0.167203 v _4867_/A1 (sg13g2_a21o_1)
     3    0.008757    0.026947    0.080085    0.247288 v _4867_/X (sg13g2_a21o_1)
                                                         _1917_ (net)
                      0.026947    0.000000    0.247288 v _4965_/A (sg13g2_nor2b_1)
     1    0.003189    0.029437    0.034738    0.282027 ^ _4965_/Y (sg13g2_nor2b_1)
                                                         _2002_ (net)
                      0.029437    0.000000    0.282027 ^ _4966_/C (sg13g2_nor3_1)
     1    0.001523    0.013159    0.021146    0.303173 v _4966_/Y (sg13g2_nor3_1)
                                                         _0354_ (net)
                      0.013159    0.000000    0.303173 v u_mac_3.temp_res[6]$_SDFF_PP0_/D (sg13g2_dfrbpq_1)
                                              0.303173   data arrival time

                      0.150000    0.000000    0.000000   clock clk (rise edge)
                                  0.000000    0.000000   clock network delay (ideal)
                                  0.250000    0.250000   clock uncertainty
                                  0.000000    0.250000   clock reconvergence pessimism
                                              0.250000 ^ u_mac_3.temp_res[6]$_SDFF_PP0_/CLK (sg13g2_dfrbpq_1)
                                  0.000165    0.250165   library hold time
                                              0.250165   data required time
---------------------------------------------------------------------------------------------
                                              0.250165   data required time
                                             -0.303173   data arrival time
---------------------------------------------------------------------------------------------
                                              0.053007   slack (MET)


Startpoint: u_mac_1.temp_res[2]$_SDFF_PP0_
            (rising edge-triggered flip-flop clocked by clk)
Endpoint: u_mac_1.temp_res[2]$_SDFF_PP0_
          (rising edge-triggered flip-flop clocked by clk)
Path Group: clk
Path Type: min

Fanout         Cap        Slew       Delay        Time   Description
---------------------------------------------------------------------------------------------
                      0.150000    0.000000    0.000000   clock clk (rise edge)
                                  0.000000    0.000000   clock network delay (ideal)
                      0.150000    0.000000    0.000000 ^ u_mac_1.temp_res[2]$_SDFF_PP0_/CLK (sg13g2_dfrbpq_1)
     3    0.012789    0.033169    0.167663    0.167663 v u_mac_1.temp_res[2]$_SDFF_PP0_/Q (sg13g2_dfrbpq_1)
                                                         u_mac_1.temp_res[2] (net)
                      0.033169    0.000000    0.167663 v _4042_/A (sg13g2_xnor2_1)
     2    0.006317    0.036561    0.055206    0.222869 v _4042_/Y (sg13g2_xnor2_1)
                                                         _1128_ (net)
                      0.036561    0.000000    0.222869 v _4145_/C (sg13g2_nor3_1)
     1    0.003192    0.051276    0.053472    0.276341 ^ _4145_/Y (sg13g2_nor3_1)
                                                         _1222_ (net)
                      0.051276    0.000000    0.276341 ^ _4147_/A (sg13g2_nor2_1)
     1    0.001523    0.011041    0.027989    0.304330 v _4147_/Y (sg13g2_nor2_1)
                                                         _0314_ (net)
                      0.011041    0.000000    0.304330 v u_mac_1.temp_res[2]$_SDFF_PP0_/D (sg13g2_dfrbpq_1)
                                              0.304330   data arrival time

                      0.150000    0.000000    0.000000   clock clk (rise edge)
                                  0.000000    0.000000   clock network delay (ideal)
                                  0.250000    0.250000   clock uncertainty
                                  0.000000    0.250000   clock reconvergence pessimism
                                              0.250000 ^ u_mac_1.temp_res[2]$_SDFF_PP0_/CLK (sg13g2_dfrbpq_1)
                                  0.000661    0.250661   library hold time
                                              0.250661   data required time
---------------------------------------------------------------------------------------------
                                              0.250661   data required time
                                             -0.304330   data arrival time
---------------------------------------------------------------------------------------------
                                              0.053669   slack (MET)


Startpoint: u_mac_4.temp_res[10]$_SDFF_PP0_
            (rising edge-triggered flip-flop clocked by clk)
Endpoint: u_mac_4.temp_res[10]$_SDFF_PP0_
          (rising edge-triggered flip-flop clocked by clk)
Path Group: clk
Path Type: min

Fanout         Cap        Slew       Delay        Time   Description
---------------------------------------------------------------------------------------------
                      0.150000    0.000000    0.000000   clock clk (rise edge)
                                  0.000000    0.000000   clock network delay (ideal)
                      0.150000    0.000000    0.000000 ^ u_mac_4.temp_res[10]$_SDFF_PP0_/CLK (sg13g2_dfrbpq_1)
     3    0.012275    0.032161    0.166813    0.166813 v u_mac_4.temp_res[10]$_SDFF_PP0_/Q (sg13g2_dfrbpq_1)
                                                         u_mac_4.temp_res[10] (net)
                      0.032161    0.000000    0.166813 v _5250_/A (sg13g2_xnor2_1)
     2    0.006280    0.027651    0.060338    0.227151 ^ _5250_/Y (sg13g2_xnor2_1)
                                                         _2282_ (net)
                      0.027651    0.000000    0.227151 ^ _5297_/B1 (sg13g2_o21ai_1)
     1    0.002679    0.022685    0.029377    0.256528 v _5297_/Y (sg13g2_o21ai_1)
                                                         _2329_ (net)
                      0.022685    0.000000    0.256528 v _5299_/B (sg13g2_and3_1)
     1    0.001523    0.011997    0.048041    0.304569 v _5299_/X (sg13g2_and3_1)
                                                         _0359_ (net)
                      0.011997    0.000000    0.304569 v u_mac_4.temp_res[10]$_SDFF_PP0_/D (sg13g2_dfrbpq_1)
                                              0.304569   data arrival time

                      0.150000    0.000000    0.000000   clock clk (rise edge)
                                  0.000000    0.000000   clock network delay (ideal)
                                  0.250000    0.250000   clock uncertainty
                                  0.000000    0.250000   clock reconvergence pessimism
                                              0.250000 ^ u_mac_4.temp_res[10]$_SDFF_PP0_/CLK (sg13g2_dfrbpq_1)
                                  0.000437    0.250437   library hold time
                                              0.250437   data required time
---------------------------------------------------------------------------------------------
                                              0.250437   data required time
                                             -0.304569   data arrival time
---------------------------------------------------------------------------------------------
                                              0.054132   slack (MET)


Startpoint: u_mac_1.temp_res[10]$_SDFF_PP0_
            (rising edge-triggered flip-flop clocked by clk)
Endpoint: u_mac_1.temp_res[10]$_SDFF_PP0_
          (rising edge-triggered flip-flop clocked by clk)
Path Group: clk
Path Type: min

Fanout         Cap        Slew       Delay        Time   Description
---------------------------------------------------------------------------------------------
                      0.150000    0.000000    0.000000   clock clk (rise edge)
                                  0.000000    0.000000   clock network delay (ideal)
                      0.150000    0.000000    0.000000 ^ u_mac_1.temp_res[10]$_SDFF_PP0_/CLK (sg13g2_dfrbpq_1)
     3    0.012448    0.032501    0.167099    0.167099 v u_mac_1.temp_res[10]$_SDFF_PP0_/Q (sg13g2_dfrbpq_1)
                                                         u_mac_1.temp_res[10] (net)
                      0.032501    0.000000    0.167099 v _4010_/A (sg13g2_xnor2_1)
     2    0.006280    0.027679    0.060429    0.227528 ^ _4010_/Y (sg13g2_xnor2_1)
                                                         _1096_ (net)
                      0.027679    0.000000    0.227528 ^ _4058_/B1 (sg13g2_o21ai_1)
     1    0.002679    0.022690    0.029383    0.256912 v _4058_/Y (sg13g2_o21ai_1)
                                                         _1144_ (net)
                      0.022690    0.000000    0.256912 v _4060_/B (sg13g2_and3_1)
     1    0.001523    0.011997    0.048042    0.304954 v _4060_/X (sg13g2_and3_1)
                                                         _0305_ (net)
                      0.011997    0.000000    0.304954 v u_mac_1.temp_res[10]$_SDFF_PP0_/D (sg13g2_dfrbpq_1)
                                              0.304954   data arrival time

                      0.150000    0.000000    0.000000   clock clk (rise edge)
                                  0.000000    0.000000   clock network delay (ideal)
                                  0.250000    0.250000   clock uncertainty
                                  0.000000    0.250000   clock reconvergence pessimism
                                              0.250000 ^ u_mac_1.temp_res[10]$_SDFF_PP0_/CLK (sg13g2_dfrbpq_1)
                                  0.000437    0.250437   library hold time
                                              0.250437   data required time
---------------------------------------------------------------------------------------------
                                              0.250437   data required time
                                             -0.304954   data arrival time
---------------------------------------------------------------------------------------------
                                              0.054517   slack (MET)


Startpoint: u_mac_4.temp_res[8]$_SDFF_PP0_
            (rising edge-triggered flip-flop clocked by clk)
Endpoint: u_mac_4.temp_res[8]$_SDFF_PP0_
          (rising edge-triggered flip-flop clocked by clk)
Path Group: clk
Path Type: min

Fanout         Cap        Slew       Delay        Time   Description
---------------------------------------------------------------------------------------------
                      0.150000    0.000000    0.000000   clock clk (rise edge)
                                  0.000000    0.000000   clock network delay (ideal)
                      0.150000    0.000000    0.000000 ^ u_mac_4.temp_res[8]$_SDFF_PP0_/CLK (sg13g2_dfrbpq_1)
     3    0.012385    0.032377    0.166995    0.166995 v u_mac_4.temp_res[8]$_SDFF_PP0_/Q (sg13g2_dfrbpq_1)
                                                         u_mac_4.temp_res[8] (net)
                      0.032377    0.000000    0.166995 v _5293_/A (sg13g2_xor2_1)
     3    0.009589    0.031731    0.062092    0.229087 v _5293_/X (sg13g2_xor2_1)
                                                         _2325_ (net)
                      0.031731    0.000000    0.229087 v _5389_/A2 (sg13g2_o21ai_1)
     1    0.003196    0.048371    0.054729    0.283816 ^ _5389_/Y (sg13g2_o21ai_1)
                                                         _2406_ (net)
                      0.048371    0.000000    0.283816 ^ _5390_/A (sg13g2_nor2b_1)
     1    0.001523    0.014200    0.022893    0.306709 v _5390_/Y (sg13g2_nor2b_1)
                                                         _0374_ (net)
                      0.014200    0.000000    0.306709 v u_mac_4.temp_res[8]$_SDFF_PP0_/D (sg13g2_dfrbpq_1)
                                              0.306709   data arrival time

                      0.150000    0.000000    0.000000   clock clk (rise edge)
                                  0.000000    0.000000   clock network delay (ideal)
                                  0.250000    0.250000   clock uncertainty
                                  0.000000    0.250000   clock reconvergence pessimism
                                              0.250000 ^ u_mac_4.temp_res[8]$_SDFF_PP0_/CLK (sg13g2_dfrbpq_1)
                                 -0.000079    0.249922   library hold time
                                              0.249922   data required time
---------------------------------------------------------------------------------------------
                                              0.249922   data required time
                                             -0.306709   data arrival time
---------------------------------------------------------------------------------------------
                                              0.056788   slack (MET)


Startpoint: u_mac_2.temp_res[5]$_SDFF_PP0_
            (rising edge-triggered flip-flop clocked by clk)
Endpoint: u_mac_2.temp_res[5]$_SDFF_PP0_
          (rising edge-triggered flip-flop clocked by clk)
Path Group: clk
Path Type: min

Fanout         Cap        Slew       Delay        Time   Description
---------------------------------------------------------------------------------------------
                      0.150000    0.000000    0.000000   clock clk (rise edge)
                                  0.000000    0.000000   clock network delay (ideal)
                      0.150000    0.000000    0.000000 ^ u_mac_2.temp_res[5]$_SDFF_PP0_/CLK (sg13g2_dfrbpq_1)
     3    0.012298    0.032207    0.166852    0.166852 v u_mac_2.temp_res[5]$_SDFF_PP0_/Q (sg13g2_dfrbpq_1)
                                                         u_mac_2.temp_res[5] (net)
                      0.032207    0.000000    0.166852 v _4457_/A (sg13g2_xnor2_1)
     2    0.005835    0.026587    0.058671    0.225523 ^ _4457_/Y (sg13g2_xnor2_1)
                                                         _1525_ (net)
                      0.026587    0.000000    0.225523 ^ _4556_/B (sg13g2_nand2b_1)
     1    0.002653    0.022332    0.033771    0.259294 v _4556_/Y (sg13g2_nand2b_1)
                                                         _1612_ (net)
                      0.022332    0.000000    0.259294 v _4557_/C (sg13g2_and3_1)
     1    0.001523    0.012390    0.050292    0.309586 v _4557_/X (sg13g2_and3_1)
                                                         _0335_ (net)
                      0.012390    0.000000    0.309586 v u_mac_2.temp_res[5]$_SDFF_PP0_/D (sg13g2_dfrbpq_1)
                                              0.309586   data arrival time

                      0.150000    0.000000    0.000000   clock clk (rise edge)
                                  0.000000    0.000000   clock network delay (ideal)
                                  0.250000    0.250000   clock uncertainty
                                  0.000000    0.250000   clock reconvergence pessimism
                                              0.250000 ^ u_mac_2.temp_res[5]$_SDFF_PP0_/CLK (sg13g2_dfrbpq_1)
                                  0.000345    0.250345   library hold time
                                              0.250345   data required time
---------------------------------------------------------------------------------------------
                                              0.250345   data required time
                                             -0.309586   data arrival time
---------------------------------------------------------------------------------------------
                                              0.059240   slack (MET)


Startpoint: u_mac_4.temp_res[5]$_SDFF_PP0_
            (rising edge-triggered flip-flop clocked by clk)
Endpoint: u_mac_4.temp_res[5]$_SDFF_PP0_
          (rising edge-triggered flip-flop clocked by clk)
Path Group: clk
Path Type: min

Fanout         Cap        Slew       Delay        Time   Description
---------------------------------------------------------------------------------------------
                      0.150000    0.000000    0.000000   clock clk (rise edge)
                                  0.000000    0.000000   clock network delay (ideal)
                      0.150000    0.000000    0.000000 ^ u_mac_4.temp_res[5]$_SDFF_PP0_/CLK (sg13g2_dfrbpq_1)
     3    0.012485    0.032572    0.167160    0.167160 v u_mac_4.temp_res[5]$_SDFF_PP0_/Q (sg13g2_dfrbpq_1)
                                                         u_mac_4.temp_res[5] (net)
                      0.032572    0.000000    0.167160 v _5286_/A (sg13g2_xnor2_1)
     2    0.005835    0.026581    0.058767    0.225927 ^ _5286_/Y (sg13g2_xnor2_1)
                                                         _2318_ (net)
                      0.026581    0.000000    0.225927 ^ _5383_/B (sg13g2_nand2b_1)
     1    0.002653    0.022332    0.033770    0.259697 v _5383_/Y (sg13g2_nand2b_1)
                                                         _2403_ (net)
                      0.022332    0.000000    0.259697 v _5384_/C (sg13g2_and3_1)
     1    0.001523    0.012390    0.050292    0.309989 v _5384_/X (sg13g2_and3_1)
                                                         _0371_ (net)
                      0.012390    0.000000    0.309989 v u_mac_4.temp_res[5]$_SDFF_PP0_/D (sg13g2_dfrbpq_1)
                                              0.309989   data arrival time

                      0.150000    0.000000    0.000000   clock clk (rise edge)
                                  0.000000    0.000000   clock network delay (ideal)
                                  0.250000    0.250000   clock uncertainty
                                  0.000000    0.250000   clock reconvergence pessimism
                                              0.250000 ^ u_mac_4.temp_res[5]$_SDFF_PP0_/CLK (sg13g2_dfrbpq_1)
                                  0.000345    0.250345   library hold time
                                              0.250345   data required time
---------------------------------------------------------------------------------------------
                                              0.250345   data required time
                                             -0.309989   data arrival time
---------------------------------------------------------------------------------------------
                                              0.059643   slack (MET)


Startpoint: u_mac_2.temp_res[4]$_SDFF_PP0_
            (rising edge-triggered flip-flop clocked by clk)
Endpoint: u_mac_2.temp_res[4]$_SDFF_PP0_
          (rising edge-triggered flip-flop clocked by clk)
Path Group: clk
Path Type: min

Fanout         Cap        Slew       Delay        Time   Description
---------------------------------------------------------------------------------------------
                      0.150000    0.000000    0.000000   clock clk (rise edge)
                                  0.000000    0.000000   clock network delay (ideal)
                      0.150000    0.000000    0.000000 ^ u_mac_2.temp_res[4]$_SDFF_PP0_/CLK (sg13g2_dfrbpq_1)
     3    0.012485    0.032572    0.167160    0.167160 v u_mac_2.temp_res[4]$_SDFF_PP0_/Q (sg13g2_dfrbpq_1)
                                                         u_mac_2.temp_res[4] (net)
                      0.032572    0.000000    0.167160 v _4454_/A (sg13g2_xnor2_1)
     2    0.005835    0.026581    0.058767    0.225927 ^ _4454_/Y (sg13g2_xnor2_1)
                                                         _1522_ (net)
                      0.026581    0.000000    0.225927 ^ _4554_/B (sg13g2_nand2b_1)
     1    0.002653    0.022354    0.033770    0.259697 v _4554_/Y (sg13g2_nand2b_1)
                                                         _1611_ (net)
                      0.022354    0.000000    0.259697 v _4555_/C (sg13g2_and3_1)
     1    0.001523    0.012391    0.050300    0.309997 v _4555_/X (sg13g2_and3_1)
                                                         _0334_ (net)
                      0.012391    0.000000    0.309997 v u_mac_2.temp_res[4]$_SDFF_PP0_/D (sg13g2_dfrbpq_1)
                                              0.309997   data arrival time

                      0.150000    0.000000    0.000000   clock clk (rise edge)
                                  0.000000    0.000000   clock network delay (ideal)
                                  0.250000    0.250000   clock uncertainty
                                  0.000000    0.250000   clock reconvergence pessimism
                                              0.250000 ^ u_mac_2.temp_res[4]$_SDFF_PP0_/CLK (sg13g2_dfrbpq_1)
                                  0.000345    0.250345   library hold time
                                              0.250345   data required time
---------------------------------------------------------------------------------------------
                                              0.250345   data required time
                                             -0.309997   data arrival time
---------------------------------------------------------------------------------------------
                                              0.059652   slack (MET)


Startpoint: u_mac_4.temp_res[4]$_SDFF_PP0_
            (rising edge-triggered flip-flop clocked by clk)
Endpoint: u_mac_4.temp_res[4]$_SDFF_PP0_
          (rising edge-triggered flip-flop clocked by clk)
Path Group: clk
Path Type: min

Fanout         Cap        Slew       Delay        Time   Description
---------------------------------------------------------------------------------------------
                      0.150000    0.000000    0.000000   clock clk (rise edge)
                                  0.000000    0.000000   clock network delay (ideal)
                      0.150000    0.000000    0.000000 ^ u_mac_4.temp_res[4]$_SDFF_PP0_/CLK (sg13g2_dfrbpq_1)
     3    0.012569    0.032738    0.167299    0.167299 v u_mac_4.temp_res[4]$_SDFF_PP0_/Q (sg13g2_dfrbpq_1)
                                                         u_mac_4.temp_res[4] (net)
                      0.032738    0.000000    0.167299 v _5283_/A (sg13g2_xnor2_1)
     2    0.005835    0.026587    0.058811    0.226110 ^ _5283_/Y (sg13g2_xnor2_1)
                                                         _2315_ (net)
                      0.026587    0.000000    0.226110 ^ _5381_/B (sg13g2_nand2b_1)
     1    0.002653    0.022354    0.033771    0.259881 v _5381_/Y (sg13g2_nand2b_1)
                                                         _2402_ (net)
                      0.022354    0.000000    0.259881 v _5382_/C (sg13g2_and3_1)
     1    0.001523    0.012390    0.050300    0.310181 v _5382_/X (sg13g2_and3_1)
                                                         _0370_ (net)
                      0.012390    0.000000    0.310181 v u_mac_4.temp_res[4]$_SDFF_PP0_/D (sg13g2_dfrbpq_1)
                                              0.310181   data arrival time

                      0.150000    0.000000    0.000000   clock clk (rise edge)
                                  0.000000    0.000000   clock network delay (ideal)
                                  0.250000    0.250000   clock uncertainty
                                  0.000000    0.250000   clock reconvergence pessimism
                                              0.250000 ^ u_mac_4.temp_res[4]$_SDFF_PP0_/CLK (sg13g2_dfrbpq_1)
                                  0.000345    0.250345   library hold time
                                              0.250345   data required time
---------------------------------------------------------------------------------------------
                                              0.250345   data required time
                                             -0.310181   data arrival time
---------------------------------------------------------------------------------------------
                                              0.059836   slack (MET)


Startpoint: u_mac_3.temp_res[10]$_SDFF_PP0_
            (rising edge-triggered flip-flop clocked by clk)
Endpoint: u_mac_3.temp_res[11]$_SDFF_PP0_
          (rising edge-triggered flip-flop clocked by clk)
Path Group: clk
Path Type: min

Fanout         Cap        Slew       Delay        Time   Description
---------------------------------------------------------------------------------------------
                      0.150000    0.000000    0.000000   clock clk (rise edge)
                                  0.000000    0.000000   clock network delay (ideal)
                      0.150000    0.000000    0.000000 ^ u_mac_3.temp_res[10]$_SDFF_PP0_/CLK (sg13g2_dfrbpq_1)
     4    0.011945    0.031515    0.166268    0.166268 v u_mac_3.temp_res[10]$_SDFF_PP0_/Q (sg13g2_dfrbpq_1)
                                                         u_mac_3.temp_res[10] (net)
                      0.031515    0.000000    0.166268 v _4831_/A (sg13g2_nand3_1)
     2    0.006333    0.028488    0.032017    0.198285 ^ _4831_/Y (sg13g2_nand3_1)
                                                         _1881_ (net)
                      0.028488    0.000000    0.198285 ^ _4883_/A (sg13g2_nand2_1)
     1    0.006227    0.035142    0.040441    0.238726 v _4883_/Y (sg13g2_nand2_1)
                                                         _1932_ (net)
                      0.035142    0.000000    0.238726 v _4904_/A (sg13g2_xor2_1)
     1    0.003191    0.031417    0.052830    0.291556 ^ _4904_/X (sg13g2_xor2_1)
                                                         _1953_ (net)
                      0.031417    0.000000    0.291556 ^ _4905_/B (sg13g2_nor2_1)
     1    0.001523    0.012301    0.019758    0.311314 v _4905_/Y (sg13g2_nor2_1)
                                                         _0342_ (net)
                      0.012301    0.000000    0.311314 v u_mac_3.temp_res[11]$_SDFF_PP0_/D (sg13g2_dfrbpq_1)
                                              0.311314   data arrival time

                      0.150000    0.000000    0.000000   clock clk (rise edge)
                                  0.000000    0.000000   clock network delay (ideal)
                                  0.250000    0.250000   clock uncertainty
                                  0.000000    0.250000   clock reconvergence pessimism
                                              0.250000 ^ u_mac_3.temp_res[11]$_SDFF_PP0_/CLK (sg13g2_dfrbpq_1)
                                  0.000366    0.250366   library hold time
                                              0.250366   data required time
---------------------------------------------------------------------------------------------
                                              0.250366   data required time
                                             -0.311314   data arrival time
---------------------------------------------------------------------------------------------
                                              0.060947   slack (MET)


Startpoint: u_mac_2.temp_res[10]$_SDFF_PP0_
            (rising edge-triggered flip-flop clocked by clk)
Endpoint: u_mac_2.temp_res[10]$_SDFF_PP0_
          (rising edge-triggered flip-flop clocked by clk)
Path Group: clk
Path Type: min

Fanout         Cap        Slew       Delay        Time   Description
---------------------------------------------------------------------------------------------
                      0.150000    0.000000    0.000000   clock clk (rise edge)
                                  0.000000    0.000000   clock network delay (ideal)
                      0.150000    0.000000    0.000000 ^ u_mac_2.temp_res[10]$_SDFF_PP0_/CLK (sg13g2_dfrbpq_1)
     3    0.012301    0.032212    0.166856    0.166856 v u_mac_2.temp_res[10]$_SDFF_PP0_/Q (sg13g2_dfrbpq_1)
                                                         u_mac_2.temp_res[10] (net)
                      0.032212    0.000000    0.166856 v _4423_/A (sg13g2_xor2_1)
     2    0.005822    0.024307    0.050759    0.217615 v _4423_/X (sg13g2_xor2_1)
                                                         _1491_ (net)
                      0.024307    0.000000    0.217615 v _4474_/B1 (sg13g2_a21o_1)
     1    0.002679    0.015030    0.050021    0.267635 v _4474_/X (sg13g2_a21o_1)
                                                         _1542_ (net)
                      0.015030    0.000000    0.267635 v _4476_/B (sg13g2_and3_1)
     1    0.001523    0.011732    0.045272    0.312907 v _4476_/X (sg13g2_and3_1)
                                                         _0323_ (net)
                      0.011732    0.000000    0.312907 v u_mac_2.temp_res[10]$_SDFF_PP0_/D (sg13g2_dfrbpq_1)
                                              0.312907   data arrival time

                      0.150000    0.000000    0.000000   clock clk (rise edge)
                                  0.000000    0.000000   clock network delay (ideal)
                                  0.250000    0.250000   clock uncertainty
                                  0.000000    0.250000   clock reconvergence pessimism
                                              0.250000 ^ u_mac_2.temp_res[10]$_SDFF_PP0_/CLK (sg13g2_dfrbpq_1)
                                  0.000499    0.250499   library hold time
                                              0.250499   data required time
---------------------------------------------------------------------------------------------
                                              0.250499   data required time
                                             -0.312907   data arrival time
---------------------------------------------------------------------------------------------
                                              0.062408   slack (MET)


Startpoint: u_ctrl.input_cnt[2]$_SDFFE_PP0P_
            (rising edge-triggered flip-flop clocked by clk)
Endpoint: u_ctrl.input_cnt[2]$_SDFFE_PP0P_
          (rising edge-triggered flip-flop clocked by clk)
Path Group: clk
Path Type: min

Fanout         Cap        Slew       Delay        Time   Description
---------------------------------------------------------------------------------------------
                      0.150000    0.000000    0.000000   clock clk (rise edge)
                                  0.000000    0.000000   clock network delay (ideal)
                      0.150000    0.000000    0.000000 ^ u_ctrl.input_cnt[2]$_SDFFE_PP0P_/CLK (sg13g2_dfrbpq_1)
    15    0.045496    0.099104    0.218114    0.218114 v u_ctrl.input_cnt[2]$_SDFFE_PP0P_/Q (sg13g2_dfrbpq_1)
                                                         u_ctrl.input_cnt[2] (net)
                      0.099104    0.000000    0.218114 v _5654_/A1 (sg13g2_o21ai_1)
     1    0.003191    0.037349    0.077737    0.295852 ^ _5654_/Y (sg13g2_o21ai_1)
                                                         _0424_ (net)
                      0.037349    0.000000    0.295852 ^ _5655_/B (sg13g2_nor2_1)
     1    0.001523    0.013335    0.020872    0.316724 v _5655_/Y (sg13g2_nor2_1)
                                                         _0033_ (net)
                      0.013335    0.000000    0.316724 v u_ctrl.input_cnt[2]$_SDFFE_PP0P_/D (sg13g2_dfrbpq_1)
                                              0.316724   data arrival time

                      0.150000    0.000000    0.000000   clock clk (rise edge)
                                  0.000000    0.000000   clock network delay (ideal)
                                  0.250000    0.250000   clock uncertainty
                                  0.000000    0.250000   clock reconvergence pessimism
                                              0.250000 ^ u_ctrl.input_cnt[2]$_SDFFE_PP0P_/CLK (sg13g2_dfrbpq_1)
                                  0.000124    0.250124   library hold time
                                              0.250124   data required time
---------------------------------------------------------------------------------------------
                                              0.250124   data required time
                                             -0.316724   data arrival time
---------------------------------------------------------------------------------------------
                                              0.066600   slack (MET)


Startpoint: u_mac_1.temp_res[10]$_SDFF_PP0_
            (rising edge-triggered flip-flop clocked by clk)
Endpoint: u_mac_1.temp_res[11]$_SDFF_PP0_
          (rising edge-triggered flip-flop clocked by clk)
Path Group: clk
Path Type: min

Fanout         Cap        Slew       Delay        Time   Description
---------------------------------------------------------------------------------------------
                      0.150000    0.000000    0.000000   clock clk (rise edge)
                                  0.000000    0.000000   clock network delay (ideal)
                      0.150000    0.000000    0.000000 ^ u_mac_1.temp_res[10]$_SDFF_PP0_/CLK (sg13g2_dfrbpq_1)
     3    0.012582    0.039976    0.170738    0.170738 ^ u_mac_1.temp_res[10]$_SDFF_PP0_/Q (sg13g2_dfrbpq_1)
                                                         u_mac_1.temp_res[10] (net)
                      0.039976    0.000000    0.170738 ^ _4009_/A (sg13g2_and2_1)
     2    0.006388    0.026610    0.064871    0.235609 ^ _4009_/X (sg13g2_and2_1)
                                                         _1095_ (net)
                      0.026610    0.000000    0.235609 ^ _4088_/A (sg13g2_nor2b_1)
     1    0.005424    0.019137    0.025560    0.261169 v _4088_/Y (sg13g2_nor2b_1)
                                                         _1173_ (net)
                      0.019137    0.000000    0.261169 v _4089_/B (sg13g2_xnor2_1)
     1    0.003191    0.019751    0.040763    0.301932 ^ _4089_/Y (sg13g2_xnor2_1)
                                                         _1174_ (net)
                      0.019751    0.000000    0.301932 ^ _4090_/B (sg13g2_nor2_1)
     1    0.001523    0.010267    0.017566    0.319497 v _4090_/Y (sg13g2_nor2_1)
                                                         _0306_ (net)
                      0.010267    0.000000    0.319497 v u_mac_1.temp_res[11]$_SDFF_PP0_/D (sg13g2_dfrbpq_1)
                                              0.319497   data arrival time

                      0.150000    0.000000    0.000000   clock clk (rise edge)
                                  0.000000    0.000000   clock network delay (ideal)
                                  0.250000    0.250000   clock uncertainty
                                  0.000000    0.250000   clock reconvergence pessimism
                                              0.250000 ^ u_mac_1.temp_res[11]$_SDFF_PP0_/CLK (sg13g2_dfrbpq_1)
                                  0.000842    0.250842   library hold time
                                              0.250842   data required time
---------------------------------------------------------------------------------------------
                                              0.250842   data required time
                                             -0.319497   data arrival time
---------------------------------------------------------------------------------------------
                                              0.068655   slack (MET)


Startpoint: u_mac_2.temp_res[5]$_SDFF_PP0_
            (rising edge-triggered flip-flop clocked by clk)
Endpoint: u_mac_2.temp_res[6]$_SDFF_PP0_
          (rising edge-triggered flip-flop clocked by clk)
Path Group: clk
Path Type: min

Fanout         Cap        Slew       Delay        Time   Description
---------------------------------------------------------------------------------------------
                      0.150000    0.000000    0.000000   clock clk (rise edge)
                                  0.000000    0.000000   clock network delay (ideal)
                      0.150000    0.000000    0.000000 ^ u_mac_2.temp_res[5]$_SDFF_PP0_/CLK (sg13g2_dfrbpq_1)
     3    0.012479    0.039724    0.170544    0.170544 ^ u_mac_2.temp_res[5]$_SDFF_PP0_/Q (sg13g2_dfrbpq_1)
                                                         u_mac_2.temp_res[5] (net)
                      0.039724    0.000000    0.170544 ^ _4438_/A (sg13g2_nand2_1)
     1    0.003055    0.025923    0.033426    0.203970 v _4438_/Y (sg13g2_nand2_1)
                                                         _1506_ (net)
                      0.025923    0.000000    0.203970 v _4459_/A (sg13g2_nand2_1)
     3    0.008984    0.031979    0.033666    0.237636 ^ _4459_/Y (sg13g2_nand2_1)
                                                         _1527_ (net)
                      0.031979    0.000000    0.237636 ^ _4462_/B (sg13g2_nand2b_1)
     1    0.002679    0.022478    0.034988    0.272624 v _4462_/Y (sg13g2_nand2b_1)
                                                         _1530_ (net)
                      0.022478    0.000000    0.272624 v _4559_/B (sg13g2_and3_1)
     1    0.001523    0.011990    0.047966    0.320590 v _4559_/X (sg13g2_and3_1)
                                                         _0336_ (net)
                      0.011990    0.000000    0.320590 v u_mac_2.temp_res[6]$_SDFF_PP0_/D (sg13g2_dfrbpq_1)
                                              0.320590   data arrival time

                      0.150000    0.000000    0.000000   clock clk (rise edge)
                                  0.000000    0.000000   clock network delay (ideal)
                                  0.250000    0.250000   clock uncertainty
                                  0.000000    0.250000   clock reconvergence pessimism
                                              0.250000 ^ u_mac_2.temp_res[6]$_SDFF_PP0_/CLK (sg13g2_dfrbpq_1)
                                  0.000439    0.250439   library hold time
                                              0.250439   data required time
---------------------------------------------------------------------------------------------
                                              0.250439   data required time
                                             -0.320590   data arrival time
---------------------------------------------------------------------------------------------
                                              0.070151   slack (MET)


Startpoint: read_count$_SDFF_PP0_
            (rising edge-triggered flip-flop clocked by clk)
Endpoint: half_sel$_SDFFE_PP0P_ (rising edge-triggered flip-flop clocked by clk)
Path Group: clk
Path Type: min

Fanout         Cap        Slew       Delay        Time   Description
---------------------------------------------------------------------------------------------
                      0.150000    0.000000    0.000000   clock clk (rise edge)
                                  0.000000    0.000000   clock network delay (ideal)
                      0.150000    0.000000    0.000000 ^ read_count$_SDFF_PP0_/CLK (sg13g2_dfrbpq_1)
    21    0.071378    0.152232    0.256421    0.256421 v read_count$_SDFF_PP0_/Q (sg13g2_dfrbpq_1)
                                                         read_count (net)
                      0.152232    0.000000    0.256421 v _5459_/A1 (sg13g2_a21oi_1)
     1    0.001496    0.022262    0.055869    0.312291 ^ _5459_/Y (sg13g2_a21oi_1)
                                                         _0006_ (net)
                      0.022262    0.000000    0.312291 ^ half_sel$_SDFFE_PP0P_/D (sg13g2_dfrbpq_1)
                                              0.312291   data arrival time

                      0.150000    0.000000    0.000000   clock clk (rise edge)
                                  0.000000    0.000000   clock network delay (ideal)
                                  0.250000    0.250000   clock uncertainty
                                  0.000000    0.250000   clock reconvergence pessimism
                                              0.250000 ^ half_sel$_SDFFE_PP0P_/CLK (sg13g2_dfrbpq_1)
                                 -0.031415    0.218585   library hold time
                                              0.218585   data required time
---------------------------------------------------------------------------------------------
                                              0.218585   data required time
                                             -0.312291   data arrival time
---------------------------------------------------------------------------------------------
                                              0.093706   slack (MET)


Startpoint: u_mac_3.temp_res[12]$_SDFF_PP0_
            (rising edge-triggered flip-flop clocked by clk)
Endpoint: u_mac_3.temp_res[12]$_SDFF_PP0_
          (rising edge-triggered flip-flop clocked by clk)
Path Group: clk
Path Type: min

Fanout         Cap        Slew       Delay        Time   Description
---------------------------------------------------------------------------------------------
                      0.150000    0.000000    0.000000   clock clk (rise edge)
                                  0.000000    0.000000   clock network delay (ideal)
                      0.150000    0.000000    0.000000 ^ u_mac_3.temp_res[12]$_SDFF_PP0_/CLK (sg13g2_dfrbpq_1)
     4    0.015806    0.039083    0.172650    0.172650 v u_mac_3.temp_res[12]$_SDFF_PP0_/Q (sg13g2_dfrbpq_1)
                                                         u_mac_3.temp_res[12] (net)
                      0.039083    0.000000    0.172650 v _4918_/A (sg13g2_xor2_1)
     2    0.006266    0.047450    0.065604    0.238254 ^ _4918_/X (sg13g2_xor2_1)
                                                         _1966_ (net)
                      0.047450    0.000000    0.238254 ^ _4921_/B1 (sg13g2_o21ai_1)
     3    0.008904    0.047636    0.053785    0.292039 v _4921_/Y (sg13g2_o21ai_1)
                                                         _1969_ (net)
                      0.047636    0.000000    0.292039 v _4922_/C (sg13g2_and3_1)
     1    0.001523    0.011971    0.060076    0.352115 v _4922_/X (sg13g2_and3_1)
                                                         _0343_ (net)
                      0.011971    0.000000    0.352115 v u_mac_3.temp_res[12]$_SDFF_PP0_/D (sg13g2_dfrbpq_1)
                                              0.352115   data arrival time

                      0.150000    0.000000    0.000000   clock clk (rise edge)
                                  0.000000    0.000000   clock network delay (ideal)
                                  0.250000    0.250000   clock uncertainty
                                  0.000000    0.250000   clock reconvergence pessimism
                                              0.250000 ^ u_mac_3.temp_res[12]$_SDFF_PP0_/CLK (sg13g2_dfrbpq_1)
                                  0.000444    0.250444   library hold time
                                              0.250444   data required time
---------------------------------------------------------------------------------------------
                                              0.250444   data required time
                                             -0.352115   data arrival time
---------------------------------------------------------------------------------------------
                                              0.101672   slack (MET)


Startpoint: u_ctrl.state[2]$_DFF_P_
            (rising edge-triggered flip-flop clocked by clk)
Endpoint: u_ctrl.state[5]$_DFF_P_
          (rising edge-triggered flip-flop clocked by clk)
Path Group: clk
Path Type: min

Fanout         Cap        Slew       Delay        Time   Description
---------------------------------------------------------------------------------------------
                      0.150000    0.000000    0.000000   clock clk (rise edge)
                                  0.000000    0.000000   clock network delay (ideal)
                      0.150000    0.000000    0.000000 ^ u_ctrl.state[2]$_DFF_P_/CLK (sg13g2_dfrbpq_1)
    12    0.036895    0.081488    0.205352    0.205352 v u_ctrl.state[2]$_DFF_P_/Q (sg13g2_dfrbpq_1)
                                                         mac_en (net)
                      0.081488    0.000000    0.205352 v _5434_/A (sg13g2_nand2_1)
     6    0.019161    0.067754    0.076755    0.282107 ^ _5434_/Y (sg13g2_nand2_1)
                                                         _2448_ (net)
                      0.067754    0.000000    0.282107 ^ _5437_/A (sg13g2_nor2_1)
     2    0.006324    0.031344    0.042397    0.324504 v _5437_/Y (sg13g2_nor2_1)
                                                         _2451_ (net)
                      0.031344    0.000000    0.324504 v _5440_/B1 (sg13g2_a21oi_1)
     1    0.003191    0.025474    0.029485    0.353989 ^ _5440_/Y (sg13g2_a21oi_1)
                                                         _2454_ (net)
                      0.025474    0.000000    0.353989 ^ _5441_/B (sg13g2_nor2_1)
     1    0.001523    0.011265    0.018641    0.372630 v _5441_/Y (sg13g2_nor2_1)
                                                         _0005_ (net)
                      0.011265    0.000000    0.372630 v u_ctrl.state[5]$_DFF_P_/D (sg13g2_dfrbpq_1)
                                              0.372630   data arrival time

                      0.150000    0.000000    0.000000   clock clk (rise edge)
                                  0.000000    0.000000   clock network delay (ideal)
                                  0.250000    0.250000   clock uncertainty
                                  0.000000    0.250000   clock reconvergence pessimism
                                              0.250000 ^ u_ctrl.state[5]$_DFF_P_/CLK (sg13g2_dfrbpq_1)
                                  0.000609    0.250609   library hold time
                                              0.250609   data required time
---------------------------------------------------------------------------------------------
                                              0.250609   data required time
                                             -0.372630   data arrival time
---------------------------------------------------------------------------------------------
                                              0.122021   slack (MET)


Startpoint: ram_wrcnt[1]$_SDFFE_PP0P_
            (rising edge-triggered flip-flop clocked by clk)
Endpoint: u_ctrl.state[1]$_DFF_P_
          (rising edge-triggered flip-flop clocked by clk)
Path Group: clk
Path Type: min

Fanout         Cap        Slew       Delay        Time   Description
---------------------------------------------------------------------------------------------
                      0.150000    0.000000    0.000000   clock clk (rise edge)
                                  0.000000    0.000000   clock network delay (ideal)
                      0.150000    0.000000    0.000000 ^ ram_wrcnt[1]$_SDFFE_PP0P_/CLK (sg13g2_dfrbpq_1)
     6    0.017815    0.043022    0.175971    0.175971 v ram_wrcnt[1]$_SDFFE_PP0P_/Q (sg13g2_dfrbpq_1)
                                                         ram_wrcnt[1] (net)
                      0.043022    0.000000    0.175971 v _5438_/A (sg13g2_and2_1)
    21    0.068409    0.147703    0.152847    0.328819 v _5438_/X (sg13g2_and2_1)
                                                         _2452_ (net)
                      0.147703    0.000000    0.328819 v _5453_/B (sg13g2_nand2_1)
     2    0.006529    0.050437    0.060398    0.389217 ^ _5453_/Y (sg13g2_nand2_1)
                                                         _2464_ (net)
                      0.050437    0.000000    0.389217 ^ _5454_/B (sg13g2_nor2_1)
     1    0.001523    0.015617    0.023332    0.412549 v _5454_/Y (sg13g2_nor2_1)
                                                         _0000_ (net)
                      0.015617    0.000000    0.412549 v u_ctrl.state[1]$_DFF_P_/D (sg13g2_dfrbpq_1)
                                              0.412549   data arrival time

                      0.150000    0.000000    0.000000   clock clk (rise edge)
                                  0.000000    0.000000   clock network delay (ideal)
                                  0.250000    0.250000   clock uncertainty
                                  0.000000    0.250000   clock reconvergence pessimism
                                              0.250000 ^ u_ctrl.state[1]$_DFF_P_/CLK (sg13g2_dfrbpq_1)
                                 -0.000410    0.249590   library hold time
                                              0.249590   data required time
---------------------------------------------------------------------------------------------
                                              0.249590   data required time
                                             -0.412549   data arrival time
---------------------------------------------------------------------------------------------
                                              0.162959   slack (MET)


Startpoint: read_ram (input port clocked by clk)
Endpoint: read_count$_SDFF_PP0_ (rising edge-triggered flip-flop clocked by clk)
Path Group: clk
Path Type: min

Fanout         Cap        Slew       Delay        Time   Description
---------------------------------------------------------------------------------------------
                      0.150000    0.000000    0.000000   clock clk (rise edge)
                                  0.000000    0.000000   clock network delay (ideal)
                                  2.000000    2.000000 v input external delay
     3    0.005080    0.012174    0.002353    2.002353 v read_ram (in)
                                                         read_ram (net)
                      0.012174    0.000000    2.002353 v _5457_/B_N (sg13g2_nor2b_1)
    11    0.034938    0.081721    0.093036    2.095389 v _5457_/Y (sg13g2_nor2b_1)
                                                         _0009_ (net)
                      0.081721    0.000000    2.095389 v read_count$_SDFF_PP0_/D (sg13g2_dfrbpq_1)
                                              2.095389   data arrival time

                      0.150000    0.000000    0.000000   clock clk (rise edge)
                                  0.000000    0.000000   clock network delay (ideal)
                                  0.250000    0.250000   clock uncertainty
                                  0.000000    0.250000   clock reconvergence pessimism
                                              0.250000 ^ read_count$_SDFF_PP0_/CLK (sg13g2_dfrbpq_1)
                                 -0.015888    0.234112   library hold time
                                              0.234112   data required time
---------------------------------------------------------------------------------------------
                                              0.234112   data required time
                                             -2.095389   data arrival time
---------------------------------------------------------------------------------------------
                                              1.861277   slack (MET)


Startpoint: u_ctrl.finish$_SDFF_PP0_
            (rising edge-triggered flip-flop clocked by clk)
Endpoint: finish (output port clocked by clk)
Path Group: clk
Path Type: min

Fanout         Cap        Slew       Delay        Time   Description
---------------------------------------------------------------------------------------------
                      0.150000    0.000000    0.000000   clock clk (rise edge)
                                  0.000000    0.000000   clock network delay (ideal)
                      0.150000    0.000000    0.000000 ^ u_ctrl.finish$_SDFF_PP0_/CLK (sg13g2_dfrbpq_1)
     1    0.006000    0.019860    0.156440    0.156440 v u_ctrl.finish$_SDFF_PP0_/Q (sg13g2_dfrbpq_1)
                                                         finish (net)
                      0.019860    0.000000    0.156440 v finish (out)
                                              0.156440   data arrival time

                      0.150000    0.000000    0.000000   clock clk (rise edge)
                                  0.000000    0.000000   clock network delay (ideal)
                                  0.250000    0.250000   clock uncertainty
                                  0.000000    0.250000   clock reconvergence pessimism
                                 -2.000000   -1.750000   output external delay
                                             -1.750000   data required time
---------------------------------------------------------------------------------------------
                                             -1.750000   data required time
                                             -0.156440   data arrival time
---------------------------------------------------------------------------------------------
                                              1.906440   slack (MET)


Startpoint: read_data_out[0]$_SDFFE_PP0P_
            (rising edge-triggered flip-flop clocked by clk)
Endpoint: read_data_out[0] (output port clocked by clk)
Path Group: clk
Path Type: min

Fanout         Cap        Slew       Delay        Time   Description
---------------------------------------------------------------------------------------------
                      0.150000    0.000000    0.000000   clock clk (rise edge)
                                  0.000000    0.000000   clock network delay (ideal)
                      0.150000    0.000000    0.000000 ^ read_data_out[0]$_SDFFE_PP0P_/CLK (sg13g2_dfrbpq_1)
     2    0.009338    0.026405    0.161959    0.161959 v read_data_out[0]$_SDFFE_PP0P_/Q (sg13g2_dfrbpq_1)
                                                         read_data_out[0] (net)
                      0.026405    0.000000    0.161959 v read_data_out[0] (out)
                                              0.161959   data arrival time

                      0.150000    0.000000    0.000000   clock clk (rise edge)
                                  0.000000    0.000000   clock network delay (ideal)
                                  0.250000    0.250000   clock uncertainty
                                  0.000000    0.250000   clock reconvergence pessimism
                                 -2.000000   -1.750000   output external delay
                                             -1.750000   data required time
---------------------------------------------------------------------------------------------
                                             -1.750000   data required time
                                             -0.161959   data arrival time
---------------------------------------------------------------------------------------------
                                              1.911959   slack (MET)


Startpoint: read_data_out[1]$_SDFFE_PP0P_
            (rising edge-triggered flip-flop clocked by clk)
Endpoint: read_data_out[1] (output port clocked by clk)
Path Group: clk
Path Type: min

Fanout         Cap        Slew       Delay        Time   Description
---------------------------------------------------------------------------------------------
                      0.150000    0.000000    0.000000   clock clk (rise edge)
                                  0.000000    0.000000   clock network delay (ideal)
                      0.150000    0.000000    0.000000 ^ read_data_out[1]$_SDFFE_PP0P_/CLK (sg13g2_dfrbpq_1)
     2    0.009338    0.026405    0.161959    0.161959 v read_data_out[1]$_SDFFE_PP0P_/Q (sg13g2_dfrbpq_1)
                                                         read_data_out[1] (net)
                      0.026405    0.000000    0.161959 v read_data_out[1] (out)
                                              0.161959   data arrival time

                      0.150000    0.000000    0.000000   clock clk (rise edge)
                                  0.000000    0.000000   clock network delay (ideal)
                                  0.250000    0.250000   clock uncertainty
                                  0.000000    0.250000   clock reconvergence pessimism
                                 -2.000000   -1.750000   output external delay
                                             -1.750000   data required time
---------------------------------------------------------------------------------------------
                                             -1.750000   data required time
                                             -0.161959   data arrival time
---------------------------------------------------------------------------------------------
                                              1.911959   slack (MET)


Startpoint: read_data_out[2]$_SDFFE_PP0P_
            (rising edge-triggered flip-flop clocked by clk)
Endpoint: read_data_out[2] (output port clocked by clk)
Path Group: clk
Path Type: min

Fanout         Cap        Slew       Delay        Time   Description
---------------------------------------------------------------------------------------------
                      0.150000    0.000000    0.000000   clock clk (rise edge)
                                  0.000000    0.000000   clock network delay (ideal)
                      0.150000    0.000000    0.000000 ^ read_data_out[2]$_SDFFE_PP0P_/CLK (sg13g2_dfrbpq_1)
     2    0.009338    0.026405    0.161959    0.161959 v read_data_out[2]$_SDFFE_PP0P_/Q (sg13g2_dfrbpq_1)
                                                         read_data_out[2] (net)
                      0.026405    0.000000    0.161959 v read_data_out[2] (out)
                                              0.161959   data arrival time

                      0.150000    0.000000    0.000000   clock clk (rise edge)
                                  0.000000    0.000000   clock network delay (ideal)
                                  0.250000    0.250000   clock uncertainty
                                  0.000000    0.250000   clock reconvergence pessimism
                                 -2.000000   -1.750000   output external delay
                                             -1.750000   data required time
---------------------------------------------------------------------------------------------
                                             -1.750000   data required time
                                             -0.161959   data arrival time
---------------------------------------------------------------------------------------------
                                              1.911959   slack (MET)


Startpoint: read_data_out[3]$_SDFFE_PP0P_
            (rising edge-triggered flip-flop clocked by clk)
Endpoint: read_data_out[3] (output port clocked by clk)
Path Group: clk
Path Type: min

Fanout         Cap        Slew       Delay        Time   Description
---------------------------------------------------------------------------------------------
                      0.150000    0.000000    0.000000   clock clk (rise edge)
                                  0.000000    0.000000   clock network delay (ideal)
                      0.150000    0.000000    0.000000 ^ read_data_out[3]$_SDFFE_PP0P_/CLK (sg13g2_dfrbpq_1)
     2    0.009338    0.026405    0.161959    0.161959 v read_data_out[3]$_SDFFE_PP0P_/Q (sg13g2_dfrbpq_1)
                                                         read_data_out[3] (net)
                      0.026405    0.000000    0.161959 v read_data_out[3] (out)
                                              0.161959   data arrival time

                      0.150000    0.000000    0.000000   clock clk (rise edge)
                                  0.000000    0.000000   clock network delay (ideal)
                                  0.250000    0.250000   clock uncertainty
                                  0.000000    0.250000   clock reconvergence pessimism
                                 -2.000000   -1.750000   output external delay
                                             -1.750000   data required time
---------------------------------------------------------------------------------------------
                                             -1.750000   data required time
                                             -0.161959   data arrival time
---------------------------------------------------------------------------------------------
                                              1.911959   slack (MET)


Startpoint: read_data_out[4]$_SDFFE_PP0P_
            (rising edge-triggered flip-flop clocked by clk)
Endpoint: read_data_out[4] (output port clocked by clk)
Path Group: clk
Path Type: min

Fanout         Cap        Slew       Delay        Time   Description
---------------------------------------------------------------------------------------------
                      0.150000    0.000000    0.000000   clock clk (rise edge)
                                  0.000000    0.000000   clock network delay (ideal)
                      0.150000    0.000000    0.000000 ^ read_data_out[4]$_SDFFE_PP0P_/CLK (sg13g2_dfrbpq_1)
     2    0.009338    0.026405    0.161959    0.161959 v read_data_out[4]$_SDFFE_PP0P_/Q (sg13g2_dfrbpq_1)
                                                         read_data_out[4] (net)
                      0.026405    0.000000    0.161959 v read_data_out[4] (out)
                                              0.161959   data arrival time

                      0.150000    0.000000    0.000000   clock clk (rise edge)
                                  0.000000    0.000000   clock network delay (ideal)
                                  0.250000    0.250000   clock uncertainty
                                  0.000000    0.250000   clock reconvergence pessimism
                                 -2.000000   -1.750000   output external delay
                                             -1.750000   data required time
---------------------------------------------------------------------------------------------
                                             -1.750000   data required time
                                             -0.161959   data arrival time
---------------------------------------------------------------------------------------------
                                              1.911959   slack (MET)


Startpoint: read_data_out[5]$_SDFFE_PP0P_
            (rising edge-triggered flip-flop clocked by clk)
Endpoint: read_data_out[5] (output port clocked by clk)
Path Group: clk
Path Type: min

Fanout         Cap        Slew       Delay        Time   Description
---------------------------------------------------------------------------------------------
                      0.150000    0.000000    0.000000   clock clk (rise edge)
                                  0.000000    0.000000   clock network delay (ideal)
                      0.150000    0.000000    0.000000 ^ read_data_out[5]$_SDFFE_PP0P_/CLK (sg13g2_dfrbpq_1)
     2    0.009338    0.026405    0.161959    0.161959 v read_data_out[5]$_SDFFE_PP0P_/Q (sg13g2_dfrbpq_1)
                                                         read_data_out[5] (net)
                      0.026405    0.000000    0.161959 v read_data_out[5] (out)
                                              0.161959   data arrival time

                      0.150000    0.000000    0.000000   clock clk (rise edge)
                                  0.000000    0.000000   clock network delay (ideal)
                                  0.250000    0.250000   clock uncertainty
                                  0.000000    0.250000   clock reconvergence pessimism
                                 -2.000000   -1.750000   output external delay
                                             -1.750000   data required time
---------------------------------------------------------------------------------------------
                                             -1.750000   data required time
                                             -0.161959   data arrival time
---------------------------------------------------------------------------------------------
                                              1.911959   slack (MET)


Startpoint: read_data_out[6]$_SDFFE_PP0P_
            (rising edge-triggered flip-flop clocked by clk)
Endpoint: read_data_out[6] (output port clocked by clk)
Path Group: clk
Path Type: min

Fanout         Cap        Slew       Delay        Time   Description
---------------------------------------------------------------------------------------------
                      0.150000    0.000000    0.000000   clock clk (rise edge)
                                  0.000000    0.000000   clock network delay (ideal)
                      0.150000    0.000000    0.000000 ^ read_data_out[6]$_SDFFE_PP0P_/CLK (sg13g2_dfrbpq_1)
     2    0.009338    0.026405    0.161959    0.161959 v read_data_out[6]$_SDFFE_PP0P_/Q (sg13g2_dfrbpq_1)
                                                         read_data_out[6] (net)
                      0.026405    0.000000    0.161959 v read_data_out[6] (out)
                                              0.161959   data arrival time

                      0.150000    0.000000    0.000000   clock clk (rise edge)
                                  0.000000    0.000000   clock network delay (ideal)
                                  0.250000    0.250000   clock uncertainty
                                  0.000000    0.250000   clock reconvergence pessimism
                                 -2.000000   -1.750000   output external delay
                                             -1.750000   data required time
---------------------------------------------------------------------------------------------
                                             -1.750000   data required time
                                             -0.161959   data arrival time
---------------------------------------------------------------------------------------------
                                              1.911959   slack (MET)


Startpoint: read_data_out[7]$_SDFFE_PP0P_
            (rising edge-triggered flip-flop clocked by clk)
Endpoint: read_data_out[7] (output port clocked by clk)
Path Group: clk
Path Type: min

Fanout         Cap        Slew       Delay        Time   Description
---------------------------------------------------------------------------------------------
                      0.150000    0.000000    0.000000   clock clk (rise edge)
                                  0.000000    0.000000   clock network delay (ideal)
                      0.150000    0.000000    0.000000 ^ read_data_out[7]$_SDFFE_PP0P_/CLK (sg13g2_dfrbpq_1)
     2    0.009338    0.026405    0.161959    0.161959 v read_data_out[7]$_SDFFE_PP0P_/Q (sg13g2_dfrbpq_1)
                                                         read_data_out[7] (net)
                      0.026405    0.000000    0.161959 v read_data_out[7] (out)
                                              0.161959   data arrival time

                      0.150000    0.000000    0.000000   clock clk (rise edge)
                                  0.000000    0.000000   clock network delay (ideal)
                                  0.250000    0.250000   clock uncertainty
                                  0.000000    0.250000   clock reconvergence pessimism
                                 -2.000000   -1.750000   output external delay
                                             -1.750000   data required time
---------------------------------------------------------------------------------------------
                                             -1.750000   data required time
                                             -0.161959   data arrival time
---------------------------------------------------------------------------------------------
                                              1.911959   slack (MET)


Startpoint: read_data_out[8]$_SDFFE_PP0P_
            (rising edge-triggered flip-flop clocked by clk)
Endpoint: read_data_out[8] (output port clocked by clk)
Path Group: clk
Path Type: min

Fanout         Cap        Slew       Delay        Time   Description
---------------------------------------------------------------------------------------------
                      0.150000    0.000000    0.000000   clock clk (rise edge)
                                  0.000000    0.000000   clock network delay (ideal)
                      0.150000    0.000000    0.000000 ^ read_data_out[8]$_SDFFE_PP0P_/CLK (sg13g2_dfrbpq_1)
     2    0.009571    0.026860    0.162343    0.162343 v read_data_out[8]$_SDFFE_PP0P_/Q (sg13g2_dfrbpq_1)
                                                         read_data_out[8] (net)
                      0.026860    0.000000    0.162343 v read_data_out[8] (out)
                                              0.162343   data arrival time

                      0.150000    0.000000    0.000000   clock clk (rise edge)
                                  0.000000    0.000000   clock network delay (ideal)
                                  0.250000    0.250000   clock uncertainty
                                  0.000000    0.250000   clock reconvergence pessimism
                                 -2.000000   -1.750000   output external delay
                                             -1.750000   data required time
---------------------------------------------------------------------------------------------
                                             -1.750000   data required time
                                             -0.162343   data arrival time
---------------------------------------------------------------------------------------------
                                              1.912343   slack (MET)



